 Entering program hessian_diagonalization
 For FHI-AIMS, Version 151012
 Entering program hessian_diagonalization
 For FHI-AIMS, Version 151012
 Entering program hessian_diagonalization
 For FHI-AIMS, Version 151012
 Entering program hessian_diagonalization
 For FHI-AIMS, Version 151012
 Entering program hessian_diagonalization
 For FHI-AIMS, Version 151012
 Entering program hessian_diagonalization
 For FHI-AIMS, Version 151012
 Entering program hessian_diagonalization
 For FHI-AIMS, Version 151012
 Entering program hessian_diagonalization
 For FHI-AIMS, Version 151012
 Entering program hessian_diagonalization
 For FHI-AIMS, Version 151012
 Entering program hessian_diagonalization
 For FHI-AIMS, Version 151012
 Number of atoms                =           27
 Name of Hessian input file     = hessian.basic.dat
 Name of grad dipole input file = grad_dipole.basic.dat
 Name of Masses  input file     = masses.basic.dat
 Name of XYZ output file        = basic.xyz
 Number of atoms                =           27
 Name of Hessian input file     = hessian.basic.dat
 Name of grad dipole input file = grad_dipole.basic.dat
 Name of Masses  input file     = masses.basic.dat
 Name of XYZ output file        = basic.xyz
 Number of atoms                =           27
 Name of Hessian input file     = hessian.basic.dat
 Name of grad dipole input file = grad_dipole.basic.dat
 Name of Masses  input file     = masses.basic.dat
 Name of XYZ output file        = basic.xyz
 Threshold for Matrix elements  =   -1.00000000000000     
      All matrix elements are taken into account by default
 
 Threshold for Matrix elements  =   -1.00000000000000     
      All matrix elements are taken into account by default
 
 Threshold for Matrix elements  =   -1.00000000000000     
      All matrix elements are taken into account by default
 
 Number of atoms                =           27
 Number of atoms                =           27
 Number of atoms                =           27
 Name of Hessian input file     = hessian.basic.dat
 Name of grad dipole input file = grad_dipole.basic.dat
 Name of Masses  input file     = masses.basic.dat
 Name of XYZ output file        = basic.xyz
 Number of atoms                =           27
 Name of Hessian input file     = hessian.basic.dat
 Name of grad dipole input file = grad_dipole.basic.dat
 Name of Masses  input file     = masses.basic.dat
 Name of XYZ output file        = basic.xyz
 Number of atoms                =           27
 Name of Hessian input file     = hessian.basic.dat
 Name of grad dipole input file = grad_dipole.basic.dat
 Name of Masses  input file     = masses.basic.dat
 Name of XYZ output file        = basic.xyz
 Number of atoms                =           27
 Name of Hessian input file     = hessian.basic.dat
 Name of grad dipole input file = grad_dipole.basic.dat
 Name of Masses  input file     = masses.basic.dat
 Name of XYZ output file        = basic.xyz
 Number of atoms                =           27
 Name of Hessian input file     = hessian.basic.dat
 Name of grad dipole input file = grad_dipole.basic.dat
 Name of Masses  input file     = masses.basic.dat
 Name of XYZ output file        = basic.xyz
 Name of Hessian input file     = hessian.basic.dat
 Name of grad dipole input file = grad_dipole.basic.dat
 Name of Masses  input file     = masses.basic.dat
 Name of XYZ output file        = basic.xyz
 Threshold for Matrix elements  =   -1.00000000000000     
      All matrix elements are taken into account by default
 
 Threshold for Matrix elements  =   -1.00000000000000     
      All matrix elements are taken into account by default
 
 Threshold for Matrix elements  =   -1.00000000000000     
      All matrix elements are taken into account by default
 
 Name of Hessian input file     = hessian.basic.dat
 Name of grad dipole input file = grad_dipole.basic.dat
 Name of Masses  input file     = masses.basic.dat
 Name of XYZ output file        = basic.xyz
 Threshold for Matrix elements  =   -1.00000000000000     
      All matrix elements are taken into account by default
 
 Threshold for Matrix elements  =   -1.00000000000000     
      All matrix elements are taken into account by default
 
 Threshold for Matrix elements  =   -1.00000000000000     
      All matrix elements are taken into account by default
 
 Threshold for Matrix elements  =   -1.00000000000000     
      All matrix elements are taken into account by default
 
 Entering program hessian_diagonalization
 For FHI-AIMS, Version 151012
 Entering program hessian_diagonalization
 For FHI-AIMS, Version 151012
 Entering program hessian_diagonalization
 For FHI-AIMS, Version 151012
 Entering program hessian_diagonalization
 For FHI-AIMS, Version 151012
 Entering program hessian_diagonalization
 For FHI-AIMS, Version 151012
 Number of atoms                =           27
 Name of Hessian input file     = hessian.basic.dat
 Entering program hessian_diagonalization
 For FHI-AIMS, Version 151012
 Number of atoms                =           27
 Name of Hessian input file     = hessian.basic.dat
 Name of grad dipole input file = grad_dipole.basic.dat
 Name of Masses  input file     = masses.basic.dat
 Entering program hessian_diagonalization
 For FHI-AIMS, Version 151012
 Name of grad dipole input file = grad_dipole.basic.dat
 Name of Masses  input file     = masses.basic.dat
 Name of XYZ output file        = basic.xyz
 Entering program hessian_diagonalization
 For FHI-AIMS, Version 151012
 Name of XYZ output file        = basic.xyz
 Entering program hessian_diagonalization
 For FHI-AIMS, Version 151012
 Threshold for Matrix elements  =   -1.00000000000000     
      All matrix elements are taken into account by default
 
 Threshold for Matrix elements  =   -1.00000000000000     
      All matrix elements are taken into account by default
 
 Number of atoms                =           27
 Number of atoms                =           27
 Number of atoms                =           27
 Name of Hessian input file     = hessian.basic.dat
 Name of grad dipole input file = grad_dipole.basic.dat
 Name of Masses  input file     = masses.basic.dat
 Name of XYZ output file        = basic.xyz
 Number of atoms                =           27
 Name of Hessian input file     = hessian.basic.dat
 Name of grad dipole input file = grad_dipole.basic.dat
 Name of Masses  input file     = masses.basic.dat
 Name of XYZ output file        = basic.xyz
 Number of atoms                =           27
 Name of Hessian input file     = hessian.basic.dat
 Name of grad dipole input file = grad_dipole.basic.dat
 Name of Masses  input file     = masses.basic.dat
 Name of XYZ output file        = basic.xyz
 Number of atoms                =           27
 Name of Hessian input file     = hessian.basic.dat
 Name of grad dipole input file = grad_dipole.basic.dat
 Name of Masses  input file     = masses.basic.dat
 Name of XYZ output file        = basic.xyz
 Threshold for Matrix elements  =   -1.00000000000000     
      All matrix elements are taken into account by default
 
 Threshold for Matrix elements  =   -1.00000000000000     
      All matrix elements are taken into account by default
 
 Name of Hessian input file     = hessian.basic.dat
 Name of grad dipole input file = grad_dipole.basic.dat
 Name of Masses  input file     = masses.basic.dat
 Name of XYZ output file        = basic.xyz
 Name of Hessian input file     = hessian.basic.dat
 Name of grad dipole input file = grad_dipole.basic.dat
 Name of Masses  input file     = masses.basic.dat
 Name of XYZ output file        = basic.xyz
 Threshold for Matrix elements  =   -1.00000000000000     
      All matrix elements are taken into account by default
 
 Threshold for Matrix elements  =   -1.00000000000000     
      All matrix elements are taken into account by default
 
 Number of atoms                =           27
 Name of Hessian input file     = hessian.basic.dat
 Name of grad dipole input file = grad_dipole.basic.dat
 Name of Masses  input file     = masses.basic.dat
 Name of XYZ output file        = basic.xyz
 Threshold for Matrix elements  =   -1.00000000000000     
      All matrix elements are taken into account by default
 
 Threshold for Matrix elements  =   -1.00000000000000     
      All matrix elements are taken into account by default
 
 Threshold for Matrix elements  =   -1.00000000000000     
      All matrix elements are taken into account by default
 
 Entering program hessian_diagonalization
 For FHI-AIMS, Version 151012
 Number of atoms                =           27
 Name of Hessian input file     = hessian.basic.dat
 Name of grad dipole input file = grad_dipole.basic.dat
 Name of Masses  input file     = masses.basic.dat
 Name of XYZ output file        = basic.xyz
 Threshold for Matrix elements  =   -1.00000000000000     
      All matrix elements are taken into account by default
 
 Entering program hessian_diagonalization
 For FHI-AIMS, Version 151012
 Number of atoms                =           27
 Name of Hessian input file     = hessian.basic.dat
 Name of grad dipole input file = grad_dipole.basic.dat
 Name of Masses  input file     = masses.basic.dat
 Name of XYZ output file        = basic.xyz
 Threshold for Matrix elements  =   -1.00000000000000     
      All matrix elements are taken into account by default
 
 Solving eigenvalue system for Hessian Matrix
 Solving eigenvalue system for Hessian Matrix
 Solving eigenvalue system for Hessian Matrix
 Solving eigenvalue system for Hessian Matrix
 Solving eigenvalue system for Hessian Matrix
 Solving eigenvalue system for Hessian Matrix
 Solving eigenvalue system for Hessian Matrix
 Solving eigenvalue system for Hessian Matrix
 Solving eigenvalue system for Hessian Matrix
 Solving eigenvalue system for Hessian Matrix
 Solving eigenvalue system for Hessian Matrix
 Solving eigenvalue system for Hessian Matrix
 Solving eigenvalue system for Hessian Matrix
 Solving eigenvalue system for Hessian Matrix
 Solving eigenvalue system for Hessian Matrix
 Solving eigenvalue system for Hessian Matrix
 Solving eigenvalue system for Hessian Matrix
 Solving eigenvalue system for Hessian Matrix
 Solving eigenvalue system for Hessian Matrix
 Solving eigenvalue system for Hessian Matrix
 Solving eigenvalue system for Hessian Matrix
 Done ... 
 
 Results: 
 
 List of all frequencies found:
  Mode number      Frequency [cm^(-1)]   Zero point energy [eV]   IR-intensity [D^2/Ang^2]
            1              -1.23950451              -0.00007684                 0.00000027
            2              -1.06116202              -0.00006578                 0.00000031
            3              -0.66355364              -0.00004114                 0.00000033
            4               6.90563956               0.00042810                 0.00000037
            5               6.94736899               0.00043068                 0.00000076
            6               6.95302827               0.00043103                 0.00000069
            7             193.87658617               0.01201882                 0.00000317
            8             194.07443464               0.01203108                 0.00000022
            9             202.16096771               0.01253238                 0.00000103
           10             203.01861323               0.01258555                 0.00000018
           11             203.08184867               0.01258947                 0.00000097
           12             203.09285035               0.01259015                 0.00000109
           13             209.95564162               0.01301559                 0.00004102
           14             210.30659740               0.01303735                 0.00004664
           15             220.05693480               0.01364179                 0.00000206
           16             220.16484472               0.01364848                 0.00000235
           17             220.40827987               0.01366357                 0.00000655
           18             258.66267554               0.01603504                 0.54983681
           19             258.84031823               0.01604605                 0.55462961
           20             258.89005835               0.01604914                 0.54993671
           21             268.46870399               0.01664294                 0.00003545
           22             268.64599177               0.01665393                 0.00000770
           23             288.60463187               0.01789120                 0.00000423
           24             288.62757496               0.01789263                 0.00000647
           25             288.65198915               0.01789414                 0.00001084
           26             290.15951506               0.01798760                 0.00000470
           27             290.21407201               0.01799098                 0.00000345
           28             290.33056163               0.01799820                 0.00000205
           29             305.35538080               0.01892962                 0.00003133
           30             305.55449508               0.01894196                 0.00006562
           31             305.60333189               0.01894499                 0.00010397
           32             312.05648914               0.01934503                 0.53385679
           33             312.17253892               0.01935223                 0.53375439
           34             312.32213881               0.01936150                 0.07443936
           35             312.34430058               0.01936288                 0.52409595
           36             342.64681206               0.02124139                 0.00012863
           37             400.55403539               0.02483118                 0.19432016
           38             400.72152436               0.02484157                 0.19596861
           39             400.88933839               0.02485197                 0.19344686
           40             415.07951091               0.02573165                 0.00011026
           41             415.10383194               0.02573315                 0.00012710
           42             432.62317406               0.02681922                 0.16340063
           43             432.75433587               0.02682735                 0.16399774
           44             432.91419266               0.02683726                 0.15956957
           45             451.44550941               0.02798605                 0.00001845
           46             451.55156302               0.02799263                 0.00000945
           47             451.58546708               0.02799473                 0.00001529
           48             453.59266057               0.02811916                 0.00000884
           49             453.67113173               0.02812402                 0.00000225
           50             472.29121326               0.02927832                 0.00004860
           51             472.40051540               0.02928510                 0.00003312
           52             472.58723747               0.02929667                 0.00001308
           53             484.48433979               0.03003420                 0.00080121
           54             484.53229801               0.03003717                 0.00031014
           55             484.61050971               0.03004202                 0.00001761
           56             496.14646445               0.03075716                 2.25729735
           57             496.52560446               0.03078066                 2.25665277
           58             496.68367564               0.03079046                 2.24100339
           59             517.56784842               0.03208511                 0.00021464
           60             517.64603486               0.03208996                 0.00005142
           61             536.00083531               0.03322781                 0.00003335
           62             561.68591773               0.03482009                 0.00007180
           63             561.75224092               0.03482420                 0.00013420
           64             561.81169017               0.03482788                 0.00005213
           65             575.90443150               0.03570152                 0.00036619
           66             583.86316552               0.03619490                 3.65592774
           67             583.90797478               0.03619768                 3.65822539
           68             584.03834099               0.03620576                 3.65935990
           69             622.20018230               0.03857149                 0.00015983
           70             656.08634454               0.04067217                 0.00001222
           71             656.22842819               0.04068097                 0.00000167
           72             656.27676759               0.04068397                 0.00000650
           73             709.09462455               0.04395826                 0.00010871
           74             709.15983020               0.04396230                 0.00021131
           75             709.19762654               0.04396464                 0.00013321
           76             714.43373883               0.04428924                 0.72113475
           77             714.53478519               0.04429551                 0.71949256
           78             714.63116605               0.04430148                 0.72044974
           79             742.29955007               0.04601670                 0.00001384
           80             742.32883558               0.04601852                 0.00000074
           81             742.41341686               0.04602376                 0.00000347
 
 Summary of zero point energy for entire system:
  | Cumulative ZPE               =      2.01362731 eV
  | without first six eigenmodes =      2.01252126 eV
 
 
 Stability checking - eigenvalues should all be positive for a stable structure.
  
 The six smallest frequencies should be (almost) zero:
              -1.23950451              -1.06116202              -0.66355364               6.90563956               6.94736899               6.95302827
 
 Compare this with the largest eigenvalue, 
             742.41341686
 
Molecular mass [g/mol]:                                        790.42078068
Total mass [kg]                                            0.13125245E-0023
Principal moments of inertia [kg m^2]                      0.70843742E-0043  0.70843742E-0043  0.70843742E-0043
Product of the principal moments of inertia [kg^3 m^6]     0.35555310E-0129
 
 Eigenvectors of the inertia tensor
    0.8832   -0.4690    0.0000
   -0.4690   -0.8832    0.0000
    0.0000    0.0000    1.0000
 
Output of some temperature-dependent free energy contributions.
     temperature [K]       vibrational free energy [eV]        rotational free energy [eV]
          0.00000000                         2.01252126                         0.00000000
        298.14999390                         1.64661946                        -0.43352680
 Leaving the Hessian diagonalizer.
 Done ... 
 Done ... 
 
 Results: 
 
 List of all frequencies found:
  Mode number      Frequency [cm^(-1)]   Zero point energy [eV]   IR-intensity [D^2/Ang^2]
            1              -1.23950451              -0.00007684                 0.00000027
            2              -1.06116202              -0.00006578                 0.00000031
            3              -0.66355364              -0.00004114                 0.00000033
            4               6.90563956               0.00042810                 0.00000037
            5               6.94736899               0.00043068                 0.00000076
            6               6.95302827               0.00043103                 0.00000069
            7             193.87658617               0.01201882                 0.00000317
            8             194.07443464               0.01203108                 0.00000022
            9             202.16096771               0.01253238                 0.00000103
           10             203.01861323               0.01258555                 0.00000018
           11             203.08184867               0.01258947                 0.00000097
           12             203.09285035               0.01259015                 0.00000109
           13             209.95564162               0.01301559                 0.00004102
           14             210.30659740               0.01303735                 0.00004664
           15             220.05693480               0.01364179                 0.00000206
           16             220.16484472               0.01364848                 0.00000235
           17             220.40827987               0.01366357                 0.00000655
           18             258.66267554               0.01603504                 0.54983681
           19             258.84031823               0.01604605                 0.55462961
           20             258.89005835               0.01604914                 0.54993671
           21             268.46870399               0.01664294                 0.00003545
           22             268.64599177               0.01665393                 0.00000770
           23             288.60463187               0.01789120                 0.00000423
           24             288.62757496               0.01789263                 0.00000647
           25             288.65198915               0.01789414                 0.00001084
           26             290.15951506               0.01798760                 0.00000470
           27             290.21407201               0.01799098                 0.00000345
           28             290.33056163               0.01799820                 0.00000205
           29             305.35538080               0.01892962                 0.00003133
           30             305.55449508               0.01894196                 0.00006562
           31             305.60333189               0.01894499                 0.00010397
           32             312.05648914               0.01934503                 0.53385679
           33             312.17253892               0.01935223                 0.53375439
           34             312.32213881               0.01936150                 0.07443936
           35             312.34430058               0.01936288                 0.52409595
           36             342.64681206               0.02124139                 0.00012863
           37             400.55403539               0.02483118                 0.19432016
           38             400.72152436               0.02484157                 0.19596861
           39             400.88933839               0.02485197                 0.19344686
           40             415.07951091               0.02573165                 0.00011026
           41             415.10383194               0.02573315                 0.00012710
           42             432.62317406               0.02681922                 0.16340063
           43             432.75433587               0.02682735                 0.16399774
           44             432.91419266               0.02683726                 0.15956957
           45             451.44550941               0.02798605                 0.00001845
           46             451.55156302               0.02799263                 0.00000945
           47             451.58546708               0.02799473                 0.00001529
           48             453.59266057               0.02811916                 0.00000884
           49             453.67113173               0.02812402                 0.00000225
           50             472.29121326               0.02927832                 0.00004860
           51             472.40051540               0.02928510                 0.00003312
           52             472.58723747               0.02929667                 0.00001308
           53             484.48433979               0.03003420                 0.00080121
           54             484.53229801               0.03003717                 0.00031014
           55             484.61050971               0.03004202                 0.00001761
           56             496.14646445               0.03075716                 2.25729735
           57             496.52560446               0.03078066                 2.25665277
           58             496.68367564               0.03079046                 2.24100339
           59             517.56784842               0.03208511                 0.00021464
           60             517.64603486               0.03208996                 0.00005142
           61             536.00083531               0.03322781                 0.00003335
           62             561.68591773               0.03482009                 0.00007180
           63             561.75224092               0.03482420                 0.00013420
           64             561.81169017               0.03482788                 0.00005213
           65             575.90443150               0.03570152                 0.00036619
           66             583.86316552               0.03619490                 3.65592774
           67             583.90797478               0.03619768                 3.65822539
           68             584.03834099               0.03620576                 3.65935990
           69             622.20018230               0.03857149                 0.00015983
           70             656.08634454               0.04067217                 0.00001222
           71             656.22842819               0.04068097                 0.00000167
           72             656.27676759               0.04068397                 0.00000650
           73             709.09462455               0.04395826                 0.00010871
           74             709.15983020               0.04396230                 0.00021131
           75             709.19762654               0.04396464                 0.00013321
           76             714.43373883               0.04428924                 0.72113475
           77             714.53478519               0.04429551                 0.71949256
           78             714.63116605               0.04430148                 0.72044974
           79             742.29955007               0.04601670                 0.00001384
           80             742.32883558               0.04601852                 0.00000074
           81             742.41341686               0.04602376                 0.00000347
 
 Summary of zero point energy for entire system:
  | Cumulative ZPE               =      2.01362731 eV
  | without first six eigenmodes =      2.01252126 eV
 
 
 Stability checking - eigenvalues should all be positive for a stable structure.
  
 The six smallest frequencies should be (almost) zero:
              -1.23950451              -1.06116202              -0.66355364               6.90563956               6.94736899               6.95302827
 
 Compare this with the largest eigenvalue, 
             742.41341686
 
 Results: 
 
 List of all frequencies found:
  Mode number      Frequency [cm^(-1)]   Zero point energy [eV]   IR-intensity [D^2/Ang^2]
            1              -1.23950451              -0.00007684                 0.00000027
            2              -1.06116202              -0.00006578                 0.00000031
            3              -0.66355364              -0.00004114                 0.00000033
            4               6.90563956               0.00042810                 0.00000037
            5               6.94736899               0.00043068                 0.00000076
            6               6.95302827               0.00043103                 0.00000069
            7             193.87658617               0.01201882                 0.00000317
            8             194.07443464               0.01203108                 0.00000022
            9             202.16096771               0.01253238                 0.00000103
           10             203.01861323               0.01258555                 0.00000018
           11             203.08184867               0.01258947                 0.00000097
           12             203.09285035               0.01259015                 0.00000109
           13             209.95564162               0.01301559                 0.00004102
           14             210.30659740               0.01303735                 0.00004664
           15             220.05693480               0.01364179                 0.00000206
           16             220.16484472               0.01364848                 0.00000235
           17             220.40827987               0.01366357                 0.00000655
           18             258.66267554               0.01603504                 0.54983681
           19             258.84031823               0.01604605                 0.55462961
           20             258.89005835               0.01604914                 0.54993671
           21             268.46870399               0.01664294                 0.00003545
           22             268.64599177               0.01665393                 0.00000770
           23             288.60463187               0.01789120                 0.00000423
           24             288.62757496               0.01789263                 0.00000647
           25             288.65198915               0.01789414                 0.00001084
           26             290.15951506               0.01798760                 0.00000470
           27             290.21407201               0.01799098                 0.00000345
           28             290.33056163               0.01799820                 0.00000205
           29             305.35538080               0.01892962                 0.00003133
           30             305.55449508               0.01894196                 0.00006562
           31             305.60333189               0.01894499                 0.00010397
           32             312.05648914               0.01934503                 0.53385679
           33             312.17253892               0.01935223                 0.53375439
           34             312.32213881               0.01936150                 0.07443936
           35             312.34430058               0.01936288                 0.52409595
           36             342.64681206               0.02124139                 0.00012863
           37             400.55403539               0.02483118                 0.19432016
           38             400.72152436               0.02484157                 0.19596861
           39             400.88933839               0.02485197                 0.19344686
           40             415.07951091               0.02573165                 0.00011026
           41             415.10383194               0.02573315                 0.00012710
           42             432.62317406               0.02681922                 0.16340063
           43             432.75433587               0.02682735                 0.16399774
           44             432.91419266               0.02683726                 0.15956957
           45             451.44550941               0.02798605                 0.00001845
           46             451.55156302               0.02799263                 0.00000945
           47             451.58546708               0.02799473                 0.00001529
           48             453.59266057               0.02811916                 0.00000884
           49             453.67113173               0.02812402                 0.00000225
           50             472.29121326               0.02927832                 0.00004860
           51             472.40051540               0.02928510                 0.00003312
           52             472.58723747               0.02929667                 0.00001308
           53             484.48433979               0.03003420                 0.00080121
           54             484.53229801               0.03003717                 0.00031014
           55             484.61050971               0.03004202                 0.00001761
           56             496.14646445               0.03075716                 2.25729735
           57             496.52560446               0.03078066                 2.25665277
           58             496.68367564               0.03079046                 2.24100339
           59             517.56784842               0.03208511                 0.00021464
           60             517.64603486               0.03208996                 0.00005142
           61             536.00083531               0.03322781                 0.00003335
           62             561.68591773               0.03482009                 0.00007180
           63             561.75224092               0.03482420                 0.00013420
           64             561.81169017               0.03482788                 0.00005213
           65             575.90443150               0.03570152                 0.00036619
           66             583.86316552               0.03619490                 3.65592774
           67             583.90797478               0.03619768                 3.65822539
           68             584.03834099               0.03620576                 3.65935990
           69             622.20018230               0.03857149                 0.00015983
           70             656.08634454               0.04067217                 0.00001222
           71             656.22842819               0.04068097                 0.00000167
           72             656.27676759               0.04068397                 0.00000650
           73             709.09462455               0.04395826                 0.00010871
           74             709.15983020               0.04396230                 0.00021131
           75             709.19762654               0.04396464                 0.00013321
           76             714.43373883               0.04428924                 0.72113475
           77             714.53478519               0.04429551                 0.71949256
           78             714.63116605               0.04430148                 0.72044974
           79             742.29955007               0.04601670                 0.00001384
           80             742.32883558               0.04601852                 0.00000074
           81             742.41341686               0.04602376                 0.00000347
 
 Summary of zero point energy for entire system:
  | Cumulative ZPE               =      2.01362731 eV
  | without first six eigenmodes =      2.01252126 eV
 
 
 Stability checking - eigenvalues should all be positive for a stable structure.
  
 The six smallest frequencies should be (almost) zero:
              -1.23950451              -1.06116202              -0.66355364               6.90563956               6.94736899               6.95302827
 
 Compare this with the largest eigenvalue, 
             742.41341686
 Done ... 
 
 Done ... 
 
 Results: 
 
 List of all frequencies found:
  Mode number      Frequency [cm^(-1)]   Zero point energy [eV]   IR-intensity [D^2/Ang^2]
 Results: 
 
 List of all frequencies found:
            1              -1.23950451              -0.00007684                 0.00000027
            2              -1.06116202              -0.00006578                 0.00000031
            3              -0.66355364              -0.00004114                 0.00000033
            4               6.90563956               0.00042810                 0.00000037
            5               6.94736899               0.00043068                 0.00000076
            6               6.95302827               0.00043103                 0.00000069
            7             193.87658617               0.01201882                 0.00000317
            8             194.07443464               0.01203108                 0.00000022
            9             202.16096771               0.01253238                 0.00000103
           10             203.01861323               0.01258555                 0.00000018
           11             203.08184867               0.01258947                 0.00000097
  Mode number      Frequency [cm^(-1)]   Zero point energy [eV]   IR-intensity [D^2/Ang^2]
            1              -1.23950451              -0.00007684                 0.00000027
           12             203.09285035               0.01259015                 0.00000109
           13             209.95564162               0.01301559                 0.00004102
           14             210.30659740               0.01303735                 0.00004664
           15             220.05693480               0.01364179                 0.00000206
           16             220.16484472               0.01364848                 0.00000235
            2              -1.06116202              -0.00006578                 0.00000031
            3              -0.66355364              -0.00004114                 0.00000033
            4               6.90563956               0.00042810                 0.00000037
           17             220.40827987               0.01366357                 0.00000655
           18             258.66267554               0.01603504                 0.54983681
           19             258.84031823               0.01604605                 0.55462961
           20             258.89005835               0.01604914                 0.54993671
           21             268.46870399               0.01664294                 0.00003545
            5               6.94736899               0.00043068                 0.00000076
            6               6.95302827               0.00043103                 0.00000069
            7             193.87658617               0.01201882                 0.00000317
            8             194.07443464               0.01203108                 0.00000022
            9             202.16096771               0.01253238                 0.00000103
           10             203.01861323               0.01258555                 0.00000018
           11             203.08184867               0.01258947                 0.00000097
           22             268.64599177               0.01665393                 0.00000770
           23             288.60463187               0.01789120                 0.00000423
           24             288.62757496               0.01789263                 0.00000647
           25             288.65198915               0.01789414                 0.00001084
           26             290.15951506               0.01798760                 0.00000470
           27             290.21407201               0.01799098                 0.00000345
           28             290.33056163               0.01799820                 0.00000205
           29             305.35538080               0.01892962                 0.00003133
           30             305.55449508               0.01894196                 0.00006562
           31             305.60333189               0.01894499                 0.00010397
           32             312.05648914               0.01934503                 0.53385679
           33             312.17253892               0.01935223                 0.53375439
           34             312.32213881               0.01936150                 0.07443936
           12             203.09285035               0.01259015                 0.00000109
           13             209.95564162               0.01301559                 0.00004102
           14             210.30659740               0.01303735                 0.00004664
           15             220.05693480               0.01364179                 0.00000206
           16             220.16484472               0.01364848                 0.00000235
           17             220.40827987               0.01366357                 0.00000655
           18             258.66267554               0.01603504                 0.54983681
           19             258.84031823               0.01604605                 0.55462961
           20             258.89005835               0.01604914                 0.54993671
           21             268.46870399               0.01664294                 0.00003545
           35             312.34430058               0.01936288                 0.52409595
           36             342.64681206               0.02124139                 0.00012863
           37             400.55403539               0.02483118                 0.19432016
           38             400.72152436               0.02484157                 0.19596861
           39             400.88933839               0.02485197                 0.19344686
           40             415.07951091               0.02573165                 0.00011026
           41             415.10383194               0.02573315                 0.00012710
           22             268.64599177               0.01665393                 0.00000770
           23             288.60463187               0.01789120                 0.00000423
           24             288.62757496               0.01789263                 0.00000647
           25             288.65198915               0.01789414                 0.00001084
           26             290.15951506               0.01798760                 0.00000470
           42             432.62317406               0.02681922                 0.16340063
           43             432.75433587               0.02682735                 0.16399774
           44             432.91419266               0.02683726                 0.15956957
           45             451.44550941               0.02798605                 0.00001845
           46             451.55156302               0.02799263                 0.00000945
           47             451.58546708               0.02799473                 0.00001529
           48             453.59266057               0.02811916                 0.00000884
           27             290.21407201               0.01799098                 0.00000345
           28             290.33056163               0.01799820                 0.00000205
           29             305.35538080               0.01892962                 0.00003133
           30             305.55449508               0.01894196                 0.00006562
           31             305.60333189               0.01894499                 0.00010397
           32             312.05648914               0.01934503                 0.53385679
           33             312.17253892               0.01935223                 0.53375439
           49             453.67113173               0.02812402                 0.00000225
           50             472.29121326               0.02927832                 0.00004860
           51             472.40051540               0.02928510                 0.00003312
           52             472.58723747               0.02929667                 0.00001308
           53             484.48433979               0.03003420                 0.00080121
           34             312.32213881               0.01936150                 0.07443936
           35             312.34430058               0.01936288                 0.52409595
           36             342.64681206               0.02124139                 0.00012863
           37             400.55403539               0.02483118                 0.19432016
           54             484.53229801               0.03003717                 0.00031014
           55             484.61050971               0.03004202                 0.00001761
           56             496.14646445               0.03075716                 2.25729735
           57             496.52560446               0.03078066                 2.25665277
           58             496.68367564               0.03079046                 2.24100339
           59             517.56784842               0.03208511                 0.00021464
           38             400.72152436               0.02484157                 0.19596861
           39             400.88933839               0.02485197                 0.19344686
           40             415.07951091               0.02573165                 0.00011026
           41             415.10383194               0.02573315                 0.00012710
           60             517.64603486               0.03208996                 0.00005142
           61             536.00083531               0.03322781                 0.00003335
           62             561.68591773               0.03482009                 0.00007180
           63             561.75224092               0.03482420                 0.00013420
           64             561.81169017               0.03482788                 0.00005213
           65             575.90443150               0.03570152                 0.00036619
           66             583.86316552               0.03619490                 3.65592774
           67             583.90797478               0.03619768                 3.65822539
           42             432.62317406               0.02681922                 0.16340063
           43             432.75433587               0.02682735                 0.16399774
           44             432.91419266               0.02683726                 0.15956957
           45             451.44550941               0.02798605                 0.00001845
           46             451.55156302               0.02799263                 0.00000945
           47             451.58546708               0.02799473                 0.00001529
           48             453.59266057               0.02811916                 0.00000884
           68             584.03834099               0.03620576                 3.65935990
           69             622.20018230               0.03857149                 0.00015983
           70             656.08634454               0.04067217                 0.00001222
           71             656.22842819               0.04068097                 0.00000167
           72             656.27676759               0.04068397                 0.00000650
           49             453.67113173               0.02812402                 0.00000225
           50             472.29121326               0.02927832                 0.00004860
           51             472.40051540               0.02928510                 0.00003312
           52             472.58723747               0.02929667                 0.00001308
           53             484.48433979               0.03003420                 0.00080121
           73             709.09462455               0.04395826                 0.00010871
           74             709.15983020               0.04396230                 0.00021131
           75             709.19762654               0.04396464                 0.00013321
           76             714.43373883               0.04428924                 0.72113475
           77             714.53478519               0.04429551                 0.71949256
           54             484.53229801               0.03003717                 0.00031014
           55             484.61050971               0.03004202                 0.00001761
           56             496.14646445               0.03075716                 2.25729735
           57             496.52560446               0.03078066                 2.25665277
           58             496.68367564               0.03079046                 2.24100339
           59             517.56784842               0.03208511                 0.00021464
           60             517.64603486               0.03208996                 0.00005142
           61             536.00083531               0.03322781                 0.00003335
           78             714.63116605               0.04430148                 0.72044974
           79             742.29955007               0.04601670                 0.00001384
           80             742.32883558               0.04601852                 0.00000074
           81             742.41341686               0.04602376                 0.00000347
 
 Summary of zero point energy for entire system:
  | Cumulative ZPE               =      2.01362731 eV
  | without first six eigenmodes =      2.01252126 eV
           62             561.68591773               0.03482009                 0.00007180
           63             561.75224092               0.03482420                 0.00013420
           64             561.81169017               0.03482788                 0.00005213
           65             575.90443150               0.03570152                 0.00036619
           66             583.86316552               0.03619490                 3.65592774
           67             583.90797478               0.03619768                 3.65822539
           68             584.03834099               0.03620576                 3.65935990
           69             622.20018230               0.03857149                 0.00015983
           70             656.08634454               0.04067217                 0.00001222
           71             656.22842819               0.04068097                 0.00000167
 
 
 Stability checking - eigenvalues should all be positive for a stable structure.
  
 The six smallest frequencies should be (almost) zero:
              -1.23950451              -1.06116202              -0.66355364               6.90563956               6.94736899               6.95302827
 
 Compare this with the largest eigenvalue, 
             742.41341686
           72             656.27676759               0.04068397                 0.00000650
           73             709.09462455               0.04395826                 0.00010871
           74             709.15983020               0.04396230                 0.00021131
           75             709.19762654               0.04396464                 0.00013321
           76             714.43373883               0.04428924                 0.72113475
           77             714.53478519               0.04429551                 0.71949256
           78             714.63116605               0.04430148                 0.72044974
           79             742.29955007               0.04601670                 0.00001384
           80             742.32883558               0.04601852                 0.00000074
           81             742.41341686               0.04602376                 0.00000347
 
 Summary of zero point energy for entire system:
  | Cumulative ZPE               =      2.01362731 eV
  | without first six eigenmodes =      2.01252126 eV
 
 
 Stability checking - eigenvalues should all be positive for a stable structure.
  
 The six smallest frequencies should be (almost) zero:
              -1.23950451              -1.06116202              -0.66355364               6.90563956               6.94736899               6.95302827
 
 Compare this with the largest eigenvalue, 
             742.41341686
 Done ... 
 
 Done ... 
 
 Results: 
 
 List of all frequencies found:
  Mode number      Frequency [cm^(-1)]   Zero point energy [eV]   IR-intensity [D^2/Ang^2]
            1              -1.23950451              -0.00007684                 0.00000027
            2              -1.06116202              -0.00006578                 0.00000031
            3              -0.66355364              -0.00004114                 0.00000033
            4               6.90563956               0.00042810                 0.00000037
            5               6.94736899               0.00043068                 0.00000076
            6               6.95302827               0.00043103                 0.00000069
            7             193.87658617               0.01201882                 0.00000317
            8             194.07443464               0.01203108                 0.00000022
            9             202.16096771               0.01253238                 0.00000103
           10             203.01861323               0.01258555                 0.00000018
           11             203.08184867               0.01258947                 0.00000097
           12             203.09285035               0.01259015                 0.00000109
           13             209.95564162               0.01301559                 0.00004102
           14             210.30659740               0.01303735                 0.00004664
           15             220.05693480               0.01364179                 0.00000206
           16             220.16484472               0.01364848                 0.00000235
           17             220.40827987               0.01366357                 0.00000655
           18             258.66267554               0.01603504                 0.54983681
           19             258.84031823               0.01604605                 0.55462961
           20             258.89005835               0.01604914                 0.54993671
           21             268.46870399               0.01664294                 0.00003545
           22             268.64599177               0.01665393                 0.00000770
           23             288.60463187               0.01789120                 0.00000423
           24             288.62757496               0.01789263                 0.00000647
           25             288.65198915               0.01789414                 0.00001084
           26             290.15951506               0.01798760                 0.00000470
           27             290.21407201               0.01799098                 0.00000345
           28             290.33056163               0.01799820                 0.00000205
           29             305.35538080               0.01892962                 0.00003133
           30             305.55449508               0.01894196                 0.00006562
           31             305.60333189               0.01894499                 0.00010397
           32             312.05648914               0.01934503                 0.53385679
           33             312.17253892               0.01935223                 0.53375439
           34             312.32213881               0.01936150                 0.07443936
           35             312.34430058               0.01936288                 0.52409595
           36             342.64681206               0.02124139                 0.00012863
           37             400.55403539               0.02483118                 0.19432016
           38             400.72152436               0.02484157                 0.19596861
           39             400.88933839               0.02485197                 0.19344686
           40             415.07951091               0.02573165                 0.00011026
           41             415.10383194               0.02573315                 0.00012710
           42             432.62317406               0.02681922                 0.16340063
           43             432.75433587               0.02682735                 0.16399774
           44             432.91419266               0.02683726                 0.15956957
           45             451.44550941               0.02798605                 0.00001845
           46             451.55156302               0.02799263                 0.00000945
           47             451.58546708               0.02799473                 0.00001529
           48             453.59266057               0.02811916                 0.00000884
           49             453.67113173               0.02812402                 0.00000225
           50             472.29121326               0.02927832                 0.00004860
           51             472.40051540               0.02928510                 0.00003312
           52             472.58723747               0.02929667                 0.00001308
           53             484.48433979               0.03003420                 0.00080121
           54             484.53229801               0.03003717                 0.00031014
           55             484.61050971               0.03004202                 0.00001761
           56             496.14646445               0.03075716                 2.25729735
           57             496.52560446               0.03078066                 2.25665277
           58             496.68367564               0.03079046                 2.24100339
           59             517.56784842               0.03208511                 0.00021464
           60             517.64603486               0.03208996                 0.00005142
           61             536.00083531               0.03322781                 0.00003335
           62             561.68591773               0.03482009                 0.00007180
           63             561.75224092               0.03482420                 0.00013420
           64             561.81169017               0.03482788                 0.00005213
           65             575.90443150               0.03570152                 0.00036619
           66             583.86316552               0.03619490                 3.65592774
           67             583.90797478               0.03619768                 3.65822539
           68             584.03834099               0.03620576                 3.65935990
           69             622.20018230               0.03857149                 0.00015983
           70             656.08634454               0.04067217                 0.00001222
           71             656.22842819               0.04068097                 0.00000167
           72             656.27676759               0.04068397                 0.00000650
           73             709.09462455               0.04395826                 0.00010871
           74             709.15983020               0.04396230                 0.00021131
           75             709.19762654               0.04396464                 0.00013321
           76             714.43373883               0.04428924                 0.72113475
           77             714.53478519               0.04429551                 0.71949256
           78             714.63116605               0.04430148                 0.72044974
           79             742.29955007               0.04601670                 0.00001384
           80             742.32883558               0.04601852                 0.00000074
           81             742.41341686               0.04602376                 0.00000347
 
 Summary of zero point energy for entire system:
  | Cumulative ZPE               =      2.01362731 eV
  | without first six eigenmodes =      2.01252126 eV
 
 
 Stability checking - eigenvalues should all be positive for a stable structure.
  
 The six smallest frequencies should be (almost) zero:
              -1.23950451              -1.06116202              -0.66355364               6.90563956               6.94736899               6.95302827
 
 Compare this with the largest eigenvalue, 
             742.41341686
 Done ... 
 
 Results: 
 
 List of all frequencies found:
  Mode number      Frequency [cm^(-1)]   Zero point energy [eV]   IR-intensity [D^2/Ang^2]
            1              -1.23950451              -0.00007684                 0.00000027
            2              -1.06116202              -0.00006578                 0.00000031
            3              -0.66355364              -0.00004114                 0.00000033
            4               6.90563956               0.00042810                 0.00000037
            5               6.94736899               0.00043068                 0.00000076
            6               6.95302827               0.00043103                 0.00000069
            7             193.87658617               0.01201882                 0.00000317
            8             194.07443464               0.01203108                 0.00000022
            9             202.16096771               0.01253238                 0.00000103
           10             203.01861323               0.01258555                 0.00000018
           11             203.08184867               0.01258947                 0.00000097
           12             203.09285035               0.01259015                 0.00000109
           13             209.95564162               0.01301559                 0.00004102
           14             210.30659740               0.01303735                 0.00004664
           15             220.05693480               0.01364179                 0.00000206
           16             220.16484472               0.01364848                 0.00000235
           17             220.40827987               0.01366357                 0.00000655
           18             258.66267554               0.01603504                 0.54983681
           19             258.84031823               0.01604605                 0.55462961
           20             258.89005835               0.01604914                 0.54993671
           21             268.46870399               0.01664294                 0.00003545
           22             268.64599177               0.01665393                 0.00000770
           23             288.60463187               0.01789120                 0.00000423
           24             288.62757496               0.01789263                 0.00000647
           25             288.65198915               0.01789414                 0.00001084
           26             290.15951506               0.01798760                 0.00000470
           27             290.21407201               0.01799098                 0.00000345
           28             290.33056163               0.01799820                 0.00000205
           29             305.35538080               0.01892962                 0.00003133
           30             305.55449508               0.01894196                 0.00006562
           31             305.60333189               0.01894499                 0.00010397
           32             312.05648914               0.01934503                 0.53385679
           33             312.17253892               0.01935223                 0.53375439
           34             312.32213881               0.01936150                 0.07443936
           35             312.34430058               0.01936288                 0.52409595
           36             342.64681206               0.02124139                 0.00012863
           37             400.55403539               0.02483118                 0.19432016
           38             400.72152436               0.02484157                 0.19596861
           39             400.88933839               0.02485197                 0.19344686
           40             415.07951091               0.02573165                 0.00011026
           41             415.10383194               0.02573315                 0.00012710
           42             432.62317406               0.02681922                 0.16340063
           43             432.75433587               0.02682735                 0.16399774
           44             432.91419266               0.02683726                 0.15956957
           45             451.44550941               0.02798605                 0.00001845
           46             451.55156302               0.02799263                 0.00000945
           47             451.58546708               0.02799473                 0.00001529
           48             453.59266057               0.02811916                 0.00000884
           49             453.67113173               0.02812402                 0.00000225
           50             472.29121326               0.02927832                 0.00004860
           51             472.40051540               0.02928510                 0.00003312
           52             472.58723747               0.02929667                 0.00001308
           53             484.48433979               0.03003420                 0.00080121
           54             484.53229801               0.03003717                 0.00031014
           55             484.61050971               0.03004202                 0.00001761
           56             496.14646445               0.03075716                 2.25729735
           57             496.52560446               0.03078066                 2.25665277
           58             496.68367564               0.03079046                 2.24100339
           59             517.56784842               0.03208511                 0.00021464
           60             517.64603486               0.03208996                 0.00005142
           61             536.00083531               0.03322781                 0.00003335
           62             561.68591773               0.03482009                 0.00007180
           63             561.75224092               0.03482420                 0.00013420
           64             561.81169017               0.03482788                 0.00005213
           65             575.90443150               0.03570152                 0.00036619
           66             583.86316552               0.03619490                 3.65592774
           67             583.90797478               0.03619768                 3.65822539
           68             584.03834099               0.03620576                 3.65935990
           69             622.20018230               0.03857149                 0.00015983
           70             656.08634454               0.04067217                 0.00001222
           71             656.22842819               0.04068097                 0.00000167
           72             656.27676759               0.04068397                 0.00000650
           73             709.09462455               0.04395826                 0.00010871
           74             709.15983020               0.04396230                 0.00021131
           75             709.19762654               0.04396464                 0.00013321
           76             714.43373883               0.04428924                 0.72113475
           77             714.53478519               0.04429551                 0.71949256
           78             714.63116605               0.04430148                 0.72044974
           79             742.29955007               0.04601670                 0.00001384
           80             742.32883558               0.04601852                 0.00000074
           81             742.41341686               0.04602376                 0.00000347
 
 Summary of zero point energy for entire system:
  | Cumulative ZPE               =      2.01362731 eV
  | without first six eigenmodes =      2.01252126 eV
 
 
 Stability checking - eigenvalues should all be positive for a stable structure.
  
 The six smallest frequencies should be (almost) zero:
              -1.23950451              -1.06116202              -0.66355364               6.90563956               6.94736899               6.95302827
 
 Compare this with the largest eigenvalue, 
             742.41341686
 Done ... 
 
 Results: 
 
 List of all frequencies found:
  Mode number      Frequency [cm^(-1)]   Zero point energy [eV]   IR-intensity [D^2/Ang^2]
            1              -1.23950451              -0.00007684                 0.00000027
            2              -1.06116202              -0.00006578                 0.00000031
            3              -0.66355364              -0.00004114                 0.00000033
            4               6.90563956               0.00042810                 0.00000037
            5               6.94736899               0.00043068                 0.00000076
            6               6.95302827               0.00043103                 0.00000069
            7             193.87658617               0.01201882                 0.00000317
            8             194.07443464               0.01203108                 0.00000022
            9             202.16096771               0.01253238                 0.00000103
           10             203.01861323               0.01258555                 0.00000018
           11             203.08184867               0.01258947                 0.00000097
           12             203.09285035               0.01259015                 0.00000109
           13             209.95564162               0.01301559                 0.00004102
           14             210.30659740               0.01303735                 0.00004664
           15             220.05693480               0.01364179                 0.00000206
           16             220.16484472               0.01364848                 0.00000235
           17             220.40827987               0.01366357                 0.00000655
           18             258.66267554               0.01603504                 0.54983681
           19             258.84031823               0.01604605                 0.55462961
           20             258.89005835               0.01604914                 0.54993671
           21             268.46870399               0.01664294                 0.00003545
           22             268.64599177               0.01665393                 0.00000770
           23             288.60463187               0.01789120                 0.00000423
           24             288.62757496               0.01789263                 0.00000647
           25             288.65198915               0.01789414                 0.00001084
           26             290.15951506               0.01798760                 0.00000470
           27             290.21407201               0.01799098                 0.00000345
           28             290.33056163               0.01799820                 0.00000205
           29             305.35538080               0.01892962                 0.00003133
           30             305.55449508               0.01894196                 0.00006562
           31             305.60333189               0.01894499                 0.00010397
           32             312.05648914               0.01934503                 0.53385679
           33             312.17253892               0.01935223                 0.53375439
           34             312.32213881               0.01936150                 0.07443936
           35             312.34430058               0.01936288                 0.52409595
           36             342.64681206               0.02124139                 0.00012863
           37             400.55403539               0.02483118                 0.19432016
           38             400.72152436               0.02484157                 0.19596861
           39             400.88933839               0.02485197                 0.19344686
           40             415.07951091               0.02573165                 0.00011026
           41             415.10383194               0.02573315                 0.00012710
           42             432.62317406               0.02681922                 0.16340063
           43             432.75433587               0.02682735                 0.16399774
           44             432.91419266               0.02683726                 0.15956957
           45             451.44550941               0.02798605                 0.00001845
           46             451.55156302               0.02799263                 0.00000945
           47             451.58546708               0.02799473                 0.00001529
           48             453.59266057               0.02811916                 0.00000884
           49             453.67113173               0.02812402                 0.00000225
           50             472.29121326               0.02927832                 0.00004860
           51             472.40051540               0.02928510                 0.00003312
           52             472.58723747               0.02929667                 0.00001308
           53             484.48433979               0.03003420                 0.00080121
           54             484.53229801               0.03003717                 0.00031014
           55             484.61050971               0.03004202                 0.00001761
           56             496.14646445               0.03075716                 2.25729735
           57             496.52560446               0.03078066                 2.25665277
           58             496.68367564               0.03079046                 2.24100339
           59             517.56784842               0.03208511                 0.00021464
           60             517.64603486               0.03208996                 0.00005142
           61             536.00083531               0.03322781                 0.00003335
           62             561.68591773               0.03482009                 0.00007180
           63             561.75224092               0.03482420                 0.00013420
           64             561.81169017               0.03482788                 0.00005213
           65             575.90443150               0.03570152                 0.00036619
           66             583.86316552               0.03619490                 3.65592774
           67             583.90797478               0.03619768                 3.65822539
           68             584.03834099               0.03620576                 3.65935990
           69             622.20018230               0.03857149                 0.00015983
           70             656.08634454               0.04067217                 0.00001222
           71             656.22842819               0.04068097                 0.00000167
           72             656.27676759               0.04068397                 0.00000650
           73             709.09462455               0.04395826                 0.00010871
           74             709.15983020               0.04396230                 0.00021131
           75             709.19762654               0.04396464                 0.00013321
           76             714.43373883               0.04428924                 0.72113475
           77             714.53478519               0.04429551                 0.71949256
           78             714.63116605               0.04430148                 0.72044974
           79             742.29955007               0.04601670                 0.00001384
           80             742.32883558               0.04601852                 0.00000074
           81             742.41341686               0.04602376                 0.00000347
 
 Summary of zero point energy for entire system:
  | Cumulative ZPE               =      2.01362731 eV
  | without first six eigenmodes =      2.01252126 eV
 
 
 Stability checking - eigenvalues should all be positive for a stable structure.
  
 The six smallest frequencies should be (almost) zero:
              -1.23950451              -1.06116202              -0.66355364               6.90563956               6.94736899               6.95302827
 
 Compare this with the largest eigenvalue, 
             742.41341686
 Results: 
 
 List of all frequencies found:
  Mode number      Frequency [cm^(-1)]   Zero point energy [eV]   IR-intensity [D^2/Ang^2]
            1              -1.23950451              -0.00007684                 0.00000027
            2              -1.06116202              -0.00006578                 0.00000031
            3              -0.66355364              -0.00004114                 0.00000033
            4               6.90563956               0.00042810                 0.00000037
            5               6.94736899               0.00043068                 0.00000076
            6               6.95302827               0.00043103                 0.00000069
            7             193.87658617               0.01201882                 0.00000317
            8             194.07443464               0.01203108                 0.00000022
            9             202.16096771               0.01253238                 0.00000103
           10             203.01861323               0.01258555                 0.00000018
           11             203.08184867               0.01258947                 0.00000097
           12             203.09285035               0.01259015                 0.00000109
           13             209.95564162               0.01301559                 0.00004102
           14             210.30659740               0.01303735                 0.00004664
           15             220.05693480               0.01364179                 0.00000206
           16             220.16484472               0.01364848                 0.00000235
           17             220.40827987               0.01366357                 0.00000655
           18             258.66267554               0.01603504                 0.54983681
           19             258.84031823               0.01604605                 0.55462961
           20             258.89005835               0.01604914                 0.54993671
           21             268.46870399               0.01664294                 0.00003545
           22             268.64599177               0.01665393                 0.00000770
           23             288.60463187               0.01789120                 0.00000423
           24             288.62757496               0.01789263                 0.00000647
           25             288.65198915               0.01789414                 0.00001084
           26             290.15951506               0.01798760                 0.00000470
           27             290.21407201               0.01799098                 0.00000345
           28             290.33056163               0.01799820                 0.00000205
           29             305.35538080               0.01892962                 0.00003133
           30             305.55449508               0.01894196                 0.00006562
           31             305.60333189               0.01894499                 0.00010397
           32             312.05648914               0.01934503                 0.53385679
           33             312.17253892               0.01935223                 0.53375439
           34             312.32213881               0.01936150                 0.07443936
           35             312.34430058               0.01936288                 0.52409595
           36             342.64681206               0.02124139                 0.00012863
           37             400.55403539               0.02483118                 0.19432016
           38             400.72152436               0.02484157                 0.19596861
           39             400.88933839               0.02485197                 0.19344686
           40             415.07951091               0.02573165                 0.00011026
           41             415.10383194               0.02573315                 0.00012710
           42             432.62317406               0.02681922                 0.16340063
           43             432.75433587               0.02682735                 0.16399774
           44             432.91419266               0.02683726                 0.15956957
           45             451.44550941               0.02798605                 0.00001845
           46             451.55156302               0.02799263                 0.00000945
           47             451.58546708               0.02799473                 0.00001529
           48             453.59266057               0.02811916                 0.00000884
           49             453.67113173               0.02812402                 0.00000225
           50             472.29121326               0.02927832                 0.00004860
           51             472.40051540               0.02928510                 0.00003312
           52             472.58723747               0.02929667                 0.00001308
           53             484.48433979               0.03003420                 0.00080121
           54             484.53229801               0.03003717                 0.00031014
           55             484.61050971               0.03004202                 0.00001761
           56             496.14646445               0.03075716                 2.25729735
           57             496.52560446               0.03078066                 2.25665277
           58             496.68367564               0.03079046                 2.24100339
           59             517.56784842               0.03208511                 0.00021464
           60             517.64603486               0.03208996                 0.00005142
           61             536.00083531               0.03322781                 0.00003335
           62             561.68591773               0.03482009                 0.00007180
           63             561.75224092               0.03482420                 0.00013420
           64             561.81169017               0.03482788                 0.00005213
           65             575.90443150               0.03570152                 0.00036619
           66             583.86316552               0.03619490                 3.65592774
           67             583.90797478               0.03619768                 3.65822539
           68             584.03834099               0.03620576                 3.65935990
           69             622.20018230               0.03857149                 0.00015983
           70             656.08634454               0.04067217                 0.00001222
           71             656.22842819               0.04068097                 0.00000167
           72             656.27676759               0.04068397                 0.00000650
           73             709.09462455               0.04395826                 0.00010871
           74             709.15983020               0.04396230                 0.00021131
           75             709.19762654               0.04396464                 0.00013321
           76             714.43373883               0.04428924                 0.72113475
           77             714.53478519               0.04429551                 0.71949256
           78             714.63116605               0.04430148                 0.72044974
           79             742.29955007               0.04601670                 0.00001384
           80             742.32883558               0.04601852                 0.00000074
           81             742.41341686               0.04602376                 0.00000347
 
 Summary of zero point energy for entire system:
  | Cumulative ZPE               =      2.01362731 eV
  | without first six eigenmodes =      2.01252126 eV
 
 
 Stability checking - eigenvalues should all be positive for a stable structure.
  
 The six smallest frequencies should be (almost) zero:
              -1.23950451              -1.06116202              -0.66355364               6.90563956               6.94736899               6.95302827
 
 Compare this with the largest eigenvalue, 
             742.41341686
 Done ... 
 
 Results: 
 
 List of all frequencies found:
  Mode number      Frequency [cm^(-1)]   Zero point energy [eV]   IR-intensity [D^2/Ang^2]
            1              -1.23950451              -0.00007684                 0.00000027
            2              -1.06116202              -0.00006578                 0.00000031
            3              -0.66355364              -0.00004114                 0.00000033
            4               6.90563956               0.00042810                 0.00000037
            5               6.94736899               0.00043068                 0.00000076
            6               6.95302827               0.00043103                 0.00000069
            7             193.87658617               0.01201882                 0.00000317
            8             194.07443464               0.01203108                 0.00000022
            9             202.16096771               0.01253238                 0.00000103
           10             203.01861323               0.01258555                 0.00000018
           11             203.08184867               0.01258947                 0.00000097
           12             203.09285035               0.01259015                 0.00000109
           13             209.95564162               0.01301559                 0.00004102
           14             210.30659740               0.01303735                 0.00004664
           15             220.05693480               0.01364179                 0.00000206
           16             220.16484472               0.01364848                 0.00000235
           17             220.40827987               0.01366357                 0.00000655
           18             258.66267554               0.01603504                 0.54983681
           19             258.84031823               0.01604605                 0.55462961
           20             258.89005835               0.01604914                 0.54993671
           21             268.46870399               0.01664294                 0.00003545
           22             268.64599177               0.01665393                 0.00000770
           23             288.60463187               0.01789120                 0.00000423
           24             288.62757496               0.01789263                 0.00000647
           25             288.65198915               0.01789414                 0.00001084
           26             290.15951506               0.01798760                 0.00000470
           27             290.21407201               0.01799098                 0.00000345
           28             290.33056163               0.01799820                 0.00000205
           29             305.35538080               0.01892962                 0.00003133
           30             305.55449508               0.01894196                 0.00006562
           31             305.60333189               0.01894499                 0.00010397
           32             312.05648914               0.01934503                 0.53385679
           33             312.17253892               0.01935223                 0.53375439
           34             312.32213881               0.01936150                 0.07443936
           35             312.34430058               0.01936288                 0.52409595
           36             342.64681206               0.02124139                 0.00012863
           37             400.55403539               0.02483118                 0.19432016
           38             400.72152436               0.02484157                 0.19596861
           39             400.88933839               0.02485197                 0.19344686
           40             415.07951091               0.02573165                 0.00011026
           41             415.10383194               0.02573315                 0.00012710
           42             432.62317406               0.02681922                 0.16340063
           43             432.75433587               0.02682735                 0.16399774
           44             432.91419266               0.02683726                 0.15956957
           45             451.44550941               0.02798605                 0.00001845
           46             451.55156302               0.02799263                 0.00000945
           47             451.58546708               0.02799473                 0.00001529
           48             453.59266057               0.02811916                 0.00000884
           49             453.67113173               0.02812402                 0.00000225
           50             472.29121326               0.02927832                 0.00004860
           51             472.40051540               0.02928510                 0.00003312
           52             472.58723747               0.02929667                 0.00001308
           53             484.48433979               0.03003420                 0.00080121
           54             484.53229801               0.03003717                 0.00031014
           55             484.61050971               0.03004202                 0.00001761
           56             496.14646445               0.03075716                 2.25729735
           57             496.52560446               0.03078066                 2.25665277
           58             496.68367564               0.03079046                 2.24100339
           59             517.56784842               0.03208511                 0.00021464
           60             517.64603486               0.03208996                 0.00005142
           61             536.00083531               0.03322781                 0.00003335
           62             561.68591773               0.03482009                 0.00007180
           63             561.75224092               0.03482420                 0.00013420
           64             561.81169017               0.03482788                 0.00005213
           65             575.90443150               0.03570152                 0.00036619
           66             583.86316552               0.03619490                 3.65592774
           67             583.90797478               0.03619768                 3.65822539
           68             584.03834099               0.03620576                 3.65935990
           69             622.20018230               0.03857149                 0.00015983
           70             656.08634454               0.04067217                 0.00001222
           71             656.22842819               0.04068097                 0.00000167
           72             656.27676759               0.04068397                 0.00000650
           73             709.09462455               0.04395826                 0.00010871
           74             709.15983020               0.04396230                 0.00021131
           75             709.19762654               0.04396464                 0.00013321
           76             714.43373883               0.04428924                 0.72113475
           77             714.53478519               0.04429551                 0.71949256
           78             714.63116605               0.04430148                 0.72044974
           79             742.29955007               0.04601670                 0.00001384
           80             742.32883558               0.04601852                 0.00000074
           81             742.41341686               0.04602376                 0.00000347
 
 Summary of zero point energy for entire system:
  | Cumulative ZPE               =      2.01362731 eV
  | without first six eigenmodes =      2.01252126 eV
 
 
 Stability checking - eigenvalues should all be positive for a stable structure.
  
 The six smallest frequencies should be (almost) zero:
              -1.23950451              -1.06116202              -0.66355364               6.90563956               6.94736899               6.95302827
 
 Compare this with the largest eigenvalue, 
             742.41341686
 Done ... 
 
 Results: 
 
 List of all frequencies found:
  Mode number      Frequency [cm^(-1)]   Zero point energy [eV]   IR-intensity [D^2/Ang^2]
            1              -1.23950451              -0.00007684                 0.00000027
            2              -1.06116202              -0.00006578                 0.00000031
            3              -0.66355364              -0.00004114                 0.00000033
            4               6.90563956               0.00042810                 0.00000037
            5               6.94736899               0.00043068                 0.00000076
            6               6.95302827               0.00043103                 0.00000069
            7             193.87658617               0.01201882                 0.00000317
            8             194.07443464               0.01203108                 0.00000022
            9             202.16096771               0.01253238                 0.00000103
           10             203.01861323               0.01258555                 0.00000018
           11             203.08184867               0.01258947                 0.00000097
           12             203.09285035               0.01259015                 0.00000109
           13             209.95564162               0.01301559                 0.00004102
           14             210.30659740               0.01303735                 0.00004664
           15             220.05693480               0.01364179                 0.00000206
           16             220.16484472               0.01364848                 0.00000235
           17             220.40827987               0.01366357                 0.00000655
           18             258.66267554               0.01603504                 0.54983681
           19             258.84031823               0.01604605                 0.55462961
           20             258.89005835               0.01604914                 0.54993671
           21             268.46870399               0.01664294                 0.00003545
           22             268.64599177               0.01665393                 0.00000770
           23             288.60463187               0.01789120                 0.00000423
           24             288.62757496               0.01789263                 0.00000647
           25             288.65198915               0.01789414                 0.00001084
           26             290.15951506               0.01798760                 0.00000470
           27             290.21407201               0.01799098                 0.00000345
           28             290.33056163               0.01799820                 0.00000205
           29             305.35538080               0.01892962                 0.00003133
           30             305.55449508               0.01894196                 0.00006562
           31             305.60333189               0.01894499                 0.00010397
           32             312.05648914               0.01934503                 0.53385679
           33             312.17253892               0.01935223                 0.53375439
           34             312.32213881               0.01936150                 0.07443936
           35             312.34430058               0.01936288                 0.52409595
           36             342.64681206               0.02124139                 0.00012863
           37             400.55403539               0.02483118                 0.19432016
           38             400.72152436               0.02484157                 0.19596861
           39             400.88933839               0.02485197                 0.19344686
           40             415.07951091               0.02573165                 0.00011026
           41             415.10383194               0.02573315                 0.00012710
           42             432.62317406               0.02681922                 0.16340063
           43             432.75433587               0.02682735                 0.16399774
           44             432.91419266               0.02683726                 0.15956957
           45             451.44550941               0.02798605                 0.00001845
           46             451.55156302               0.02799263                 0.00000945
           47             451.58546708               0.02799473                 0.00001529
           48             453.59266057               0.02811916                 0.00000884
           49             453.67113173               0.02812402                 0.00000225
           50             472.29121326               0.02927832                 0.00004860
           51             472.40051540               0.02928510                 0.00003312
           52             472.58723747               0.02929667                 0.00001308
           53             484.48433979               0.03003420                 0.00080121
           54             484.53229801               0.03003717                 0.00031014
           55             484.61050971               0.03004202                 0.00001761
           56             496.14646445               0.03075716                 2.25729735
           57             496.52560446               0.03078066                 2.25665277
           58             496.68367564               0.03079046                 2.24100339
           59             517.56784842               0.03208511                 0.00021464
           60             517.64603486               0.03208996                 0.00005142
           61             536.00083531               0.03322781                 0.00003335
           62             561.68591773               0.03482009                 0.00007180
           63             561.75224092               0.03482420                 0.00013420
           64             561.81169017               0.03482788                 0.00005213
           65             575.90443150               0.03570152                 0.00036619
           66             583.86316552               0.03619490                 3.65592774
           67             583.90797478               0.03619768                 3.65822539
           68             584.03834099               0.03620576                 3.65935990
           69             622.20018230               0.03857149                 0.00015983
           70             656.08634454               0.04067217                 0.00001222
           71             656.22842819               0.04068097                 0.00000167
           72             656.27676759               0.04068397                 0.00000650
           73             709.09462455               0.04395826                 0.00010871
           74             709.15983020               0.04396230                 0.00021131
           75             709.19762654               0.04396464                 0.00013321
           76             714.43373883               0.04428924                 0.72113475
           77             714.53478519               0.04429551                 0.71949256
           78             714.63116605               0.04430148                 0.72044974
           79             742.29955007               0.04601670                 0.00001384
           80             742.32883558               0.04601852                 0.00000074
           81             742.41341686               0.04602376                 0.00000347
 
 Summary of zero point energy for entire system:
  | Cumulative ZPE               =      2.01362731 eV
  | without first six eigenmodes =      2.01252126 eV
 
 
 Stability checking - eigenvalues should all be positive for a stable structure.
  
 The six smallest frequencies should be (almost) zero:
              -1.23950451              -1.06116202              -0.66355364               6.90563956               6.94736899               6.95302827
 
 Compare this with the largest eigenvalue, 
             742.41341686
 Done ... 
 
 Results: 
 
 List of all frequencies found:
  Mode number      Frequency [cm^(-1)]   Zero point energy [eV]   IR-intensity [D^2/Ang^2]
            1              -1.23950451              -0.00007684                 0.00000027
            2              -1.06116202              -0.00006578                 0.00000031
            3              -0.66355364              -0.00004114                 0.00000033
            4               6.90563956               0.00042810                 0.00000037
            5               6.94736899               0.00043068                 0.00000076
            6               6.95302827               0.00043103                 0.00000069
            7             193.87658617               0.01201882                 0.00000317
            8             194.07443464               0.01203108                 0.00000022
            9             202.16096771               0.01253238                 0.00000103
           10             203.01861323               0.01258555                 0.00000018
           11             203.08184867               0.01258947                 0.00000097
           12             203.09285035               0.01259015                 0.00000109
           13             209.95564162               0.01301559                 0.00004102
           14             210.30659740               0.01303735                 0.00004664
           15             220.05693480               0.01364179                 0.00000206
           16             220.16484472               0.01364848                 0.00000235
           17             220.40827987               0.01366357                 0.00000655
           18             258.66267554               0.01603504                 0.54983681
           19             258.84031823               0.01604605                 0.55462961
           20             258.89005835               0.01604914                 0.54993671
           21             268.46870399               0.01664294                 0.00003545
           22             268.64599177               0.01665393                 0.00000770
           23             288.60463187               0.01789120                 0.00000423
           24             288.62757496               0.01789263                 0.00000647
           25             288.65198915               0.01789414                 0.00001084
           26             290.15951506               0.01798760                 0.00000470
           27             290.21407201               0.01799098                 0.00000345
           28             290.33056163               0.01799820                 0.00000205
           29             305.35538080               0.01892962                 0.00003133
           30             305.55449508               0.01894196                 0.00006562
           31             305.60333189               0.01894499                 0.00010397
           32             312.05648914               0.01934503                 0.53385679
           33             312.17253892               0.01935223                 0.53375439
           34             312.32213881               0.01936150                 0.07443936
           35             312.34430058               0.01936288                 0.52409595
           36             342.64681206               0.02124139                 0.00012863
           37             400.55403539               0.02483118                 0.19432016
           38             400.72152436               0.02484157                 0.19596861
           39             400.88933839               0.02485197                 0.19344686
           40             415.07951091               0.02573165                 0.00011026
           41             415.10383194               0.02573315                 0.00012710
           42             432.62317406               0.02681922                 0.16340063
           43             432.75433587               0.02682735                 0.16399774
           44             432.91419266               0.02683726                 0.15956957
           45             451.44550941               0.02798605                 0.00001845
           46             451.55156302               0.02799263                 0.00000945
           47             451.58546708               0.02799473                 0.00001529
           48             453.59266057               0.02811916                 0.00000884
           49             453.67113173               0.02812402                 0.00000225
           50             472.29121326               0.02927832                 0.00004860
           51             472.40051540               0.02928510                 0.00003312
           52             472.58723747               0.02929667                 0.00001308
           53             484.48433979               0.03003420                 0.00080121
           54             484.53229801               0.03003717                 0.00031014
           55             484.61050971               0.03004202                 0.00001761
           56             496.14646445               0.03075716                 2.25729735
           57             496.52560446               0.03078066                 2.25665277
           58             496.68367564               0.03079046                 2.24100339
           59             517.56784842               0.03208511                 0.00021464
           60             517.64603486               0.03208996                 0.00005142
           61             536.00083531               0.03322781                 0.00003335
           62             561.68591773               0.03482009                 0.00007180
           63             561.75224092               0.03482420                 0.00013420
           64             561.81169017               0.03482788                 0.00005213
           65             575.90443150               0.03570152                 0.00036619
           66             583.86316552               0.03619490                 3.65592774
           67             583.90797478               0.03619768                 3.65822539
           68             584.03834099               0.03620576                 3.65935990
           69             622.20018230               0.03857149                 0.00015983
           70             656.08634454               0.04067217                 0.00001222
           71             656.22842819               0.04068097                 0.00000167
           72             656.27676759               0.04068397                 0.00000650
           73             709.09462455               0.04395826                 0.00010871
           74             709.15983020               0.04396230                 0.00021131
           75             709.19762654               0.04396464                 0.00013321
           76             714.43373883               0.04428924                 0.72113475
           77             714.53478519               0.04429551                 0.71949256
           78             714.63116605               0.04430148                 0.72044974
           79             742.29955007               0.04601670                 0.00001384
           80             742.32883558               0.04601852                 0.00000074
           81             742.41341686               0.04602376                 0.00000347
 
 Summary of zero point energy for entire system:
  | Cumulative ZPE               =      2.01362731 eV
  | without first six eigenmodes =      2.01252126 eV
 
 
 Stability checking - eigenvalues should all be positive for a stable structure.
  
 The six smallest frequencies should be (almost) zero:
              -1.23950451              -1.06116202              -0.66355364               6.90563956               6.94736899               6.95302827
 
 Compare this with the largest eigenvalue, 
             742.41341686
 Done ... 
 
 Results: 
 
 List of all frequencies found:
  Mode number      Frequency [cm^(-1)]   Zero point energy [eV]   IR-intensity [D^2/Ang^2]
            1              -1.23950451              -0.00007684                 0.00000027
            2              -1.06116202              -0.00006578                 0.00000031
            3              -0.66355364              -0.00004114                 0.00000033
            4               6.90563956               0.00042810                 0.00000037
            5               6.94736899               0.00043068                 0.00000076
            6               6.95302827               0.00043103                 0.00000069
            7             193.87658617               0.01201882                 0.00000317
            8             194.07443464               0.01203108                 0.00000022
            9             202.16096771               0.01253238                 0.00000103
           10             203.01861323               0.01258555                 0.00000018
           11             203.08184867               0.01258947                 0.00000097
           12             203.09285035               0.01259015                 0.00000109
           13             209.95564162               0.01301559                 0.00004102
           14             210.30659740               0.01303735                 0.00004664
           15             220.05693480               0.01364179                 0.00000206
           16             220.16484472               0.01364848                 0.00000235
           17             220.40827987               0.01366357                 0.00000655
           18             258.66267554               0.01603504                 0.54983681
           19             258.84031823               0.01604605                 0.55462961
           20             258.89005835               0.01604914                 0.54993671
           21             268.46870399               0.01664294                 0.00003545
           22             268.64599177               0.01665393                 0.00000770
           23             288.60463187               0.01789120                 0.00000423
           24             288.62757496               0.01789263                 0.00000647
           25             288.65198915               0.01789414                 0.00001084
           26             290.15951506               0.01798760                 0.00000470
           27             290.21407201               0.01799098                 0.00000345
           28             290.33056163               0.01799820                 0.00000205
           29             305.35538080               0.01892962                 0.00003133
           30             305.55449508               0.01894196                 0.00006562
           31             305.60333189               0.01894499                 0.00010397
           32             312.05648914               0.01934503                 0.53385679
           33             312.17253892               0.01935223                 0.53375439
           34             312.32213881               0.01936150                 0.07443936
           35             312.34430058               0.01936288                 0.52409595
           36             342.64681206               0.02124139                 0.00012863
           37             400.55403539               0.02483118                 0.19432016
           38             400.72152436               0.02484157                 0.19596861
           39             400.88933839               0.02485197                 0.19344686
           40             415.07951091               0.02573165                 0.00011026
           41             415.10383194               0.02573315                 0.00012710
           42             432.62317406               0.02681922                 0.16340063
           43             432.75433587               0.02682735                 0.16399774
           44             432.91419266               0.02683726                 0.15956957
           45             451.44550941               0.02798605                 0.00001845
           46             451.55156302               0.02799263                 0.00000945
           47             451.58546708               0.02799473                 0.00001529
           48             453.59266057               0.02811916                 0.00000884
           49             453.67113173               0.02812402                 0.00000225
           50             472.29121326               0.02927832                 0.00004860
           51             472.40051540               0.02928510                 0.00003312
           52             472.58723747               0.02929667                 0.00001308
           53             484.48433979               0.03003420                 0.00080121
           54             484.53229801               0.03003717                 0.00031014
           55             484.61050971               0.03004202                 0.00001761
           56             496.14646445               0.03075716                 2.25729735
           57             496.52560446               0.03078066                 2.25665277
           58             496.68367564               0.03079046                 2.24100339
           59             517.56784842               0.03208511                 0.00021464
           60             517.64603486               0.03208996                 0.00005142
           61             536.00083531               0.03322781                 0.00003335
           62             561.68591773               0.03482009                 0.00007180
           63             561.75224092               0.03482420                 0.00013420
           64             561.81169017               0.03482788                 0.00005213
           65             575.90443150               0.03570152                 0.00036619
           66             583.86316552               0.03619490                 3.65592774
           67             583.90797478               0.03619768                 3.65822539
           68             584.03834099               0.03620576                 3.65935990
           69             622.20018230               0.03857149                 0.00015983
           70             656.08634454               0.04067217                 0.00001222
           71             656.22842819               0.04068097                 0.00000167
           72             656.27676759               0.04068397                 0.00000650
           73             709.09462455               0.04395826                 0.00010871
           74             709.15983020               0.04396230                 0.00021131
           75             709.19762654               0.04396464                 0.00013321
           76             714.43373883               0.04428924                 0.72113475
           77             714.53478519               0.04429551                 0.71949256
           78             714.63116605               0.04430148                 0.72044974
           79             742.29955007               0.04601670                 0.00001384
           80             742.32883558               0.04601852                 0.00000074
           81             742.41341686               0.04602376                 0.00000347
 
 Summary of zero point energy for entire system:
  | Cumulative ZPE               =      2.01362731 eV
  | without first six eigenmodes =      2.01252126 eV
 
 
 Stability checking - eigenvalues should all be positive for a stable structure.
  
 The six smallest frequencies should be (almost) zero:
              -1.23950451              -1.06116202              -0.66355364               6.90563956               6.94736899               6.95302827
 
 Compare this with the largest eigenvalue, 
             742.41341686
 Done ... 
 
 Results: 
 
 List of all frequencies found:
  Mode number      Frequency [cm^(-1)]   Zero point energy [eV]   IR-intensity [D^2/Ang^2]
            1              -1.23950451              -0.00007684                 0.00000027
            2              -1.06116202              -0.00006578                 0.00000031
            3              -0.66355364              -0.00004114                 0.00000033
            4               6.90563956               0.00042810                 0.00000037
            5               6.94736899               0.00043068                 0.00000076
            6               6.95302827               0.00043103                 0.00000069
            7             193.87658617               0.01201882                 0.00000317
            8             194.07443464               0.01203108                 0.00000022
            9             202.16096771               0.01253238                 0.00000103
           10             203.01861323               0.01258555                 0.00000018
           11             203.08184867               0.01258947                 0.00000097
           12             203.09285035               0.01259015                 0.00000109
           13             209.95564162               0.01301559                 0.00004102
           14             210.30659740               0.01303735                 0.00004664
           15             220.05693480               0.01364179                 0.00000206
           16             220.16484472               0.01364848                 0.00000235
           17             220.40827987               0.01366357                 0.00000655
           18             258.66267554               0.01603504                 0.54983681
           19             258.84031823               0.01604605                 0.55462961
           20             258.89005835               0.01604914                 0.54993671
           21             268.46870399               0.01664294                 0.00003545
           22             268.64599177               0.01665393                 0.00000770
           23             288.60463187               0.01789120                 0.00000423
           24             288.62757496               0.01789263                 0.00000647
           25             288.65198915               0.01789414                 0.00001084
           26             290.15951506               0.01798760                 0.00000470
           27             290.21407201               0.01799098                 0.00000345
           28             290.33056163               0.01799820                 0.00000205
           29             305.35538080               0.01892962                 0.00003133
           30             305.55449508               0.01894196                 0.00006562
           31             305.60333189               0.01894499                 0.00010397
           32             312.05648914               0.01934503                 0.53385679
           33             312.17253892               0.01935223                 0.53375439
           34             312.32213881               0.01936150                 0.07443936
           35             312.34430058               0.01936288                 0.52409595
           36             342.64681206               0.02124139                 0.00012863
           37             400.55403539               0.02483118                 0.19432016
           38             400.72152436               0.02484157                 0.19596861
           39             400.88933839               0.02485197                 0.19344686
           40             415.07951091               0.02573165                 0.00011026
           41             415.10383194               0.02573315                 0.00012710
           42             432.62317406               0.02681922                 0.16340063
           43             432.75433587               0.02682735                 0.16399774
           44             432.91419266               0.02683726                 0.15956957
           45             451.44550941               0.02798605                 0.00001845
           46             451.55156302               0.02799263                 0.00000945
           47             451.58546708               0.02799473                 0.00001529
           48             453.59266057               0.02811916                 0.00000884
           49             453.67113173               0.02812402                 0.00000225
           50             472.29121326               0.02927832                 0.00004860
           51             472.40051540               0.02928510                 0.00003312
           52             472.58723747               0.02929667                 0.00001308
           53             484.48433979               0.03003420                 0.00080121
           54             484.53229801               0.03003717                 0.00031014
           55             484.61050971               0.03004202                 0.00001761
           56             496.14646445               0.03075716                 2.25729735
           57             496.52560446               0.03078066                 2.25665277
           58             496.68367564               0.03079046                 2.24100339
           59             517.56784842               0.03208511                 0.00021464
           60             517.64603486               0.03208996                 0.00005142
           61             536.00083531               0.03322781                 0.00003335
           62             561.68591773               0.03482009                 0.00007180
           63             561.75224092               0.03482420                 0.00013420
           64             561.81169017               0.03482788                 0.00005213
           65             575.90443150               0.03570152                 0.00036619
           66             583.86316552               0.03619490                 3.65592774
           67             583.90797478               0.03619768                 3.65822539
           68             584.03834099               0.03620576                 3.65935990
           69             622.20018230               0.03857149                 0.00015983
           70             656.08634454               0.04067217                 0.00001222
           71             656.22842819               0.04068097                 0.00000167
           72             656.27676759               0.04068397                 0.00000650
           73             709.09462455               0.04395826                 0.00010871
           74             709.15983020               0.04396230                 0.00021131
           75             709.19762654               0.04396464                 0.00013321
           76             714.43373883               0.04428924                 0.72113475
           77             714.53478519               0.04429551                 0.71949256
           78             714.63116605               0.04430148                 0.72044974
           79             742.29955007               0.04601670                 0.00001384
           80             742.32883558               0.04601852                 0.00000074
           81             742.41341686               0.04602376                 0.00000347
 
 Summary of zero point energy for entire system:
  | Cumulative ZPE               =      2.01362731 eV
  | without first six eigenmodes =      2.01252126 eV
 
 
 Stability checking - eigenvalues should all be positive for a stable structure.
  
 The six smallest frequencies should be (almost) zero:
              -1.23950451              -1.06116202              -0.66355364               6.90563956               6.94736899               6.95302827
 
 Compare this with the largest eigenvalue, 
             742.41341686
 Done ... 
 
 Results: 
 
 List of all frequencies found:
  Mode number      Frequency [cm^(-1)]   Zero point energy [eV]   IR-intensity [D^2/Ang^2]
            1              -1.23950451              -0.00007684                 0.00000027
            2              -1.06116202              -0.00006578                 0.00000031
            3              -0.66355364              -0.00004114                 0.00000033
            4               6.90563956               0.00042810                 0.00000037
            5               6.94736899               0.00043068                 0.00000076
            6               6.95302827               0.00043103                 0.00000069
            7             193.87658617               0.01201882                 0.00000317
            8             194.07443464               0.01203108                 0.00000022
            9             202.16096771               0.01253238                 0.00000103
           10             203.01861323               0.01258555                 0.00000018
           11             203.08184867               0.01258947                 0.00000097
           12             203.09285035               0.01259015                 0.00000109
           13             209.95564162               0.01301559                 0.00004102
           14             210.30659740               0.01303735                 0.00004664
           15             220.05693480               0.01364179                 0.00000206
           16             220.16484472               0.01364848                 0.00000235
           17             220.40827987               0.01366357                 0.00000655
           18             258.66267554               0.01603504                 0.54983681
           19             258.84031823               0.01604605                 0.55462961
           20             258.89005835               0.01604914                 0.54993671
           21             268.46870399               0.01664294                 0.00003545
           22             268.64599177               0.01665393                 0.00000770
           23             288.60463187               0.01789120                 0.00000423
           24             288.62757496               0.01789263                 0.00000647
           25             288.65198915               0.01789414                 0.00001084
           26             290.15951506               0.01798760                 0.00000470
           27             290.21407201               0.01799098                 0.00000345
           28             290.33056163               0.01799820                 0.00000205
           29             305.35538080               0.01892962                 0.00003133
           30             305.55449508               0.01894196                 0.00006562
           31             305.60333189               0.01894499                 0.00010397
           32             312.05648914               0.01934503                 0.53385679
           33             312.17253892               0.01935223                 0.53375439
           34             312.32213881               0.01936150                 0.07443936
           35             312.34430058               0.01936288                 0.52409595
           36             342.64681206               0.02124139                 0.00012863
           37             400.55403539               0.02483118                 0.19432016
           38             400.72152436               0.02484157                 0.19596861
           39             400.88933839               0.02485197                 0.19344686
           40             415.07951091               0.02573165                 0.00011026
           41             415.10383194               0.02573315                 0.00012710
           42             432.62317406               0.02681922                 0.16340063
           43             432.75433587               0.02682735                 0.16399774
           44             432.91419266               0.02683726                 0.15956957
           45             451.44550941               0.02798605                 0.00001845
           46             451.55156302               0.02799263                 0.00000945
           47             451.58546708               0.02799473                 0.00001529
           48             453.59266057               0.02811916                 0.00000884
           49             453.67113173               0.02812402                 0.00000225
           50             472.29121326               0.02927832                 0.00004860
           51             472.40051540               0.02928510                 0.00003312
           52             472.58723747               0.02929667                 0.00001308
           53             484.48433979               0.03003420                 0.00080121
           54             484.53229801               0.03003717                 0.00031014
           55             484.61050971               0.03004202                 0.00001761
           56             496.14646445               0.03075716                 2.25729735
           57             496.52560446               0.03078066                 2.25665277
           58             496.68367564               0.03079046                 2.24100339
           59             517.56784842               0.03208511                 0.00021464
           60             517.64603486               0.03208996                 0.00005142
           61             536.00083531               0.03322781                 0.00003335
           62             561.68591773               0.03482009                 0.00007180
           63             561.75224092               0.03482420                 0.00013420
           64             561.81169017               0.03482788                 0.00005213
           65             575.90443150               0.03570152                 0.00036619
           66             583.86316552               0.03619490                 3.65592774
           67             583.90797478               0.03619768                 3.65822539
           68             584.03834099               0.03620576                 3.65935990
           69             622.20018230               0.03857149                 0.00015983
           70             656.08634454               0.04067217                 0.00001222
           71             656.22842819               0.04068097                 0.00000167
           72             656.27676759               0.04068397                 0.00000650
           73             709.09462455               0.04395826                 0.00010871
           74             709.15983020               0.04396230                 0.00021131
           75             709.19762654               0.04396464                 0.00013321
           76             714.43373883               0.04428924                 0.72113475
           77             714.53478519               0.04429551                 0.71949256
           78             714.63116605               0.04430148                 0.72044974
           79             742.29955007               0.04601670                 0.00001384
           80             742.32883558               0.04601852                 0.00000074
           81             742.41341686               0.04602376                 0.00000347
 
 Summary of zero point energy for entire system:
  | Cumulative ZPE               =      2.01362731 eV
  | without first six eigenmodes =      2.01252126 eV
 
 
 Stability checking - eigenvalues should all be positive for a stable structure.
  
 The six smallest frequencies should be (almost) zero:
              -1.23950451              -1.06116202              -0.66355364               6.90563956               6.94736899               6.95302827
 
 Compare this with the largest eigenvalue, 
             742.41341686
 Done ... 
 
 Results: 
 
 List of all frequencies found:
  Mode number      Frequency [cm^(-1)]   Zero point energy [eV]   IR-intensity [D^2/Ang^2]
            1              -1.23950451              -0.00007684                 0.00000027
            2              -1.06116202              -0.00006578                 0.00000031
            3              -0.66355364              -0.00004114                 0.00000033
            4               6.90563956               0.00042810                 0.00000037
            5               6.94736899               0.00043068                 0.00000076
            6               6.95302827               0.00043103                 0.00000069
            7             193.87658617               0.01201882                 0.00000317
            8             194.07443464               0.01203108                 0.00000022
            9             202.16096771               0.01253238                 0.00000103
           10             203.01861323               0.01258555                 0.00000018
           11             203.08184867               0.01258947                 0.00000097
           12             203.09285035               0.01259015                 0.00000109
           13             209.95564162               0.01301559                 0.00004102
           14             210.30659740               0.01303735                 0.00004664
           15             220.05693480               0.01364179                 0.00000206
           16             220.16484472               0.01364848                 0.00000235
           17             220.40827987               0.01366357                 0.00000655
           18             258.66267554               0.01603504                 0.54983681
           19             258.84031823               0.01604605                 0.55462961
           20             258.89005835               0.01604914                 0.54993671
           21             268.46870399               0.01664294                 0.00003545
           22             268.64599177               0.01665393                 0.00000770
           23             288.60463187               0.01789120                 0.00000423
           24             288.62757496               0.01789263                 0.00000647
           25             288.65198915               0.01789414                 0.00001084
           26             290.15951506               0.01798760                 0.00000470
           27             290.21407201               0.01799098                 0.00000345
           28             290.33056163               0.01799820                 0.00000205
           29             305.35538080               0.01892962                 0.00003133
           30             305.55449508               0.01894196                 0.00006562
           31             305.60333189               0.01894499                 0.00010397
           32             312.05648914               0.01934503                 0.53385679
           33             312.17253892               0.01935223                 0.53375439
           34             312.32213881               0.01936150                 0.07443936
           35             312.34430058               0.01936288                 0.52409595
           36             342.64681206               0.02124139                 0.00012863
           37             400.55403539               0.02483118                 0.19432016
           38             400.72152436               0.02484157                 0.19596861
           39             400.88933839               0.02485197                 0.19344686
           40             415.07951091               0.02573165                 0.00011026
           41             415.10383194               0.02573315                 0.00012710
           42             432.62317406               0.02681922                 0.16340063
           43             432.75433587               0.02682735                 0.16399774
           44             432.91419266               0.02683726                 0.15956957
           45             451.44550941               0.02798605                 0.00001845
           46             451.55156302               0.02799263                 0.00000945
           47             451.58546708               0.02799473                 0.00001529
           48             453.59266057               0.02811916                 0.00000884
           49             453.67113173               0.02812402                 0.00000225
           50             472.29121326               0.02927832                 0.00004860
           51             472.40051540               0.02928510                 0.00003312
           52             472.58723747               0.02929667                 0.00001308
           53             484.48433979               0.03003420                 0.00080121
           54             484.53229801               0.03003717                 0.00031014
           55             484.61050971               0.03004202                 0.00001761
           56             496.14646445               0.03075716                 2.25729735
           57             496.52560446               0.03078066                 2.25665277
           58             496.68367564               0.03079046                 2.24100339
           59             517.56784842               0.03208511                 0.00021464
           60             517.64603486               0.03208996                 0.00005142
           61             536.00083531               0.03322781                 0.00003335
           62             561.68591773               0.03482009                 0.00007180
           63             561.75224092               0.03482420                 0.00013420
           64             561.81169017               0.03482788                 0.00005213
           65             575.90443150               0.03570152                 0.00036619
           66             583.86316552               0.03619490                 3.65592774
           67             583.90797478               0.03619768                 3.65822539
           68             584.03834099               0.03620576                 3.65935990
           69             622.20018230               0.03857149                 0.00015983
           70             656.08634454               0.04067217                 0.00001222
           71             656.22842819               0.04068097                 0.00000167
           72             656.27676759               0.04068397                 0.00000650
           73             709.09462455               0.04395826                 0.00010871
           74             709.15983020               0.04396230                 0.00021131
           75             709.19762654               0.04396464                 0.00013321
           76             714.43373883               0.04428924                 0.72113475
           77             714.53478519               0.04429551                 0.71949256
           78             714.63116605               0.04430148                 0.72044974
           79             742.29955007               0.04601670                 0.00001384
           80             742.32883558               0.04601852                 0.00000074
           81             742.41341686               0.04602376                 0.00000347
 
 Summary of zero point energy for entire system:
  | Cumulative ZPE               =      2.01362731 eV
  | without first six eigenmodes =      2.01252126 eV
 
 
 Stability checking - eigenvalues should all be positive for a stable structure.
  
 The six smallest frequencies should be (almost) zero:
              -1.23950451              -1.06116202              -0.66355364               6.90563956               6.94736899               6.95302827
 
 Compare this with the largest eigenvalue, 
             742.41341686
 Done ... 
 
 Results: 
 
 List of all frequencies found:
  Mode number      Frequency [cm^(-1)]   Zero point energy [eV]   IR-intensity [D^2/Ang^2]
            1              -1.23950451              -0.00007684                 0.00000027
            2              -1.06116202              -0.00006578                 0.00000031
            3              -0.66355364              -0.00004114                 0.00000033
            4               6.90563956               0.00042810                 0.00000037
            5               6.94736899               0.00043068                 0.00000076
            6               6.95302827               0.00043103                 0.00000069
            7             193.87658617               0.01201882                 0.00000317
            8             194.07443464               0.01203108                 0.00000022
            9             202.16096771               0.01253238                 0.00000103
           10             203.01861323               0.01258555                 0.00000018
           11             203.08184867               0.01258947                 0.00000097
           12             203.09285035               0.01259015                 0.00000109
           13             209.95564162               0.01301559                 0.00004102
           14             210.30659740               0.01303735                 0.00004664
           15             220.05693480               0.01364179                 0.00000206
           16             220.16484472               0.01364848                 0.00000235
           17             220.40827987               0.01366357                 0.00000655
           18             258.66267554               0.01603504                 0.54983681
           19             258.84031823               0.01604605                 0.55462961
           20             258.89005835               0.01604914                 0.54993671
           21             268.46870399               0.01664294                 0.00003545
           22             268.64599177               0.01665393                 0.00000770
           23             288.60463187               0.01789120                 0.00000423
           24             288.62757496               0.01789263                 0.00000647
           25             288.65198915               0.01789414                 0.00001084
           26             290.15951506               0.01798760                 0.00000470
           27             290.21407201               0.01799098                 0.00000345
           28             290.33056163               0.01799820                 0.00000205
           29             305.35538080               0.01892962                 0.00003133
           30             305.55449508               0.01894196                 0.00006562
           31             305.60333189               0.01894499                 0.00010397
           32             312.05648914               0.01934503                 0.53385679
           33             312.17253892               0.01935223                 0.53375439
           34             312.32213881               0.01936150                 0.07443936
           35             312.34430058               0.01936288                 0.52409595
           36             342.64681206               0.02124139                 0.00012863
           37             400.55403539               0.02483118                 0.19432016
           38             400.72152436               0.02484157                 0.19596861
           39             400.88933839               0.02485197                 0.19344686
           40             415.07951091               0.02573165                 0.00011026
           41             415.10383194               0.02573315                 0.00012710
           42             432.62317406               0.02681922                 0.16340063
           43             432.75433587               0.02682735                 0.16399774
           44             432.91419266               0.02683726                 0.15956957
           45             451.44550941               0.02798605                 0.00001845
           46             451.55156302               0.02799263                 0.00000945
           47             451.58546708               0.02799473                 0.00001529
           48             453.59266057               0.02811916                 0.00000884
           49             453.67113173               0.02812402                 0.00000225
           50             472.29121326               0.02927832                 0.00004860
           51             472.40051540               0.02928510                 0.00003312
           52             472.58723747               0.02929667                 0.00001308
           53             484.48433979               0.03003420                 0.00080121
           54             484.53229801               0.03003717                 0.00031014
           55             484.61050971               0.03004202                 0.00001761
           56             496.14646445               0.03075716                 2.25729735
           57             496.52560446               0.03078066                 2.25665277
           58             496.68367564               0.03079046                 2.24100339
           59             517.56784842               0.03208511                 0.00021464
           60             517.64603486               0.03208996                 0.00005142
           61             536.00083531               0.03322781                 0.00003335
           62             561.68591773               0.03482009                 0.00007180
           63             561.75224092               0.03482420                 0.00013420
           64             561.81169017               0.03482788                 0.00005213
           65             575.90443150               0.03570152                 0.00036619
           66             583.86316552               0.03619490                 3.65592774
           67             583.90797478               0.03619768                 3.65822539
           68             584.03834099               0.03620576                 3.65935990
           69             622.20018230               0.03857149                 0.00015983
           70             656.08634454               0.04067217                 0.00001222
           71             656.22842819               0.04068097                 0.00000167
           72             656.27676759               0.04068397                 0.00000650
           73             709.09462455               0.04395826                 0.00010871
           74             709.15983020               0.04396230                 0.00021131
           75             709.19762654               0.04396464                 0.00013321
           76             714.43373883               0.04428924                 0.72113475
           77             714.53478519               0.04429551                 0.71949256
           78             714.63116605               0.04430148                 0.72044974
           79             742.29955007               0.04601670                 0.00001384
           80             742.32883558               0.04601852                 0.00000074
           81             742.41341686               0.04602376                 0.00000347
 
 Summary of zero point energy for entire system:
  | Cumulative ZPE               =      2.01362731 eV
  | without first six eigenmodes =      2.01252126 eV
 
 
 Stability checking - eigenvalues should all be positive for a stable structure.
  
 The six smallest frequencies should be (almost) zero:
              -1.23950451              -1.06116202              -0.66355364               6.90563956               6.94736899               6.95302827
 
 Compare this with the largest eigenvalue, 
             742.41341686
 Done ... 
 
 Results: 
 
 List of all frequencies found:
  Mode number      Frequency [cm^(-1)]   Zero point energy [eV]   IR-intensity [D^2/Ang^2]
            1              -1.23950451              -0.00007684                 0.00000027
            2              -1.06116202              -0.00006578                 0.00000031
            3              -0.66355364              -0.00004114                 0.00000033
            4               6.90563956               0.00042810                 0.00000037
            5               6.94736899               0.00043068                 0.00000076
            6               6.95302827               0.00043103                 0.00000069
            7             193.87658617               0.01201882                 0.00000317
            8             194.07443464               0.01203108                 0.00000022
            9             202.16096771               0.01253238                 0.00000103
           10             203.01861323               0.01258555                 0.00000018
           11             203.08184867               0.01258947                 0.00000097
           12             203.09285035               0.01259015                 0.00000109
           13             209.95564162               0.01301559                 0.00004102
           14             210.30659740               0.01303735                 0.00004664
           15             220.05693480               0.01364179                 0.00000206
           16             220.16484472               0.01364848                 0.00000235
           17             220.40827987               0.01366357                 0.00000655
           18             258.66267554               0.01603504                 0.54983681
           19             258.84031823               0.01604605                 0.55462961
           20             258.89005835               0.01604914                 0.54993671
           21             268.46870399               0.01664294                 0.00003545
           22             268.64599177               0.01665393                 0.00000770
           23             288.60463187               0.01789120                 0.00000423
           24             288.62757496               0.01789263                 0.00000647
           25             288.65198915               0.01789414                 0.00001084
           26             290.15951506               0.01798760                 0.00000470
           27             290.21407201               0.01799098                 0.00000345
           28             290.33056163               0.01799820                 0.00000205
           29             305.35538080               0.01892962                 0.00003133
           30             305.55449508               0.01894196                 0.00006562
           31             305.60333189               0.01894499                 0.00010397
           32             312.05648914               0.01934503                 0.53385679
           33             312.17253892               0.01935223                 0.53375439
           34             312.32213881               0.01936150                 0.07443936
           35             312.34430058               0.01936288                 0.52409595
           36             342.64681206               0.02124139                 0.00012863
           37             400.55403539               0.02483118                 0.19432016
           38             400.72152436               0.02484157                 0.19596861
           39             400.88933839               0.02485197                 0.19344686
           40             415.07951091               0.02573165                 0.00011026
           41             415.10383194               0.02573315                 0.00012710
           42             432.62317406               0.02681922                 0.16340063
           43             432.75433587               0.02682735                 0.16399774
           44             432.91419266               0.02683726                 0.15956957
           45             451.44550941               0.02798605                 0.00001845
           46             451.55156302               0.02799263                 0.00000945
           47             451.58546708               0.02799473                 0.00001529
           48             453.59266057               0.02811916                 0.00000884
           49             453.67113173               0.02812402                 0.00000225
           50             472.29121326               0.02927832                 0.00004860
           51             472.40051540               0.02928510                 0.00003312
           52             472.58723747               0.02929667                 0.00001308
           53             484.48433979               0.03003420                 0.00080121
           54             484.53229801               0.03003717                 0.00031014
           55             484.61050971               0.03004202                 0.00001761
           56             496.14646445               0.03075716                 2.25729735
           57             496.52560446               0.03078066                 2.25665277
           58             496.68367564               0.03079046                 2.24100339
           59             517.56784842               0.03208511                 0.00021464
           60             517.64603486               0.03208996                 0.00005142
           61             536.00083531               0.03322781                 0.00003335
           62             561.68591773               0.03482009                 0.00007180
           63             561.75224092               0.03482420                 0.00013420
           64             561.81169017               0.03482788                 0.00005213
           65             575.90443150               0.03570152                 0.00036619
           66             583.86316552               0.03619490                 3.65592774
           67             583.90797478               0.03619768                 3.65822539
           68             584.03834099               0.03620576                 3.65935990
           69             622.20018230               0.03857149                 0.00015983
           70             656.08634454               0.04067217                 0.00001222
           71             656.22842819               0.04068097                 0.00000167
           72             656.27676759               0.04068397                 0.00000650
           73             709.09462455               0.04395826                 0.00010871
           74             709.15983020               0.04396230                 0.00021131
           75             709.19762654               0.04396464                 0.00013321
           76             714.43373883               0.04428924                 0.72113475
           77             714.53478519               0.04429551                 0.71949256
           78             714.63116605               0.04430148                 0.72044974
           79             742.29955007               0.04601670                 0.00001384
           80             742.32883558               0.04601852                 0.00000074
           81             742.41341686               0.04602376                 0.00000347
 
 Summary of zero point energy for entire system:
  | Cumulative ZPE               =      2.01362731 eV
  | without first six eigenmodes =      2.01252126 eV
 
 
 Stability checking - eigenvalues should all be positive for a stable structure.
  
 The six smallest frequencies should be (almost) zero:
              -1.23950451              -1.06116202              -0.66355364               6.90563956               6.94736899               6.95302827
 
 Compare this with the largest eigenvalue, 
             742.41341686
 Done ... 
 
 Results: 
 
 List of all frequencies found:
  Mode number      Frequency [cm^(-1)]   Zero point energy [eV]   IR-intensity [D^2/Ang^2]
            1              -1.23950451              -0.00007684                 0.00000027
            2              -1.06116202              -0.00006578                 0.00000031
            3              -0.66355364              -0.00004114                 0.00000033
            4               6.90563956               0.00042810                 0.00000037
            5               6.94736899               0.00043068                 0.00000076
            6               6.95302827               0.00043103                 0.00000069
            7             193.87658617               0.01201882                 0.00000317
            8             194.07443464               0.01203108                 0.00000022
            9             202.16096771               0.01253238                 0.00000103
           10             203.01861323               0.01258555                 0.00000018
           11             203.08184867               0.01258947                 0.00000097
           12             203.09285035               0.01259015                 0.00000109
           13             209.95564162               0.01301559                 0.00004102
           14             210.30659740               0.01303735                 0.00004664
           15             220.05693480               0.01364179                 0.00000206
           16             220.16484472               0.01364848                 0.00000235
           17             220.40827987               0.01366357                 0.00000655
           18             258.66267554               0.01603504                 0.54983681
           19             258.84031823               0.01604605                 0.55462961
           20             258.89005835               0.01604914                 0.54993671
           21             268.46870399               0.01664294                 0.00003545
           22             268.64599177               0.01665393                 0.00000770
           23             288.60463187               0.01789120                 0.00000423
           24             288.62757496               0.01789263                 0.00000647
           25             288.65198915               0.01789414                 0.00001084
           26             290.15951506               0.01798760                 0.00000470
           27             290.21407201               0.01799098                 0.00000345
           28             290.33056163               0.01799820                 0.00000205
           29             305.35538080               0.01892962                 0.00003133
           30             305.55449508               0.01894196                 0.00006562
           31             305.60333189               0.01894499                 0.00010397
           32             312.05648914               0.01934503                 0.53385679
           33             312.17253892               0.01935223                 0.53375439
           34             312.32213881               0.01936150                 0.07443936
           35             312.34430058               0.01936288                 0.52409595
           36             342.64681206               0.02124139                 0.00012863
           37             400.55403539               0.02483118                 0.19432016
           38             400.72152436               0.02484157                 0.19596861
           39             400.88933839               0.02485197                 0.19344686
           40             415.07951091               0.02573165                 0.00011026
           41             415.10383194               0.02573315                 0.00012710
           42             432.62317406               0.02681922                 0.16340063
           43             432.75433587               0.02682735                 0.16399774
           44             432.91419266               0.02683726                 0.15956957
           45             451.44550941               0.02798605                 0.00001845
           46             451.55156302               0.02799263                 0.00000945
           47             451.58546708               0.02799473                 0.00001529
           48             453.59266057               0.02811916                 0.00000884
           49             453.67113173               0.02812402                 0.00000225
           50             472.29121326               0.02927832                 0.00004860
           51             472.40051540               0.02928510                 0.00003312
           52             472.58723747               0.02929667                 0.00001308
           53             484.48433979               0.03003420                 0.00080121
           54             484.53229801               0.03003717                 0.00031014
           55             484.61050971               0.03004202                 0.00001761
           56             496.14646445               0.03075716                 2.25729735
           57             496.52560446               0.03078066                 2.25665277
           58             496.68367564               0.03079046                 2.24100339
           59             517.56784842               0.03208511                 0.00021464
           60             517.64603486               0.03208996                 0.00005142
           61             536.00083531               0.03322781                 0.00003335
           62             561.68591773               0.03482009                 0.00007180
           63             561.75224092               0.03482420                 0.00013420
           64             561.81169017               0.03482788                 0.00005213
           65             575.90443150               0.03570152                 0.00036619
           66             583.86316552               0.03619490                 3.65592774
           67             583.90797478               0.03619768                 3.65822539
           68             584.03834099               0.03620576                 3.65935990
           69             622.20018230               0.03857149                 0.00015983
           70             656.08634454               0.04067217                 0.00001222
           71             656.22842819               0.04068097                 0.00000167
           72             656.27676759               0.04068397                 0.00000650
           73             709.09462455               0.04395826                 0.00010871
           74             709.15983020               0.04396230                 0.00021131
           75             709.19762654               0.04396464                 0.00013321
           76             714.43373883               0.04428924                 0.72113475
           77             714.53478519               0.04429551                 0.71949256
           78             714.63116605               0.04430148                 0.72044974
           79             742.29955007               0.04601670                 0.00001384
           80             742.32883558               0.04601852                 0.00000074
           81             742.41341686               0.04602376                 0.00000347
 
 Summary of zero point energy for entire system:
  | Cumulative ZPE               =      2.01362731 eV
  | without first six eigenmodes =      2.01252126 eV
 
 
 Stability checking - eigenvalues should all be positive for a stable structure.
  
 The six smallest frequencies should be (almost) zero:
              -1.23950451              -1.06116202              -0.66355364               6.90563956               6.94736899               6.95302827
 
 Compare this with the largest eigenvalue, 
             742.41341686
 Done ... 
 
 Done ... 
 
 Results: 
 
 List of all frequencies found:
  Mode number      Frequency [cm^(-1)]   Zero point energy [eV]   IR-intensity [D^2/Ang^2]
            1              -1.23950451              -0.00007684                 0.00000027
            2              -1.06116202              -0.00006578                 0.00000031
            3              -0.66355364              -0.00004114                 0.00000033
            4               6.90563956               0.00042810                 0.00000037
            5               6.94736899               0.00043068                 0.00000076
            6               6.95302827               0.00043103                 0.00000069
            7             193.87658617               0.01201882                 0.00000317
            8             194.07443464               0.01203108                 0.00000022
            9             202.16096771               0.01253238                 0.00000103
           10             203.01861323               0.01258555                 0.00000018
           11             203.08184867               0.01258947                 0.00000097
           12             203.09285035               0.01259015                 0.00000109
           13             209.95564162               0.01301559                 0.00004102
           14             210.30659740               0.01303735                 0.00004664
           15             220.05693480               0.01364179                 0.00000206
           16             220.16484472               0.01364848                 0.00000235
           17             220.40827987               0.01366357                 0.00000655
           18             258.66267554               0.01603504                 0.54983681
           19             258.84031823               0.01604605                 0.55462961
           20             258.89005835               0.01604914                 0.54993671
           21             268.46870399               0.01664294                 0.00003545
           22             268.64599177               0.01665393                 0.00000770
           23             288.60463187               0.01789120                 0.00000423
           24             288.62757496               0.01789263                 0.00000647
           25             288.65198915               0.01789414                 0.00001084
           26             290.15951506               0.01798760                 0.00000470
           27             290.21407201               0.01799098                 0.00000345
           28             290.33056163               0.01799820                 0.00000205
           29             305.35538080               0.01892962                 0.00003133
           30             305.55449508               0.01894196                 0.00006562
           31             305.60333189               0.01894499                 0.00010397
           32             312.05648914               0.01934503                 0.53385679
           33             312.17253892               0.01935223                 0.53375439
           34             312.32213881               0.01936150                 0.07443936
           35             312.34430058               0.01936288                 0.52409595
           36             342.64681206               0.02124139                 0.00012863
           37             400.55403539               0.02483118                 0.19432016
           38             400.72152436               0.02484157                 0.19596861
           39             400.88933839               0.02485197                 0.19344686
           40             415.07951091               0.02573165                 0.00011026
           41             415.10383194               0.02573315                 0.00012710
           42             432.62317406               0.02681922                 0.16340063
           43             432.75433587               0.02682735                 0.16399774
           44             432.91419266               0.02683726                 0.15956957
           45             451.44550941               0.02798605                 0.00001845
           46             451.55156302               0.02799263                 0.00000945
           47             451.58546708               0.02799473                 0.00001529
           48             453.59266057               0.02811916                 0.00000884
           49             453.67113173               0.02812402                 0.00000225
           50             472.29121326               0.02927832                 0.00004860
           51             472.40051540               0.02928510                 0.00003312
           52             472.58723747               0.02929667                 0.00001308
           53             484.48433979               0.03003420                 0.00080121
           54             484.53229801               0.03003717                 0.00031014
           55             484.61050971               0.03004202                 0.00001761
           56             496.14646445               0.03075716                 2.25729735
           57             496.52560446               0.03078066                 2.25665277
           58             496.68367564               0.03079046                 2.24100339
           59             517.56784842               0.03208511                 0.00021464
           60             517.64603486               0.03208996                 0.00005142
           61             536.00083531               0.03322781                 0.00003335
           62             561.68591773               0.03482009                 0.00007180
           63             561.75224092               0.03482420                 0.00013420
           64             561.81169017               0.03482788                 0.00005213
           65             575.90443150               0.03570152                 0.00036619
           66             583.86316552               0.03619490                 3.65592774
           67             583.90797478               0.03619768                 3.65822539
           68             584.03834099               0.03620576                 3.65935990
           69             622.20018230               0.03857149                 0.00015983
           70             656.08634454               0.04067217                 0.00001222
           71             656.22842819               0.04068097                 0.00000167
           72             656.27676759               0.04068397                 0.00000650
           73             709.09462455               0.04395826                 0.00010871
           74             709.15983020               0.04396230                 0.00021131
           75             709.19762654               0.04396464                 0.00013321
           76             714.43373883               0.04428924                 0.72113475
           77             714.53478519               0.04429551                 0.71949256
           78             714.63116605               0.04430148                 0.72044974
           79             742.29955007               0.04601670                 0.00001384
           80             742.32883558               0.04601852                 0.00000074
           81             742.41341686               0.04602376                 0.00000347
 
 Summary of zero point energy for entire system:
  | Cumulative ZPE               =      2.01362731 eV
  | without first six eigenmodes =      2.01252126 eV
 
 
 Stability checking - eigenvalues should all be positive for a stable structure.
  
 The six smallest frequencies should be (almost) zero:
              -1.23950451              -1.06116202              -0.66355364               6.90563956               6.94736899               6.95302827
 
 Compare this with the largest eigenvalue, 
             742.41341686
 Results: 
 
 List of all frequencies found:
  Mode number      Frequency [cm^(-1)]   Zero point energy [eV]   IR-intensity [D^2/Ang^2]
            1              -1.23950451              -0.00007684                 0.00000027
            2              -1.06116202              -0.00006578                 0.00000031
            3              -0.66355364              -0.00004114                 0.00000033
            4               6.90563956               0.00042810                 0.00000037
            5               6.94736899               0.00043068                 0.00000076
            6               6.95302827               0.00043103                 0.00000069
            7             193.87658617               0.01201882                 0.00000317
            8             194.07443464               0.01203108                 0.00000022
            9             202.16096771               0.01253238                 0.00000103
           10             203.01861323               0.01258555                 0.00000018
           11             203.08184867               0.01258947                 0.00000097
           12             203.09285035               0.01259015                 0.00000109
           13             209.95564162               0.01301559                 0.00004102
           14             210.30659740               0.01303735                 0.00004664
           15             220.05693480               0.01364179                 0.00000206
           16             220.16484472               0.01364848                 0.00000235
           17             220.40827987               0.01366357                 0.00000655
           18             258.66267554               0.01603504                 0.54983681
           19             258.84031823               0.01604605                 0.55462961
           20             258.89005835               0.01604914                 0.54993671
           21             268.46870399               0.01664294                 0.00003545
           22             268.64599177               0.01665393                 0.00000770
           23             288.60463187               0.01789120                 0.00000423
           24             288.62757496               0.01789263                 0.00000647
           25             288.65198915               0.01789414                 0.00001084
           26             290.15951506               0.01798760                 0.00000470
           27             290.21407201               0.01799098                 0.00000345
           28             290.33056163               0.01799820                 0.00000205
           29             305.35538080               0.01892962                 0.00003133
           30             305.55449508               0.01894196                 0.00006562
           31             305.60333189               0.01894499                 0.00010397
           32             312.05648914               0.01934503                 0.53385679
           33             312.17253892               0.01935223                 0.53375439
           34             312.32213881               0.01936150                 0.07443936
           35             312.34430058               0.01936288                 0.52409595
           36             342.64681206               0.02124139                 0.00012863
           37             400.55403539               0.02483118                 0.19432016
           38             400.72152436               0.02484157                 0.19596861
           39             400.88933839               0.02485197                 0.19344686
           40             415.07951091               0.02573165                 0.00011026
           41             415.10383194               0.02573315                 0.00012710
           42             432.62317406               0.02681922                 0.16340063
           43             432.75433587               0.02682735                 0.16399774
           44             432.91419266               0.02683726                 0.15956957
           45             451.44550941               0.02798605                 0.00001845
           46             451.55156302               0.02799263                 0.00000945
           47             451.58546708               0.02799473                 0.00001529
           48             453.59266057               0.02811916                 0.00000884
           49             453.67113173               0.02812402                 0.00000225
           50             472.29121326               0.02927832                 0.00004860
           51             472.40051540               0.02928510                 0.00003312
           52             472.58723747               0.02929667                 0.00001308
           53             484.48433979               0.03003420                 0.00080121
           54             484.53229801               0.03003717                 0.00031014
           55             484.61050971               0.03004202                 0.00001761
           56             496.14646445               0.03075716                 2.25729735
           57             496.52560446               0.03078066                 2.25665277
           58             496.68367564               0.03079046                 2.24100339
           59             517.56784842               0.03208511                 0.00021464
           60             517.64603486               0.03208996                 0.00005142
           61             536.00083531               0.03322781                 0.00003335
           62             561.68591773               0.03482009                 0.00007180
           63             561.75224092               0.03482420                 0.00013420
           64             561.81169017               0.03482788                 0.00005213
           65             575.90443150               0.03570152                 0.00036619
           66             583.86316552               0.03619490                 3.65592774
           67             583.90797478               0.03619768                 3.65822539
           68             584.03834099               0.03620576                 3.65935990
           69             622.20018230               0.03857149                 0.00015983
           70             656.08634454               0.04067217                 0.00001222
           71             656.22842819               0.04068097                 0.00000167
           72             656.27676759               0.04068397                 0.00000650
           73             709.09462455               0.04395826                 0.00010871
           74             709.15983020               0.04396230                 0.00021131
           75             709.19762654               0.04396464                 0.00013321
           76             714.43373883               0.04428924                 0.72113475
           77             714.53478519               0.04429551                 0.71949256
           78             714.63116605               0.04430148                 0.72044974
           79             742.29955007               0.04601670                 0.00001384
           80             742.32883558               0.04601852                 0.00000074
           81             742.41341686               0.04602376                 0.00000347
 
 Summary of zero point energy for entire system:
  | Cumulative ZPE               =      2.01362731 eV
  | without first six eigenmodes =      2.01252126 eV
 
 
 Stability checking - eigenvalues should all be positive for a stable structure.
  
 The six smallest frequencies should be (almost) zero:
              -1.23950451              -1.06116202              -0.66355364               6.90563956               6.94736899               6.95302827
 
 Compare this with the largest eigenvalue, 
             742.41341686
 
Molecular mass [g/mol]:                                        790.42078068
Total mass [kg]                                            0.13125245E-0023
Principal moments of inertia [kg m^2]                      0.70843742E-0043  0.70843742E-0043  0.70843742E-0043
Product of the principal moments of inertia [kg^3 m^6]     0.35555310E-0129
 
 Eigenvectors of the inertia tensor
    0.8832   -0.4690    0.0000
   -0.4690   -0.8832    0.0000
    0.0000    0.0000    1.0000
 
Output of some temperature-dependent free energy contributions.
     temperature [K]       vibrational free energy [eV]        rotational free energy [eV]
          0.00000000                         2.01252126                         0.00000000
        298.14999390                         1.64661946                        -0.43352680
 Leaving the Hessian diagonalizer.
 
Molecular mass [g/mol]:                                        790.42078068
Total mass [kg]                                            0.13125245E-0023
Principal moments of inertia [kg m^2]                      0.70843742E-0043  0.70843742E-0043  0.70843742E-0043
Product of the principal moments of inertia [kg^3 m^6]     0.35555310E-0129
 
 Eigenvectors of the inertia tensor
    0.8832   -0.4690    0.0000
   -0.4690   -0.8832    0.0000
    0.0000    0.0000    1.0000
 
Output of some temperature-dependent free energy contributions.
     temperature [K]       vibrational free energy [eV]        rotational free energy [eV]
          0.00000000                         2.01252126                         0.00000000
        298.14999390                         1.64661946                        -0.43352680
 Leaving the Hessian diagonalizer.
 
Molecular mass [g/mol]:                                        790.42078068
Total mass [kg]                                            0.13125245E-0023
Principal moments of inertia [kg m^2]                      0.70843742E-0043  0.70843742E-0043  0.70843742E-0043
Product of the principal moments of inertia [kg^3 m^6]     0.35555310E-0129
 
 Eigenvectors of the inertia tensor
    0.8832   -0.4690    0.0000
   -0.4690   -0.8832    0.0000
    0.0000    0.0000    1.0000
 
Output of some temperature-dependent free energy contributions.
     temperature [K]       vibrational free energy [eV]        rotational free energy [eV]
          0.00000000                         2.01252126                         0.00000000
        298.14999390                         1.64661946                        -0.43352680
 Leaving the Hessian diagonalizer.
 
Molecular mass [g/mol]:                                        790.42078068
Total mass [kg]                                            0.13125245E-0023
Principal moments of inertia [kg m^2]                      0.70843742E-0043  0.70843742E-0043  0.70843742E-0043
Product of the principal moments of inertia [kg^3 m^6]     0.35555310E-0129
 
 Eigenvectors of the inertia tensor
    0.8832   -0.4690    0.0000
   -0.4690   -0.8832    0.0000
    0.0000    0.0000    1.0000
 
Output of some temperature-dependent free energy contributions.
     temperature [K]       vibrational free energy [eV]        rotational free energy [eV]
          0.00000000                         2.01252126                         0.00000000
        298.14999390                         1.64661946                        -0.43352680
 Leaving the Hessian diagonalizer.
 
Molecular mass [g/mol]:                                        790.42078068
Total mass [kg]                                            0.13125245E-0023
Principal moments of inertia [kg m^2]                      0.70843742E-0043  0.70843742E-0043  0.70843742E-0043
Product of the principal moments of inertia [kg^3 m^6]     0.35555310E-0129
 
 Eigenvectors of the inertia tensor
    0.8832   -0.4690    0.0000
   -0.4690   -0.8832    0.0000
    0.0000    0.0000    1.0000
 
Output of some temperature-dependent free energy contributions.
     temperature [K]       vibrational free energy [eV]        rotational free energy [eV]
          0.00000000                         2.01252126                         0.00000000
        298.14999390                         1.64661946                        -0.43352680
 Leaving the Hessian diagonalizer.
 
Molecular mass [g/mol]:                                        790.42078068
Total mass [kg]                                            0.13125245E-0023
Principal moments of inertia [kg m^2]                      0.70843742E-0043  0.70843742E-0043  0.70843742E-0043
Product of the principal moments of inertia [kg^3 m^6]     0.35555310E-0129
 
 Eigenvectors of the inertia tensor
    0.8832   -0.4690    0.0000
   -0.4690   -0.8832    0.0000
    0.0000    0.0000    1.0000
 
Output of some temperature-dependent free energy contributions.
     temperature [K]       vibrational free energy [eV]        rotational free energy [eV]
          0.00000000                         2.01252126                         0.00000000
        298.14999390                         1.64661946                        -0.43352680
 Leaving the Hessian diagonalizer.
 
Molecular mass [g/mol]:                                        790.42078068
Total mass [kg]                                            0.13125245E-0023
Principal moments of inertia [kg m^2]                      0.70843742E-0043  0.70843742E-0043  0.70843742E-0043
Product of the principal moments of inertia [kg^3 m^6]     0.35555310E-0129
 
 Eigenvectors of the inertia tensor
    0.8832   -0.4690    0.0000
   -0.4690   -0.8832    0.0000
    0.0000    0.0000    1.0000
 
Output of some temperature-dependent free energy contributions.
     temperature [K]       vibrational free energy [eV]        rotational free energy [eV]
          0.00000000                         2.01252126                         0.00000000
        298.14999390                         1.64661946                        -0.43352680
 Leaving the Hessian diagonalizer.
 
Molecular mass [g/mol]:                                        790.42078068
Total mass [kg]                                            0.13125245E-0023
Principal moments of inertia [kg m^2]                      0.70843742E-0043  0.70843742E-0043  0.70843742E-0043
Product of the principal moments of inertia [kg^3 m^6]     0.35555310E-0129
 
 Eigenvectors of the inertia tensor
    0.8832   -0.4690    0.0000
   -0.4690   -0.8832    0.0000
    0.0000    0.0000    1.0000
 
Output of some temperature-dependent free energy contributions.
     temperature [K]       vibrational free energy [eV]        rotational free energy [eV]
          0.00000000                         2.01252126                         0.00000000
        298.14999390                         1.64661946                        -0.43352680
 Leaving the Hessian diagonalizer.
 
Molecular mass [g/mol]:                                        790.42078068
Total mass [kg]                                            0.13125245E-0023
Principal moments of inertia [kg m^2]                      0.70843742E-0043  0.70843742E-0043  0.70843742E-0043
Product of the principal moments of inertia [kg^3 m^6]     0.35555310E-0129
 
 Eigenvectors of the inertia tensor
    0.8832   -0.4690    0.0000
   -0.4690   -0.8832    0.0000
    0.0000    0.0000    1.0000
 
Output of some temperature-dependent free energy contributions.
     temperature [K]       vibrational free energy [eV]        rotational free energy [eV]
          0.00000000                         2.01252126                         0.00000000
        298.14999390                         1.64661946                        -0.43352680
 Leaving the Hessian diagonalizer.
 
Molecular mass [g/mol]:                                        790.42078068
Total mass [kg]                                            0.13125245E-0023
Principal moments of inertia [kg m^2]                      0.70843742E-0043  0.70843742E-0043  0.70843742E-0043
Product of the principal moments of inertia [kg^3 m^6]     0.35555310E-0129
 
 Eigenvectors of the inertia tensor
    0.8832   -0.4690    0.0000
   -0.4690   -0.8832    0.0000
    0.0000    0.0000    1.0000
 
Output of some temperature-dependent free energy contributions.
     temperature [K]       vibrational free energy [eV]        rotational free energy [eV]
          0.00000000                         2.01252126                         0.00000000
        298.14999390                         1.64661946                        -0.43352680
 Leaving the Hessian diagonalizer.
 
Molecular mass [g/mol]:                                        790.42078068
Total mass [kg]                                            0.13125245E-0023
Principal moments of inertia [kg m^2]                      0.70843742E-0043  0.70843742E-0043  0.70843742E-0043
Product of the principal moments of inertia [kg^3 m^6]     0.35555310E-0129
 
 Eigenvectors of the inertia tensor
    0.8832   -0.4690    0.0000
   -0.4690   -0.8832    0.0000
    0.0000    0.0000    1.0000
 
Output of some temperature-dependent free energy contributions.
     temperature [K]       vibrational free energy [eV]        rotational free energy [eV]
          0.00000000                         2.01252126                         0.00000000
        298.14999390                         1.64661946                        -0.43352680
 Leaving the Hessian diagonalizer.
 
Molecular mass [g/mol]:                                        790.42078068
Total mass [kg]                                            0.13125245E-0023
Principal moments of inertia [kg m^2]                      0.70843742E-0043  0.70843742E-0043  0.70843742E-0043
Product of the principal moments of inertia [kg^3 m^6]     0.35555310E-0129
 
 Eigenvectors of the inertia tensor
    0.8832   -0.4690    0.0000
   -0.4690   -0.8832    0.0000
    0.0000    0.0000    1.0000
 
Output of some temperature-dependent free energy contributions.
     temperature [K]       vibrational free energy [eV]        rotational free energy [eV]
          0.00000000                         2.01252126                         0.00000000
        298.14999390                         1.64661946                        -0.43352680
 Leaving the Hessian diagonalizer.
 
Molecular mass [g/mol]:                                        790.42078068
Total mass [kg]                                            0.13125245E-0023
Principal moments of inertia [kg m^2]                      0.70843742E-0043  0.70843742E-0043  0.70843742E-0043
Product of the principal moments of inertia [kg^3 m^6]     0.35555310E-0129
 
 Eigenvectors of the inertia tensor
    0.8832   -0.4690    0.0000
   -0.4690   -0.8832    0.0000
    0.0000    0.0000    1.0000
 
Output of some temperature-dependent free energy contributions.
     temperature [K]       vibrational free energy [eV]        rotational free energy [eV]
          0.00000000                         2.01252126                         0.00000000
        298.14999390                         1.64661946                        -0.43352680
 Leaving the Hessian diagonalizer.
 
Molecular mass [g/mol]:                                        790.42078068
Total mass [kg]                                            0.13125245E-0023
Principal moments of inertia [kg m^2]                      0.70843742E-0043  0.70843742E-0043  0.70843742E-0043
Product of the principal moments of inertia [kg^3 m^6]     0.35555310E-0129
 
 Eigenvectors of the inertia tensor
    0.8832   -0.4690    0.0000
   -0.4690   -0.8832    0.0000
    0.0000    0.0000    1.0000
 
Output of some temperature-dependent free energy contributions.
     temperature [K]       vibrational free energy [eV]        rotational free energy [eV]
          0.00000000                         2.01252126                         0.00000000
        298.14999390                         1.64661946                        -0.43352680
 Leaving the Hessian diagonalizer.
 
Molecular mass [g/mol]:                                        790.42078068
Total mass [kg]                                            0.13125245E-0023
Principal moments of inertia [kg m^2]                      0.70843742E-0043  0.70843742E-0043  0.70843742E-0043
Product of the principal moments of inertia [kg^3 m^6]     0.35555310E-0129
 
 Eigenvectors of the inertia tensor
    0.8832   -0.4690    0.0000
   -0.4690   -0.8832    0.0000
    0.0000    0.0000    1.0000
 
Output of some temperature-dependent free energy contributions.
     temperature [K]       vibrational free energy [eV]        rotational free energy [eV]
          0.00000000                         2.01252126                         0.00000000
        298.14999390                         1.64661946                        -0.43352680
 Leaving the Hessian diagonalizer.
 
Molecular mass [g/mol]:                                        790.42078068
Total mass [kg]                                            0.13125245E-0023
Principal moments of inertia [kg m^2]                      0.70843742E-0043  0.70843742E-0043  0.70843742E-0043
Product of the principal moments of inertia [kg^3 m^6]     0.35555310E-0129
 
 Eigenvectors of the inertia tensor
    0.8832   -0.4690    0.0000
   -0.4690   -0.8832    0.0000
    0.0000    0.0000    1.0000
 
Output of some temperature-dependent free energy contributions.
     temperature [K]       vibrational free energy [eV]        rotational free energy [eV]
          0.00000000                         2.01252126                         0.00000000
        298.14999390                         1.64661946                        -0.43352680
 Leaving the Hessian diagonalizer.
 
Molecular mass [g/mol]:                                        790.42078068
Total mass [kg]                                            0.13125245E-0023
Principal moments of inertia [kg m^2]                      0.70843742E-0043  0.70843742E-0043  0.70843742E-0043
Product of the principal moments of inertia [kg^3 m^6]     0.35555310E-0129
 
 Eigenvectors of the inertia tensor
    0.8832   -0.4690    0.0000
   -0.4690   -0.8832    0.0000
    0.0000    0.0000    1.0000
 
Output of some temperature-dependent free energy contributions.
     temperature [K]       vibrational free energy [eV]        rotational free energy [eV]
          0.00000000                         2.01252126                         0.00000000
        298.14999390                         1.64661946                        -0.43352680
 Leaving the Hessian diagonalizer.
 
Molecular mass [g/mol]:                                        790.42078068
Total mass [kg]                                            0.13125245E-0023
Principal moments of inertia [kg m^2]                      0.70843742E-0043  0.70843742E-0043  0.70843742E-0043
Product of the principal moments of inertia [kg^3 m^6]     0.35555310E-0129
 
 Eigenvectors of the inertia tensor
    0.8832   -0.4690    0.0000
   -0.4690   -0.8832    0.0000
    0.0000    0.0000    1.0000
 
Output of some temperature-dependent free energy contributions.
     temperature [K]       vibrational free energy [eV]        rotational free energy [eV]
          0.00000000                         2.01252126                         0.00000000
        298.14999390                         1.64661946                        -0.43352680
 Leaving the Hessian diagonalizer.
 
Molecular mass [g/mol]:                                        790.42078068
Total mass [kg]                                            0.13125245E-0023
Principal moments of inertia [kg m^2]                      0.70843742E-0043  0.70843742E-0043  0.70843742E-0043
Product of the principal moments of inertia [kg^3 m^6]     0.35555310E-0129
 
 Eigenvectors of the inertia tensor
    0.8832   -0.4690    0.0000
   -0.4690   -0.8832    0.0000
    0.0000    0.0000    1.0000
 
Output of some temperature-dependent free energy contributions.
     temperature [K]       vibrational free energy [eV]        rotational free energy [eV]
          0.00000000                         2.01252126                         0.00000000
        298.14999390                         1.64661946                        -0.43352680
 Leaving the Hessian diagonalizer.
 
Molecular mass [g/mol]:                                        790.42078068
Total mass [kg]                                            0.13125245E-0023
Principal moments of inertia [kg m^2]                      0.70843742E-0043  0.70843742E-0043  0.70843742E-0043
Product of the principal moments of inertia [kg^3 m^6]     0.35555310E-0129
 
 Eigenvectors of the inertia tensor
    0.8832   -0.4690    0.0000
   -0.4690   -0.8832    0.0000
    0.0000    0.0000    1.0000
 
Output of some temperature-dependent free energy contributions.
     temperature [K]       vibrational free energy [eV]        rotational free energy [eV]
          0.00000000                         2.01252126                         0.00000000
        298.14999390                         1.64661946                        -0.43352680
 Leaving the Hessian diagonalizer.
