time,number_A,number_HA,alpha,surf_ch_dens
140.00000000001765,88,74,0.5432098765432098,-174.06363279012348
150.00000000000855,38,124,0.2345679012345679,-75.16384143209875
159.99999999999946,16,146,0.09876543209876543,-31.647933234567898
169.99999999999037,10,152,0.06172839506172839,-19.779958271604936
179.99999999998127,6,156,0.037037037037037035,-11.867974962962963
189.99999999997218,4,158,0.024691358024691357,-7.911983308641974
199.99999999996308,0,162,0.0,0.0
209.99999999995399,0,162,0.0,0.0
219.9999999999449,0,162,0.0,0.0
229.9999999999358,1,161,0.006172839506172839,-1.9779958271604936
239.9999999999267,2,160,0.012345679012345678,-3.955991654320987
249.9999999999176,4,158,0.024691358024691357,-7.911983308641974
259.99999999990854,2,160,0.012345679012345678,-3.955991654320987
269.99999999989944,3,159,0.018518518518518517,-5.9339874814814815
279.99999999989035,2,160,0.012345679012345678,-3.955991654320987
289.99999999988125,3,159,0.018518518518518517,-5.9339874814814815
299.99999999987216,1,161,0.006172839506172839,-1.9779958271604936
309.99999999986306,2,160,0.012345679012345678,-3.955991654320987
319.99999999985397,3,159,0.018518518518518517,-5.9339874814814815
329.9999999998449,1,161,0.006172839506172839,-1.9779958271604936
339.9999999998358,3,159,0.018518518518518517,-5.9339874814814815
349.9999999998267,3,159,0.018518518518518517,-5.9339874814814815
359.9999999998176,3,159,0.018518518518518517,-5.9339874814814815
369.9999999998085,2,160,0.012345679012345678,-3.955991654320987
379.9999999997994,2,160,0.012345679012345678,-3.955991654320987
389.9999999997903,2,160,0.012345679012345678,-3.955991654320987
399.9999999997812,2,160,0.012345679012345678,-3.955991654320987
409.9999999997721,2,160,0.012345679012345678,-3.955991654320987
419.999999999763,3,159,0.018518518518518517,-5.9339874814814815
429.9999999997539,0,162,0.0,0.0
439.99999999974483,0,162,0.0,0.0
449.99999999973573,2,160,0.012345679012345678,-3.955991654320987
459.99999999972664,1,161,0.006172839506172839,-1.9779958271604936
469.99999999971755,1,161,0.006172839506172839,-1.9779958271604936
479.99999999970845,0,162,0.0,0.0
489.99999999969936,0,162,0.0,0.0
499.99999999969026,4,158,0.024691358024691357,-7.911983308641974
509.99999999968117,2,160,0.012345679012345678,-3.955991654320987
519.9999999996721,0,162,0.0,0.0
529.999999999663,0,162,0.0,0.0
539.9999999996539,1,161,0.006172839506172839,-1.9779958271604936
549.9999999996448,0,162,0.0,0.0
559.9999999996357,2,160,0.012345679012345678,-3.955991654320987
569.9999999996267,1,161,0.006172839506172839,-1.9779958271604936
579.9999999996176,0,162,0.0,0.0
589.9999999996085,1,161,0.006172839506172839,-1.9779958271604936
599.9999999995994,3,159,0.018518518518518517,-5.9339874814814815
609.9999999995903,1,161,0.006172839506172839,-1.9779958271604936
619.9999999995812,1,161,0.006172839506172839,-1.9779958271604936
629.9999999995721,1,161,0.006172839506172839,-1.9779958271604936
639.999999999563,3,159,0.018518518518518517,-5.9339874814814815
649.9999999995539,2,160,0.012345679012345678,-3.955991654320987
659.9999999995448,1,161,0.006172839506172839,-1.9779958271604936
669.9999999995357,1,161,0.006172839506172839,-1.9779958271604936
679.9999999995266,3,159,0.018518518518518517,-5.9339874814814815
689.9999999995175,3,159,0.018518518518518517,-5.9339874814814815
699.9999999995084,0,162,0.0,0.0
709.9999999994993,3,159,0.018518518518518517,-5.9339874814814815
719.9999999994902,0,162,0.0,0.0
729.9999999994811,1,161,0.006172839506172839,-1.9779958271604936
739.999999999472,3,159,0.018518518518518517,-5.9339874814814815
749.999999999463,0,162,0.0,0.0
759.9999999994538,0,162,0.0,0.0
769.9999999994448,0,162,0.0,0.0
779.9999999994357,4,158,0.024691358024691357,-7.911983308641974
789.9999999994266,2,160,0.012345679012345678,-3.955991654320987
799.9999999994175,1,161,0.006172839506172839,-1.9779958271604936
809.9999999994084,2,160,0.012345679012345678,-3.955991654320987
819.9999999993993,1,161,0.006172839506172839,-1.9779958271604936
829.9999999993902,1,161,0.006172839506172839,-1.9779958271604936
839.9999999993811,1,161,0.006172839506172839,-1.9779958271604936
849.999999999372,3,159,0.018518518518518517,-5.9339874814814815
859.9999999993629,2,160,0.012345679012345678,-3.955991654320987
869.9999999993538,5,157,0.030864197530864196,-9.889979135802468
879.9999999993447,1,161,0.006172839506172839,-1.9779958271604936
889.9999999993356,2,160,0.012345679012345678,-3.955991654320987
899.9999999993265,2,160,0.012345679012345678,-3.955991654320987
909.9999999993174,3,159,0.018518518518518517,-5.9339874814814815
919.9999999993083,0,162,0.0,0.0
929.9999999992992,3,159,0.018518518518518517,-5.9339874814814815
939.9999999992901,0,162,0.0,0.0
949.999999999281,2,160,0.012345679012345678,-3.955991654320987
959.999999999272,2,160,0.012345679012345678,-3.955991654320987
969.9999999992629,0,162,0.0,0.0
979.9999999992538,0,162,0.0,0.0
989.9999999992447,4,158,0.024691358024691357,-7.911983308641974
999.9999999992356,0,162,0.0,0.0
1009.9999999992265,0,162,0.0,0.0
1019.9999999992174,0,162,0.0,0.0
1029.9999999992083,1,161,0.006172839506172839,-1.9779958271604936
1039.9999999991992,2,160,0.012345679012345678,-3.955991654320987
1049.99999999919,0,162,0.0,0.0
1059.999999999181,0,162,0.0,0.0
1069.999999999172,2,160,0.012345679012345678,-3.955991654320987
1079.9999999991628,1,161,0.006172839506172839,-1.9779958271604936
1089.9999999991537,1,161,0.006172839506172839,-1.9779958271604936
1099.9999999991446,1,161,0.006172839506172839,-1.9779958271604936
1109.9999999991355,0,162,0.0,0.0
1119.9999999991264,2,160,0.012345679012345678,-3.955991654320987
1129.9999999991173,3,159,0.018518518518518517,-5.9339874814814815
1139.9999999991082,2,160,0.012345679012345678,-3.955991654320987
1149.9999999990991,2,160,0.012345679012345678,-3.955991654320987
1159.99999999909,1,161,0.006172839506172839,-1.9779958271604936
1169.999999999081,0,162,0.0,0.0
1179.9999999990719,2,160,0.012345679012345678,-3.955991654320987
1189.9999999990628,3,159,0.018518518518518517,-5.9339874814814815
1199.9999999990537,1,161,0.006172839506172839,-1.9779958271604936
1209.9999999990446,1,161,0.006172839506172839,-1.9779958271604936
1219.9999999990355,2,160,0.012345679012345678,-3.955991654320987
1229.9999999990264,1,161,0.006172839506172839,-1.9779958271604936
1239.9999999990173,1,161,0.006172839506172839,-1.9779958271604936
1249.9999999990082,1,161,0.006172839506172839,-1.9779958271604936
1259.999999998999,0,162,0.0,0.0
1269.99999999899,0,162,0.0,0.0
1279.999999998981,1,161,0.006172839506172839,-1.9779958271604936
1289.9999999989718,2,160,0.012345679012345678,-3.955991654320987
1299.9999999989627,2,160,0.012345679012345678,-3.955991654320987
1309.9999999989536,1,161,0.006172839506172839,-1.9779958271604936
1319.9999999989445,5,157,0.030864197530864196,-9.889979135802468
1329.9999999989354,3,159,0.018518518518518517,-5.9339874814814815
1339.9999999989263,2,160,0.012345679012345678,-3.955991654320987
1349.9999999989172,2,160,0.012345679012345678,-3.955991654320987
1359.9999999989082,1,161,0.006172839506172839,-1.9779958271604936
1369.999999998899,2,160,0.012345679012345678,-3.955991654320987
1379.99999999889,2,160,0.012345679012345678,-3.955991654320987
1389.9999999988809,1,161,0.006172839506172839,-1.9779958271604936
1399.9999999988718,1,161,0.006172839506172839,-1.9779958271604936
1409.9999999988627,1,161,0.006172839506172839,-1.9779958271604936
1419.9999999988536,2,160,0.012345679012345678,-3.955991654320987
1429.9999999988445,1,161,0.006172839506172839,-1.9779958271604936
1439.9999999988354,1,161,0.006172839506172839,-1.9779958271604936
1449.9999999988263,1,161,0.006172839506172839,-1.9779958271604936
1459.9999999988172,1,161,0.006172839506172839,-1.9779958271604936
1469.999999998808,0,162,0.0,0.0
1479.999999998799,0,162,0.0,0.0
1489.99999999879,1,161,0.006172839506172839,-1.9779958271604936
1499.9999999987808,0,162,0.0,0.0
1509.9999999987717,2,160,0.012345679012345678,-3.955991654320987
1519.9999999987626,2,160,0.012345679012345678,-3.955991654320987
1529.9999999987535,2,160,0.012345679012345678,-3.955991654320987
1539.9999999987444,1,161,0.006172839506172839,-1.9779958271604936
1549.9999999987353,1,161,0.006172839506172839,-1.9779958271604936
1559.9999999987263,2,160,0.012345679012345678,-3.955991654320987
1569.9999999987172,1,161,0.006172839506172839,-1.9779958271604936
1579.999999998708,1,161,0.006172839506172839,-1.9779958271604936
1589.999999998699,0,162,0.0,0.0
1599.9999999986899,1,161,0.006172839506172839,-1.9779958271604936
1609.9999999986808,2,160,0.012345679012345678,-3.955991654320987
1619.9999999986717,2,160,0.012345679012345678,-3.955991654320987
1629.9999999986626,1,161,0.006172839506172839,-1.9779958271604936
1639.9999999986535,4,158,0.024691358024691357,-7.911983308641974
1649.9999999986444,3,159,0.018518518518518517,-5.9339874814814815
1659.9999999986353,1,161,0.006172839506172839,-1.9779958271604936
1669.9999999986262,4,158,0.024691358024691357,-7.911983308641974
1679.999999998617,3,159,0.018518518518518517,-5.9339874814814815
1689.999999998608,3,159,0.018518518518518517,-5.9339874814814815
1699.999999998599,6,156,0.037037037037037035,-11.867974962962963
1709.9999999985898,1,161,0.006172839506172839,-1.9779958271604936
1719.9999999985807,3,159,0.018518518518518517,-5.9339874814814815
1729.9999999985716,1,161,0.006172839506172839,-1.9779958271604936
1739.9999999985625,4,158,0.024691358024691357,-7.911983308641974
1749.9999999985534,3,159,0.018518518518518517,-5.9339874814814815
1759.9999999985444,2,160,0.012345679012345678,-3.955991654320987
1769.9999999985353,0,162,0.0,0.0
1779.9999999985262,0,162,0.0,0.0
1789.999999998517,3,159,0.018518518518518517,-5.9339874814814815
1799.999999998508,0,162,0.0,0.0
1809.9999999984989,1,161,0.006172839506172839,-1.9779958271604936
1819.9999999984898,1,161,0.006172839506172839,-1.9779958271604936
1829.9999999984807,1,161,0.006172839506172839,-1.9779958271604936
1839.9999999984716,2,160,0.012345679012345678,-3.955991654320987
1849.9999999984625,1,161,0.006172839506172839,-1.9779958271604936
1859.9999999984534,2,160,0.012345679012345678,-3.955991654320987
1869.9999999984443,1,161,0.006172839506172839,-1.9779958271604936
1879.9999999984352,1,161,0.006172839506172839,-1.9779958271604936
1889.9999999984261,1,161,0.006172839506172839,-1.9779958271604936
1899.999999998417,2,160,0.012345679012345678,-3.955991654320987
1909.999999998408,2,160,0.012345679012345678,-3.955991654320987
1919.9999999983988,4,158,0.024691358024691357,-7.911983308641974
1929.9999999983897,1,161,0.006172839506172839,-1.9779958271604936
1939.9999999983806,0,162,0.0,0.0
1949.9999999983715,1,161,0.006172839506172839,-1.9779958271604936
1959.9999999983625,1,161,0.006172839506172839,-1.9779958271604936
1969.9999999983534,1,161,0.006172839506172839,-1.9779958271604936
1979.9999999983443,0,162,0.0,0.0
1989.9999999983352,1,161,0.006172839506172839,-1.9779958271604936
1999.999999998326,1,161,0.006172839506172839,-1.9779958271604936
2009.999999998317,2,160,0.012345679012345678,-3.955991654320987
2019.9999999983079,0,162,0.0,0.0
2029.9999999982988,0,162,0.0,0.0
2039.9999999982897,0,162,0.0,0.0
2049.999999998326,1,161,0.006172839506172839,-1.9779958271604936
2059.9999999985444,3,159,0.018518518518518517,-5.9339874814814815
2069.9999999987626,0,162,0.0,0.0
2079.999999998981,1,161,0.006172839506172839,-1.9779958271604936
2089.999999999199,3,159,0.018518518518518517,-5.9339874814814815
2099.9999999994175,2,160,0.012345679012345678,-3.955991654320987
2109.9999999996357,2,160,0.012345679012345678,-3.955991654320987
2119.999999999854,1,161,0.006172839506172839,-1.9779958271604936
2130.0000000000723,2,160,0.012345679012345678,-3.955991654320987
2140.0000000002906,4,158,0.024691358024691357,-7.911983308641974
2150.000000000509,1,161,0.006172839506172839,-1.9779958271604936
2160.000000000727,2,160,0.012345679012345678,-3.955991654320987
2170.0000000009454,3,159,0.018518518518518517,-5.9339874814814815
2180.0000000011637,2,160,0.012345679012345678,-3.955991654320987
2190.000000001382,3,159,0.018518518518518517,-5.9339874814814815
2200.0000000016003,0,162,0.0,0.0
2210.0000000018185,1,161,0.006172839506172839,-1.9779958271604936
2220.000000002037,0,162,0.0,0.0
2230.000000002255,1,161,0.006172839506172839,-1.9779958271604936
2240.0000000024734,1,161,0.006172839506172839,-1.9779958271604936
2250.0000000026916,1,161,0.006172839506172839,-1.9779958271604936
2260.00000000291,1,161,0.006172839506172839,-1.9779958271604936
2270.000000003128,3,159,0.018518518518518517,-5.9339874814814815
2280.0000000033465,0,162,0.0,0.0
2290.0000000035648,0,162,0.0,0.0
2300.000000003783,2,160,0.012345679012345678,-3.955991654320987
2310.0000000040013,1,161,0.006172839506172839,-1.9779958271604936
2320.0000000042196,0,162,0.0,0.0
2330.000000004438,2,160,0.012345679012345678,-3.955991654320987
2340.000000004656,0,162,0.0,0.0
2350.0000000048744,1,161,0.006172839506172839,-1.9779958271604936
2360.0000000050927,0,162,0.0,0.0
2370.000000005311,1,161,0.006172839506172839,-1.9779958271604936
2380.0000000055293,3,159,0.018518518518518517,-5.9339874814814815
2390.0000000057476,2,160,0.012345679012345678,-3.955991654320987
2400.000000005966,2,160,0.012345679012345678,-3.955991654320987
2410.000000006184,0,162,0.0,0.0
2420.0000000064024,0,162,0.0,0.0
2430.0000000066207,2,160,0.012345679012345678,-3.955991654320987
2440.000000006839,0,162,0.0,0.0
2450.000000007057,2,160,0.012345679012345678,-3.955991654320987
2460.0000000072755,0,162,0.0,0.0
2470.000000007494,1,161,0.006172839506172839,-1.9779958271604936
2480.000000007712,2,160,0.012345679012345678,-3.955991654320987
2490.0000000079303,0,162,0.0,0.0
2500.0000000081486,3,159,0.018518518518518517,-5.9339874814814815
2510.000000008367,2,160,0.012345679012345678,-3.955991654320987
2520.000000008585,2,160,0.012345679012345678,-3.955991654320987
2530.0000000088035,1,161,0.006172839506172839,-1.9779958271604936
2540.0000000090217,2,160,0.012345679012345678,-3.955991654320987
2550.00000000924,1,161,0.006172839506172839,-1.9779958271604936
2560.0000000094583,0,162,0.0,0.0
2570.0000000096766,1,161,0.006172839506172839,-1.9779958271604936
2580.000000009895,0,162,0.0,0.0
2590.000000010113,2,160,0.012345679012345678,-3.955991654320987
2600.0000000103314,0,162,0.0,0.0
2610.0000000105497,1,161,0.006172839506172839,-1.9779958271604936
2620.000000010768,1,161,0.006172839506172839,-1.9779958271604936
2630.0000000109862,2,160,0.012345679012345678,-3.955991654320987
2640.0000000112045,2,160,0.012345679012345678,-3.955991654320987
2650.000000011423,3,159,0.018518518518518517,-5.9339874814814815
2660.000000011641,0,162,0.0,0.0
2670.0000000118594,2,160,0.012345679012345678,-3.955991654320987
2680.0000000120776,2,160,0.012345679012345678,-3.955991654320987
2690.000000012296,1,161,0.006172839506172839,-1.9779958271604936
2700.000000012514,1,161,0.006172839506172839,-1.9779958271604936
2710.0000000127325,2,160,0.012345679012345678,-3.955991654320987
2720.0000000129507,2,160,0.012345679012345678,-3.955991654320987
2730.000000013169,4,158,0.024691358024691357,-7.911983308641974
2740.0000000133873,0,162,0.0,0.0
2750.0000000136056,0,162,0.0,0.0
2760.000000013824,3,159,0.018518518518518517,-5.9339874814814815
2770.000000014042,1,161,0.006172839506172839,-1.9779958271604936
2780.0000000142604,0,162,0.0,0.0
2790.0000000144787,3,159,0.018518518518518517,-5.9339874814814815
2800.000000014697,0,162,0.0,0.0
2810.0000000149153,1,161,0.006172839506172839,-1.9779958271604936
2820.0000000151335,1,161,0.006172839506172839,-1.9779958271604936
2830.000000015352,1,161,0.006172839506172839,-1.9779958271604936
2840.00000001557,1,161,0.006172839506172839,-1.9779958271604936
2850.0000000157884,0,162,0.0,0.0
2860.0000000160067,1,161,0.006172839506172839,-1.9779958271604936
2870.000000016225,2,160,0.012345679012345678,-3.955991654320987
2880.000000016443,0,162,0.0,0.0
2890.0000000166615,1,161,0.006172839506172839,-1.9779958271604936
2900.0000000168798,3,159,0.018518518518518517,-5.9339874814814815
2910.000000017098,1,161,0.006172839506172839,-1.9779958271604936
2920.0000000173163,2,160,0.012345679012345678,-3.955991654320987
2930.0000000175346,1,161,0.006172839506172839,-1.9779958271604936
2940.000000017753,2,160,0.012345679012345678,-3.955991654320987
2950.000000017971,1,161,0.006172839506172839,-1.9779958271604936
2960.0000000181894,1,161,0.006172839506172839,-1.9779958271604936
2970.0000000184077,2,160,0.012345679012345678,-3.955991654320987
2980.000000018626,2,160,0.012345679012345678,-3.955991654320987
2990.0000000188443,1,161,0.006172839506172839,-1.9779958271604936
3000.0000000190626,0,162,0.0,0.0
3010.000000019281,1,161,0.006172839506172839,-1.9779958271604936
3020.000000019499,2,160,0.012345679012345678,-3.955991654320987
3030.0000000197174,2,160,0.012345679012345678,-3.955991654320987
3040.0000000199357,0,162,0.0,0.0
3050.000000020154,2,160,0.012345679012345678,-3.955991654320987
3060.000000020372,1,161,0.006172839506172839,-1.9779958271604936
3070.0000000205905,0,162,0.0,0.0
3080.000000020809,0,162,0.0,0.0
3090.000000021027,1,161,0.006172839506172839,-1.9779958271604936
3100.0000000212453,3,159,0.018518518518518517,-5.9339874814814815
3110.0000000214636,3,159,0.018518518518518517,-5.9339874814814815
3120.000000021682,3,159,0.018518518518518517,-5.9339874814814815
3130.0000000219,4,158,0.024691358024691357,-7.911983308641974
3140.0000000221185,2,160,0.012345679012345678,-3.955991654320987
3150.0000000223367,0,162,0.0,0.0
3160.000000022555,0,162,0.0,0.0
3170.0000000227733,0,162,0.0,0.0
3180.0000000229916,0,162,0.0,0.0
3190.00000002321,2,160,0.012345679012345678,-3.955991654320987
3200.000000023428,0,162,0.0,0.0
3210.0000000236464,3,159,0.018518518518518517,-5.9339874814814815
3220.0000000238647,1,161,0.006172839506172839,-1.9779958271604936
3230.000000024083,1,161,0.006172839506172839,-1.9779958271604936
3240.0000000243012,1,161,0.006172839506172839,-1.9779958271604936
3250.0000000245195,1,161,0.006172839506172839,-1.9779958271604936
3260.000000024738,3,159,0.018518518518518517,-5.9339874814814815
3270.000000024956,2,160,0.012345679012345678,-3.955991654320987
3280.0000000251744,0,162,0.0,0.0
3290.0000000253926,1,161,0.006172839506172839,-1.9779958271604936
3300.000000025611,0,162,0.0,0.0
3310.000000025829,2,160,0.012345679012345678,-3.955991654320987
3320.0000000260475,2,160,0.012345679012345678,-3.955991654320987
3330.0000000262658,1,161,0.006172839506172839,-1.9779958271604936
3340.000000026484,2,160,0.012345679012345678,-3.955991654320987
3350.0000000267023,0,162,0.0,0.0
3360.0000000269206,2,160,0.012345679012345678,-3.955991654320987
3370.000000027139,3,159,0.018518518518518517,-5.9339874814814815
3380.000000027357,2,160,0.012345679012345678,-3.955991654320987
3390.0000000275754,3,159,0.018518518518518517,-5.9339874814814815
3400.0000000277937,2,160,0.012345679012345678,-3.955991654320987
3410.000000028012,3,159,0.018518518518518517,-5.9339874814814815
3420.0000000282303,1,161,0.006172839506172839,-1.9779958271604936
3430.0000000284485,0,162,0.0,0.0
3440.000000028667,1,161,0.006172839506172839,-1.9779958271604936
3450.000000028885,6,156,0.037037037037037035,-11.867974962962963
3460.0000000291034,3,159,0.018518518518518517,-5.9339874814814815
3470.0000000293217,3,159,0.018518518518518517,-5.9339874814814815
3480.00000002954,3,159,0.018518518518518517,-5.9339874814814815
3490.000000029758,2,160,0.012345679012345678,-3.955991654320987
3500.0000000299765,3,159,0.018518518518518517,-5.9339874814814815
3510.0000000301948,2,160,0.012345679012345678,-3.955991654320987
3520.000000030413,1,161,0.006172839506172839,-1.9779958271604936
3530.0000000306313,1,161,0.006172839506172839,-1.9779958271604936
3540.0000000308496,1,161,0.006172839506172839,-1.9779958271604936
3550.000000031068,1,161,0.006172839506172839,-1.9779958271604936
3560.000000031286,0,162,0.0,0.0
3570.0000000315044,0,162,0.0,0.0
3580.0000000317227,1,161,0.006172839506172839,-1.9779958271604936
3590.000000031941,0,162,0.0,0.0
3600.0000000321593,1,161,0.006172839506172839,-1.9779958271604936
3610.0000000323776,0,162,0.0,0.0
3620.000000032596,1,161,0.006172839506172839,-1.9779958271604936
3630.000000032814,2,160,0.012345679012345678,-3.955991654320987
3640.0000000330324,1,161,0.006172839506172839,-1.9779958271604936
3650.0000000332507,1,161,0.006172839506172839,-1.9779958271604936
3660.000000033469,1,161,0.006172839506172839,-1.9779958271604936
3670.0000000336872,5,157,0.030864197530864196,-9.889979135802468
3680.0000000339055,1,161,0.006172839506172839,-1.9779958271604936
3690.000000034124,3,159,0.018518518518518517,-5.9339874814814815
3700.000000034342,3,159,0.018518518518518517,-5.9339874814814815
3710.0000000345603,2,160,0.012345679012345678,-3.955991654320987
3720.0000000347786,2,160,0.012345679012345678,-3.955991654320987
3730.000000034997,1,161,0.006172839506172839,-1.9779958271604936
3740.000000035215,1,161,0.006172839506172839,-1.9779958271604936
3750.0000000354335,2,160,0.012345679012345678,-3.955991654320987
3760.0000000356517,3,159,0.018518518518518517,-5.9339874814814815
3770.00000003587,2,160,0.012345679012345678,-3.955991654320987
3780.0000000360883,2,160,0.012345679012345678,-3.955991654320987
3790.0000000363066,1,161,0.006172839506172839,-1.9779958271604936
3800.000000036525,1,161,0.006172839506172839,-1.9779958271604936
3810.000000036743,1,161,0.006172839506172839,-1.9779958271604936
3820.0000000369614,0,162,0.0,0.0
3830.0000000371797,3,159,0.018518518518518517,-5.9339874814814815
3840.000000037398,2,160,0.012345679012345678,-3.955991654320987
3850.0000000376162,0,162,0.0,0.0
3860.0000000378345,3,159,0.018518518518518517,-5.9339874814814815
3870.000000038053,0,162,0.0,0.0
3880.000000038271,2,160,0.012345679012345678,-3.955991654320987
3890.0000000384894,1,161,0.006172839506172839,-1.9779958271604936
3900.0000000387076,0,162,0.0,0.0
3910.000000038926,0,162,0.0,0.0
3920.000000039144,1,161,0.006172839506172839,-1.9779958271604936
3930.0000000393625,0,162,0.0,0.0
3940.0000000395808,2,160,0.012345679012345678,-3.955991654320987
3950.000000039799,2,160,0.012345679012345678,-3.955991654320987
3960.0000000400173,1,161,0.006172839506172839,-1.9779958271604936
3970.0000000402356,1,161,0.006172839506172839,-1.9779958271604936
3980.000000040454,0,162,0.0,0.0
3990.000000040672,0,162,0.0,0.0
4000.0000000408904,0,162,0.0,0.0
4010.0000000411087,2,160,0.012345679012345678,-3.955991654320987
4020.000000041327,0,162,0.0,0.0
4030.0000000415453,1,161,0.006172839506172839,-1.9779958271604936
4040.0000000417635,0,162,0.0,0.0
4050.000000041982,1,161,0.006172839506172839,-1.9779958271604936
4060.0000000422,1,161,0.006172839506172839,-1.9779958271604936
4070.0000000424184,2,160,0.012345679012345678,-3.955991654320987
4080.0000000426367,2,160,0.012345679012345678,-3.955991654320987
4090.000000042855,1,161,0.006172839506172839,-1.9779958271604936
4100.000000043073,1,161,0.006172839506172839,-1.9779958271604936
4110.000000043291,1,161,0.006172839506172839,-1.9779958271604936
4120.000000043509,2,160,0.012345679012345678,-3.955991654320987
4130.000000043728,1,161,0.006172839506172839,-1.9779958271604936
4140.000000043946,2,160,0.012345679012345678,-3.955991654320987
4150.000000044164,1,161,0.006172839506172839,-1.9779958271604936
4160.000000044382,0,162,0.0,0.0
4170.000000044601,1,161,0.006172839506172839,-1.9779958271604936
4180.000000044819,3,159,0.018518518518518517,-5.9339874814814815
4190.000000045037,2,160,0.012345679012345678,-3.955991654320987
4200.000000045256,1,161,0.006172839506172839,-1.9779958271604936
4210.000000045474,0,162,0.0,0.0
4220.000000045692,2,160,0.012345679012345678,-3.955991654320987
4230.00000004591,3,159,0.018518518518518517,-5.9339874814814815
4240.000000046129,1,161,0.006172839506172839,-1.9779958271604936
4250.000000046347,0,162,0.0,0.0
4260.000000046565,0,162,0.0,0.0
4270.0000000467835,1,161,0.006172839506172839,-1.9779958271604936
4280.000000047002,1,161,0.006172839506172839,-1.9779958271604936
4290.00000004722,1,161,0.006172839506172839,-1.9779958271604936
4300.000000047438,2,160,0.012345679012345678,-3.955991654320987
4310.000000047657,0,162,0.0,0.0
4320.000000047875,0,162,0.0,0.0
4330.000000048093,2,160,0.012345679012345678,-3.955991654320987
4340.000000048311,2,160,0.012345679012345678,-3.955991654320987
4350.00000004853,0,162,0.0,0.0
4360.000000048748,0,162,0.0,0.0
4370.000000048966,1,161,0.006172839506172839,-1.9779958271604936
4380.000000049185,1,161,0.006172839506172839,-1.9779958271604936
4390.000000049403,1,161,0.006172839506172839,-1.9779958271604936
4400.000000049621,2,160,0.012345679012345678,-3.955991654320987
4410.000000049839,1,161,0.006172839506172839,-1.9779958271604936
4420.000000050058,2,160,0.012345679012345678,-3.955991654320987
4430.000000050276,3,159,0.018518518518518517,-5.9339874814814815
4440.000000050494,1,161,0.006172839506172839,-1.9779958271604936
4450.0000000507125,2,160,0.012345679012345678,-3.955991654320987
4460.000000050931,0,162,0.0,0.0
4470.000000051149,1,161,0.006172839506172839,-1.9779958271604936
4480.000000051367,2,160,0.012345679012345678,-3.955991654320987
4490.000000051586,1,161,0.006172839506172839,-1.9779958271604936
4500.000000051804,3,159,0.018518518518518517,-5.9339874814814815
4510.000000052022,0,162,0.0,0.0
4520.0000000522405,1,161,0.006172839506172839,-1.9779958271604936
4530.000000052459,0,162,0.0,0.0
4540.000000052677,0,162,0.0,0.0
4550.000000052895,2,160,0.012345679012345678,-3.955991654320987
4560.000000053114,0,162,0.0,0.0
4570.000000053332,0,162,0.0,0.0
4580.00000005355,0,162,0.0,0.0
4590.000000053768,1,161,0.006172839506172839,-1.9779958271604936
4600.000000053987,2,160,0.012345679012345678,-3.955991654320987
4610.000000054205,2,160,0.012345679012345678,-3.955991654320987
4620.000000054423,0,162,0.0,0.0
4630.0000000546415,3,159,0.018518518518518517,-5.9339874814814815
4640.00000005486,1,161,0.006172839506172839,-1.9779958271604936
4650.000000055078,0,162,0.0,0.0
4660.000000055296,2,160,0.012345679012345678,-3.955991654320987
4670.000000055515,1,161,0.006172839506172839,-1.9779958271604936
4680.000000055733,1,161,0.006172839506172839,-1.9779958271604936
4690.000000055951,1,161,0.006172839506172839,-1.9779958271604936
4700.0000000561695,1,161,0.006172839506172839,-1.9779958271604936
4710.000000056388,1,161,0.006172839506172839,-1.9779958271604936
4720.000000056606,1,161,0.006172839506172839,-1.9779958271604936
4730.000000056824,3,159,0.018518518518518517,-5.9339874814814815
4740.000000057043,0,162,0.0,0.0
4750.000000057261,1,161,0.006172839506172839,-1.9779958271604936
4760.000000057479,1,161,0.006172839506172839,-1.9779958271604936
4770.000000057697,3,159,0.018518518518518517,-5.9339874814814815
4780.000000057916,1,161,0.006172839506172839,-1.9779958271604936
4790.000000058134,0,162,0.0,0.0
4800.000000058352,4,158,0.024691358024691357,-7.911983308641974
4810.000000058571,0,162,0.0,0.0
4820.000000058789,1,161,0.006172839506172839,-1.9779958271604936
4830.000000059007,2,160,0.012345679012345678,-3.955991654320987
4840.000000059225,2,160,0.012345679012345678,-3.955991654320987
4850.000000059444,1,161,0.006172839506172839,-1.9779958271604936
4860.000000059662,2,160,0.012345679012345678,-3.955991654320987
4870.00000005988,2,160,0.012345679012345678,-3.955991654320987
4880.0000000600985,2,160,0.012345679012345678,-3.955991654320987
4890.000000060317,0,162,0.0,0.0
4900.000000060535,2,160,0.012345679012345678,-3.955991654320987
4910.000000060753,0,162,0.0,0.0
4920.000000060972,3,159,0.018518518518518517,-5.9339874814814815
4930.00000006119,6,156,0.037037037037037035,-11.867974962962963
4940.000000061408,0,162,0.0,0.0
4950.000000061626,0,162,0.0,0.0
4960.000000061845,2,160,0.012345679012345678,-3.955991654320987
4970.000000062063,3,159,0.018518518518518517,-5.9339874814814815
4980.000000062281,1,161,0.006172839506172839,-1.9779958271604936
4990.0000000625,2,160,0.012345679012345678,-3.955991654320987
5000.000000062718,1,161,0.006172839506172839,-1.9779958271604936
5010.000000062936,0,162,0.0,0.0
5020.000000063154,4,158,0.024691358024691357,-7.911983308641974
5030.000000063373,1,161,0.006172839506172839,-1.9779958271604936
5040.000000063591,2,160,0.012345679012345678,-3.955991654320987
5050.000000063809,1,161,0.006172839506172839,-1.9779958271604936
5060.0000000640275,0,162,0.0,0.0
5070.000000064246,2,160,0.012345679012345678,-3.955991654320987
5080.000000064464,1,161,0.006172839506172839,-1.9779958271604936
5090.000000064682,2,160,0.012345679012345678,-3.955991654320987
5100.000000064901,1,161,0.006172839506172839,-1.9779958271604936
5110.000000065119,1,161,0.006172839506172839,-1.9779958271604936
5120.000000065337,1,161,0.006172839506172839,-1.9779958271604936
5130.0000000655555,2,160,0.012345679012345678,-3.955991654320987
5140.000000065774,1,161,0.006172839506172839,-1.9779958271604936
5150.000000065992,1,161,0.006172839506172839,-1.9779958271604936
5160.00000006621,0,162,0.0,0.0
5170.000000066429,1,161,0.006172839506172839,-1.9779958271604936
5180.000000066647,2,160,0.012345679012345678,-3.955991654320987
5190.000000066865,2,160,0.012345679012345678,-3.955991654320987
5200.000000067083,0,162,0.0,0.0
5210.000000067302,1,161,0.006172839506172839,-1.9779958271604936
5220.00000006752,1,161,0.006172839506172839,-1.9779958271604936
5230.000000067738,1,161,0.006172839506172839,-1.9779958271604936
5240.0000000679565,1,161,0.006172839506172839,-1.9779958271604936
5250.000000068175,2,160,0.012345679012345678,-3.955991654320987
5260.000000068393,1,161,0.006172839506172839,-1.9779958271604936
5270.000000068611,1,161,0.006172839506172839,-1.9779958271604936
5280.00000006883,1,161,0.006172839506172839,-1.9779958271604936
5290.000000069048,1,161,0.006172839506172839,-1.9779958271604936
5300.000000069266,1,161,0.006172839506172839,-1.9779958271604936
5310.0000000694845,0,162,0.0,0.0
5320.000000069703,1,161,0.006172839506172839,-1.9779958271604936
5330.000000069921,1,161,0.006172839506172839,-1.9779958271604936
5340.000000070139,2,160,0.012345679012345678,-3.955991654320987
5350.000000070358,1,161,0.006172839506172839,-1.9779958271604936
5360.000000070576,2,160,0.012345679012345678,-3.955991654320987
5370.000000070794,1,161,0.006172839506172839,-1.9779958271604936
5380.000000071012,1,161,0.006172839506172839,-1.9779958271604936
5390.000000071231,0,162,0.0,0.0
5400.000000071449,1,161,0.006172839506172839,-1.9779958271604936
5410.000000071667,1,161,0.006172839506172839,-1.9779958271604936
5420.000000071886,2,160,0.012345679012345678,-3.955991654320987
5430.000000072104,1,161,0.006172839506172839,-1.9779958271604936
5440.000000072322,1,161,0.006172839506172839,-1.9779958271604936
5450.00000007254,2,160,0.012345679012345678,-3.955991654320987
5460.000000072759,1,161,0.006172839506172839,-1.9779958271604936
5470.000000072977,1,161,0.006172839506172839,-1.9779958271604936
5480.000000073195,3,159,0.018518518518518517,-5.9339874814814815
5490.0000000734135,1,161,0.006172839506172839,-1.9779958271604936
5500.000000073632,0,162,0.0,0.0
5510.00000007385,1,161,0.006172839506172839,-1.9779958271604936
5520.000000074068,0,162,0.0,0.0
5530.000000074287,1,161,0.006172839506172839,-1.9779958271604936
5540.000000074505,1,161,0.006172839506172839,-1.9779958271604936
5550.000000074723,2,160,0.012345679012345678,-3.955991654320987
5560.000000074941,2,160,0.012345679012345678,-3.955991654320987
5570.00000007516,1,161,0.006172839506172839,-1.9779958271604936
5580.000000075378,1,161,0.006172839506172839,-1.9779958271604936
5590.000000075596,3,159,0.018518518518518517,-5.9339874814814815
5600.000000075815,1,161,0.006172839506172839,-1.9779958271604936
5610.000000076033,0,162,0.0,0.0
5620.000000076251,3,159,0.018518518518518517,-5.9339874814814815
5630.000000076469,1,161,0.006172839506172839,-1.9779958271604936
5640.000000076688,2,160,0.012345679012345678,-3.955991654320987
5650.000000076906,2,160,0.012345679012345678,-3.955991654320987
5660.000000077124,2,160,0.012345679012345678,-3.955991654320987
5670.0000000773425,0,162,0.0,0.0
5680.000000077561,0,162,0.0,0.0
5690.000000077779,1,161,0.006172839506172839,-1.9779958271604936
5700.000000077997,1,161,0.006172839506172839,-1.9779958271604936
5710.000000078216,0,162,0.0,0.0
5720.000000078434,1,161,0.006172839506172839,-1.9779958271604936
5730.000000078652,1,161,0.006172839506172839,-1.9779958271604936
5740.0000000788705,1,161,0.006172839506172839,-1.9779958271604936
5750.000000079089,1,161,0.006172839506172839,-1.9779958271604936
5760.000000079307,0,162,0.0,0.0
5770.000000079525,3,159,0.018518518518518517,-5.9339874814814815
5780.000000079744,1,161,0.006172839506172839,-1.9779958271604936
5790.000000079962,3,159,0.018518518518518517,-5.9339874814814815
5800.00000008018,1,161,0.006172839506172839,-1.9779958271604936
5810.000000080398,2,160,0.012345679012345678,-3.955991654320987
5820.000000080617,2,160,0.012345679012345678,-3.955991654320987
5830.000000080835,0,162,0.0,0.0
5840.000000081053,2,160,0.012345679012345678,-3.955991654320987
5850.0000000812715,0,162,0.0,0.0
5860.00000008149,1,161,0.006172839506172839,-1.9779958271604936
5870.000000081708,1,161,0.006172839506172839,-1.9779958271604936
5880.000000081926,0,162,0.0,0.0
5890.000000082145,2,160,0.012345679012345678,-3.955991654320987
5900.000000082363,1,161,0.006172839506172839,-1.9779958271604936
5910.000000082581,0,162,0.0,0.0
5920.0000000827995,2,160,0.012345679012345678,-3.955991654320987
5930.000000083018,2,160,0.012345679012345678,-3.955991654320987
5940.000000083236,1,161,0.006172839506172839,-1.9779958271604936
5950.000000083454,3,159,0.018518518518518517,-5.9339874814814815
5960.000000083673,2,160,0.012345679012345678,-3.955991654320987
5970.000000083891,2,160,0.012345679012345678,-3.955991654320987
5980.000000084109,2,160,0.012345679012345678,-3.955991654320987
5990.000000084327,1,161,0.006172839506172839,-1.9779958271604936
6000.000000084546,0,162,0.0,0.0
6010.000000084764,0,162,0.0,0.0
6020.000000084982,0,162,0.0,0.0
6030.000000085201,3,159,0.018518518518518517,-5.9339874814814815
6040.000000085419,1,161,0.006172839506172839,-1.9779958271604936
6050.000000085637,0,162,0.0,0.0
6060.000000085855,3,159,0.018518518518518517,-5.9339874814814815
6070.000000086074,1,161,0.006172839506172839,-1.9779958271604936
6080.000000086292,2,160,0.012345679012345678,-3.955991654320987
6090.00000008651,2,160,0.012345679012345678,-3.955991654320987
6100.0000000867285,2,160,0.012345679012345678,-3.955991654320987
6110.000000086947,5,157,0.030864197530864196,-9.889979135802468
6120.000000087165,2,160,0.012345679012345678,-3.955991654320987
6130.000000087383,1,161,0.006172839506172839,-1.9779958271604936
6140.000000087602,1,161,0.006172839506172839,-1.9779958271604936
6150.00000008782,0,162,0.0,0.0
6160.000000088038,1,161,0.006172839506172839,-1.9779958271604936
6170.0000000882565,2,160,0.012345679012345678,-3.955991654320987
6180.000000088475,2,160,0.012345679012345678,-3.955991654320987
6190.000000088693,0,162,0.0,0.0
6200.000000088911,3,159,0.018518518518518517,-5.9339874814814815
6210.00000008913,1,161,0.006172839506172839,-1.9779958271604936
6220.000000089348,1,161,0.006172839506172839,-1.9779958271604936
6230.000000089566,1,161,0.006172839506172839,-1.9779958271604936
6240.000000089784,0,162,0.0,0.0
6250.000000090003,0,162,0.0,0.0
6260.000000090221,0,162,0.0,0.0
6270.000000090439,1,161,0.006172839506172839,-1.9779958271604936
6280.0000000906575,1,161,0.006172839506172839,-1.9779958271604936
6290.000000090876,1,161,0.006172839506172839,-1.9779958271604936
6300.000000091094,0,162,0.0,0.0
6310.000000091312,0,162,0.0,0.0
6320.000000091531,1,161,0.006172839506172839,-1.9779958271604936
6330.000000091749,2,160,0.012345679012345678,-3.955991654320987
6340.000000091967,1,161,0.006172839506172839,-1.9779958271604936
6350.0000000921855,2,160,0.012345679012345678,-3.955991654320987
6360.000000092404,0,162,0.0,0.0
6370.000000092622,2,160,0.012345679012345678,-3.955991654320987
6380.00000009284,2,160,0.012345679012345678,-3.955991654320987
6390.000000093059,1,161,0.006172839506172839,-1.9779958271604936
6400.000000093277,1,161,0.006172839506172839,-1.9779958271604936
6410.000000093495,0,162,0.0,0.0
6420.000000093713,1,161,0.006172839506172839,-1.9779958271604936
6430.000000093932,1,161,0.006172839506172839,-1.9779958271604936
6440.00000009415,1,161,0.006172839506172839,-1.9779958271604936
6450.000000094368,1,161,0.006172839506172839,-1.9779958271604936
6460.0000000945865,0,162,0.0,0.0
6470.000000094805,0,162,0.0,0.0
6480.000000095023,0,162,0.0,0.0
6490.000000095241,0,162,0.0,0.0
6500.00000009546,2,160,0.012345679012345678,-3.955991654320987
6510.000000095678,3,159,0.018518518518518517,-5.9339874814814815
6520.000000095896,2,160,0.012345679012345678,-3.955991654320987
6530.0000000961145,0,162,0.0,0.0
6540.000000096333,0,162,0.0,0.0
6550.000000096551,2,160,0.012345679012345678,-3.955991654320987
6560.000000096769,1,161,0.006172839506172839,-1.9779958271604936
6570.000000096988,2,160,0.012345679012345678,-3.955991654320987
6580.000000097206,1,161,0.006172839506172839,-1.9779958271604936
6590.000000097424,1,161,0.006172839506172839,-1.9779958271604936
6600.000000097642,1,161,0.006172839506172839,-1.9779958271604936
6610.000000097861,0,162,0.0,0.0
6620.000000098079,3,159,0.018518518518518517,-5.9339874814814815
6630.000000098297,1,161,0.006172839506172839,-1.9779958271604936
6640.000000098516,1,161,0.006172839506172839,-1.9779958271604936
6650.000000098734,2,160,0.012345679012345678,-3.955991654320987
6660.000000098952,1,161,0.006172839506172839,-1.9779958271604936
6670.00000009917,2,160,0.012345679012345678,-3.955991654320987
6680.000000099389,2,160,0.012345679012345678,-3.955991654320987
6690.000000099607,2,160,0.012345679012345678,-3.955991654320987
6700.000000099825,0,162,0.0,0.0
6710.0000001000435,1,161,0.006172839506172839,-1.9779958271604936
6720.000000100262,1,161,0.006172839506172839,-1.9779958271604936
6730.00000010048,0,162,0.0,0.0
6740.000000100698,2,160,0.012345679012345678,-3.955991654320987
6750.000000100917,2,160,0.012345679012345678,-3.955991654320987
6760.000000101135,2,160,0.012345679012345678,-3.955991654320987
6770.000000101353,1,161,0.006172839506172839,-1.9779958271604936
6780.0000001015715,3,159,0.018518518518518517,-5.9339874814814815
6790.00000010179,0,162,0.0,0.0
6800.000000102008,0,162,0.0,0.0
6810.000000102226,1,161,0.006172839506172839,-1.9779958271604936
6820.000000102445,1,161,0.006172839506172839,-1.9779958271604936
6830.000000102663,1,161,0.006172839506172839,-1.9779958271604936
6840.000000102881,1,161,0.006172839506172839,-1.9779958271604936
6850.000000103099,1,161,0.006172839506172839,-1.9779958271604936
6860.000000103318,0,162,0.0,0.0
6870.000000103536,1,161,0.006172839506172839,-1.9779958271604936
6880.000000103754,1,161,0.006172839506172839,-1.9779958271604936
6890.0000001039725,2,160,0.012345679012345678,-3.955991654320987
6900.000000104191,0,162,0.0,0.0
6910.000000104409,1,161,0.006172839506172839,-1.9779958271604936
6920.000000104627,0,162,0.0,0.0
6930.000000104846,1,161,0.006172839506172839,-1.9779958271604936
6940.000000105064,0,162,0.0,0.0
6950.000000105282,1,161,0.006172839506172839,-1.9779958271604936
6960.0000001055005,2,160,0.012345679012345678,-3.955991654320987
6970.000000105719,0,162,0.0,0.0
6980.000000105937,2,160,0.012345679012345678,-3.955991654320987
6990.000000106155,1,161,0.006172839506172839,-1.9779958271604936
7000.000000106374,4,158,0.024691358024691357,-7.911983308641974
7010.000000106592,1,161,0.006172839506172839,-1.9779958271604936
7020.00000010681,4,158,0.024691358024691357,-7.911983308641974
7030.000000107028,3,159,0.018518518518518517,-5.9339874814814815
7040.000000107247,2,160,0.012345679012345678,-3.955991654320987
7050.000000107465,0,162,0.0,0.0
7060.000000107683,1,161,0.006172839506172839,-1.9779958271604936
7070.0000001079015,0,162,0.0,0.0
7080.00000010812,1,161,0.006172839506172839,-1.9779958271604936
7090.000000108338,1,161,0.006172839506172839,-1.9779958271604936
7100.000000108556,3,159,0.018518518518518517,-5.9339874814814815
7110.000000108775,3,159,0.018518518518518517,-5.9339874814814815
7120.000000108993,2,160,0.012345679012345678,-3.955991654320987
7130.000000109211,1,161,0.006172839506172839,-1.9779958271604936
7140.0000001094295,1,161,0.006172839506172839,-1.9779958271604936
7150.000000109648,1,161,0.006172839506172839,-1.9779958271604936
7160.000000109866,0,162,0.0,0.0
7170.000000110084,0,162,0.0,0.0
7180.000000110303,0,162,0.0,0.0
7190.000000110521,1,161,0.006172839506172839,-1.9779958271604936
7200.000000110739,2,160,0.012345679012345678,-3.955991654320987
7210.000000110957,0,162,0.0,0.0
7220.000000111176,1,161,0.006172839506172839,-1.9779958271604936
7230.000000111394,1,161,0.006172839506172839,-1.9779958271604936
7240.000000111612,0,162,0.0,0.0
7250.000000111831,0,162,0.0,0.0
7260.000000112049,0,162,0.0,0.0
7270.000000112267,1,161,0.006172839506172839,-1.9779958271604936
7280.000000112485,1,161,0.006172839506172839,-1.9779958271604936
7290.000000112704,1,161,0.006172839506172839,-1.9779958271604936
7300.000000112922,1,161,0.006172839506172839,-1.9779958271604936
7310.00000011314,2,160,0.012345679012345678,-3.955991654320987
7320.0000001133585,1,161,0.006172839506172839,-1.9779958271604936
7330.000000113577,1,161,0.006172839506172839,-1.9779958271604936
7340.000000113795,1,161,0.006172839506172839,-1.9779958271604936
7350.000000114013,1,161,0.006172839506172839,-1.9779958271604936
7360.000000114232,1,161,0.006172839506172839,-1.9779958271604936
7370.00000011445,1,161,0.006172839506172839,-1.9779958271604936
7380.000000114668,2,160,0.012345679012345678,-3.955991654320987
7390.0000001148865,0,162,0.0,0.0
7400.000000115105,2,160,0.012345679012345678,-3.955991654320987
7410.000000115323,2,160,0.012345679012345678,-3.955991654320987
7420.000000115541,1,161,0.006172839506172839,-1.9779958271604936
7430.00000011576,1,161,0.006172839506172839,-1.9779958271604936
7440.000000115978,1,161,0.006172839506172839,-1.9779958271604936
7450.000000116196,2,160,0.012345679012345678,-3.955991654320987
7460.000000116414,1,161,0.006172839506172839,-1.9779958271604936
7470.000000116633,1,161,0.006172839506172839,-1.9779958271604936
7480.000000116851,1,161,0.006172839506172839,-1.9779958271604936
7490.000000117069,0,162,0.0,0.0
7500.0000001172875,0,162,0.0,0.0
7510.000000117506,3,159,0.018518518518518517,-5.9339874814814815
7520.000000117724,2,160,0.012345679012345678,-3.955991654320987
7530.000000117942,2,160,0.012345679012345678,-3.955991654320987
7540.000000118161,2,160,0.012345679012345678,-3.955991654320987
7550.000000118379,1,161,0.006172839506172839,-1.9779958271604936
7560.000000118597,1,161,0.006172839506172839,-1.9779958271604936
7570.0000001188155,2,160,0.012345679012345678,-3.955991654320987
7580.000000119034,0,162,0.0,0.0
7590.000000119252,2,160,0.012345679012345678,-3.955991654320987
7600.00000011947,0,162,0.0,0.0
7610.000000119689,1,161,0.006172839506172839,-1.9779958271604936
7620.000000119907,2,160,0.012345679012345678,-3.955991654320987
7630.000000120125,0,162,0.0,0.0
7640.000000120343,2,160,0.012345679012345678,-3.955991654320987
7650.000000120562,1,161,0.006172839506172839,-1.9779958271604936
7660.00000012078,1,161,0.006172839506172839,-1.9779958271604936
7670.000000120998,1,161,0.006172839506172839,-1.9779958271604936
7680.0000001212165,1,161,0.006172839506172839,-1.9779958271604936
7690.000000121435,2,160,0.012345679012345678,-3.955991654320987
7700.000000121653,2,160,0.012345679012345678,-3.955991654320987
7710.000000121871,1,161,0.006172839506172839,-1.9779958271604936
7720.00000012209,0,162,0.0,0.0
7730.000000122308,0,162,0.0,0.0
7740.000000122526,2,160,0.012345679012345678,-3.955991654320987
7750.0000001227445,0,162,0.0,0.0
7760.000000122963,3,159,0.018518518518518517,-5.9339874814814815
7770.000000123181,1,161,0.006172839506172839,-1.9779958271604936
7780.000000123399,1,161,0.006172839506172839,-1.9779958271604936
7790.000000123618,0,162,0.0,0.0
7800.000000123836,1,161,0.006172839506172839,-1.9779958271604936
7810.000000124054,3,159,0.018518518518518517,-5.9339874814814815
7820.000000124272,2,160,0.012345679012345678,-3.955991654320987
7830.000000124491,3,159,0.018518518518518517,-5.9339874814814815
7840.000000124709,1,161,0.006172839506172839,-1.9779958271604936
7850.000000124927,1,161,0.006172839506172839,-1.9779958271604936
7860.000000125146,1,161,0.006172839506172839,-1.9779958271604936
7870.000000125364,2,160,0.012345679012345678,-3.955991654320987
7880.000000125582,1,161,0.006172839506172839,-1.9779958271604936
7890.0000001258,0,162,0.0,0.0
7900.000000126019,1,161,0.006172839506172839,-1.9779958271604936
7910.000000126237,0,162,0.0,0.0
7920.000000126455,1,161,0.006172839506172839,-1.9779958271604936
7930.0000001266735,4,158,0.024691358024691357,-7.911983308641974
7940.000000126892,0,162,0.0,0.0
7950.00000012711,0,162,0.0,0.0
7960.000000127328,2,160,0.012345679012345678,-3.955991654320987
7970.000000127547,1,161,0.006172839506172839,-1.9779958271604936
7980.000000127765,1,161,0.006172839506172839,-1.9779958271604936
7990.000000127983,3,159,0.018518518518518517,-5.9339874814814815
8000.0000001282015,1,161,0.006172839506172839,-1.9779958271604936
8010.00000012842,0,162,0.0,0.0
8020.000000128638,0,162,0.0,0.0
8030.000000128856,1,161,0.006172839506172839,-1.9779958271604936
8040.000000129075,2,160,0.012345679012345678,-3.955991654320987
8050.000000129293,0,162,0.0,0.0
8060.000000129511,0,162,0.0,0.0
8070.000000129729,2,160,0.012345679012345678,-3.955991654320987
8080.000000129948,1,161,0.006172839506172839,-1.9779958271604936
8090.000000130166,0,162,0.0,0.0
8100.000000130384,1,161,0.006172839506172839,-1.9779958271604936
8110.0000001306025,2,160,0.012345679012345678,-3.955991654320987
8120.000000130821,0,162,0.0,0.0
8130.000000131039,2,160,0.012345679012345678,-3.955991654320987
8140.000000131257,2,160,0.012345679012345678,-3.955991654320987
8150.000000131476,4,158,0.024691358024691357,-7.911983308641974
8160.000000131694,2,160,0.012345679012345678,-3.955991654320987
8170.000000131912,3,159,0.018518518518518517,-5.9339874814814815
8180.0000001321305,1,161,0.006172839506172839,-1.9779958271604936
8190.000000132349,2,160,0.012345679012345678,-3.955991654320987
8200.000000132566,1,161,0.006172839506172839,-1.9779958271604936
8210.000000132784,1,161,0.006172839506172839,-1.9779958271604936
8220.000000133003,1,161,0.006172839506172839,-1.9779958271604936
8230.000000133221,1,161,0.006172839506172839,-1.9779958271604936
8240.00000013344,2,160,0.012345679012345678,-3.955991654320987
8250.000000133658,1,161,0.006172839506172839,-1.9779958271604936
8260.000000133876,1,161,0.006172839506172839,-1.9779958271604936
8270.000000134094,2,160,0.012345679012345678,-3.955991654320987
8280.000000134312,1,161,0.006172839506172839,-1.9779958271604936
8290.00000013453,1,161,0.006172839506172839,-1.9779958271604936
8300.000000134749,0,162,0.0,0.0
8310.000000134967,3,159,0.018518518518518517,-5.9339874814814815
8320.000000135185,3,159,0.018518518518518517,-5.9339874814814815
8330.000000135404,0,162,0.0,0.0
8340.000000135622,1,161,0.006172839506172839,-1.9779958271604936
8350.00000013584,3,159,0.018518518518518517,-5.9339874814814815
8360.000000136059,1,161,0.006172839506172839,-1.9779958271604936
8370.000000136277,1,161,0.006172839506172839,-1.9779958271604936
8380.000000136495,1,161,0.006172839506172839,-1.9779958271604936
8390.000000136713,1,161,0.006172839506172839,-1.9779958271604936
8400.000000136932,2,160,0.012345679012345678,-3.955991654320987
8410.00000013715,1,161,0.006172839506172839,-1.9779958271604936
8420.000000137368,2,160,0.012345679012345678,-3.955991654320987
8430.000000137587,2,160,0.012345679012345678,-3.955991654320987
8440.000000137805,3,159,0.018518518518518517,-5.9339874814814815
8450.000000138023,2,160,0.012345679012345678,-3.955991654320987
8460.000000138241,2,160,0.012345679012345678,-3.955991654320987
8470.00000013846,2,160,0.012345679012345678,-3.955991654320987
8480.000000138678,3,159,0.018518518518518517,-5.9339874814814815
8490.000000138896,1,161,0.006172839506172839,-1.9779958271604936
8500.000000139114,1,161,0.006172839506172839,-1.9779958271604936
8510.000000139333,0,162,0.0,0.0
8520.000000139551,2,160,0.012345679012345678,-3.955991654320987
8530.00000013977,1,161,0.006172839506172839,-1.9779958271604936
8540.000000139988,1,161,0.006172839506172839,-1.9779958271604936
8550.000000140206,0,162,0.0,0.0
8560.000000140424,1,161,0.006172839506172839,-1.9779958271604936
8570.000000140642,1,161,0.006172839506172839,-1.9779958271604936
8580.00000014086,3,159,0.018518518518518517,-5.9339874814814815
8590.000000141079,3,159,0.018518518518518517,-5.9339874814814815
8600.000000141297,0,162,0.0,0.0
8610.000000141516,1,161,0.006172839506172839,-1.9779958271604936
8620.000000141734,1,161,0.006172839506172839,-1.9779958271604936
8630.000000141952,0,162,0.0,0.0
8640.00000014217,1,161,0.006172839506172839,-1.9779958271604936
8650.000000142389,1,161,0.006172839506172839,-1.9779958271604936
8660.000000142607,1,161,0.006172839506172839,-1.9779958271604936
8670.000000142825,1,161,0.006172839506172839,-1.9779958271604936
8680.000000143044,4,158,0.024691358024691357,-7.911983308641974
8690.000000143262,2,160,0.012345679012345678,-3.955991654320987
8700.00000014348,0,162,0.0,0.0
8710.000000143698,1,161,0.006172839506172839,-1.9779958271604936
8720.000000143917,2,160,0.012345679012345678,-3.955991654320987
8730.000000144135,0,162,0.0,0.0
8740.000000144353,1,161,0.006172839506172839,-1.9779958271604936
8750.000000144571,4,158,0.024691358024691357,-7.911983308641974
8760.00000014479,1,161,0.006172839506172839,-1.9779958271604936
8770.000000145008,1,161,0.006172839506172839,-1.9779958271604936
8780.000000145226,4,158,0.024691358024691357,-7.911983308641974
8790.000000145445,2,160,0.012345679012345678,-3.955991654320987
8800.000000145663,0,162,0.0,0.0
8810.000000145881,1,161,0.006172839506172839,-1.9779958271604936
8820.0000001461,0,162,0.0,0.0
8830.000000146318,1,161,0.006172839506172839,-1.9779958271604936
8840.000000146536,2,160,0.012345679012345678,-3.955991654320987
8850.000000146754,2,160,0.012345679012345678,-3.955991654320987
8860.000000146973,3,159,0.018518518518518517,-5.9339874814814815
8870.00000014719,1,161,0.006172839506172839,-1.9779958271604936
8880.000000147409,2,160,0.012345679012345678,-3.955991654320987
8890.000000147627,1,161,0.006172839506172839,-1.9779958271604936
8900.000000147846,2,160,0.012345679012345678,-3.955991654320987
8910.000000148064,1,161,0.006172839506172839,-1.9779958271604936
8920.000000148282,0,162,0.0,0.0
8930.0000001485,2,160,0.012345679012345678,-3.955991654320987
8940.000000148719,1,161,0.006172839506172839,-1.9779958271604936
8950.000000148937,0,162,0.0,0.0
8960.000000149155,1,161,0.006172839506172839,-1.9779958271604936
8970.000000149374,3,159,0.018518518518518517,-5.9339874814814815
8980.000000149592,2,160,0.012345679012345678,-3.955991654320987
8990.00000014981,1,161,0.006172839506172839,-1.9779958271604936
9000.000000150028,1,161,0.006172839506172839,-1.9779958271604936
9010.000000150247,1,161,0.006172839506172839,-1.9779958271604936
9020.000000150465,1,161,0.006172839506172839,-1.9779958271604936
9030.000000150683,0,162,0.0,0.0
9040.000000150902,1,161,0.006172839506172839,-1.9779958271604936
9050.00000015112,1,161,0.006172839506172839,-1.9779958271604936
9060.000000151338,1,161,0.006172839506172839,-1.9779958271604936
9070.000000151556,1,161,0.006172839506172839,-1.9779958271604936
9080.000000151775,2,160,0.012345679012345678,-3.955991654320987
9090.000000151993,0,162,0.0,0.0
9100.000000152211,2,160,0.012345679012345678,-3.955991654320987
9110.00000015243,3,159,0.018518518518518517,-5.9339874814814815
9120.000000152648,1,161,0.006172839506172839,-1.9779958271604936
9130.000000152866,0,162,0.0,0.0
9140.000000153084,3,159,0.018518518518518517,-5.9339874814814815
9150.000000153303,2,160,0.012345679012345678,-3.955991654320987
9160.00000015352,2,160,0.012345679012345678,-3.955991654320987
9170.00000015374,0,162,0.0,0.0
9180.000000153957,0,162,0.0,0.0
9190.000000154176,1,161,0.006172839506172839,-1.9779958271604936
9200.000000154394,2,160,0.012345679012345678,-3.955991654320987
9210.000000154612,0,162,0.0,0.0
9220.00000015483,1,161,0.006172839506172839,-1.9779958271604936
9230.000000155049,1,161,0.006172839506172839,-1.9779958271604936
9240.000000155267,0,162,0.0,0.0
9250.000000155485,1,161,0.006172839506172839,-1.9779958271604936
9260.000000155704,0,162,0.0,0.0
9270.000000155922,2,160,0.012345679012345678,-3.955991654320987
9280.00000015614,0,162,0.0,0.0
9290.000000156359,0,162,0.0,0.0
9300.000000156577,0,162,0.0,0.0
9310.000000156795,1,161,0.006172839506172839,-1.9779958271604936
9320.000000157013,0,162,0.0,0.0
9330.000000157232,1,161,0.006172839506172839,-1.9779958271604936
9340.00000015745,0,162,0.0,0.0
9350.000000157668,0,162,0.0,0.0
9360.000000157886,1,161,0.006172839506172839,-1.9779958271604936
9370.000000158105,0,162,0.0,0.0
9380.000000158323,0,162,0.0,0.0
9390.000000158541,1,161,0.006172839506172839,-1.9779958271604936
9400.00000015876,1,161,0.006172839506172839,-1.9779958271604936
9410.000000158978,1,161,0.006172839506172839,-1.9779958271604936
9420.000000159196,1,161,0.006172839506172839,-1.9779958271604936
9430.000000159414,0,162,0.0,0.0
9440.000000159633,1,161,0.006172839506172839,-1.9779958271604936
9450.000000159851,2,160,0.012345679012345678,-3.955991654320987
9460.00000016007,4,158,0.024691358024691357,-7.911983308641974
9470.000000160288,0,162,0.0,0.0
9480.000000160506,1,161,0.006172839506172839,-1.9779958271604936
9490.000000160724,5,157,0.030864197530864196,-9.889979135802468
9500.000000160942,1,161,0.006172839506172839,-1.9779958271604936
9510.00000016116,0,162,0.0,0.0
9520.000000161379,1,161,0.006172839506172839,-1.9779958271604936
9530.000000161597,1,161,0.006172839506172839,-1.9779958271604936
9540.000000161815,0,162,0.0,0.0
9550.000000162034,2,160,0.012345679012345678,-3.955991654320987
9560.000000162252,0,162,0.0,0.0
9570.00000016247,0,162,0.0,0.0
9580.000000162689,2,160,0.012345679012345678,-3.955991654320987
9590.000000162907,2,160,0.012345679012345678,-3.955991654320987
9600.000000163125,0,162,0.0,0.0
9610.000000163343,0,162,0.0,0.0
9620.000000163562,1,161,0.006172839506172839,-1.9779958271604936
9630.00000016378,1,161,0.006172839506172839,-1.9779958271604936
9640.000000163998,0,162,0.0,0.0
9650.000000164217,0,162,0.0,0.0
9660.000000164435,0,162,0.0,0.0
9670.000000164653,1,161,0.006172839506172839,-1.9779958271604936
9680.000000164871,0,162,0.0,0.0
9690.00000016509,0,162,0.0,0.0
9700.000000165308,1,161,0.006172839506172839,-1.9779958271604936
9710.000000165526,1,161,0.006172839506172839,-1.9779958271604936
9720.000000165744,1,161,0.006172839506172839,-1.9779958271604936
9730.000000165963,1,161,0.006172839506172839,-1.9779958271604936
9740.000000166181,3,159,0.018518518518518517,-5.9339874814814815
9750.0000001664,2,160,0.012345679012345678,-3.955991654320987
9760.000000166618,2,160,0.012345679012345678,-3.955991654320987
9770.000000166836,1,161,0.006172839506172839,-1.9779958271604936
9780.000000167054,2,160,0.012345679012345678,-3.955991654320987
9790.000000167272,1,161,0.006172839506172839,-1.9779958271604936
9800.00000016749,2,160,0.012345679012345678,-3.955991654320987
9810.000000167709,1,161,0.006172839506172839,-1.9779958271604936
9820.000000167927,2,160,0.012345679012345678,-3.955991654320987
9830.000000168146,3,159,0.018518518518518517,-5.9339874814814815
9840.000000168364,0,162,0.0,0.0
9850.000000168582,1,161,0.006172839506172839,-1.9779958271604936
9860.0000001688,1,161,0.006172839506172839,-1.9779958271604936
9870.000000169019,2,160,0.012345679012345678,-3.955991654320987
9880.000000169237,0,162,0.0,0.0
9890.000000169455,1,161,0.006172839506172839,-1.9779958271604936
9900.000000169674,1,161,0.006172839506172839,-1.9779958271604936
9910.000000169892,1,161,0.006172839506172839,-1.9779958271604936
9920.00000017011,2,160,0.012345679012345678,-3.955991654320987
9930.000000170328,1,161,0.006172839506172839,-1.9779958271604936
9940.000000170547,0,162,0.0,0.0
9950.000000170765,1,161,0.006172839506172839,-1.9779958271604936
9960.000000170983,1,161,0.006172839506172839,-1.9779958271604936
9970.000000171201,1,161,0.006172839506172839,-1.9779958271604936
9980.00000017142,2,160,0.012345679012345678,-3.955991654320987
9990.000000171638,3,159,0.018518518518518517,-5.9339874814814815
10000.000000171856,1,161,0.006172839506172839,-1.9779958271604936
10010.000000172075,1,161,0.006172839506172839,-1.9779958271604936
10020.000000172293,0,162,0.0,0.0
10030.000000172511,0,162,0.0,0.0
10040.00000017273,2,160,0.012345679012345678,-3.955991654320987
10050.000000172948,1,161,0.006172839506172839,-1.9779958271604936
10060.000000173166,2,160,0.012345679012345678,-3.955991654320987
10070.000000173384,2,160,0.012345679012345678,-3.955991654320987
10080.000000173603,2,160,0.012345679012345678,-3.955991654320987
10090.00000017382,3,159,0.018518518518518517,-5.9339874814814815
10100.000000174039,1,161,0.006172839506172839,-1.9779958271604936
10110.000000174257,2,160,0.012345679012345678,-3.955991654320987
10120.000000174476,1,161,0.006172839506172839,-1.9779958271604936
10130.000000174694,1,161,0.006172839506172839,-1.9779958271604936
10140.000000174912,2,160,0.012345679012345678,-3.955991654320987
10150.00000017513,0,162,0.0,0.0
10160.000000175349,2,160,0.012345679012345678,-3.955991654320987
10170.000000175567,1,161,0.006172839506172839,-1.9779958271604936
10180.000000175785,0,162,0.0,0.0
10190.000000176004,1,161,0.006172839506172839,-1.9779958271604936
10200.000000176222,0,162,0.0,0.0
10210.00000017644,1,161,0.006172839506172839,-1.9779958271604936
10220.000000176658,2,160,0.012345679012345678,-3.955991654320987
10230.000000176877,0,162,0.0,0.0
10240.000000177095,2,160,0.012345679012345678,-3.955991654320987
10250.000000177313,0,162,0.0,0.0
10260.000000177532,0,162,0.0,0.0
10270.00000017775,2,160,0.012345679012345678,-3.955991654320987
10280.000000177968,1,161,0.006172839506172839,-1.9779958271604936
10290.000000178186,2,160,0.012345679012345678,-3.955991654320987
10300.000000178405,1,161,0.006172839506172839,-1.9779958271604936
10310.000000178623,1,161,0.006172839506172839,-1.9779958271604936
10320.000000178841,0,162,0.0,0.0
10330.00000017906,0,162,0.0,0.0
10340.000000179278,1,161,0.006172839506172839,-1.9779958271604936
10350.000000179496,2,160,0.012345679012345678,-3.955991654320987
10360.000000179714,0,162,0.0,0.0
10370.000000179933,0,162,0.0,0.0
10380.00000018015,1,161,0.006172839506172839,-1.9779958271604936
10390.00000018037,2,160,0.012345679012345678,-3.955991654320987
10400.000000180587,3,159,0.018518518518518517,-5.9339874814814815
10410.000000180806,1,161,0.006172839506172839,-1.9779958271604936
10420.000000181024,1,161,0.006172839506172839,-1.9779958271604936
10430.000000181242,5,157,0.030864197530864196,-9.889979135802468
10440.00000018146,0,162,0.0,0.0
10450.000000181679,3,159,0.018518518518518517,-5.9339874814814815
10460.000000181897,2,160,0.012345679012345678,-3.955991654320987
10470.000000182115,3,159,0.018518518518518517,-5.9339874814814815
10480.000000182334,2,160,0.012345679012345678,-3.955991654320987
10490.000000182552,1,161,0.006172839506172839,-1.9779958271604936
10500.00000018277,0,162,0.0,0.0
10510.000000182989,2,160,0.012345679012345678,-3.955991654320987
10520.000000183207,3,159,0.018518518518518517,-5.9339874814814815
10530.000000183425,0,162,0.0,0.0
10540.000000183643,0,162,0.0,0.0
10550.000000183862,2,160,0.012345679012345678,-3.955991654320987
10560.00000018408,2,160,0.012345679012345678,-3.955991654320987
10570.000000184298,3,159,0.018518518518518517,-5.9339874814814815
10580.000000184516,2,160,0.012345679012345678,-3.955991654320987
10590.000000184735,0,162,0.0,0.0
10600.000000184953,2,160,0.012345679012345678,-3.955991654320987
10610.000000185171,2,160,0.012345679012345678,-3.955991654320987
10620.00000018539,2,160,0.012345679012345678,-3.955991654320987
10630.000000185608,2,160,0.012345679012345678,-3.955991654320987
10640.000000185826,1,161,0.006172839506172839,-1.9779958271604936
10650.000000186044,0,162,0.0,0.0
10660.000000186263,2,160,0.012345679012345678,-3.955991654320987
10670.000000186481,3,159,0.018518518518518517,-5.9339874814814815
10680.0000001867,2,160,0.012345679012345678,-3.955991654320987
10690.000000186918,2,160,0.012345679012345678,-3.955991654320987
10700.000000187136,0,162,0.0,0.0
10710.000000187354,3,159,0.018518518518518517,-5.9339874814814815
10720.000000187572,1,161,0.006172839506172839,-1.9779958271604936
10730.00000018779,5,157,0.030864197530864196,-9.889979135802468
10740.000000188009,1,161,0.006172839506172839,-1.9779958271604936
10750.000000188227,5,157,0.030864197530864196,-9.889979135802468
10760.000000188445,0,162,0.0,0.0
10770.000000188664,3,159,0.018518518518518517,-5.9339874814814815
10780.000000188882,3,159,0.018518518518518517,-5.9339874814814815
10790.0000001891,2,160,0.012345679012345678,-3.955991654320987
10800.000000189319,2,160,0.012345679012345678,-3.955991654320987
10810.000000189537,1,161,0.006172839506172839,-1.9779958271604936
10820.000000189755,3,159,0.018518518518518517,-5.9339874814814815
10830.000000189973,1,161,0.006172839506172839,-1.9779958271604936
10840.000000190192,1,161,0.006172839506172839,-1.9779958271604936
10850.00000019041,2,160,0.012345679012345678,-3.955991654320987
10860.000000190628,3,159,0.018518518518518517,-5.9339874814814815
10870.000000190847,1,161,0.006172839506172839,-1.9779958271604936
10880.000000191065,3,159,0.018518518518518517,-5.9339874814814815
10890.000000191283,1,161,0.006172839506172839,-1.9779958271604936
10900.000000191501,1,161,0.006172839506172839,-1.9779958271604936
10910.00000019172,0,162,0.0,0.0
10920.000000191938,0,162,0.0,0.0
10930.000000192156,0,162,0.0,0.0
10940.000000192375,0,162,0.0,0.0
10950.000000192593,0,162,0.0,0.0
10960.000000192811,0,162,0.0,0.0
10970.00000019303,2,160,0.012345679012345678,-3.955991654320987
10980.000000193248,2,160,0.012345679012345678,-3.955991654320987
10990.000000193466,1,161,0.006172839506172839,-1.9779958271604936
11000.000000193684,3,159,0.018518518518518517,-5.9339874814814815
11010.000000193902,2,160,0.012345679012345678,-3.955991654320987
11020.00000019412,1,161,0.006172839506172839,-1.9779958271604936
11030.000000194339,1,161,0.006172839506172839,-1.9779958271604936
11040.000000194557,2,160,0.012345679012345678,-3.955991654320987
11050.000000194776,1,161,0.006172839506172839,-1.9779958271604936
11060.000000194994,0,162,0.0,0.0
11070.000000195212,3,159,0.018518518518518517,-5.9339874814814815
11080.00000019543,2,160,0.012345679012345678,-3.955991654320987
11090.000000195649,0,162,0.0,0.0
11100.000000195867,1,161,0.006172839506172839,-1.9779958271604936
11110.000000196085,3,159,0.018518518518518517,-5.9339874814814815
11120.000000196304,3,159,0.018518518518518517,-5.9339874814814815
11130.000000196522,0,162,0.0,0.0
11140.00000019674,0,162,0.0,0.0
11150.000000196958,2,160,0.012345679012345678,-3.955991654320987
11160.000000197177,1,161,0.006172839506172839,-1.9779958271604936
11170.000000197395,3,159,0.018518518518518517,-5.9339874814814815
11180.000000197613,3,159,0.018518518518518517,-5.9339874814814815
11190.000000197831,0,162,0.0,0.0
11200.00000019805,0,162,0.0,0.0
11210.000000198268,0,162,0.0,0.0
11220.000000198486,1,161,0.006172839506172839,-1.9779958271604936
11230.000000198705,4,158,0.024691358024691357,-7.911983308641974
11240.000000198923,2,160,0.012345679012345678,-3.955991654320987
11250.000000199141,2,160,0.012345679012345678,-3.955991654320987
11260.00000019936,0,162,0.0,0.0
11270.000000199578,1,161,0.006172839506172839,-1.9779958271604936
11280.000000199796,2,160,0.012345679012345678,-3.955991654320987
11290.000000200014,3,159,0.018518518518518517,-5.9339874814814815
11300.000000200233,3,159,0.018518518518518517,-5.9339874814814815
11310.00000020045,2,160,0.012345679012345678,-3.955991654320987
11320.00000020067,0,162,0.0,0.0
11330.000000200887,2,160,0.012345679012345678,-3.955991654320987
11340.000000201106,2,160,0.012345679012345678,-3.955991654320987
11350.000000201324,1,161,0.006172839506172839,-1.9779958271604936
11360.000000201542,1,161,0.006172839506172839,-1.9779958271604936
11370.00000020176,2,160,0.012345679012345678,-3.955991654320987
11380.000000201979,1,161,0.006172839506172839,-1.9779958271604936
11390.000000202197,0,162,0.0,0.0
11400.000000202415,0,162,0.0,0.0
11410.000000202634,0,162,0.0,0.0
11420.000000202852,0,162,0.0,0.0
11430.00000020307,1,161,0.006172839506172839,-1.9779958271604936
11440.000000203288,2,160,0.012345679012345678,-3.955991654320987
11450.000000203507,1,161,0.006172839506172839,-1.9779958271604936
11460.000000203725,1,161,0.006172839506172839,-1.9779958271604936
11470.000000203943,2,160,0.012345679012345678,-3.955991654320987
11480.000000204162,0,162,0.0,0.0
11490.00000020438,4,158,0.024691358024691357,-7.911983308641974
11500.000000204598,2,160,0.012345679012345678,-3.955991654320987
11510.000000204816,0,162,0.0,0.0
11520.000000205035,2,160,0.012345679012345678,-3.955991654320987
11530.000000205253,0,162,0.0,0.0
11540.000000205471,3,159,0.018518518518518517,-5.9339874814814815
11550.00000020569,1,161,0.006172839506172839,-1.9779958271604936
11560.000000205908,3,159,0.018518518518518517,-5.9339874814814815
11570.000000206126,1,161,0.006172839506172839,-1.9779958271604936
11580.000000206344,0,162,0.0,0.0
11590.000000206563,1,161,0.006172839506172839,-1.9779958271604936
11600.00000020678,1,161,0.006172839506172839,-1.9779958271604936
11610.000000207,1,161,0.006172839506172839,-1.9779958271604936
11620.000000207217,1,161,0.006172839506172839,-1.9779958271604936
11630.000000207436,2,160,0.012345679012345678,-3.955991654320987
11640.000000207654,0,162,0.0,0.0
11650.000000207872,1,161,0.006172839506172839,-1.9779958271604936
11660.00000020809,1,161,0.006172839506172839,-1.9779958271604936
11670.000000208309,0,162,0.0,0.0
11680.000000208527,2,160,0.012345679012345678,-3.955991654320987
11690.000000208745,0,162,0.0,0.0
11700.000000208964,1,161,0.006172839506172839,-1.9779958271604936
11710.000000209182,0,162,0.0,0.0
11720.0000002094,2,160,0.012345679012345678,-3.955991654320987
11730.000000209619,0,162,0.0,0.0
11740.000000209837,1,161,0.006172839506172839,-1.9779958271604936
11750.000000210055,1,161,0.006172839506172839,-1.9779958271604936
11760.000000210273,1,161,0.006172839506172839,-1.9779958271604936
11770.000000210492,1,161,0.006172839506172839,-1.9779958271604936
11780.00000021071,3,159,0.018518518518518517,-5.9339874814814815
11790.000000210928,1,161,0.006172839506172839,-1.9779958271604936
11800.000000211146,2,160,0.012345679012345678,-3.955991654320987
11810.000000211365,1,161,0.006172839506172839,-1.9779958271604936
11820.000000211583,1,161,0.006172839506172839,-1.9779958271604936
11830.000000211801,0,162,0.0,0.0
11840.00000021202,0,162,0.0,0.0
11850.000000212238,2,160,0.012345679012345678,-3.955991654320987
11860.000000212456,1,161,0.006172839506172839,-1.9779958271604936
11870.000000212674,2,160,0.012345679012345678,-3.955991654320987
11880.000000212893,1,161,0.006172839506172839,-1.9779958271604936
11890.000000213111,0,162,0.0,0.0
11900.00000021333,2,160,0.012345679012345678,-3.955991654320987
11910.000000213548,2,160,0.012345679012345678,-3.955991654320987
11920.000000213766,1,161,0.006172839506172839,-1.9779958271604936
11930.000000213984,0,162,0.0,0.0
11940.000000214202,2,160,0.012345679012345678,-3.955991654320987
11950.00000021442,3,159,0.018518518518518517,-5.9339874814814815
11960.000000214639,0,162,0.0,0.0
11970.000000214857,1,161,0.006172839506172839,-1.9779958271604936
11980.000000215075,3,159,0.018518518518518517,-5.9339874814814815
11990.000000215294,0,162,0.0,0.0
12000.000000215512,0,162,0.0,0.0
12010.00000021573,1,161,0.006172839506172839,-1.9779958271604936
12020.000000215949,1,161,0.006172839506172839,-1.9779958271604936
12030.000000216167,2,160,0.012345679012345678,-3.955991654320987
12040.000000216385,1,161,0.006172839506172839,-1.9779958271604936
12050.000000216603,0,162,0.0,0.0
12060.000000216822,0,162,0.0,0.0
12070.00000021704,2,160,0.012345679012345678,-3.955991654320987
12080.000000217258,0,162,0.0,0.0
12090.000000217477,1,161,0.006172839506172839,-1.9779958271604936
12100.000000217695,1,161,0.006172839506172839,-1.9779958271604936
12110.000000217913,1,161,0.006172839506172839,-1.9779958271604936
12120.000000218131,1,161,0.006172839506172839,-1.9779958271604936
12130.00000021835,1,161,0.006172839506172839,-1.9779958271604936
12140.000000218568,2,160,0.012345679012345678,-3.955991654320987
12150.000000218786,2,160,0.012345679012345678,-3.955991654320987
12160.000000219005,2,160,0.012345679012345678,-3.955991654320987
12170.000000219223,0,162,0.0,0.0
12180.000000219441,1,161,0.006172839506172839,-1.9779958271604936
12190.00000021966,2,160,0.012345679012345678,-3.955991654320987
12200.000000219878,0,162,0.0,0.0
12210.000000220096,2,160,0.012345679012345678,-3.955991654320987
12220.000000220314,1,161,0.006172839506172839,-1.9779958271604936
12230.000000220532,0,162,0.0,0.0
12240.00000022075,1,161,0.006172839506172839,-1.9779958271604936
12250.000000220969,1,161,0.006172839506172839,-1.9779958271604936
12260.000000221187,3,159,0.018518518518518517,-5.9339874814814815
12270.000000221406,1,161,0.006172839506172839,-1.9779958271604936
12280.000000221624,0,162,0.0,0.0
12290.000000221842,1,161,0.006172839506172839,-1.9779958271604936
12300.00000022206,1,161,0.006172839506172839,-1.9779958271604936
12310.000000222279,2,160,0.012345679012345678,-3.955991654320987
12320.000000222497,3,159,0.018518518518518517,-5.9339874814814815
12330.000000222715,1,161,0.006172839506172839,-1.9779958271604936
12340.000000222934,0,162,0.0,0.0
12350.000000223152,1,161,0.006172839506172839,-1.9779958271604936
12360.00000022337,0,162,0.0,0.0
12370.000000223588,0,162,0.0,0.0
12380.000000223807,1,161,0.006172839506172839,-1.9779958271604936
12390.000000224025,2,160,0.012345679012345678,-3.955991654320987
12400.000000224243,0,162,0.0,0.0
12410.000000224461,1,161,0.006172839506172839,-1.9779958271604936
12420.00000022468,1,161,0.006172839506172839,-1.9779958271604936
12430.000000224898,2,160,0.012345679012345678,-3.955991654320987
12440.000000225116,2,160,0.012345679012345678,-3.955991654320987
12450.000000225335,3,159,0.018518518518518517,-5.9339874814814815
12460.000000225553,2,160,0.012345679012345678,-3.955991654320987
12470.000000225771,0,162,0.0,0.0
12480.00000022599,3,159,0.018518518518518517,-5.9339874814814815
12490.000000226208,2,160,0.012345679012345678,-3.955991654320987
12500.000000226426,2,160,0.012345679012345678,-3.955991654320987
12510.000000226644,3,159,0.018518518518518517,-5.9339874814814815
12520.000000226863,3,159,0.018518518518518517,-5.9339874814814815
12530.00000022708,1,161,0.006172839506172839,-1.9779958271604936
12540.0000002273,1,161,0.006172839506172839,-1.9779958271604936
12550.000000227517,2,160,0.012345679012345678,-3.955991654320987
12560.000000227736,1,161,0.006172839506172839,-1.9779958271604936
12570.000000227954,2,160,0.012345679012345678,-3.955991654320987
12580.000000228172,1,161,0.006172839506172839,-1.9779958271604936
12590.00000022839,0,162,0.0,0.0
12600.000000228609,1,161,0.006172839506172839,-1.9779958271604936
12610.000000228827,3,159,0.018518518518518517,-5.9339874814814815
12620.000000229045,2,160,0.012345679012345678,-3.955991654320987
12630.000000229264,2,160,0.012345679012345678,-3.955991654320987
12640.000000229482,2,160,0.012345679012345678,-3.955991654320987
12650.0000002297,2,160,0.012345679012345678,-3.955991654320987
12660.000000229918,0,162,0.0,0.0
12670.000000230137,1,161,0.006172839506172839,-1.9779958271604936
12680.000000230355,1,161,0.006172839506172839,-1.9779958271604936
12690.000000230573,2,160,0.012345679012345678,-3.955991654320987
12700.000000230792,2,160,0.012345679012345678,-3.955991654320987
12710.00000023101,1,161,0.006172839506172839,-1.9779958271604936
12720.000000231228,2,160,0.012345679012345678,-3.955991654320987
12730.000000231446,1,161,0.006172839506172839,-1.9779958271604936
12740.000000231665,2,160,0.012345679012345678,-3.955991654320987
12750.000000231883,2,160,0.012345679012345678,-3.955991654320987
12760.000000232101,2,160,0.012345679012345678,-3.955991654320987
12770.00000023232,3,159,0.018518518518518517,-5.9339874814814815
12780.000000232538,2,160,0.012345679012345678,-3.955991654320987
12790.000000232756,3,159,0.018518518518518517,-5.9339874814814815
12800.000000232974,0,162,0.0,0.0
12810.000000233193,3,159,0.018518518518518517,-5.9339874814814815
12820.00000023341,1,161,0.006172839506172839,-1.9779958271604936
12830.00000023363,1,161,0.006172839506172839,-1.9779958271604936
12840.000000233847,0,162,0.0,0.0
12850.000000234066,3,159,0.018518518518518517,-5.9339874814814815
12860.000000234284,1,161,0.006172839506172839,-1.9779958271604936
12870.000000234502,1,161,0.006172839506172839,-1.9779958271604936
12880.00000023472,2,160,0.012345679012345678,-3.955991654320987
12890.000000234939,2,160,0.012345679012345678,-3.955991654320987
12900.000000235157,4,158,0.024691358024691357,-7.911983308641974
12910.000000235375,0,162,0.0,0.0
12920.000000235594,2,160,0.012345679012345678,-3.955991654320987
12930.000000235812,0,162,0.0,0.0
12940.00000023603,2,160,0.012345679012345678,-3.955991654320987
12950.000000236249,2,160,0.012345679012345678,-3.955991654320987
12960.000000236467,1,161,0.006172839506172839,-1.9779958271604936
12970.000000236685,2,160,0.012345679012345678,-3.955991654320987
12980.000000236903,2,160,0.012345679012345678,-3.955991654320987
12990.000000237122,1,161,0.006172839506172839,-1.9779958271604936
13000.00000023734,1,161,0.006172839506172839,-1.9779958271604936
13010.000000237558,1,161,0.006172839506172839,-1.9779958271604936
13020.000000237776,1,161,0.006172839506172839,-1.9779958271604936
13030.000000237995,2,160,0.012345679012345678,-3.955991654320987
13040.000000238213,1,161,0.006172839506172839,-1.9779958271604936
13050.000000238431,1,161,0.006172839506172839,-1.9779958271604936
13060.00000023865,3,159,0.018518518518518517,-5.9339874814814815
13070.000000238868,4,158,0.024691358024691357,-7.911983308641974
13080.000000239086,1,161,0.006172839506172839,-1.9779958271604936
13090.000000239304,2,160,0.012345679012345678,-3.955991654320987
13100.000000239523,4,158,0.024691358024691357,-7.911983308641974
13110.000000239741,4,158,0.024691358024691357,-7.911983308641974
13120.00000023996,0,162,0.0,0.0
13130.000000240178,2,160,0.012345679012345678,-3.955991654320987
13140.000000240396,2,160,0.012345679012345678,-3.955991654320987
13150.000000240614,0,162,0.0,0.0
13160.000000240832,1,161,0.006172839506172839,-1.9779958271604936
13170.00000024105,1,161,0.006172839506172839,-1.9779958271604936
13180.000000241269,2,160,0.012345679012345678,-3.955991654320987
13190.000000241487,2,160,0.012345679012345678,-3.955991654320987
13200.000000241705,4,158,0.024691358024691357,-7.911983308641974
13210.000000241924,2,160,0.012345679012345678,-3.955991654320987
13220.000000242142,1,161,0.006172839506172839,-1.9779958271604936
13230.00000024236,0,162,0.0,0.0
13240.000000242579,2,160,0.012345679012345678,-3.955991654320987
13250.000000242797,0,162,0.0,0.0
13260.000000243015,1,161,0.006172839506172839,-1.9779958271604936
13270.000000243233,1,161,0.006172839506172839,-1.9779958271604936
13280.000000243452,0,162,0.0,0.0
13290.00000024367,0,162,0.0,0.0
13300.000000243888,1,161,0.006172839506172839,-1.9779958271604936
13310.000000244107,1,161,0.006172839506172839,-1.9779958271604936
13320.000000244325,2,160,0.012345679012345678,-3.955991654320987
13330.000000244543,0,162,0.0,0.0
13340.000000244761,0,162,0.0,0.0
13350.00000024498,0,162,0.0,0.0
13360.000000245198,0,162,0.0,0.0
13370.000000245416,1,161,0.006172839506172839,-1.9779958271604936
13380.000000245635,1,161,0.006172839506172839,-1.9779958271604936
13390.000000245853,1,161,0.006172839506172839,-1.9779958271604936
13400.000000246071,1,161,0.006172839506172839,-1.9779958271604936
13410.00000024629,1,161,0.006172839506172839,-1.9779958271604936
13420.000000246508,2,160,0.012345679012345678,-3.955991654320987
13430.000000246726,0,162,0.0,0.0
13440.000000246944,0,162,0.0,0.0
13450.000000247162,0,162,0.0,0.0
13460.00000024738,2,160,0.012345679012345678,-3.955991654320987
13470.000000247599,1,161,0.006172839506172839,-1.9779958271604936
13480.000000247817,1,161,0.006172839506172839,-1.9779958271604936
13490.000000248036,2,160,0.012345679012345678,-3.955991654320987
13500.000000248254,1,161,0.006172839506172839,-1.9779958271604936
13510.000000248472,3,159,0.018518518518518517,-5.9339874814814815
13520.00000024869,3,159,0.018518518518518517,-5.9339874814814815
13530.000000248909,4,158,0.024691358024691357,-7.911983308641974
13540.000000249127,1,161,0.006172839506172839,-1.9779958271604936
13550.000000249345,2,160,0.012345679012345678,-3.955991654320987
13560.000000249564,3,159,0.018518518518518517,-5.9339874814814815
13570.000000249782,1,161,0.006172839506172839,-1.9779958271604936
13580.00000025,2,160,0.012345679012345678,-3.955991654320987
13590.000000250218,4,158,0.024691358024691357,-7.911983308641974
13600.000000250437,0,162,0.0,0.0
13610.000000250655,2,160,0.012345679012345678,-3.955991654320987
13620.000000250873,2,160,0.012345679012345678,-3.955991654320987
13630.000000251091,1,161,0.006172839506172839,-1.9779958271604936
13640.00000025131,2,160,0.012345679012345678,-3.955991654320987
13650.000000251528,1,161,0.006172839506172839,-1.9779958271604936
13660.000000251746,0,162,0.0,0.0
13670.000000251965,1,161,0.006172839506172839,-1.9779958271604936
13680.000000252183,0,162,0.0,0.0
13690.000000252401,2,160,0.012345679012345678,-3.955991654320987
13700.00000025262,0,162,0.0,0.0
13710.000000252838,0,162,0.0,0.0
13720.000000253056,1,161,0.006172839506172839,-1.9779958271604936
13730.000000253274,0,162,0.0,0.0
13740.000000253493,2,160,0.012345679012345678,-3.955991654320987
13750.00000025371,2,160,0.012345679012345678,-3.955991654320987
13760.00000025393,0,162,0.0,0.0
13770.000000254147,0,162,0.0,0.0
13780.000000254366,1,161,0.006172839506172839,-1.9779958271604936
13790.000000254584,0,162,0.0,0.0
13800.000000254802,1,161,0.006172839506172839,-1.9779958271604936
13810.00000025502,0,162,0.0,0.0
13820.000000255239,0,162,0.0,0.0
13830.000000255457,1,161,0.006172839506172839,-1.9779958271604936
13840.000000255675,1,161,0.006172839506172839,-1.9779958271604936
13850.000000255894,2,160,0.012345679012345678,-3.955991654320987
13860.000000256112,2,160,0.012345679012345678,-3.955991654320987
13870.00000025633,1,161,0.006172839506172839,-1.9779958271604936
13880.000000256548,2,160,0.012345679012345678,-3.955991654320987
13890.000000256767,0,162,0.0,0.0
13900.000000256985,0,162,0.0,0.0
13910.000000257203,1,161,0.006172839506172839,-1.9779958271604936
13920.000000257422,1,161,0.006172839506172839,-1.9779958271604936
13930.00000025764,2,160,0.012345679012345678,-3.955991654320987
13940.000000257858,1,161,0.006172839506172839,-1.9779958271604936
13950.000000258076,2,160,0.012345679012345678,-3.955991654320987
13960.000000258295,1,161,0.006172839506172839,-1.9779958271604936
13970.000000258513,0,162,0.0,0.0
13980.000000258731,0,162,0.0,0.0
13990.00000025895,0,162,0.0,0.0
14000.000000259168,1,161,0.006172839506172839,-1.9779958271604936
14010.000000259386,1,161,0.006172839506172839,-1.9779958271604936
14020.000000259604,0,162,0.0,0.0
14030.000000259823,2,160,0.012345679012345678,-3.955991654320987
14040.00000026004,2,160,0.012345679012345678,-3.955991654320987
14050.00000026026,0,162,0.0,0.0
14060.000000260477,1,161,0.006172839506172839,-1.9779958271604936
14070.000000260696,1,161,0.006172839506172839,-1.9779958271604936
14080.000000260914,1,161,0.006172839506172839,-1.9779958271604936
14090.000000261132,1,161,0.006172839506172839,-1.9779958271604936
14100.00000026135,2,160,0.012345679012345678,-3.955991654320987
14110.000000261569,0,162,0.0,0.0
14120.000000261787,0,162,0.0,0.0
14130.000000262005,2,160,0.012345679012345678,-3.955991654320987
14140.000000262224,1,161,0.006172839506172839,-1.9779958271604936
14150.000000262442,1,161,0.006172839506172839,-1.9779958271604936
14160.00000026266,0,162,0.0,0.0
14170.000000262879,3,159,0.018518518518518517,-5.9339874814814815
14180.000000263097,0,162,0.0,0.0
14190.000000263315,3,159,0.018518518518518517,-5.9339874814814815
14200.000000263533,2,160,0.012345679012345678,-3.955991654320987
14210.000000263752,2,160,0.012345679012345678,-3.955991654320987
14220.00000026397,0,162,0.0,0.0
14230.000000264188,1,161,0.006172839506172839,-1.9779958271604936
14240.000000264406,1,161,0.006172839506172839,-1.9779958271604936
14250.000000264625,1,161,0.006172839506172839,-1.9779958271604936
14260.000000264843,0,162,0.0,0.0
14270.000000265061,2,160,0.012345679012345678,-3.955991654320987
14280.00000026528,1,161,0.006172839506172839,-1.9779958271604936
14290.000000265498,1,161,0.006172839506172839,-1.9779958271604936
14300.000000265716,3,159,0.018518518518518517,-5.9339874814814815
14310.000000265934,1,161,0.006172839506172839,-1.9779958271604936
14320.000000266153,3,159,0.018518518518518517,-5.9339874814814815
14330.000000266371,0,162,0.0,0.0
14340.00000026659,0,162,0.0,0.0
14350.000000266808,0,162,0.0,0.0
14360.000000267026,0,162,0.0,0.0
14370.000000267244,0,162,0.0,0.0
14380.000000267462,1,161,0.006172839506172839,-1.9779958271604936
14390.00000026768,1,161,0.006172839506172839,-1.9779958271604936
14400.000000267899,2,160,0.012345679012345678,-3.955991654320987
14410.000000268117,1,161,0.006172839506172839,-1.9779958271604936
14420.000000268335,2,160,0.012345679012345678,-3.955991654320987
14430.000000268554,0,162,0.0,0.0
14440.000000268772,4,158,0.024691358024691357,-7.911983308641974
14450.00000026899,2,160,0.012345679012345678,-3.955991654320987
14460.000000269209,5,157,0.030864197530864196,-9.889979135802468
14470.000000269427,1,161,0.006172839506172839,-1.9779958271604936
14480.000000269645,1,161,0.006172839506172839,-1.9779958271604936
14490.000000269863,3,159,0.018518518518518517,-5.9339874814814815
14500.000000270082,1,161,0.006172839506172839,-1.9779958271604936
14510.0000002703,1,161,0.006172839506172839,-1.9779958271604936
14520.000000270518,3,159,0.018518518518518517,-5.9339874814814815
14530.000000270737,0,162,0.0,0.0
14540.000000270955,0,162,0.0,0.0
14550.000000271173,1,161,0.006172839506172839,-1.9779958271604936
14560.000000271391,1,161,0.006172839506172839,-1.9779958271604936
14570.00000027161,1,161,0.006172839506172839,-1.9779958271604936
14580.000000271828,1,161,0.006172839506172839,-1.9779958271604936
14590.000000272046,2,160,0.012345679012345678,-3.955991654320987
14600.000000272265,2,160,0.012345679012345678,-3.955991654320987
14610.000000272483,2,160,0.012345679012345678,-3.955991654320987
14620.000000272701,1,161,0.006172839506172839,-1.9779958271604936
14630.00000027292,0,162,0.0,0.0
14640.000000273138,0,162,0.0,0.0
14650.000000273356,3,159,0.018518518518518517,-5.9339874814814815
14660.000000273574,1,161,0.006172839506172839,-1.9779958271604936
14670.000000273792,2,160,0.012345679012345678,-3.955991654320987
14680.00000027401,1,161,0.006172839506172839,-1.9779958271604936
14690.000000274229,1,161,0.006172839506172839,-1.9779958271604936
14700.000000274447,1,161,0.006172839506172839,-1.9779958271604936
14710.000000274666,0,162,0.0,0.0
14720.000000274884,1,161,0.006172839506172839,-1.9779958271604936
14730.000000275102,2,160,0.012345679012345678,-3.955991654320987
14740.00000027532,2,160,0.012345679012345678,-3.955991654320987
14750.000000275539,2,160,0.012345679012345678,-3.955991654320987
14760.000000275757,3,159,0.018518518518518517,-5.9339874814814815
14770.000000275975,3,159,0.018518518518518517,-5.9339874814814815
14780.000000276194,1,161,0.006172839506172839,-1.9779958271604936
14790.000000276412,4,158,0.024691358024691357,-7.911983308641974
14800.00000027663,0,162,0.0,0.0
14810.000000276848,1,161,0.006172839506172839,-1.9779958271604936
14820.000000277067,2,160,0.012345679012345678,-3.955991654320987
14830.000000277285,3,159,0.018518518518518517,-5.9339874814814815
14840.000000277503,1,161,0.006172839506172839,-1.9779958271604936
14850.000000277721,2,160,0.012345679012345678,-3.955991654320987
14860.00000027794,2,160,0.012345679012345678,-3.955991654320987
14870.000000278158,1,161,0.006172839506172839,-1.9779958271604936
14880.000000278376,3,159,0.018518518518518517,-5.9339874814814815
14890.000000278595,0,162,0.0,0.0
14900.000000278813,2,160,0.012345679012345678,-3.955991654320987
14910.000000279031,2,160,0.012345679012345678,-3.955991654320987
14920.00000027925,3,159,0.018518518518518517,-5.9339874814814815
14930.000000279468,2,160,0.012345679012345678,-3.955991654320987
14940.000000279686,0,162,0.0,0.0
14950.000000279904,0,162,0.0,0.0
14960.000000280123,2,160,0.012345679012345678,-3.955991654320987
14970.00000028034,1,161,0.006172839506172839,-1.9779958271604936
14980.00000028056,1,161,0.006172839506172839,-1.9779958271604936
14990.000000280777,1,161,0.006172839506172839,-1.9779958271604936
15000.000000280996,0,162,0.0,0.0
15010.000000281214,0,162,0.0,0.0
15020.000000281432,0,162,0.0,0.0
15030.00000028165,1,161,0.006172839506172839,-1.9779958271604936
15040.000000281869,2,160,0.012345679012345678,-3.955991654320987
15050.000000282087,0,162,0.0,0.0
15060.000000282305,0,162,0.0,0.0
15070.000000282524,2,160,0.012345679012345678,-3.955991654320987
15080.000000282742,2,160,0.012345679012345678,-3.955991654320987
15090.00000028296,1,161,0.006172839506172839,-1.9779958271604936
15100.000000283178,2,160,0.012345679012345678,-3.955991654320987
15110.000000283397,1,161,0.006172839506172839,-1.9779958271604936
15120.000000283615,1,161,0.006172839506172839,-1.9779958271604936
15130.000000283833,2,160,0.012345679012345678,-3.955991654320987
15140.000000284052,2,160,0.012345679012345678,-3.955991654320987
15150.00000028427,2,160,0.012345679012345678,-3.955991654320987
15160.000000284488,2,160,0.012345679012345678,-3.955991654320987
15170.000000284706,0,162,0.0,0.0
15180.000000284925,0,162,0.0,0.0
15190.000000285143,3,159,0.018518518518518517,-5.9339874814814815
15200.000000285361,0,162,0.0,0.0
15210.00000028558,1,161,0.006172839506172839,-1.9779958271604936
15220.000000285798,1,161,0.006172839506172839,-1.9779958271604936
15230.000000286016,0,162,0.0,0.0
15240.000000286234,1,161,0.006172839506172839,-1.9779958271604936
15250.000000286453,1,161,0.006172839506172839,-1.9779958271604936
15260.000000286671,1,161,0.006172839506172839,-1.9779958271604936
15270.00000028689,0,162,0.0,0.0
15280.000000287107,1,161,0.006172839506172839,-1.9779958271604936
15290.000000287326,1,161,0.006172839506172839,-1.9779958271604936
15300.000000287544,3,159,0.018518518518518517,-5.9339874814814815
15310.000000287762,3,159,0.018518518518518517,-5.9339874814814815
15320.00000028798,1,161,0.006172839506172839,-1.9779958271604936
15330.000000288199,5,157,0.030864197530864196,-9.889979135802468
15340.000000288417,0,162,0.0,0.0
15350.000000288635,4,158,0.024691358024691357,-7.911983308641974
15360.000000288854,1,161,0.006172839506172839,-1.9779958271604936
15370.000000289072,1,161,0.006172839506172839,-1.9779958271604936
15380.00000028929,1,161,0.006172839506172839,-1.9779958271604936
15390.000000289509,0,162,0.0,0.0
15400.000000289727,0,162,0.0,0.0
15410.000000289945,2,160,0.012345679012345678,-3.955991654320987
15420.000000290163,0,162,0.0,0.0
15430.000000290382,0,162,0.0,0.0
15440.0000002906,2,160,0.012345679012345678,-3.955991654320987
15450.000000290818,0,162,0.0,0.0
15460.000000291036,0,162,0.0,0.0
15470.000000291255,0,162,0.0,0.0
15480.000000291473,2,160,0.012345679012345678,-3.955991654320987
15490.000000291691,0,162,0.0,0.0
15500.00000029191,1,161,0.006172839506172839,-1.9779958271604936
15510.000000292128,1,161,0.006172839506172839,-1.9779958271604936
15520.000000292346,0,162,0.0,0.0
15530.000000292564,1,161,0.006172839506172839,-1.9779958271604936
15540.000000292783,1,161,0.006172839506172839,-1.9779958271604936
15550.000000293001,2,160,0.012345679012345678,-3.955991654320987
15560.00000029322,2,160,0.012345679012345678,-3.955991654320987
15570.000000293438,0,162,0.0,0.0
15580.000000293656,1,161,0.006172839506172839,-1.9779958271604936
15590.000000293874,1,161,0.006172839506172839,-1.9779958271604936
15600.000000294092,0,162,0.0,0.0
15610.00000029431,1,161,0.006172839506172839,-1.9779958271604936
15620.000000294529,0,162,0.0,0.0
15630.000000294747,2,160,0.012345679012345678,-3.955991654320987
15640.000000294966,2,160,0.012345679012345678,-3.955991654320987
15650.000000295184,2,160,0.012345679012345678,-3.955991654320987
15660.000000295402,2,160,0.012345679012345678,-3.955991654320987
15670.00000029562,1,161,0.006172839506172839,-1.9779958271604936
15680.000000295839,2,160,0.012345679012345678,-3.955991654320987
15690.000000296057,1,161,0.006172839506172839,-1.9779958271604936
15700.000000296275,1,161,0.006172839506172839,-1.9779958271604936
15710.000000296493,0,162,0.0,0.0
15720.000000296712,0,162,0.0,0.0
15730.00000029693,0,162,0.0,0.0
15740.000000297148,1,161,0.006172839506172839,-1.9779958271604936
15750.000000297367,1,161,0.006172839506172839,-1.9779958271604936
15760.000000297585,3,159,0.018518518518518517,-5.9339874814814815
15770.000000297803,1,161,0.006172839506172839,-1.9779958271604936
15780.000000298021,0,162,0.0,0.0
15790.00000029824,2,160,0.012345679012345678,-3.955991654320987
15800.000000298458,3,159,0.018518518518518517,-5.9339874814814815
15810.000000298676,2,160,0.012345679012345678,-3.955991654320987
15820.000000298895,2,160,0.012345679012345678,-3.955991654320987
15830.000000299113,0,162,0.0,0.0
15840.000000299331,0,162,0.0,0.0
15850.00000029955,1,161,0.006172839506172839,-1.9779958271604936
15860.000000299768,3,159,0.018518518518518517,-5.9339874814814815
15870.000000299986,3,159,0.018518518518518517,-5.9339874814814815
15880.000000300204,2,160,0.012345679012345678,-3.955991654320987
15890.000000300422,0,162,0.0,0.0
15900.00000030064,1,161,0.006172839506172839,-1.9779958271604936
15910.000000300859,1,161,0.006172839506172839,-1.9779958271604936
15920.000000301077,2,160,0.012345679012345678,-3.955991654320987
15930.000000301296,1,161,0.006172839506172839,-1.9779958271604936
15940.000000301514,0,162,0.0,0.0
15950.000000301732,1,161,0.006172839506172839,-1.9779958271604936
15960.00000030195,3,159,0.018518518518518517,-5.9339874814814815
15970.000000302169,2,160,0.012345679012345678,-3.955991654320987
15980.000000302387,2,160,0.012345679012345678,-3.955991654320987
15990.000000302605,3,159,0.018518518518518517,-5.9339874814814815
16000.000000302824,0,162,0.0,0.0
16010.000000303042,2,160,0.012345679012345678,-3.955991654320987
16020.00000030326,0,162,0.0,0.0
16030.000000303478,1,161,0.006172839506172839,-1.9779958271604936
16040.000000303697,2,160,0.012345679012345678,-3.955991654320987
16050.000000303915,1,161,0.006172839506172839,-1.9779958271604936
16060.000000304133,1,161,0.006172839506172839,-1.9779958271604936
16070.000000304351,1,161,0.006172839506172839,-1.9779958271604936
16080.00000030457,0,162,0.0,0.0
16090.000000304788,0,162,0.0,0.0
16100.000000305006,1,161,0.006172839506172839,-1.9779958271604936
16110.000000305225,3,159,0.018518518518518517,-5.9339874814814815
16120.000000305443,2,160,0.012345679012345678,-3.955991654320987
16130.000000305661,2,160,0.012345679012345678,-3.955991654320987
16140.00000030588,3,159,0.018518518518518517,-5.9339874814814815
16150.000000306098,5,157,0.030864197530864196,-9.889979135802468
16160.000000306316,1,161,0.006172839506172839,-1.9779958271604936
16170.000000306534,1,161,0.006172839506172839,-1.9779958271604936
16180.000000306753,3,159,0.018518518518518517,-5.9339874814814815
16190.00000030697,1,161,0.006172839506172839,-1.9779958271604936
16200.00000030719,1,161,0.006172839506172839,-1.9779958271604936
16210.000000307407,2,160,0.012345679012345678,-3.955991654320987
16220.000000307626,1,161,0.006172839506172839,-1.9779958271604936
16230.000000307844,1,161,0.006172839506172839,-1.9779958271604936
16240.000000308062,0,162,0.0,0.0
16250.00000030828,3,159,0.018518518518518517,-5.9339874814814815
16260.000000308499,3,159,0.018518518518518517,-5.9339874814814815
16270.000000308717,0,162,0.0,0.0
16280.000000308935,2,160,0.012345679012345678,-3.955991654320987
16290.000000309154,2,160,0.012345679012345678,-3.955991654320987
16300.000000309372,2,160,0.012345679012345678,-3.955991654320987
16310.00000030959,1,161,0.006172839506172839,-1.9779958271604936
16320.000000309808,1,161,0.006172839506172839,-1.9779958271604936
16330.000000310027,1,161,0.006172839506172839,-1.9779958271604936
16340.000000310245,1,161,0.006172839506172839,-1.9779958271604936
16350.000000310463,2,160,0.012345679012345678,-3.955991654320987
16360.000000310682,3,159,0.018518518518518517,-5.9339874814814815
16370.0000003109,1,161,0.006172839506172839,-1.9779958271604936
16380.000000311118,2,160,0.012345679012345678,-3.955991654320987
16390.000000310243,0,162,0.0,0.0
16400.000000308642,2,160,0.012345679012345678,-3.955991654320987
16410.00000030704,1,161,0.006172839506172839,-1.9779958271604936
16420.00000030544,2,160,0.012345679012345678,-3.955991654320987
16430.00000030384,0,162,0.0,0.0
16440.00000030224,1,161,0.006172839506172839,-1.9779958271604936
16450.00000030064,1,161,0.006172839506172839,-1.9779958271604936
16460.00000029904,1,161,0.006172839506172839,-1.9779958271604936
16470.000000297438,1,161,0.006172839506172839,-1.9779958271604936
16480.000000295837,1,161,0.006172839506172839,-1.9779958271604936
16490.000000294236,1,161,0.006172839506172839,-1.9779958271604936
16500.000000292635,0,162,0.0,0.0
16510.000000291035,1,161,0.006172839506172839,-1.9779958271604936
16520.000000289434,1,161,0.006172839506172839,-1.9779958271604936
16530.000000287833,0,162,0.0,0.0
16540.000000286233,1,161,0.006172839506172839,-1.9779958271604936
16550.000000284632,2,160,0.012345679012345678,-3.955991654320987
16560.00000028303,2,160,0.012345679012345678,-3.955991654320987
16570.00000028143,1,161,0.006172839506172839,-1.9779958271604936
16580.00000027983,1,161,0.006172839506172839,-1.9779958271604936
16590.00000027823,0,162,0.0,0.0
16600.00000027663,2,160,0.012345679012345678,-3.955991654320987
16610.000000275028,2,160,0.012345679012345678,-3.955991654320987
16620.000000273427,0,162,0.0,0.0
16630.000000271826,0,162,0.0,0.0
16640.000000270225,1,161,0.006172839506172839,-1.9779958271604936
16650.000000268625,2,160,0.012345679012345678,-3.955991654320987
16660.000000267024,0,162,0.0,0.0
16670.000000265423,2,160,0.012345679012345678,-3.955991654320987
16680.000000263823,2,160,0.012345679012345678,-3.955991654320987
16690.000000262222,1,161,0.006172839506172839,-1.9779958271604936
16700.00000026062,0,162,0.0,0.0
16710.00000025902,0,162,0.0,0.0
16720.00000025742,0,162,0.0,0.0
16730.00000025582,1,161,0.006172839506172839,-1.9779958271604936
16740.00000025422,2,160,0.012345679012345678,-3.955991654320987
16750.000000252618,4,158,0.024691358024691357,-7.911983308641974
16760.000000251017,2,160,0.012345679012345678,-3.955991654320987
16770.000000249416,3,159,0.018518518518518517,-5.9339874814814815
16780.000000247815,2,160,0.012345679012345678,-3.955991654320987
16790.000000246215,2,160,0.012345679012345678,-3.955991654320987
16800.000000244614,0,162,0.0,0.0
16810.000000243013,2,160,0.012345679012345678,-3.955991654320987
16820.000000241413,0,162,0.0,0.0
16830.000000239812,3,159,0.018518518518518517,-5.9339874814814815
16840.00000023821,3,159,0.018518518518518517,-5.9339874814814815
16850.00000023661,3,159,0.018518518518518517,-5.9339874814814815
16860.00000023501,2,160,0.012345679012345678,-3.955991654320987
16870.00000023341,3,159,0.018518518518518517,-5.9339874814814815
16880.00000023181,0,162,0.0,0.0
16890.000000230208,1,161,0.006172839506172839,-1.9779958271604936
16900.000000228607,0,162,0.0,0.0
16910.000000227006,0,162,0.0,0.0
16920.000000225406,4,158,0.024691358024691357,-7.911983308641974
16930.000000223805,3,159,0.018518518518518517,-5.9339874814814815
16940.000000222204,2,160,0.012345679012345678,-3.955991654320987
16950.000000220603,2,160,0.012345679012345678,-3.955991654320987
16960.000000219003,0,162,0.0,0.0
16970.000000217402,1,161,0.006172839506172839,-1.9779958271604936
16980.0000002158,2,160,0.012345679012345678,-3.955991654320987
16990.0000002142,5,157,0.030864197530864196,-9.889979135802468
17000.0000002126,2,160,0.012345679012345678,-3.955991654320987
17010.000000211,0,162,0.0,0.0
17020.0000002094,2,160,0.012345679012345678,-3.955991654320987
17030.000000207798,3,159,0.018518518518518517,-5.9339874814814815
17040.000000206197,3,159,0.018518518518518517,-5.9339874814814815
17050.000000204596,0,162,0.0,0.0
17060.000000202996,3,159,0.018518518518518517,-5.9339874814814815
17070.000000201395,1,161,0.006172839506172839,-1.9779958271604936
17080.000000199794,0,162,0.0,0.0
17090.000000198193,2,160,0.012345679012345678,-3.955991654320987
17100.000000196593,3,159,0.018518518518518517,-5.9339874814814815
17110.000000194992,2,160,0.012345679012345678,-3.955991654320987
17120.00000019339,1,161,0.006172839506172839,-1.9779958271604936
17130.00000019179,2,160,0.012345679012345678,-3.955991654320987
17140.00000019019,1,161,0.006172839506172839,-1.9779958271604936
17150.00000018859,3,159,0.018518518518518517,-5.9339874814814815
17160.00000018699,2,160,0.012345679012345678,-3.955991654320987
17170.000000185388,2,160,0.012345679012345678,-3.955991654320987
17180.000000183787,1,161,0.006172839506172839,-1.9779958271604936
17190.000000182186,1,161,0.006172839506172839,-1.9779958271604936
17200.000000180586,4,158,0.024691358024691357,-7.911983308641974
17210.000000178985,1,161,0.006172839506172839,-1.9779958271604936
17220.000000177384,0,162,0.0,0.0
17230.000000175783,1,161,0.006172839506172839,-1.9779958271604936
17240.000000174183,3,159,0.018518518518518517,-5.9339874814814815
17250.000000172582,1,161,0.006172839506172839,-1.9779958271604936
17260.00000017098,0,162,0.0,0.0
17270.00000016938,0,162,0.0,0.0
17280.00000016778,1,161,0.006172839506172839,-1.9779958271604936
17290.00000016618,3,159,0.018518518518518517,-5.9339874814814815
17300.00000016458,1,161,0.006172839506172839,-1.9779958271604936
17310.000000162978,0,162,0.0,0.0
17320.000000161377,3,159,0.018518518518518517,-5.9339874814814815
17330.000000159776,4,158,0.024691358024691357,-7.911983308641974
17340.000000158176,3,159,0.018518518518518517,-5.9339874814814815
17350.000000156575,3,159,0.018518518518518517,-5.9339874814814815
17360.000000154974,2,160,0.012345679012345678,-3.955991654320987
17370.000000153374,1,161,0.006172839506172839,-1.9779958271604936
17380.000000151773,1,161,0.006172839506172839,-1.9779958271604936
17390.000000150172,3,159,0.018518518518518517,-5.9339874814814815
17400.00000014857,1,161,0.006172839506172839,-1.9779958271604936
17410.00000014697,3,159,0.018518518518518517,-5.9339874814814815
17420.00000014537,2,160,0.012345679012345678,-3.955991654320987
17430.00000014377,2,160,0.012345679012345678,-3.955991654320987
17440.00000014217,3,159,0.018518518518518517,-5.9339874814814815
17450.000000140568,3,159,0.018518518518518517,-5.9339874814814815
17460.000000138967,3,159,0.018518518518518517,-5.9339874814814815
17470.000000137366,1,161,0.006172839506172839,-1.9779958271604936
17480.000000135766,5,157,0.030864197530864196,-9.889979135802468
17490.000000134165,2,160,0.012345679012345678,-3.955991654320987
17500.000000132564,2,160,0.012345679012345678,-3.955991654320987
17510.000000130964,1,161,0.006172839506172839,-1.9779958271604936
17520.000000129363,0,162,0.0,0.0
17530.000000127762,2,160,0.012345679012345678,-3.955991654320987
17540.00000012616,1,161,0.006172839506172839,-1.9779958271604936
17550.00000012456,3,159,0.018518518518518517,-5.9339874814814815
17560.00000012296,2,160,0.012345679012345678,-3.955991654320987
17570.00000012136,2,160,0.012345679012345678,-3.955991654320987
17580.00000011976,3,159,0.018518518518518517,-5.9339874814814815
17590.000000118158,0,162,0.0,0.0
17600.000000116557,0,162,0.0,0.0
17610.000000114956,1,161,0.006172839506172839,-1.9779958271604936
17620.000000113356,0,162,0.0,0.0
17630.000000111755,3,159,0.018518518518518517,-5.9339874814814815
17640.000000110154,2,160,0.012345679012345678,-3.955991654320987
17650.000000108554,1,161,0.006172839506172839,-1.9779958271604936
17660.000000106953,2,160,0.012345679012345678,-3.955991654320987
17670.000000105352,1,161,0.006172839506172839,-1.9779958271604936
17680.00000010375,3,159,0.018518518518518517,-5.9339874814814815
17690.00000010215,6,156,0.037037037037037035,-11.867974962962963
17700.00000010055,0,162,0.0,0.0
17710.00000009895,0,162,0.0,0.0
17720.00000009735,0,162,0.0,0.0
17730.000000095748,3,159,0.018518518518518517,-5.9339874814814815
17740.000000094147,2,160,0.012345679012345678,-3.955991654320987
17750.000000092547,1,161,0.006172839506172839,-1.9779958271604936
17760.000000090946,1,161,0.006172839506172839,-1.9779958271604936
17770.000000089345,3,159,0.018518518518518517,-5.9339874814814815
17780.000000087744,2,160,0.012345679012345678,-3.955991654320987
17790.000000086144,3,159,0.018518518518518517,-5.9339874814814815
17800.000000084543,1,161,0.006172839506172839,-1.9779958271604936
17810.000000082942,2,160,0.012345679012345678,-3.955991654320987
17820.00000008134,0,162,0.0,0.0
17830.00000007974,1,161,0.006172839506172839,-1.9779958271604936
17840.00000007814,3,159,0.018518518518518517,-5.9339874814814815
17850.00000007654,2,160,0.012345679012345678,-3.955991654320987
17860.00000007494,3,159,0.018518518518518517,-5.9339874814814815
17870.000000073338,0,162,0.0,0.0
17880.000000071737,2,160,0.012345679012345678,-3.955991654320987
17890.000000070137,2,160,0.012345679012345678,-3.955991654320987
17900.000000068536,5,157,0.030864197530864196,-9.889979135802468
17910.000000066935,2,160,0.012345679012345678,-3.955991654320987
17920.000000065334,1,161,0.006172839506172839,-1.9779958271604936
17930.000000063734,3,159,0.018518518518518517,-5.9339874814814815
17940.000000062133,0,162,0.0,0.0
17950.000000060532,2,160,0.012345679012345678,-3.955991654320987
17960.00000005893,3,159,0.018518518518518517,-5.9339874814814815
17970.00000005733,0,162,0.0,0.0
17980.00000005573,0,162,0.0,0.0
17990.00000005413,1,161,0.006172839506172839,-1.9779958271604936
18000.00000005253,1,161,0.006172839506172839,-1.9779958271604936
18010.000000050928,3,159,0.018518518518518517,-5.9339874814814815
18020.000000049327,0,162,0.0,0.0
18030.000000047727,3,159,0.018518518518518517,-5.9339874814814815
18040.000000046126,1,161,0.006172839506172839,-1.9779958271604936
18050.000000044525,1,161,0.006172839506172839,-1.9779958271604936
18060.000000042925,1,161,0.006172839506172839,-1.9779958271604936
18070.000000041324,2,160,0.012345679012345678,-3.955991654320987
18080.000000039723,1,161,0.006172839506172839,-1.9779958271604936
18090.000000038122,1,161,0.006172839506172839,-1.9779958271604936
18100.00000003652,1,161,0.006172839506172839,-1.9779958271604936
18110.00000003492,0,162,0.0,0.0
18120.00000003332,2,160,0.012345679012345678,-3.955991654320987
18130.00000003172,0,162,0.0,0.0
18140.00000003012,2,160,0.012345679012345678,-3.955991654320987
18150.000000028518,3,159,0.018518518518518517,-5.9339874814814815
18160.000000026917,1,161,0.006172839506172839,-1.9779958271604936
18170.000000025317,0,162,0.0,0.0
18180.000000023716,2,160,0.012345679012345678,-3.955991654320987
18190.000000022115,0,162,0.0,0.0
18200.000000020515,2,160,0.012345679012345678,-3.955991654320987
18210.000000018914,1,161,0.006172839506172839,-1.9779958271604936
18220.000000017313,2,160,0.012345679012345678,-3.955991654320987
18230.000000015712,1,161,0.006172839506172839,-1.9779958271604936
18240.00000001411,2,160,0.012345679012345678,-3.955991654320987
18250.00000001251,1,161,0.006172839506172839,-1.9779958271604936
18260.00000001091,3,159,0.018518518518518517,-5.9339874814814815
18270.00000000931,0,162,0.0,0.0
18280.00000000771,1,161,0.006172839506172839,-1.9779958271604936
18290.000000006108,0,162,0.0,0.0
18300.000000004507,2,160,0.012345679012345678,-3.955991654320987
18310.000000002907,1,161,0.006172839506172839,-1.9779958271604936
18320.000000001306,2,160,0.012345679012345678,-3.955991654320987
18329.999999999705,1,161,0.006172839506172839,-1.9779958271604936
18339.999999998105,1,161,0.006172839506172839,-1.9779958271604936
18349.999999996504,1,161,0.006172839506172839,-1.9779958271604936
18359.999999994903,1,161,0.006172839506172839,-1.9779958271604936
18369.999999993302,1,161,0.006172839506172839,-1.9779958271604936
18379.9999999917,1,161,0.006172839506172839,-1.9779958271604936
18389.9999999901,1,161,0.006172839506172839,-1.9779958271604936
18399.9999999885,1,161,0.006172839506172839,-1.9779958271604936
18409.9999999869,0,162,0.0,0.0
18419.9999999853,1,161,0.006172839506172839,-1.9779958271604936
18429.9999999837,0,162,0.0,0.0
18439.999999982098,1,161,0.006172839506172839,-1.9779958271604936
18449.999999980497,1,161,0.006172839506172839,-1.9779958271604936
18459.999999978896,2,160,0.012345679012345678,-3.955991654320987
18469.999999977295,1,161,0.006172839506172839,-1.9779958271604936
18479.999999975695,0,162,0.0,0.0
18489.999999974094,2,160,0.012345679012345678,-3.955991654320987
18499.999999972493,2,160,0.012345679012345678,-3.955991654320987
18509.999999970893,3,159,0.018518518518518517,-5.9339874814814815
18519.999999969292,2,160,0.012345679012345678,-3.955991654320987
18529.99999996769,0,162,0.0,0.0
18539.99999996609,2,160,0.012345679012345678,-3.955991654320987
18549.99999996449,0,162,0.0,0.0
18559.99999996289,1,161,0.006172839506172839,-1.9779958271604936
18569.99999996129,0,162,0.0,0.0
18579.999999959688,1,161,0.006172839506172839,-1.9779958271604936
18589.999999958087,2,160,0.012345679012345678,-3.955991654320987
18599.999999956486,1,161,0.006172839506172839,-1.9779958271604936
18609.999999954885,1,161,0.006172839506172839,-1.9779958271604936
18619.999999953285,3,159,0.018518518518518517,-5.9339874814814815
18629.999999951684,1,161,0.006172839506172839,-1.9779958271604936
18639.999999950083,1,161,0.006172839506172839,-1.9779958271604936
18649.999999948483,1,161,0.006172839506172839,-1.9779958271604936
18659.999999946882,2,160,0.012345679012345678,-3.955991654320987
18669.99999994528,1,161,0.006172839506172839,-1.9779958271604936
18679.99999994368,2,160,0.012345679012345678,-3.955991654320987
18689.99999994208,2,160,0.012345679012345678,-3.955991654320987
18699.99999994048,1,161,0.006172839506172839,-1.9779958271604936
18709.99999993888,1,161,0.006172839506172839,-1.9779958271604936
18719.999999937278,1,161,0.006172839506172839,-1.9779958271604936
18729.999999935677,2,160,0.012345679012345678,-3.955991654320987
18739.999999934076,1,161,0.006172839506172839,-1.9779958271604936
18749.999999932475,1,161,0.006172839506172839,-1.9779958271604936
18759.999999930875,1,161,0.006172839506172839,-1.9779958271604936
18769.999999929274,2,160,0.012345679012345678,-3.955991654320987
18779.999999927673,3,159,0.018518518518518517,-5.9339874814814815
18789.999999926073,5,157,0.030864197530864196,-9.889979135802468
18799.999999924472,2,160,0.012345679012345678,-3.955991654320987
18809.99999992287,1,161,0.006172839506172839,-1.9779958271604936
18819.99999992127,2,160,0.012345679012345678,-3.955991654320987
18829.99999991967,2,160,0.012345679012345678,-3.955991654320987
18839.99999991807,0,162,0.0,0.0
18849.99999991647,1,161,0.006172839506172839,-1.9779958271604936
18859.999999914868,0,162,0.0,0.0
18869.999999913267,1,161,0.006172839506172839,-1.9779958271604936
18879.999999911666,1,161,0.006172839506172839,-1.9779958271604936
18889.999999910066,1,161,0.006172839506172839,-1.9779958271604936
18899.999999908465,2,160,0.012345679012345678,-3.955991654320987
18909.999999906864,0,162,0.0,0.0
18919.999999905263,1,161,0.006172839506172839,-1.9779958271604936
18929.999999903663,1,161,0.006172839506172839,-1.9779958271604936
18939.999999902062,2,160,0.012345679012345678,-3.955991654320987
18949.99999990046,3,159,0.018518518518518517,-5.9339874814814815
18959.99999989886,1,161,0.006172839506172839,-1.9779958271604936
18969.99999989726,2,160,0.012345679012345678,-3.955991654320987
18979.99999989566,1,161,0.006172839506172839,-1.9779958271604936
18989.99999989406,0,162,0.0,0.0
18999.999999892458,1,161,0.006172839506172839,-1.9779958271604936
19009.999999890857,1,161,0.006172839506172839,-1.9779958271604936
19019.999999889256,2,160,0.012345679012345678,-3.955991654320987
19029.999999887656,0,162,0.0,0.0
19039.999999886055,2,160,0.012345679012345678,-3.955991654320987
19049.999999884454,1,161,0.006172839506172839,-1.9779958271604936
19059.999999882853,1,161,0.006172839506172839,-1.9779958271604936
19069.999999881253,1,161,0.006172839506172839,-1.9779958271604936
19079.999999879652,2,160,0.012345679012345678,-3.955991654320987
19089.99999987805,0,162,0.0,0.0
19099.99999987645,3,159,0.018518518518518517,-5.9339874814814815
19109.99999987485,1,161,0.006172839506172839,-1.9779958271604936
19119.99999987325,1,161,0.006172839506172839,-1.9779958271604936
19129.99999987165,1,161,0.006172839506172839,-1.9779958271604936
19139.999999870048,1,161,0.006172839506172839,-1.9779958271604936
19149.999999868447,1,161,0.006172839506172839,-1.9779958271604936
19159.999999866846,2,160,0.012345679012345678,-3.955991654320987
19169.999999865246,4,158,0.024691358024691357,-7.911983308641974
19179.999999863645,2,160,0.012345679012345678,-3.955991654320987
19189.999999862044,2,160,0.012345679012345678,-3.955991654320987
19199.999999860443,1,161,0.006172839506172839,-1.9779958271604936
19209.999999858843,1,161,0.006172839506172839,-1.9779958271604936
19219.999999857242,1,161,0.006172839506172839,-1.9779958271604936
19229.99999985564,0,162,0.0,0.0
19239.99999985404,3,159,0.018518518518518517,-5.9339874814814815
19249.99999985244,1,161,0.006172839506172839,-1.9779958271604936
19259.99999985084,1,161,0.006172839506172839,-1.9779958271604936
19269.99999984924,1,161,0.006172839506172839,-1.9779958271604936
19279.999999847638,1,161,0.006172839506172839,-1.9779958271604936
19289.999999846037,3,159,0.018518518518518517,-5.9339874814814815
19299.999999844436,0,162,0.0,0.0
19309.999999842836,2,160,0.012345679012345678,-3.955991654320987
19319.999999841235,0,162,0.0,0.0
19329.999999839634,1,161,0.006172839506172839,-1.9779958271604936
19339.999999838034,2,160,0.012345679012345678,-3.955991654320987
19349.999999836433,1,161,0.006172839506172839,-1.9779958271604936
19359.999999834832,2,160,0.012345679012345678,-3.955991654320987
19369.99999983323,2,160,0.012345679012345678,-3.955991654320987
19379.99999983163,2,160,0.012345679012345678,-3.955991654320987
19389.99999983003,0,162,0.0,0.0
19399.99999982843,1,161,0.006172839506172839,-1.9779958271604936
19409.99999982683,2,160,0.012345679012345678,-3.955991654320987
19419.999999825228,3,159,0.018518518518518517,-5.9339874814814815
19429.999999823627,1,161,0.006172839506172839,-1.9779958271604936
19439.999999822026,3,159,0.018518518518518517,-5.9339874814814815
19449.999999820426,2,160,0.012345679012345678,-3.955991654320987
19459.999999818825,2,160,0.012345679012345678,-3.955991654320987
19469.999999817224,1,161,0.006172839506172839,-1.9779958271604936
19479.999999815624,2,160,0.012345679012345678,-3.955991654320987
19489.999999814023,0,162,0.0,0.0
19499.999999812422,0,162,0.0,0.0
19509.99999981082,2,160,0.012345679012345678,-3.955991654320987
19519.99999980922,2,160,0.012345679012345678,-3.955991654320987
19529.99999980762,1,161,0.006172839506172839,-1.9779958271604936
19539.99999980602,2,160,0.012345679012345678,-3.955991654320987
19549.99999980442,1,161,0.006172839506172839,-1.9779958271604936
19559.999999802818,0,162,0.0,0.0
19569.999999801217,2,160,0.012345679012345678,-3.955991654320987
19579.999999799616,1,161,0.006172839506172839,-1.9779958271604936
19589.999999798016,3,159,0.018518518518518517,-5.9339874814814815
19599.999999796415,1,161,0.006172839506172839,-1.9779958271604936
19609.999999794814,1,161,0.006172839506172839,-1.9779958271604936
19619.999999793214,1,161,0.006172839506172839,-1.9779958271604936
19629.999999791613,2,160,0.012345679012345678,-3.955991654320987
19639.999999790012,3,159,0.018518518518518517,-5.9339874814814815
19649.99999978841,1,161,0.006172839506172839,-1.9779958271604936
19659.99999978681,1,161,0.006172839506172839,-1.9779958271604936
19669.99999978521,1,161,0.006172839506172839,-1.9779958271604936
19679.99999978361,1,161,0.006172839506172839,-1.9779958271604936
19689.99999978201,1,161,0.006172839506172839,-1.9779958271604936
19699.999999780408,2,160,0.012345679012345678,-3.955991654320987
19709.999999778807,0,162,0.0,0.0
19719.999999777207,0,162,0.0,0.0
19729.999999775606,3,159,0.018518518518518517,-5.9339874814814815
19739.999999774005,1,161,0.006172839506172839,-1.9779958271604936
19749.999999772404,1,161,0.006172839506172839,-1.9779958271604936
19759.999999770804,1,161,0.006172839506172839,-1.9779958271604936
19769.999999769203,0,162,0.0,0.0
19779.999999767602,0,162,0.0,0.0
19789.999999766,1,161,0.006172839506172839,-1.9779958271604936
19799.9999997644,1,161,0.006172839506172839,-1.9779958271604936
19809.9999997628,1,161,0.006172839506172839,-1.9779958271604936
19819.9999997612,1,161,0.006172839506172839,-1.9779958271604936
19829.9999997596,2,160,0.012345679012345678,-3.955991654320987
19839.999999757998,1,161,0.006172839506172839,-1.9779958271604936
19849.999999756397,0,162,0.0,0.0
19859.999999754797,0,162,0.0,0.0
19869.999999753196,1,161,0.006172839506172839,-1.9779958271604936
19879.999999751595,1,161,0.006172839506172839,-1.9779958271604936
19889.999999749994,0,162,0.0,0.0
19899.999999748394,2,160,0.012345679012345678,-3.955991654320987
19909.999999746793,0,162,0.0,0.0
19919.999999745192,3,159,0.018518518518518517,-5.9339874814814815
19929.99999974359,2,160,0.012345679012345678,-3.955991654320987
19939.99999974199,1,161,0.006172839506172839,-1.9779958271604936
19949.99999974039,3,159,0.018518518518518517,-5.9339874814814815
19959.99999973879,2,160,0.012345679012345678,-3.955991654320987
19969.99999973719,3,159,0.018518518518518517,-5.9339874814814815
19979.999999735588,0,162,0.0,0.0
19989.999999733987,2,160,0.012345679012345678,-3.955991654320987
19999.999999732387,1,161,0.006172839506172839,-1.9779958271604936
20009.999999730786,0,162,0.0,0.0
20019.999999729185,1,161,0.006172839506172839,-1.9779958271604936
20029.999999727585,1,161,0.006172839506172839,-1.9779958271604936
20039.999999725984,3,159,0.018518518518518517,-5.9339874814814815
20049.999999724383,1,161,0.006172839506172839,-1.9779958271604936
20059.999999722782,0,162,0.0,0.0
20069.99999972118,4,158,0.024691358024691357,-7.911983308641974
20079.99999971958,0,162,0.0,0.0
20089.99999971798,0,162,0.0,0.0
20099.99999971638,1,161,0.006172839506172839,-1.9779958271604936
20109.99999971478,1,161,0.006172839506172839,-1.9779958271604936
20119.999999713178,1,161,0.006172839506172839,-1.9779958271604936
20129.999999711577,2,160,0.012345679012345678,-3.955991654320987
20139.999999709977,1,161,0.006172839506172839,-1.9779958271604936
20149.999999708376,2,160,0.012345679012345678,-3.955991654320987
20159.999999706775,0,162,0.0,0.0
20169.999999705175,2,160,0.012345679012345678,-3.955991654320987
20179.999999703574,2,160,0.012345679012345678,-3.955991654320987
20189.999999701973,0,162,0.0,0.0
20199.999999700372,3,159,0.018518518518518517,-5.9339874814814815
20209.99999969877,0,162,0.0,0.0
20219.99999969717,2,160,0.012345679012345678,-3.955991654320987
20229.99999969557,1,161,0.006172839506172839,-1.9779958271604936
20239.99999969397,1,161,0.006172839506172839,-1.9779958271604936
20249.99999969237,0,162,0.0,0.0
20259.999999690768,3,159,0.018518518518518517,-5.9339874814814815
20269.999999689167,1,161,0.006172839506172839,-1.9779958271604936
20279.999999687567,0,162,0.0,0.0
20289.999999685966,2,160,0.012345679012345678,-3.955991654320987
20299.999999684365,0,162,0.0,0.0
20309.999999682765,2,160,0.012345679012345678,-3.955991654320987
20319.999999681164,2,160,0.012345679012345678,-3.955991654320987
20329.999999679563,2,160,0.012345679012345678,-3.955991654320987
20339.999999677962,1,161,0.006172839506172839,-1.9779958271604936
20349.99999967636,0,162,0.0,0.0
20359.99999967476,3,159,0.018518518518518517,-5.9339874814814815
20369.99999967316,1,161,0.006172839506172839,-1.9779958271604936
20379.99999967156,0,162,0.0,0.0
20389.99999966996,1,161,0.006172839506172839,-1.9779958271604936
20399.99999966836,2,160,0.012345679012345678,-3.955991654320987
20409.999999666758,0,162,0.0,0.0
20419.999999665157,3,159,0.018518518518518517,-5.9339874814814815
20429.999999663556,2,160,0.012345679012345678,-3.955991654320987
20439.999999661955,1,161,0.006172839506172839,-1.9779958271604936
20449.999999660355,1,161,0.006172839506172839,-1.9779958271604936
20459.999999658754,0,162,0.0,0.0
20469.999999657153,0,162,0.0,0.0
20479.999999655553,1,161,0.006172839506172839,-1.9779958271604936
20489.99999965395,2,160,0.012345679012345678,-3.955991654320987
20499.99999965235,2,160,0.012345679012345678,-3.955991654320987
20509.99999965075,3,159,0.018518518518518517,-5.9339874814814815
20519.99999964915,0,162,0.0,0.0
20529.99999964755,1,161,0.006172839506172839,-1.9779958271604936
20539.99999964595,2,160,0.012345679012345678,-3.955991654320987
20549.999999644348,1,161,0.006172839506172839,-1.9779958271604936
20559.999999642747,1,161,0.006172839506172839,-1.9779958271604936
20569.999999641146,3,159,0.018518518518518517,-5.9339874814814815
20579.999999639545,1,161,0.006172839506172839,-1.9779958271604936
20589.999999637945,0,162,0.0,0.0
20599.999999636344,1,161,0.006172839506172839,-1.9779958271604936
20609.999999634743,3,159,0.018518518518518517,-5.9339874814814815
20619.999999633143,2,160,0.012345679012345678,-3.955991654320987
20629.999999631542,0,162,0.0,0.0
20639.99999962994,2,160,0.012345679012345678,-3.955991654320987
20649.99999962834,1,161,0.006172839506172839,-1.9779958271604936
20659.99999962674,1,161,0.006172839506172839,-1.9779958271604936
20669.99999962514,2,160,0.012345679012345678,-3.955991654320987
20679.99999962354,0,162,0.0,0.0
20689.999999621938,1,161,0.006172839506172839,-1.9779958271604936
20699.999999620337,2,160,0.012345679012345678,-3.955991654320987
20709.999999618736,0,162,0.0,0.0
20719.999999617135,3,159,0.018518518518518517,-5.9339874814814815
20729.999999615535,0,162,0.0,0.0
20739.999999613934,0,162,0.0,0.0
20749.999999612333,0,162,0.0,0.0
20759.999999610733,2,160,0.012345679012345678,-3.955991654320987
20769.999999609132,0,162,0.0,0.0
20779.99999960753,1,161,0.006172839506172839,-1.9779958271604936
20789.99999960593,2,160,0.012345679012345678,-3.955991654320987
20799.99999960433,1,161,0.006172839506172839,-1.9779958271604936
20809.99999960273,0,162,0.0,0.0
20819.99999960113,1,161,0.006172839506172839,-1.9779958271604936
20829.999999599528,2,160,0.012345679012345678,-3.955991654320987
20839.999999597927,1,161,0.006172839506172839,-1.9779958271604936
20849.999999596326,2,160,0.012345679012345678,-3.955991654320987
20859.999999594726,0,162,0.0,0.0
20869.999999593125,1,161,0.006172839506172839,-1.9779958271604936
20879.999999591524,2,160,0.012345679012345678,-3.955991654320987
20889.999999589923,3,159,0.018518518518518517,-5.9339874814814815
20899.999999588323,2,160,0.012345679012345678,-3.955991654320987
20909.999999586722,1,161,0.006172839506172839,-1.9779958271604936
20919.99999958512,0,162,0.0,0.0
20929.99999958352,2,160,0.012345679012345678,-3.955991654320987
20939.99999958192,2,160,0.012345679012345678,-3.955991654320987
20949.99999958032,1,161,0.006172839506172839,-1.9779958271604936
20959.99999957872,2,160,0.012345679012345678,-3.955991654320987
20969.999999577118,2,160,0.012345679012345678,-3.955991654320987
20979.999999575517,0,162,0.0,0.0
20989.999999573916,3,159,0.018518518518518517,-5.9339874814814815
20999.999999572316,0,162,0.0,0.0
21009.999999570715,0,162,0.0,0.0
21019.999999569114,1,161,0.006172839506172839,-1.9779958271604936
21029.999999567513,1,161,0.006172839506172839,-1.9779958271604936
21039.999999565913,1,161,0.006172839506172839,-1.9779958271604936
21049.999999564312,1,161,0.006172839506172839,-1.9779958271604936
21059.99999956271,1,161,0.006172839506172839,-1.9779958271604936
21069.99999956111,1,161,0.006172839506172839,-1.9779958271604936
21079.99999955951,1,161,0.006172839506172839,-1.9779958271604936
21089.99999955791,3,159,0.018518518518518517,-5.9339874814814815
21099.99999955631,1,161,0.006172839506172839,-1.9779958271604936
21109.999999554708,0,162,0.0,0.0
21119.999999553107,1,161,0.006172839506172839,-1.9779958271604936
21129.999999551506,0,162,0.0,0.0
21139.999999549906,2,160,0.012345679012345678,-3.955991654320987
21149.999999548305,1,161,0.006172839506172839,-1.9779958271604936
21159.999999546704,0,162,0.0,0.0
21169.999999545103,3,159,0.018518518518518517,-5.9339874814814815
21179.999999543503,1,161,0.006172839506172839,-1.9779958271604936
21189.999999541902,2,160,0.012345679012345678,-3.955991654320987
21199.9999995403,1,161,0.006172839506172839,-1.9779958271604936
21209.9999995387,1,161,0.006172839506172839,-1.9779958271604936
21219.9999995371,2,160,0.012345679012345678,-3.955991654320987
21229.9999995355,2,160,0.012345679012345678,-3.955991654320987
21239.9999995339,2,160,0.012345679012345678,-3.955991654320987
21249.999999532298,0,162,0.0,0.0
21259.999999530697,0,162,0.0,0.0
21269.999999529096,0,162,0.0,0.0
21279.999999527496,1,161,0.006172839506172839,-1.9779958271604936
21289.999999525895,1,161,0.006172839506172839,-1.9779958271604936
21299.999999524294,1,161,0.006172839506172839,-1.9779958271604936
21309.999999522694,3,159,0.018518518518518517,-5.9339874814814815
21319.999999521093,3,159,0.018518518518518517,-5.9339874814814815
21329.999999519492,0,162,0.0,0.0
21339.99999951789,0,162,0.0,0.0
21349.99999951629,1,161,0.006172839506172839,-1.9779958271604936
21359.99999951469,0,162,0.0,0.0
21369.99999951309,2,160,0.012345679012345678,-3.955991654320987
21379.99999951149,1,161,0.006172839506172839,-1.9779958271604936
21389.999999509888,2,160,0.012345679012345678,-3.955991654320987
21399.999999508287,2,160,0.012345679012345678,-3.955991654320987
21409.999999506686,2,160,0.012345679012345678,-3.955991654320987
21419.999999505086,1,161,0.006172839506172839,-1.9779958271604936
21429.999999503485,3,159,0.018518518518518517,-5.9339874814814815
21439.999999501884,1,161,0.006172839506172839,-1.9779958271604936
21449.999999500284,2,160,0.012345679012345678,-3.955991654320987
21459.999999498683,2,160,0.012345679012345678,-3.955991654320987
21469.999999497082,0,162,0.0,0.0
21479.99999949548,0,162,0.0,0.0
21489.99999949388,0,162,0.0,0.0
21499.99999949228,0,162,0.0,0.0
21509.99999949068,4,158,0.024691358024691357,-7.911983308641974
21519.99999948908,1,161,0.006172839506172839,-1.9779958271604936
21529.999999487478,2,160,0.012345679012345678,-3.955991654320987
21539.999999485877,1,161,0.006172839506172839,-1.9779958271604936
21549.999999484276,2,160,0.012345679012345678,-3.955991654320987
21559.999999482676,2,160,0.012345679012345678,-3.955991654320987
21569.999999481075,2,160,0.012345679012345678,-3.955991654320987
21579.999999479474,0,162,0.0,0.0
21589.999999477874,0,162,0.0,0.0
21599.999999476273,1,161,0.006172839506172839,-1.9779958271604936
21609.999999474672,2,160,0.012345679012345678,-3.955991654320987
21619.99999947307,3,159,0.018518518518518517,-5.9339874814814815
21629.99999947147,0,162,0.0,0.0
21639.99999946987,2,160,0.012345679012345678,-3.955991654320987
21649.99999946827,2,160,0.012345679012345678,-3.955991654320987
21659.99999946667,2,160,0.012345679012345678,-3.955991654320987
21669.999999465068,1,161,0.006172839506172839,-1.9779958271604936
21679.999999463467,0,162,0.0,0.0
21689.999999461867,3,159,0.018518518518518517,-5.9339874814814815
21699.999999460266,3,159,0.018518518518518517,-5.9339874814814815
21709.999999458665,1,161,0.006172839506172839,-1.9779958271604936
21719.999999457064,2,160,0.012345679012345678,-3.955991654320987
21729.999999455464,0,162,0.0,0.0
21739.999999453863,2,160,0.012345679012345678,-3.955991654320987
21749.999999452262,1,161,0.006172839506172839,-1.9779958271604936
21759.99999945066,0,162,0.0,0.0
21769.99999944906,1,161,0.006172839506172839,-1.9779958271604936
21779.99999944746,2,160,0.012345679012345678,-3.955991654320987
21789.99999944586,3,159,0.018518518518518517,-5.9339874814814815
21799.99999944426,1,161,0.006172839506172839,-1.9779958271604936
21809.999999442658,1,161,0.006172839506172839,-1.9779958271604936
21819.999999441057,1,161,0.006172839506172839,-1.9779958271604936
21829.999999439457,0,162,0.0,0.0
21839.999999437856,1,161,0.006172839506172839,-1.9779958271604936
21849.999999436255,1,161,0.006172839506172839,-1.9779958271604936
21859.999999434654,2,160,0.012345679012345678,-3.955991654320987
21869.999999433054,1,161,0.006172839506172839,-1.9779958271604936
21879.999999431453,0,162,0.0,0.0
21889.999999429852,1,161,0.006172839506172839,-1.9779958271604936
21899.99999942825,3,159,0.018518518518518517,-5.9339874814814815
21909.99999942665,2,160,0.012345679012345678,-3.955991654320987
21919.99999942505,1,161,0.006172839506172839,-1.9779958271604936
21929.99999942345,0,162,0.0,0.0
21939.99999942185,1,161,0.006172839506172839,-1.9779958271604936
21949.999999420248,0,162,0.0,0.0
21959.999999418647,3,159,0.018518518518518517,-5.9339874814814815
21969.999999417047,0,162,0.0,0.0
21979.999999415446,3,159,0.018518518518518517,-5.9339874814814815
21989.999999413845,2,160,0.012345679012345678,-3.955991654320987
21999.999999412245,1,161,0.006172839506172839,-1.9779958271604936
22009.999999410644,2,160,0.012345679012345678,-3.955991654320987
22019.999999409043,0,162,0.0,0.0
22029.999999407442,1,161,0.006172839506172839,-1.9779958271604936
22039.99999940584,1,161,0.006172839506172839,-1.9779958271604936
22049.99999940424,1,161,0.006172839506172839,-1.9779958271604936
22059.99999940264,3,159,0.018518518518518517,-5.9339874814814815
22069.99999940104,0,162,0.0,0.0
22079.99999939944,2,160,0.012345679012345678,-3.955991654320987
22089.999999397838,2,160,0.012345679012345678,-3.955991654320987
22099.999999396237,2,160,0.012345679012345678,-3.955991654320987
22109.999999394637,2,160,0.012345679012345678,-3.955991654320987
22119.999999393036,1,161,0.006172839506172839,-1.9779958271604936
22129.999999391435,0,162,0.0,0.0
22139.999999389835,2,160,0.012345679012345678,-3.955991654320987
22149.999999388234,1,161,0.006172839506172839,-1.9779958271604936
22159.999999386633,3,159,0.018518518518518517,-5.9339874814814815
22169.999999385032,3,159,0.018518518518518517,-5.9339874814814815
22179.99999938343,2,160,0.012345679012345678,-3.955991654320987
22189.99999938183,1,161,0.006172839506172839,-1.9779958271604936
22199.99999938023,3,159,0.018518518518518517,-5.9339874814814815
22209.99999937863,2,160,0.012345679012345678,-3.955991654320987
22219.99999937703,1,161,0.006172839506172839,-1.9779958271604936
22229.999999375428,1,161,0.006172839506172839,-1.9779958271604936
22239.999999373827,1,161,0.006172839506172839,-1.9779958271604936
22249.999999372227,1,161,0.006172839506172839,-1.9779958271604936
22259.999999370626,1,161,0.006172839506172839,-1.9779958271604936
22269.999999369025,1,161,0.006172839506172839,-1.9779958271604936
22279.999999367425,2,160,0.012345679012345678,-3.955991654320987
22289.999999365824,0,162,0.0,0.0
22299.999999364223,1,161,0.006172839506172839,-1.9779958271604936
22309.999999362622,0,162,0.0,0.0
22319.99999936102,1,161,0.006172839506172839,-1.9779958271604936
22329.99999935942,1,161,0.006172839506172839,-1.9779958271604936
22339.99999935782,0,162,0.0,0.0
22349.99999935622,1,161,0.006172839506172839,-1.9779958271604936
22359.99999935462,1,161,0.006172839506172839,-1.9779958271604936
22369.99999935302,1,161,0.006172839506172839,-1.9779958271604936
22379.999999351418,1,161,0.006172839506172839,-1.9779958271604936
22389.999999349817,3,159,0.018518518518518517,-5.9339874814814815
22399.999999348216,2,160,0.012345679012345678,-3.955991654320987
22409.999999346615,2,160,0.012345679012345678,-3.955991654320987
22419.999999345015,1,161,0.006172839506172839,-1.9779958271604936
22429.999999343414,2,160,0.012345679012345678,-3.955991654320987
22439.999999341813,2,160,0.012345679012345678,-3.955991654320987
22449.999999340213,2,160,0.012345679012345678,-3.955991654320987
22459.99999933861,1,161,0.006172839506172839,-1.9779958271604936
22469.99999933701,1,161,0.006172839506172839,-1.9779958271604936
22479.99999933541,1,161,0.006172839506172839,-1.9779958271604936
22489.99999933381,1,161,0.006172839506172839,-1.9779958271604936
22499.99999933221,1,161,0.006172839506172839,-1.9779958271604936
22509.99999933061,2,160,0.012345679012345678,-3.955991654320987
22519.999999329008,1,161,0.006172839506172839,-1.9779958271604936
22529.999999327407,2,160,0.012345679012345678,-3.955991654320987
22539.999999325806,1,161,0.006172839506172839,-1.9779958271604936
22549.999999324205,1,161,0.006172839506172839,-1.9779958271604936
22559.999999322605,2,160,0.012345679012345678,-3.955991654320987
22569.999999321004,1,161,0.006172839506172839,-1.9779958271604936
22579.999999319403,1,161,0.006172839506172839,-1.9779958271604936
22589.999999317803,2,160,0.012345679012345678,-3.955991654320987
22599.999999316202,1,161,0.006172839506172839,-1.9779958271604936
22609.9999993146,1,161,0.006172839506172839,-1.9779958271604936
22619.999999313,1,161,0.006172839506172839,-1.9779958271604936
22629.9999993114,1,161,0.006172839506172839,-1.9779958271604936
22639.9999993098,3,159,0.018518518518518517,-5.9339874814814815
22649.9999993082,2,160,0.012345679012345678,-3.955991654320987
22659.999999306598,4,158,0.024691358024691357,-7.911983308641974
22669.999999304997,0,162,0.0,0.0
22679.999999303396,1,161,0.006172839506172839,-1.9779958271604936
22689.999999301795,3,159,0.018518518518518517,-5.9339874814814815
22699.999999300195,0,162,0.0,0.0
22709.999999298594,1,161,0.006172839506172839,-1.9779958271604936
22719.999999296993,3,159,0.018518518518518517,-5.9339874814814815
22729.999999295393,0,162,0.0,0.0
22739.999999293792,2,160,0.012345679012345678,-3.955991654320987
22749.99999929219,3,159,0.018518518518518517,-5.9339874814814815
22759.99999929059,2,160,0.012345679012345678,-3.955991654320987
22769.99999928899,1,161,0.006172839506172839,-1.9779958271604936
22779.99999928739,2,160,0.012345679012345678,-3.955991654320987
22789.99999928579,0,162,0.0,0.0
22799.999999284188,2,160,0.012345679012345678,-3.955991654320987
22809.999999282587,1,161,0.006172839506172839,-1.9779958271604936
22819.999999280986,1,161,0.006172839506172839,-1.9779958271604936
22829.999999279386,0,162,0.0,0.0
22839.999999277785,1,161,0.006172839506172839,-1.9779958271604936
22849.999999276184,0,162,0.0,0.0
22859.999999274583,1,161,0.006172839506172839,-1.9779958271604936
22869.999999272983,3,159,0.018518518518518517,-5.9339874814814815
22879.999999271382,0,162,0.0,0.0
22889.99999926978,0,162,0.0,0.0
22899.99999926818,1,161,0.006172839506172839,-1.9779958271604936
22909.99999926658,1,161,0.006172839506172839,-1.9779958271604936
22919.99999926498,0,162,0.0,0.0
22929.99999926338,1,161,0.006172839506172839,-1.9779958271604936
22939.999999261778,1,161,0.006172839506172839,-1.9779958271604936
22949.999999260177,3,159,0.018518518518518517,-5.9339874814814815
22959.999999258576,0,162,0.0,0.0
22969.999999256976,1,161,0.006172839506172839,-1.9779958271604936
22979.999999255375,2,160,0.012345679012345678,-3.955991654320987
22989.999999253774,2,160,0.012345679012345678,-3.955991654320987
22999.999999252173,1,161,0.006172839506172839,-1.9779958271604936
23009.999999250573,1,161,0.006172839506172839,-1.9779958271604936
23019.999999248972,3,159,0.018518518518518517,-5.9339874814814815
23029.99999924737,0,162,0.0,0.0
23039.99999924577,1,161,0.006172839506172839,-1.9779958271604936
23049.99999924417,0,162,0.0,0.0
23059.99999924257,2,160,0.012345679012345678,-3.955991654320987
23069.99999924097,1,161,0.006172839506172839,-1.9779958271604936
23079.999999239368,0,162,0.0,0.0
23089.999999237767,2,160,0.012345679012345678,-3.955991654320987
23099.999999236166,1,161,0.006172839506172839,-1.9779958271604936
23109.999999234566,1,161,0.006172839506172839,-1.9779958271604936
23119.999999232965,2,160,0.012345679012345678,-3.955991654320987
23129.999999231364,0,162,0.0,0.0
23139.999999229763,0,162,0.0,0.0
23149.999999228163,2,160,0.012345679012345678,-3.955991654320987
23159.999999226562,0,162,0.0,0.0
23169.99999922496,1,161,0.006172839506172839,-1.9779958271604936
23179.99999922336,2,160,0.012345679012345678,-3.955991654320987
23189.99999922176,2,160,0.012345679012345678,-3.955991654320987
23199.99999922016,2,160,0.012345679012345678,-3.955991654320987
23209.99999921856,3,159,0.018518518518518517,-5.9339874814814815
23219.999999216958,1,161,0.006172839506172839,-1.9779958271604936
23229.999999215357,4,158,0.024691358024691357,-7.911983308641974
23239.999999213756,3,159,0.018518518518518517,-5.9339874814814815
23249.999999212156,3,159,0.018518518518518517,-5.9339874814814815
23259.999999210555,2,160,0.012345679012345678,-3.955991654320987
23269.999999208954,3,159,0.018518518518518517,-5.9339874814814815
23279.999999207354,2,160,0.012345679012345678,-3.955991654320987
23289.999999205753,1,161,0.006172839506172839,-1.9779958271604936
23299.999999204152,1,161,0.006172839506172839,-1.9779958271604936
23309.99999920255,3,159,0.018518518518518517,-5.9339874814814815
23319.99999920095,3,159,0.018518518518518517,-5.9339874814814815
23329.99999919935,1,161,0.006172839506172839,-1.9779958271604936
23339.99999919775,4,158,0.024691358024691357,-7.911983308641974
23349.99999919615,2,160,0.012345679012345678,-3.955991654320987
23359.999999194548,2,160,0.012345679012345678,-3.955991654320987
23369.999999192947,4,158,0.024691358024691357,-7.911983308641974
23379.999999191346,0,162,0.0,0.0
23389.999999189746,4,158,0.024691358024691357,-7.911983308641974
23399.999999188145,2,160,0.012345679012345678,-3.955991654320987
23409.999999186544,2,160,0.012345679012345678,-3.955991654320987
23419.999999184944,1,161,0.006172839506172839,-1.9779958271604936
23429.999999183343,0,162,0.0,0.0
23439.999999181742,3,159,0.018518518518518517,-5.9339874814814815
23449.99999918014,1,161,0.006172839506172839,-1.9779958271604936
23459.99999917854,1,161,0.006172839506172839,-1.9779958271604936
23469.99999917694,1,161,0.006172839506172839,-1.9779958271604936
23479.99999917534,3,159,0.018518518518518517,-5.9339874814814815
23489.99999917374,0,162,0.0,0.0
23499.999999172138,1,161,0.006172839506172839,-1.9779958271604936
23509.999999170537,1,161,0.006172839506172839,-1.9779958271604936
23519.999999168936,2,160,0.012345679012345678,-3.955991654320987
23529.999999167336,0,162,0.0,0.0
23539.999999165735,1,161,0.006172839506172839,-1.9779958271604936
23549.999999164134,1,161,0.006172839506172839,-1.9779958271604936
23559.999999162534,1,161,0.006172839506172839,-1.9779958271604936
23569.999999160933,1,161,0.006172839506172839,-1.9779958271604936
23579.999999159332,3,159,0.018518518518518517,-5.9339874814814815
23589.99999915773,2,160,0.012345679012345678,-3.955991654320987
23599.99999915613,1,161,0.006172839506172839,-1.9779958271604936
23609.99999915453,2,160,0.012345679012345678,-3.955991654320987
23619.99999915293,3,159,0.018518518518518517,-5.9339874814814815
23629.99999915133,2,160,0.012345679012345678,-3.955991654320987
23639.999999149728,3,159,0.018518518518518517,-5.9339874814814815
23649.999999148127,2,160,0.012345679012345678,-3.955991654320987
23659.999999146527,3,159,0.018518518518518517,-5.9339874814814815
23669.999999144926,3,159,0.018518518518518517,-5.9339874814814815
23679.999999143325,1,161,0.006172839506172839,-1.9779958271604936
23689.999999141724,3,159,0.018518518518518517,-5.9339874814814815
23699.999999140124,3,159,0.018518518518518517,-5.9339874814814815
23709.999999138523,2,160,0.012345679012345678,-3.955991654320987
23719.999999136922,3,159,0.018518518518518517,-5.9339874814814815
23729.99999913532,2,160,0.012345679012345678,-3.955991654320987
23739.99999913372,3,159,0.018518518518518517,-5.9339874814814815
23749.99999913212,1,161,0.006172839506172839,-1.9779958271604936
23759.99999913052,1,161,0.006172839506172839,-1.9779958271604936
23769.99999912892,0,162,0.0,0.0
23779.999999127318,0,162,0.0,0.0
23789.999999125717,0,162,0.0,0.0
23799.999999124117,1,161,0.006172839506172839,-1.9779958271604936
23809.999999122516,0,162,0.0,0.0
23819.999999120915,2,160,0.012345679012345678,-3.955991654320987
23829.999999119314,0,162,0.0,0.0
23839.999999117714,2,160,0.012345679012345678,-3.955991654320987
23849.999999116113,2,160,0.012345679012345678,-3.955991654320987
23859.999999114512,1,161,0.006172839506172839,-1.9779958271604936
23869.99999911291,1,161,0.006172839506172839,-1.9779958271604936
23879.99999911131,1,161,0.006172839506172839,-1.9779958271604936
23889.99999910971,0,162,0.0,0.0
23899.99999910811,2,160,0.012345679012345678,-3.955991654320987
23909.99999910651,0,162,0.0,0.0
23919.999999104908,2,160,0.012345679012345678,-3.955991654320987
23929.999999103307,2,160,0.012345679012345678,-3.955991654320987
23939.999999101707,2,160,0.012345679012345678,-3.955991654320987
23949.999999100106,1,161,0.006172839506172839,-1.9779958271604936
23959.999999098505,0,162,0.0,0.0
23969.999999096905,1,161,0.006172839506172839,-1.9779958271604936
23979.999999095304,2,160,0.012345679012345678,-3.955991654320987
23989.999999093703,3,159,0.018518518518518517,-5.9339874814814815
23999.999999092102,0,162,0.0,0.0
24009.9999990905,1,161,0.006172839506172839,-1.9779958271604936
24019.9999990889,0,162,0.0,0.0
24029.9999990873,0,162,0.0,0.0
24039.9999990857,1,161,0.006172839506172839,-1.9779958271604936
24049.9999990841,3,159,0.018518518518518517,-5.9339874814814815
24059.999999082498,3,159,0.018518518518518517,-5.9339874814814815
24069.999999080897,3,159,0.018518518518518517,-5.9339874814814815
24079.999999079297,2,160,0.012345679012345678,-3.955991654320987
24089.999999077696,3,159,0.018518518518518517,-5.9339874814814815
24099.999999076095,1,161,0.006172839506172839,-1.9779958271604936
24109.999999074495,3,159,0.018518518518518517,-5.9339874814814815
24119.999999072894,2,160,0.012345679012345678,-3.955991654320987
24129.999999071293,3,159,0.018518518518518517,-5.9339874814814815
