time,number_A,number_HA,alpha,surf_ch_dens
140.00000000001765,91,71,0.5617283950617284,-179.99762027160494
150.00000000000855,47,115,0.29012345679012347,-92.9658038765432
159.99999999999946,27,135,0.16666666666666666,-53.405887333333325
169.99999999999037,19,143,0.11728395061728394,-37.581920716049375
179.99999999998127,12,150,0.07407407407407407,-23.735949925925926
189.99999999997218,7,155,0.043209876543209874,-13.845970790123458
199.99999999996308,3,159,0.018518518518518517,-5.9339874814814815
209.99999999995399,9,153,0.05555555555555555,-17.80196244444444
219.9999999999449,7,155,0.043209876543209874,-13.845970790123458
229.9999999999358,5,157,0.030864197530864196,-9.889979135802468
239.9999999999267,5,157,0.030864197530864196,-9.889979135802468
249.9999999999176,2,160,0.012345679012345678,-3.955991654320987
259.99999999990854,6,156,0.037037037037037035,-11.867974962962963
269.99999999989944,2,160,0.012345679012345678,-3.955991654320987
279.99999999989035,4,158,0.024691358024691357,-7.911983308641974
289.99999999988125,4,158,0.024691358024691357,-7.911983308641974
299.99999999987216,4,158,0.024691358024691357,-7.911983308641974
309.99999999986306,6,156,0.037037037037037035,-11.867974962962963
319.99999999985397,7,155,0.043209876543209874,-13.845970790123458
329.9999999998449,7,155,0.043209876543209874,-13.845970790123458
339.9999999998358,6,156,0.037037037037037035,-11.867974962962963
349.9999999998267,7,155,0.043209876543209874,-13.845970790123458
359.9999999998176,3,159,0.018518518518518517,-5.9339874814814815
369.9999999998085,4,158,0.024691358024691357,-7.911983308641974
379.9999999997994,3,159,0.018518518518518517,-5.9339874814814815
389.9999999997903,4,158,0.024691358024691357,-7.911983308641974
399.9999999997812,3,159,0.018518518518518517,-5.9339874814814815
409.9999999997721,0,162,0.0,0.0
419.999999999763,3,159,0.018518518518518517,-5.9339874814814815
429.9999999997539,4,158,0.024691358024691357,-7.911983308641974
439.99999999974483,3,159,0.018518518518518517,-5.9339874814814815
449.99999999973573,2,160,0.012345679012345678,-3.955991654320987
459.99999999972664,5,157,0.030864197530864196,-9.889979135802468
469.99999999971755,2,160,0.012345679012345678,-3.955991654320987
479.99999999970845,5,157,0.030864197530864196,-9.889979135802468
489.99999999969936,6,156,0.037037037037037035,-11.867974962962963
499.99999999969026,8,154,0.04938271604938271,-15.823966617283949
509.99999999968117,6,156,0.037037037037037035,-11.867974962962963
519.9999999996721,3,159,0.018518518518518517,-5.9339874814814815
529.999999999663,4,158,0.024691358024691357,-7.911983308641974
539.9999999996539,4,158,0.024691358024691357,-7.911983308641974
549.9999999996448,4,158,0.024691358024691357,-7.911983308641974
559.9999999996357,3,159,0.018518518518518517,-5.9339874814814815
569.9999999996267,2,160,0.012345679012345678,-3.955991654320987
579.9999999996176,5,157,0.030864197530864196,-9.889979135802468
589.9999999996085,6,156,0.037037037037037035,-11.867974962962963
599.9999999995994,8,154,0.04938271604938271,-15.823966617283949
609.9999999995903,5,157,0.030864197530864196,-9.889979135802468
619.9999999995812,5,157,0.030864197530864196,-9.889979135802468
629.9999999995721,5,157,0.030864197530864196,-9.889979135802468
639.999999999563,6,156,0.037037037037037035,-11.867974962962963
649.9999999995539,3,159,0.018518518518518517,-5.9339874814814815
659.9999999995448,2,160,0.012345679012345678,-3.955991654320987
669.9999999995357,3,159,0.018518518518518517,-5.9339874814814815
679.9999999995266,3,159,0.018518518518518517,-5.9339874814814815
689.9999999995175,1,161,0.006172839506172839,-1.9779958271604936
699.9999999995084,7,155,0.043209876543209874,-13.845970790123458
709.9999999994993,4,158,0.024691358024691357,-7.911983308641974
719.9999999994902,4,158,0.024691358024691357,-7.911983308641974
729.9999999994811,2,160,0.012345679012345678,-3.955991654320987
739.999999999472,4,158,0.024691358024691357,-7.911983308641974
749.999999999463,4,158,0.024691358024691357,-7.911983308641974
759.9999999994538,3,159,0.018518518518518517,-5.9339874814814815
769.9999999994448,4,158,0.024691358024691357,-7.911983308641974
779.9999999994357,3,159,0.018518518518518517,-5.9339874814814815
789.9999999994266,3,159,0.018518518518518517,-5.9339874814814815
799.9999999994175,5,157,0.030864197530864196,-9.889979135802468
809.9999999994084,5,157,0.030864197530864196,-9.889979135802468
819.9999999993993,6,156,0.037037037037037035,-11.867974962962963
829.9999999993902,5,157,0.030864197530864196,-9.889979135802468
839.9999999993811,5,157,0.030864197530864196,-9.889979135802468
849.999999999372,5,157,0.030864197530864196,-9.889979135802468
859.9999999993629,6,156,0.037037037037037035,-11.867974962962963
869.9999999993538,6,156,0.037037037037037035,-11.867974962962963
879.9999999993447,4,158,0.024691358024691357,-7.911983308641974
889.9999999993356,6,156,0.037037037037037035,-11.867974962962963
899.9999999993265,4,158,0.024691358024691357,-7.911983308641974
909.9999999993174,5,157,0.030864197530864196,-9.889979135802468
919.9999999993083,2,160,0.012345679012345678,-3.955991654320987
929.9999999992992,5,157,0.030864197530864196,-9.889979135802468
939.9999999992901,4,158,0.024691358024691357,-7.911983308641974
949.999999999281,2,160,0.012345679012345678,-3.955991654320987
959.999999999272,3,159,0.018518518518518517,-5.9339874814814815
969.9999999992629,1,161,0.006172839506172839,-1.9779958271604936
979.9999999992538,3,159,0.018518518518518517,-5.9339874814814815
989.9999999992447,6,156,0.037037037037037035,-11.867974962962963
999.9999999992356,5,157,0.030864197530864196,-9.889979135802468
1009.9999999992265,6,156,0.037037037037037035,-11.867974962962963
1019.9999999992174,5,157,0.030864197530864196,-9.889979135802468
1029.9999999992083,1,161,0.006172839506172839,-1.9779958271604936
1039.9999999991992,7,155,0.043209876543209874,-13.845970790123458
1049.99999999919,2,160,0.012345679012345678,-3.955991654320987
1059.999999999181,1,161,0.006172839506172839,-1.9779958271604936
1069.999999999172,4,158,0.024691358024691357,-7.911983308641974
1079.9999999991628,3,159,0.018518518518518517,-5.9339874814814815
1089.9999999991537,4,158,0.024691358024691357,-7.911983308641974
1099.9999999991446,4,158,0.024691358024691357,-7.911983308641974
1109.9999999991355,4,158,0.024691358024691357,-7.911983308641974
1119.9999999991264,7,155,0.043209876543209874,-13.845970790123458
1129.9999999991173,3,159,0.018518518518518517,-5.9339874814814815
1139.9999999991082,4,158,0.024691358024691357,-7.911983308641974
1149.9999999990991,5,157,0.030864197530864196,-9.889979135802468
1159.99999999909,5,157,0.030864197530864196,-9.889979135802468
1169.999999999081,3,159,0.018518518518518517,-5.9339874814814815
1179.9999999990719,6,156,0.037037037037037035,-11.867974962962963
1189.9999999990628,4,158,0.024691358024691357,-7.911983308641974
1199.9999999990537,4,158,0.024691358024691357,-7.911983308641974
1209.9999999990446,6,156,0.037037037037037035,-11.867974962962963
1219.9999999990355,2,160,0.012345679012345678,-3.955991654320987
1229.9999999990264,2,160,0.012345679012345678,-3.955991654320987
1239.9999999990173,4,158,0.024691358024691357,-7.911983308641974
1249.9999999990082,6,156,0.037037037037037035,-11.867974962962963
1259.999999998999,5,157,0.030864197530864196,-9.889979135802468
1269.99999999899,5,157,0.030864197530864196,-9.889979135802468
1279.999999998981,4,158,0.024691358024691357,-7.911983308641974
1289.9999999989718,2,160,0.012345679012345678,-3.955991654320987
1299.9999999989627,3,159,0.018518518518518517,-5.9339874814814815
1309.9999999989536,1,161,0.006172839506172839,-1.9779958271604936
1319.9999999989445,2,160,0.012345679012345678,-3.955991654320987
1329.9999999989354,5,157,0.030864197530864196,-9.889979135802468
1339.9999999989263,3,159,0.018518518518518517,-5.9339874814814815
1349.9999999989172,1,161,0.006172839506172839,-1.9779958271604936
1359.9999999989082,6,156,0.037037037037037035,-11.867974962962963
1369.999999998899,1,161,0.006172839506172839,-1.9779958271604936
1379.99999999889,3,159,0.018518518518518517,-5.9339874814814815
1389.9999999988809,4,158,0.024691358024691357,-7.911983308641974
1399.9999999988718,2,160,0.012345679012345678,-3.955991654320987
1409.9999999988627,7,155,0.043209876543209874,-13.845970790123458
1419.9999999988536,4,158,0.024691358024691357,-7.911983308641974
1429.9999999988445,4,158,0.024691358024691357,-7.911983308641974
1439.9999999988354,4,158,0.024691358024691357,-7.911983308641974
1449.9999999988263,3,159,0.018518518518518517,-5.9339874814814815
1459.9999999988172,4,158,0.024691358024691357,-7.911983308641974
1469.999999998808,3,159,0.018518518518518517,-5.9339874814814815
1479.999999998799,2,160,0.012345679012345678,-3.955991654320987
1489.99999999879,5,157,0.030864197530864196,-9.889979135802468
1499.9999999987808,3,159,0.018518518518518517,-5.9339874814814815
1509.9999999987717,4,158,0.024691358024691357,-7.911983308641974
1519.9999999987626,7,155,0.043209876543209874,-13.845970790123458
1529.9999999987535,3,159,0.018518518518518517,-5.9339874814814815
1539.9999999987444,3,159,0.018518518518518517,-5.9339874814814815
1549.9999999987353,0,162,0.0,0.0
1559.9999999987263,2,160,0.012345679012345678,-3.955991654320987
1569.9999999987172,3,159,0.018518518518518517,-5.9339874814814815
1579.999999998708,4,158,0.024691358024691357,-7.911983308641974
1589.999999998699,3,159,0.018518518518518517,-5.9339874814814815
1599.9999999986899,3,159,0.018518518518518517,-5.9339874814814815
1609.9999999986808,4,158,0.024691358024691357,-7.911983308641974
1619.9999999986717,2,160,0.012345679012345678,-3.955991654320987
1629.9999999986626,1,161,0.006172839506172839,-1.9779958271604936
1639.9999999986535,4,158,0.024691358024691357,-7.911983308641974
1649.9999999986444,5,157,0.030864197530864196,-9.889979135802468
1659.9999999986353,3,159,0.018518518518518517,-5.9339874814814815
1669.9999999986262,5,157,0.030864197530864196,-9.889979135802468
1679.999999998617,6,156,0.037037037037037035,-11.867974962962963
1689.999999998608,5,157,0.030864197530864196,-9.889979135802468
1699.999999998599,4,158,0.024691358024691357,-7.911983308641974
1709.9999999985898,7,155,0.043209876543209874,-13.845970790123458
1719.9999999985807,5,157,0.030864197530864196,-9.889979135802468
1729.9999999985716,7,155,0.043209876543209874,-13.845970790123458
1739.9999999985625,3,159,0.018518518518518517,-5.9339874814814815
1749.9999999985534,5,157,0.030864197530864196,-9.889979135802468
1759.9999999985444,6,156,0.037037037037037035,-11.867974962962963
1769.9999999985353,3,159,0.018518518518518517,-5.9339874814814815
1779.9999999985262,5,157,0.030864197530864196,-9.889979135802468
1789.999999998517,3,159,0.018518518518518517,-5.9339874814814815
1799.999999998508,0,162,0.0,0.0
1809.9999999984989,2,160,0.012345679012345678,-3.955991654320987
1819.9999999984898,4,158,0.024691358024691357,-7.911983308641974
1829.9999999984807,2,160,0.012345679012345678,-3.955991654320987
1839.9999999984716,3,159,0.018518518518518517,-5.9339874814814815
1849.9999999984625,3,159,0.018518518518518517,-5.9339874814814815
1859.9999999984534,4,158,0.024691358024691357,-7.911983308641974
1869.9999999984443,1,161,0.006172839506172839,-1.9779958271604936
1879.9999999984352,4,158,0.024691358024691357,-7.911983308641974
1889.9999999984261,3,159,0.018518518518518517,-5.9339874814814815
1899.999999998417,2,160,0.012345679012345678,-3.955991654320987
1909.999999998408,3,159,0.018518518518518517,-5.9339874814814815
1919.9999999983988,4,158,0.024691358024691357,-7.911983308641974
1929.9999999983897,2,160,0.012345679012345678,-3.955991654320987
1939.9999999983806,3,159,0.018518518518518517,-5.9339874814814815
1949.9999999983715,3,159,0.018518518518518517,-5.9339874814814815
1959.9999999983625,2,160,0.012345679012345678,-3.955991654320987
1969.9999999983534,4,158,0.024691358024691357,-7.911983308641974
1979.9999999983443,1,161,0.006172839506172839,-1.9779958271604936
1989.9999999983352,2,160,0.012345679012345678,-3.955991654320987
1999.999999998326,2,160,0.012345679012345678,-3.955991654320987
2009.999999998317,4,158,0.024691358024691357,-7.911983308641974
2019.9999999983079,3,159,0.018518518518518517,-5.9339874814814815
2029.9999999982988,0,162,0.0,0.0
2039.9999999982897,2,160,0.012345679012345678,-3.955991654320987
2049.999999998326,4,158,0.024691358024691357,-7.911983308641974
2059.9999999985444,4,158,0.024691358024691357,-7.911983308641974
2069.9999999987626,2,160,0.012345679012345678,-3.955991654320987
2079.999999998981,4,158,0.024691358024691357,-7.911983308641974
2089.999999999199,4,158,0.024691358024691357,-7.911983308641974
2099.9999999994175,3,159,0.018518518518518517,-5.9339874814814815
2109.9999999996357,6,156,0.037037037037037035,-11.867974962962963
2119.999999999854,4,158,0.024691358024691357,-7.911983308641974
2130.0000000000723,5,157,0.030864197530864196,-9.889979135802468
2140.0000000002906,3,159,0.018518518518518517,-5.9339874814814815
2150.000000000509,3,159,0.018518518518518517,-5.9339874814814815
2160.000000000727,2,160,0.012345679012345678,-3.955991654320987
2170.0000000009454,3,159,0.018518518518518517,-5.9339874814814815
2180.0000000011637,6,156,0.037037037037037035,-11.867974962962963
2190.000000001382,1,161,0.006172839506172839,-1.9779958271604936
2200.0000000016003,6,156,0.037037037037037035,-11.867974962962963
2210.0000000018185,0,162,0.0,0.0
2220.000000002037,1,161,0.006172839506172839,-1.9779958271604936
2230.000000002255,4,158,0.024691358024691357,-7.911983308641974
2240.0000000024734,3,159,0.018518518518518517,-5.9339874814814815
2250.0000000026916,1,161,0.006172839506172839,-1.9779958271604936
2260.00000000291,3,159,0.018518518518518517,-5.9339874814814815
2270.000000003128,2,160,0.012345679012345678,-3.955991654320987
2280.0000000033465,3,159,0.018518518518518517,-5.9339874814814815
2290.0000000035648,3,159,0.018518518518518517,-5.9339874814814815
2300.000000003783,3,159,0.018518518518518517,-5.9339874814814815
2310.0000000040013,2,160,0.012345679012345678,-3.955991654320987
2320.0000000042196,5,157,0.030864197530864196,-9.889979135802468
2330.000000004438,7,155,0.043209876543209874,-13.845970790123458
2340.000000004656,4,158,0.024691358024691357,-7.911983308641974
2350.0000000048744,4,158,0.024691358024691357,-7.911983308641974
2360.0000000050927,2,160,0.012345679012345678,-3.955991654320987
2370.000000005311,5,157,0.030864197530864196,-9.889979135802468
2380.0000000055293,6,156,0.037037037037037035,-11.867974962962963
2390.0000000057476,3,159,0.018518518518518517,-5.9339874814814815
2400.000000005966,7,155,0.043209876543209874,-13.845970790123458
2410.000000006184,5,157,0.030864197530864196,-9.889979135802468
2420.0000000064024,5,157,0.030864197530864196,-9.889979135802468
2430.0000000066207,5,157,0.030864197530864196,-9.889979135802468
2440.000000006839,7,155,0.043209876543209874,-13.845970790123458
2450.000000007057,6,156,0.037037037037037035,-11.867974962962963
2460.0000000072755,0,162,0.0,0.0
2470.000000007494,6,156,0.037037037037037035,-11.867974962962963
2480.000000007712,4,158,0.024691358024691357,-7.911983308641974
2490.0000000079303,2,160,0.012345679012345678,-3.955991654320987
2500.0000000081486,3,159,0.018518518518518517,-5.9339874814814815
2510.000000008367,3,159,0.018518518518518517,-5.9339874814814815
2520.000000008585,2,160,0.012345679012345678,-3.955991654320987
2530.0000000088035,3,159,0.018518518518518517,-5.9339874814814815
2540.0000000090217,2,160,0.012345679012345678,-3.955991654320987
2550.00000000924,4,158,0.024691358024691357,-7.911983308641974
2560.0000000094583,4,158,0.024691358024691357,-7.911983308641974
2570.0000000096766,5,157,0.030864197530864196,-9.889979135802468
2580.000000009895,3,159,0.018518518518518517,-5.9339874814814815
2590.000000010113,4,158,0.024691358024691357,-7.911983308641974
2600.0000000103314,6,156,0.037037037037037035,-11.867974962962963
2610.0000000105497,4,158,0.024691358024691357,-7.911983308641974
2620.000000010768,4,158,0.024691358024691357,-7.911983308641974
2630.0000000109862,4,158,0.024691358024691357,-7.911983308641974
2640.0000000112045,4,158,0.024691358024691357,-7.911983308641974
2650.000000011423,3,159,0.018518518518518517,-5.9339874814814815
2660.000000011641,4,158,0.024691358024691357,-7.911983308641974
2670.0000000118594,5,157,0.030864197530864196,-9.889979135802468
2680.0000000120776,3,159,0.018518518518518517,-5.9339874814814815
2690.000000012296,1,161,0.006172839506172839,-1.9779958271604936
2700.000000012514,3,159,0.018518518518518517,-5.9339874814814815
2710.0000000127325,2,160,0.012345679012345678,-3.955991654320987
2720.0000000129507,4,158,0.024691358024691357,-7.911983308641974
2730.000000013169,1,161,0.006172839506172839,-1.9779958271604936
2740.0000000133873,3,159,0.018518518518518517,-5.9339874814814815
2750.0000000136056,2,160,0.012345679012345678,-3.955991654320987
2760.000000013824,5,157,0.030864197530864196,-9.889979135802468
2770.000000014042,2,160,0.012345679012345678,-3.955991654320987
2780.0000000142604,2,160,0.012345679012345678,-3.955991654320987
2790.0000000144787,4,158,0.024691358024691357,-7.911983308641974
2800.000000014697,4,158,0.024691358024691357,-7.911983308641974
2810.0000000149153,2,160,0.012345679012345678,-3.955991654320987
2820.0000000151335,5,157,0.030864197530864196,-9.889979135802468
2830.000000015352,4,158,0.024691358024691357,-7.911983308641974
2840.00000001557,3,159,0.018518518518518517,-5.9339874814814815
2850.0000000157884,5,157,0.030864197530864196,-9.889979135802468
2860.0000000160067,5,157,0.030864197530864196,-9.889979135802468
2870.000000016225,3,159,0.018518518518518517,-5.9339874814814815
2880.000000016443,6,156,0.037037037037037035,-11.867974962962963
2890.0000000166615,8,154,0.04938271604938271,-15.823966617283949
2900.0000000168798,5,157,0.030864197530864196,-9.889979135802468
2910.000000017098,5,157,0.030864197530864196,-9.889979135802468
2920.0000000173163,3,159,0.018518518518518517,-5.9339874814814815
2930.0000000175346,6,156,0.037037037037037035,-11.867974962962963
2940.000000017753,5,157,0.030864197530864196,-9.889979135802468
2950.000000017971,3,159,0.018518518518518517,-5.9339874814814815
2960.0000000181894,8,154,0.04938271604938271,-15.823966617283949
2970.0000000184077,6,156,0.037037037037037035,-11.867974962962963
2980.000000018626,2,160,0.012345679012345678,-3.955991654320987
2990.0000000188443,3,159,0.018518518518518517,-5.9339874814814815
3000.0000000190626,4,158,0.024691358024691357,-7.911983308641974
3010.000000019281,3,159,0.018518518518518517,-5.9339874814814815
3020.000000019499,3,159,0.018518518518518517,-5.9339874814814815
3030.0000000197174,3,159,0.018518518518518517,-5.9339874814814815
3040.0000000199357,1,161,0.006172839506172839,-1.9779958271604936
3050.000000020154,3,159,0.018518518518518517,-5.9339874814814815
3060.000000020372,4,158,0.024691358024691357,-7.911983308641974
3070.0000000205905,1,161,0.006172839506172839,-1.9779958271604936
3080.000000020809,2,160,0.012345679012345678,-3.955991654320987
3090.000000021027,1,161,0.006172839506172839,-1.9779958271604936
3100.0000000212453,4,158,0.024691358024691357,-7.911983308641974
3110.0000000214636,3,159,0.018518518518518517,-5.9339874814814815
3120.000000021682,1,161,0.006172839506172839,-1.9779958271604936
3130.0000000219,3,159,0.018518518518518517,-5.9339874814814815
3140.0000000221185,3,159,0.018518518518518517,-5.9339874814814815
3150.0000000223367,2,160,0.012345679012345678,-3.955991654320987
3160.000000022555,4,158,0.024691358024691357,-7.911983308641974
3170.0000000227733,5,157,0.030864197530864196,-9.889979135802468
3180.0000000229916,4,158,0.024691358024691357,-7.911983308641974
3190.00000002321,4,158,0.024691358024691357,-7.911983308641974
3200.000000023428,2,160,0.012345679012345678,-3.955991654320987
3210.0000000236464,3,159,0.018518518518518517,-5.9339874814814815
3220.0000000238647,4,158,0.024691358024691357,-7.911983308641974
3230.000000024083,3,159,0.018518518518518517,-5.9339874814814815
3240.0000000243012,2,160,0.012345679012345678,-3.955991654320987
3250.0000000245195,4,158,0.024691358024691357,-7.911983308641974
3260.000000024738,5,157,0.030864197530864196,-9.889979135802468
3270.000000024956,6,156,0.037037037037037035,-11.867974962962963
3280.0000000251744,5,157,0.030864197530864196,-9.889979135802468
3290.0000000253926,2,160,0.012345679012345678,-3.955991654320987
3300.000000025611,6,156,0.037037037037037035,-11.867974962962963
3310.000000025829,3,159,0.018518518518518517,-5.9339874814814815
3320.0000000260475,3,159,0.018518518518518517,-5.9339874814814815
3330.0000000262658,2,160,0.012345679012345678,-3.955991654320987
3340.000000026484,2,160,0.012345679012345678,-3.955991654320987
3350.0000000267023,1,161,0.006172839506172839,-1.9779958271604936
3360.0000000269206,4,158,0.024691358024691357,-7.911983308641974
3370.000000027139,2,160,0.012345679012345678,-3.955991654320987
3380.000000027357,7,155,0.043209876543209874,-13.845970790123458
3390.0000000275754,2,160,0.012345679012345678,-3.955991654320987
3400.0000000277937,3,159,0.018518518518518517,-5.9339874814814815
3410.000000028012,2,160,0.012345679012345678,-3.955991654320987
3420.0000000282303,2,160,0.012345679012345678,-3.955991654320987
3430.0000000284485,2,160,0.012345679012345678,-3.955991654320987
3440.000000028667,2,160,0.012345679012345678,-3.955991654320987
3450.000000028885,4,158,0.024691358024691357,-7.911983308641974
3460.0000000291034,4,158,0.024691358024691357,-7.911983308641974
3470.0000000293217,3,159,0.018518518518518517,-5.9339874814814815
3480.00000002954,4,158,0.024691358024691357,-7.911983308641974
3490.000000029758,2,160,0.012345679012345678,-3.955991654320987
3500.0000000299765,4,158,0.024691358024691357,-7.911983308641974
3510.0000000301948,4,158,0.024691358024691357,-7.911983308641974
3520.000000030413,1,161,0.006172839506172839,-1.9779958271604936
3530.0000000306313,1,161,0.006172839506172839,-1.9779958271604936
3540.0000000308496,2,160,0.012345679012345678,-3.955991654320987
3550.000000031068,3,159,0.018518518518518517,-5.9339874814814815
3560.000000031286,2,160,0.012345679012345678,-3.955991654320987
3570.0000000315044,2,160,0.012345679012345678,-3.955991654320987
3580.0000000317227,1,161,0.006172839506172839,-1.9779958271604936
3590.000000031941,4,158,0.024691358024691357,-7.911983308641974
3600.0000000321593,2,160,0.012345679012345678,-3.955991654320987
3610.0000000323776,4,158,0.024691358024691357,-7.911983308641974
3620.000000032596,3,159,0.018518518518518517,-5.9339874814814815
3630.000000032814,3,159,0.018518518518518517,-5.9339874814814815
3640.0000000330324,4,158,0.024691358024691357,-7.911983308641974
3650.0000000332507,4,158,0.024691358024691357,-7.911983308641974
3660.000000033469,2,160,0.012345679012345678,-3.955991654320987
3670.0000000336872,4,158,0.024691358024691357,-7.911983308641974
3680.0000000339055,3,159,0.018518518518518517,-5.9339874814814815
3690.000000034124,5,157,0.030864197530864196,-9.889979135802468
3700.000000034342,6,156,0.037037037037037035,-11.867974962962963
3710.0000000345603,4,158,0.024691358024691357,-7.911983308641974
3720.0000000347786,4,158,0.024691358024691357,-7.911983308641974
3730.000000034997,2,160,0.012345679012345678,-3.955991654320987
3740.000000035215,4,158,0.024691358024691357,-7.911983308641974
3750.0000000354335,4,158,0.024691358024691357,-7.911983308641974
3760.0000000356517,3,159,0.018518518518518517,-5.9339874814814815
3770.00000003587,4,158,0.024691358024691357,-7.911983308641974
3780.0000000360883,6,156,0.037037037037037035,-11.867974962962963
3790.0000000363066,2,160,0.012345679012345678,-3.955991654320987
3800.000000036525,4,158,0.024691358024691357,-7.911983308641974
3810.000000036743,1,161,0.006172839506172839,-1.9779958271604936
3820.0000000369614,3,159,0.018518518518518517,-5.9339874814814815
3830.0000000371797,2,160,0.012345679012345678,-3.955991654320987
3840.000000037398,3,159,0.018518518518518517,-5.9339874814814815
3850.0000000376162,3,159,0.018518518518518517,-5.9339874814814815
3860.0000000378345,4,158,0.024691358024691357,-7.911983308641974
3870.000000038053,3,159,0.018518518518518517,-5.9339874814814815
3880.000000038271,4,158,0.024691358024691357,-7.911983308641974
3890.0000000384894,7,155,0.043209876543209874,-13.845970790123458
3900.0000000387076,3,159,0.018518518518518517,-5.9339874814814815
3910.000000038926,0,162,0.0,0.0
3920.000000039144,2,160,0.012345679012345678,-3.955991654320987
3930.0000000393625,2,160,0.012345679012345678,-3.955991654320987
3940.0000000395808,5,157,0.030864197530864196,-9.889979135802468
3950.000000039799,2,160,0.012345679012345678,-3.955991654320987
3960.0000000400173,3,159,0.018518518518518517,-5.9339874814814815
3970.0000000402356,2,160,0.012345679012345678,-3.955991654320987
3980.000000040454,4,158,0.024691358024691357,-7.911983308641974
3990.000000040672,4,158,0.024691358024691357,-7.911983308641974
4000.0000000408904,6,156,0.037037037037037035,-11.867974962962963
4010.0000000411087,1,161,0.006172839506172839,-1.9779958271604936
4020.000000041327,5,157,0.030864197530864196,-9.889979135802468
4030.0000000415453,5,157,0.030864197530864196,-9.889979135802468
4040.0000000417635,2,160,0.012345679012345678,-3.955991654320987
4050.000000041982,6,156,0.037037037037037035,-11.867974962962963
4060.0000000422,3,159,0.018518518518518517,-5.9339874814814815
4070.0000000424184,3,159,0.018518518518518517,-5.9339874814814815
4080.0000000426367,5,157,0.030864197530864196,-9.889979135802468
4090.000000042855,2,160,0.012345679012345678,-3.955991654320987
4100.000000043073,3,159,0.018518518518518517,-5.9339874814814815
4110.000000043291,5,157,0.030864197530864196,-9.889979135802468
4120.000000043509,5,157,0.030864197530864196,-9.889979135802468
4130.000000043728,2,160,0.012345679012345678,-3.955991654320987
4140.000000043946,2,160,0.012345679012345678,-3.955991654320987
4150.000000044164,2,160,0.012345679012345678,-3.955991654320987
4160.000000044382,2,160,0.012345679012345678,-3.955991654320987
4170.000000044601,3,159,0.018518518518518517,-5.9339874814814815
4180.000000044819,4,158,0.024691358024691357,-7.911983308641974
4190.000000045037,4,158,0.024691358024691357,-7.911983308641974
4200.000000045256,6,156,0.037037037037037035,-11.867974962962963
4210.000000045474,3,159,0.018518518518518517,-5.9339874814814815
4220.000000045692,2,160,0.012345679012345678,-3.955991654320987
4230.00000004591,6,156,0.037037037037037035,-11.867974962962963
4240.000000046129,7,155,0.043209876543209874,-13.845970790123458
4250.000000046347,4,158,0.024691358024691357,-7.911983308641974
4260.000000046565,3,159,0.018518518518518517,-5.9339874814814815
4270.0000000467835,3,159,0.018518518518518517,-5.9339874814814815
4280.000000047002,1,161,0.006172839506172839,-1.9779958271604936
4290.00000004722,3,159,0.018518518518518517,-5.9339874814814815
4300.000000047438,2,160,0.012345679012345678,-3.955991654320987
4310.000000047657,4,158,0.024691358024691357,-7.911983308641974
4320.000000047875,4,158,0.024691358024691357,-7.911983308641974
4330.000000048093,4,158,0.024691358024691357,-7.911983308641974
4340.000000048311,3,159,0.018518518518518517,-5.9339874814814815
4350.00000004853,1,161,0.006172839506172839,-1.9779958271604936
4360.000000048748,1,161,0.006172839506172839,-1.9779958271604936
4370.000000048966,6,156,0.037037037037037035,-11.867974962962963
4380.000000049185,1,161,0.006172839506172839,-1.9779958271604936
4390.000000049403,2,160,0.012345679012345678,-3.955991654320987
4400.000000049621,3,159,0.018518518518518517,-5.9339874814814815
4410.000000049839,4,158,0.024691358024691357,-7.911983308641974
4420.000000050058,2,160,0.012345679012345678,-3.955991654320987
4430.000000050276,3,159,0.018518518518518517,-5.9339874814814815
4440.000000050494,5,157,0.030864197530864196,-9.889979135802468
4450.0000000507125,4,158,0.024691358024691357,-7.911983308641974
4460.000000050931,4,158,0.024691358024691357,-7.911983308641974
4470.000000051149,5,157,0.030864197530864196,-9.889979135802468
4480.000000051367,3,159,0.018518518518518517,-5.9339874814814815
4490.000000051586,6,156,0.037037037037037035,-11.867974962962963
4500.000000051804,3,159,0.018518518518518517,-5.9339874814814815
4510.000000052022,6,156,0.037037037037037035,-11.867974962962963
4520.0000000522405,2,160,0.012345679012345678,-3.955991654320987
4530.000000052459,2,160,0.012345679012345678,-3.955991654320987
4540.000000052677,4,158,0.024691358024691357,-7.911983308641974
4550.000000052895,2,160,0.012345679012345678,-3.955991654320987
4560.000000053114,0,162,0.0,0.0
4570.000000053332,4,158,0.024691358024691357,-7.911983308641974
4580.00000005355,3,159,0.018518518518518517,-5.9339874814814815
4590.000000053768,4,158,0.024691358024691357,-7.911983308641974
4600.000000053987,1,161,0.006172839506172839,-1.9779958271604936
4610.000000054205,3,159,0.018518518518518517,-5.9339874814814815
4620.000000054423,3,159,0.018518518518518517,-5.9339874814814815
4630.0000000546415,1,161,0.006172839506172839,-1.9779958271604936
4640.00000005486,1,161,0.006172839506172839,-1.9779958271604936
4650.000000055078,2,160,0.012345679012345678,-3.955991654320987
4660.000000055296,4,158,0.024691358024691357,-7.911983308641974
4670.000000055515,4,158,0.024691358024691357,-7.911983308641974
4680.000000055733,2,160,0.012345679012345678,-3.955991654320987
4690.000000055951,2,160,0.012345679012345678,-3.955991654320987
4700.0000000561695,2,160,0.012345679012345678,-3.955991654320987
4710.000000056388,1,161,0.006172839506172839,-1.9779958271604936
4720.000000056606,2,160,0.012345679012345678,-3.955991654320987
4730.000000056824,2,160,0.012345679012345678,-3.955991654320987
4740.000000057043,2,160,0.012345679012345678,-3.955991654320987
4750.000000057261,1,161,0.006172839506172839,-1.9779958271604936
4760.000000057479,2,160,0.012345679012345678,-3.955991654320987
4770.000000057697,3,159,0.018518518518518517,-5.9339874814814815
4780.000000057916,2,160,0.012345679012345678,-3.955991654320987
4790.000000058134,3,159,0.018518518518518517,-5.9339874814814815
4800.000000058352,1,161,0.006172839506172839,-1.9779958271604936
4810.000000058571,2,160,0.012345679012345678,-3.955991654320987
4820.000000058789,3,159,0.018518518518518517,-5.9339874814814815
4830.000000059007,1,161,0.006172839506172839,-1.9779958271604936
4840.000000059225,4,158,0.024691358024691357,-7.911983308641974
4850.000000059444,6,156,0.037037037037037035,-11.867974962962963
4860.000000059662,6,156,0.037037037037037035,-11.867974962962963
4870.00000005988,7,155,0.043209876543209874,-13.845970790123458
4880.0000000600985,3,159,0.018518518518518517,-5.9339874814814815
4890.000000060317,4,158,0.024691358024691357,-7.911983308641974
4900.000000060535,2,160,0.012345679012345678,-3.955991654320987
4910.000000060753,3,159,0.018518518518518517,-5.9339874814814815
4920.000000060972,4,158,0.024691358024691357,-7.911983308641974
4930.00000006119,3,159,0.018518518518518517,-5.9339874814814815
4940.000000061408,3,159,0.018518518518518517,-5.9339874814814815
4950.000000061626,4,158,0.024691358024691357,-7.911983308641974
4960.000000061845,3,159,0.018518518518518517,-5.9339874814814815
4970.000000062063,6,156,0.037037037037037035,-11.867974962962963
4980.000000062281,4,158,0.024691358024691357,-7.911983308641974
4990.0000000625,3,159,0.018518518518518517,-5.9339874814814815
5000.000000062718,4,158,0.024691358024691357,-7.911983308641974
5010.000000062936,4,158,0.024691358024691357,-7.911983308641974
5020.000000063154,2,160,0.012345679012345678,-3.955991654320987
5030.000000063373,0,162,0.0,0.0
5040.000000063591,3,159,0.018518518518518517,-5.9339874814814815
5050.000000063809,4,158,0.024691358024691357,-7.911983308641974
5060.0000000640275,5,157,0.030864197530864196,-9.889979135802468
5070.000000064246,4,158,0.024691358024691357,-7.911983308641974
5080.000000064464,4,158,0.024691358024691357,-7.911983308641974
5090.000000064682,1,161,0.006172839506172839,-1.9779958271604936
5100.000000064901,5,157,0.030864197530864196,-9.889979135802468
5110.000000065119,4,158,0.024691358024691357,-7.911983308641974
5120.000000065337,3,159,0.018518518518518517,-5.9339874814814815
5130.0000000655555,3,159,0.018518518518518517,-5.9339874814814815
5140.000000065774,6,156,0.037037037037037035,-11.867974962962963
5150.000000065992,3,159,0.018518518518518517,-5.9339874814814815
5160.00000006621,4,158,0.024691358024691357,-7.911983308641974
5170.000000066429,4,158,0.024691358024691357,-7.911983308641974
5180.000000066647,4,158,0.024691358024691357,-7.911983308641974
5190.000000066865,3,159,0.018518518518518517,-5.9339874814814815
5200.000000067083,2,160,0.012345679012345678,-3.955991654320987
5210.000000067302,2,160,0.012345679012345678,-3.955991654320987
5220.00000006752,4,158,0.024691358024691357,-7.911983308641974
5230.000000067738,4,158,0.024691358024691357,-7.911983308641974
5240.0000000679565,4,158,0.024691358024691357,-7.911983308641974
5250.000000068175,1,161,0.006172839506172839,-1.9779958271604936
5260.000000068393,3,159,0.018518518518518517,-5.9339874814814815
5270.000000068611,2,160,0.012345679012345678,-3.955991654320987
5280.00000006883,1,161,0.006172839506172839,-1.9779958271604936
5290.000000069048,2,160,0.012345679012345678,-3.955991654320987
5300.000000069266,3,159,0.018518518518518517,-5.9339874814814815
5310.0000000694845,3,159,0.018518518518518517,-5.9339874814814815
5320.000000069703,5,157,0.030864197530864196,-9.889979135802468
5330.000000069921,3,159,0.018518518518518517,-5.9339874814814815
5340.000000070139,4,158,0.024691358024691357,-7.911983308641974
5350.000000070358,4,158,0.024691358024691357,-7.911983308641974
5360.000000070576,2,160,0.012345679012345678,-3.955991654320987
5370.000000070794,1,161,0.006172839506172839,-1.9779958271604936
5380.000000071012,2,160,0.012345679012345678,-3.955991654320987
5390.000000071231,6,156,0.037037037037037035,-11.867974962962963
5400.000000071449,5,157,0.030864197530864196,-9.889979135802468
5410.000000071667,4,158,0.024691358024691357,-7.911983308641974
5420.000000071886,4,158,0.024691358024691357,-7.911983308641974
5430.000000072104,3,159,0.018518518518518517,-5.9339874814814815
5440.000000072322,3,159,0.018518518518518517,-5.9339874814814815
5450.00000007254,3,159,0.018518518518518517,-5.9339874814814815
5460.000000072759,2,160,0.012345679012345678,-3.955991654320987
5470.000000072977,2,160,0.012345679012345678,-3.955991654320987
5480.000000073195,4,158,0.024691358024691357,-7.911983308641974
5490.0000000734135,2,160,0.012345679012345678,-3.955991654320987
5500.000000073632,3,159,0.018518518518518517,-5.9339874814814815
5510.00000007385,5,157,0.030864197530864196,-9.889979135802468
5520.000000074068,5,157,0.030864197530864196,-9.889979135802468
5530.000000074287,5,157,0.030864197530864196,-9.889979135802468
5540.000000074505,1,161,0.006172839506172839,-1.9779958271604936
5550.000000074723,4,158,0.024691358024691357,-7.911983308641974
5560.000000074941,3,159,0.018518518518518517,-5.9339874814814815
5570.00000007516,2,160,0.012345679012345678,-3.955991654320987
5580.000000075378,5,157,0.030864197530864196,-9.889979135802468
5590.000000075596,1,161,0.006172839506172839,-1.9779958271604936
5600.000000075815,4,158,0.024691358024691357,-7.911983308641974
5610.000000076033,3,159,0.018518518518518517,-5.9339874814814815
5620.000000076251,4,158,0.024691358024691357,-7.911983308641974
5630.000000076469,3,159,0.018518518518518517,-5.9339874814814815
5640.000000076688,5,157,0.030864197530864196,-9.889979135802468
5650.000000076906,5,157,0.030864197530864196,-9.889979135802468
5660.000000077124,4,158,0.024691358024691357,-7.911983308641974
5670.0000000773425,5,157,0.030864197530864196,-9.889979135802468
5680.000000077561,3,159,0.018518518518518517,-5.9339874814814815
5690.000000077779,3,159,0.018518518518518517,-5.9339874814814815
5700.000000077997,5,157,0.030864197530864196,-9.889979135802468
5710.000000078216,4,158,0.024691358024691357,-7.911983308641974
5720.000000078434,6,156,0.037037037037037035,-11.867974962962963
5730.000000078652,4,158,0.024691358024691357,-7.911983308641974
5740.0000000788705,4,158,0.024691358024691357,-7.911983308641974
5750.000000079089,2,160,0.012345679012345678,-3.955991654320987
5760.000000079307,2,160,0.012345679012345678,-3.955991654320987
5770.000000079525,3,159,0.018518518518518517,-5.9339874814814815
5780.000000079744,3,159,0.018518518518518517,-5.9339874814814815
5790.000000079962,3,159,0.018518518518518517,-5.9339874814814815
5800.00000008018,4,158,0.024691358024691357,-7.911983308641974
5810.000000080398,6,156,0.037037037037037035,-11.867974962962963
5820.000000080617,3,159,0.018518518518518517,-5.9339874814814815
5830.000000080835,5,157,0.030864197530864196,-9.889979135802468
5840.000000081053,7,155,0.043209876543209874,-13.845970790123458
5850.0000000812715,3,159,0.018518518518518517,-5.9339874814814815
5860.00000008149,1,161,0.006172839506172839,-1.9779958271604936
5870.000000081708,3,159,0.018518518518518517,-5.9339874814814815
5880.000000081926,1,161,0.006172839506172839,-1.9779958271604936
5890.000000082145,4,158,0.024691358024691357,-7.911983308641974
5900.000000082363,3,159,0.018518518518518517,-5.9339874814814815
5910.000000082581,3,159,0.018518518518518517,-5.9339874814814815
5920.0000000827995,6,156,0.037037037037037035,-11.867974962962963
5930.000000083018,4,158,0.024691358024691357,-7.911983308641974
5940.000000083236,6,156,0.037037037037037035,-11.867974962962963
5950.000000083454,4,158,0.024691358024691357,-7.911983308641974
5960.000000083673,1,161,0.006172839506172839,-1.9779958271604936
5970.000000083891,4,158,0.024691358024691357,-7.911983308641974
5980.000000084109,2,160,0.012345679012345678,-3.955991654320987
5990.000000084327,4,158,0.024691358024691357,-7.911983308641974
6000.000000084546,0,162,0.0,0.0
6010.000000084764,2,160,0.012345679012345678,-3.955991654320987
6020.000000084982,2,160,0.012345679012345678,-3.955991654320987
6030.000000085201,4,158,0.024691358024691357,-7.911983308641974
6040.000000085419,3,159,0.018518518518518517,-5.9339874814814815
6050.000000085637,3,159,0.018518518518518517,-5.9339874814814815
6060.000000085855,3,159,0.018518518518518517,-5.9339874814814815
6070.000000086074,3,159,0.018518518518518517,-5.9339874814814815
6080.000000086292,1,161,0.006172839506172839,-1.9779958271604936
6090.00000008651,1,161,0.006172839506172839,-1.9779958271604936
6100.0000000867285,3,159,0.018518518518518517,-5.9339874814814815
6110.000000086947,3,159,0.018518518518518517,-5.9339874814814815
6120.000000087165,4,158,0.024691358024691357,-7.911983308641974
6130.000000087383,1,161,0.006172839506172839,-1.9779958271604936
6140.000000087602,2,160,0.012345679012345678,-3.955991654320987
6150.00000008782,3,159,0.018518518518518517,-5.9339874814814815
6160.000000088038,2,160,0.012345679012345678,-3.955991654320987
6170.0000000882565,5,157,0.030864197530864196,-9.889979135802468
6180.000000088475,2,160,0.012345679012345678,-3.955991654320987
6190.000000088693,2,160,0.012345679012345678,-3.955991654320987
6200.000000088911,1,161,0.006172839506172839,-1.9779958271604936
6210.00000008913,3,159,0.018518518518518517,-5.9339874814814815
6220.000000089348,0,162,0.0,0.0
6230.000000089566,3,159,0.018518518518518517,-5.9339874814814815
6240.000000089784,3,159,0.018518518518518517,-5.9339874814814815
6250.000000090003,1,161,0.006172839506172839,-1.9779958271604936
6260.000000090221,3,159,0.018518518518518517,-5.9339874814814815
6270.000000090439,3,159,0.018518518518518517,-5.9339874814814815
6280.0000000906575,6,156,0.037037037037037035,-11.867974962962963
6290.000000090876,3,159,0.018518518518518517,-5.9339874814814815
6300.000000091094,2,160,0.012345679012345678,-3.955991654320987
6310.000000091312,1,161,0.006172839506172839,-1.9779958271604936
6320.000000091531,2,160,0.012345679012345678,-3.955991654320987
6330.000000091749,2,160,0.012345679012345678,-3.955991654320987
6340.000000091967,2,160,0.012345679012345678,-3.955991654320987
6350.0000000921855,4,158,0.024691358024691357,-7.911983308641974
6360.000000092404,3,159,0.018518518518518517,-5.9339874814814815
6370.000000092622,4,158,0.024691358024691357,-7.911983308641974
6380.00000009284,4,158,0.024691358024691357,-7.911983308641974
6390.000000093059,3,159,0.018518518518518517,-5.9339874814814815
6400.000000093277,4,158,0.024691358024691357,-7.911983308641974
6410.000000093495,2,160,0.012345679012345678,-3.955991654320987
6420.000000093713,1,161,0.006172839506172839,-1.9779958271604936
6430.000000093932,2,160,0.012345679012345678,-3.955991654320987
6440.00000009415,2,160,0.012345679012345678,-3.955991654320987
6450.000000094368,0,162,0.0,0.0
6460.0000000945865,3,159,0.018518518518518517,-5.9339874814814815
6470.000000094805,3,159,0.018518518518518517,-5.9339874814814815
6480.000000095023,3,159,0.018518518518518517,-5.9339874814814815
6490.000000095241,3,159,0.018518518518518517,-5.9339874814814815
6500.00000009546,3,159,0.018518518518518517,-5.9339874814814815
6510.000000095678,3,159,0.018518518518518517,-5.9339874814814815
6520.000000095896,4,158,0.024691358024691357,-7.911983308641974
6530.0000000961145,4,158,0.024691358024691357,-7.911983308641974
6540.000000096333,2,160,0.012345679012345678,-3.955991654320987
6550.000000096551,3,159,0.018518518518518517,-5.9339874814814815
6560.000000096769,3,159,0.018518518518518517,-5.9339874814814815
6570.000000096988,2,160,0.012345679012345678,-3.955991654320987
6580.000000097206,2,160,0.012345679012345678,-3.955991654320987
6590.000000097424,4,158,0.024691358024691357,-7.911983308641974
6600.000000097642,1,161,0.006172839506172839,-1.9779958271604936
6610.000000097861,3,159,0.018518518518518517,-5.9339874814814815
6620.000000098079,1,161,0.006172839506172839,-1.9779958271604936
6630.000000098297,3,159,0.018518518518518517,-5.9339874814814815
6640.000000098516,2,160,0.012345679012345678,-3.955991654320987
6650.000000098734,1,161,0.006172839506172839,-1.9779958271604936
6660.000000098952,2,160,0.012345679012345678,-3.955991654320987
6670.00000009917,3,159,0.018518518518518517,-5.9339874814814815
6680.000000099389,2,160,0.012345679012345678,-3.955991654320987
6690.000000099607,2,160,0.012345679012345678,-3.955991654320987
6700.000000099825,3,159,0.018518518518518517,-5.9339874814814815
6710.0000001000435,5,157,0.030864197530864196,-9.889979135802468
6720.000000100262,3,159,0.018518518518518517,-5.9339874814814815
6730.00000010048,4,158,0.024691358024691357,-7.911983308641974
6740.000000100698,3,159,0.018518518518518517,-5.9339874814814815
6750.000000100917,3,159,0.018518518518518517,-5.9339874814814815
6760.000000101135,7,155,0.043209876543209874,-13.845970790123458
6770.000000101353,7,155,0.043209876543209874,-13.845970790123458
6780.0000001015715,4,158,0.024691358024691357,-7.911983308641974
6790.00000010179,5,157,0.030864197530864196,-9.889979135802468
6800.000000102008,5,157,0.030864197530864196,-9.889979135802468
6810.000000102226,4,158,0.024691358024691357,-7.911983308641974
6820.000000102445,2,160,0.012345679012345678,-3.955991654320987
6830.000000102663,7,155,0.043209876543209874,-13.845970790123458
6840.000000102881,4,158,0.024691358024691357,-7.911983308641974
6850.000000103099,6,156,0.037037037037037035,-11.867974962962963
6860.000000103318,2,160,0.012345679012345678,-3.955991654320987
6870.000000103536,4,158,0.024691358024691357,-7.911983308641974
6880.000000103754,4,158,0.024691358024691357,-7.911983308641974
6890.0000001039725,3,159,0.018518518518518517,-5.9339874814814815
6900.000000104191,2,160,0.012345679012345678,-3.955991654320987
6910.000000104409,4,158,0.024691358024691357,-7.911983308641974
6920.000000104627,5,157,0.030864197530864196,-9.889979135802468
6930.000000104846,2,160,0.012345679012345678,-3.955991654320987
6940.000000105064,3,159,0.018518518518518517,-5.9339874814814815
6950.000000105282,3,159,0.018518518518518517,-5.9339874814814815
6960.0000001055005,4,158,0.024691358024691357,-7.911983308641974
6970.000000105719,5,157,0.030864197530864196,-9.889979135802468
6980.000000105937,7,155,0.043209876543209874,-13.845970790123458
6990.000000106155,4,158,0.024691358024691357,-7.911983308641974
7000.000000106374,0,162,0.0,0.0
7010.000000106592,3,159,0.018518518518518517,-5.9339874814814815
7020.00000010681,3,159,0.018518518518518517,-5.9339874814814815
7030.000000107028,2,160,0.012345679012345678,-3.955991654320987
7040.000000107247,4,158,0.024691358024691357,-7.911983308641974
7050.000000107465,4,158,0.024691358024691357,-7.911983308641974
7060.000000107683,3,159,0.018518518518518517,-5.9339874814814815
7070.0000001079015,2,160,0.012345679012345678,-3.955991654320987
7080.00000010812,7,155,0.043209876543209874,-13.845970790123458
7090.000000108338,3,159,0.018518518518518517,-5.9339874814814815
7100.000000108556,5,157,0.030864197530864196,-9.889979135802468
7110.000000108775,2,160,0.012345679012345678,-3.955991654320987
7120.000000108993,4,158,0.024691358024691357,-7.911983308641974
7130.000000109211,4,158,0.024691358024691357,-7.911983308641974
7140.0000001094295,1,161,0.006172839506172839,-1.9779958271604936
7150.000000109648,2,160,0.012345679012345678,-3.955991654320987
7160.000000109866,2,160,0.012345679012345678,-3.955991654320987
7170.000000110084,5,157,0.030864197530864196,-9.889979135802468
7180.000000110303,4,158,0.024691358024691357,-7.911983308641974
7190.000000110521,1,161,0.006172839506172839,-1.9779958271604936
7200.000000110739,3,159,0.018518518518518517,-5.9339874814814815
7210.000000110957,5,157,0.030864197530864196,-9.889979135802468
7220.000000111176,6,156,0.037037037037037035,-11.867974962962963
7230.000000111394,6,156,0.037037037037037035,-11.867974962962963
7240.000000111612,4,158,0.024691358024691357,-7.911983308641974
7250.000000111831,3,159,0.018518518518518517,-5.9339874814814815
7260.000000112049,5,157,0.030864197530864196,-9.889979135802468
7270.000000112267,4,158,0.024691358024691357,-7.911983308641974
7280.000000112485,2,160,0.012345679012345678,-3.955991654320987
7290.000000112704,3,159,0.018518518518518517,-5.9339874814814815
7300.000000112922,4,158,0.024691358024691357,-7.911983308641974
7310.00000011314,3,159,0.018518518518518517,-5.9339874814814815
7320.0000001133585,2,160,0.012345679012345678,-3.955991654320987
7330.000000113577,4,158,0.024691358024691357,-7.911983308641974
7340.000000113795,4,158,0.024691358024691357,-7.911983308641974
7350.000000114013,5,157,0.030864197530864196,-9.889979135802468
7360.000000114232,3,159,0.018518518518518517,-5.9339874814814815
7370.00000011445,2,160,0.012345679012345678,-3.955991654320987
7380.000000114668,1,161,0.006172839506172839,-1.9779958271604936
7390.0000001148865,4,158,0.024691358024691357,-7.911983308641974
7400.000000115105,2,160,0.012345679012345678,-3.955991654320987
7410.000000115323,2,160,0.012345679012345678,-3.955991654320987
7420.000000115541,2,160,0.012345679012345678,-3.955991654320987
7430.00000011576,3,159,0.018518518518518517,-5.9339874814814815
7440.000000115978,3,159,0.018518518518518517,-5.9339874814814815
7450.000000116196,3,159,0.018518518518518517,-5.9339874814814815
7460.000000116414,1,161,0.006172839506172839,-1.9779958271604936
7470.000000116633,4,158,0.024691358024691357,-7.911983308641974
7480.000000116851,3,159,0.018518518518518517,-5.9339874814814815
7490.000000117069,2,160,0.012345679012345678,-3.955991654320987
7500.0000001172875,2,160,0.012345679012345678,-3.955991654320987
7510.000000117506,3,159,0.018518518518518517,-5.9339874814814815
7520.000000117724,6,156,0.037037037037037035,-11.867974962962963
7530.000000117942,4,158,0.024691358024691357,-7.911983308641974
7540.000000118161,5,157,0.030864197530864196,-9.889979135802468
7550.000000118379,4,158,0.024691358024691357,-7.911983308641974
7560.000000118597,2,160,0.012345679012345678,-3.955991654320987
7570.0000001188155,3,159,0.018518518518518517,-5.9339874814814815
7580.000000119034,4,158,0.024691358024691357,-7.911983308641974
7590.000000119252,4,158,0.024691358024691357,-7.911983308641974
7600.00000011947,0,162,0.0,0.0
7610.000000119689,2,160,0.012345679012345678,-3.955991654320987
7620.000000119907,2,160,0.012345679012345678,-3.955991654320987
7630.000000120125,1,161,0.006172839506172839,-1.9779958271604936
7640.000000120343,5,157,0.030864197530864196,-9.889979135802468
7650.000000120562,3,159,0.018518518518518517,-5.9339874814814815
7660.00000012078,3,159,0.018518518518518517,-5.9339874814814815
7670.000000120998,3,159,0.018518518518518517,-5.9339874814814815
7680.0000001212165,3,159,0.018518518518518517,-5.9339874814814815
7690.000000121435,2,160,0.012345679012345678,-3.955991654320987
7700.000000121653,6,156,0.037037037037037035,-11.867974962962963
7710.000000121871,3,159,0.018518518518518517,-5.9339874814814815
7720.00000012209,2,160,0.012345679012345678,-3.955991654320987
7730.000000122308,4,158,0.024691358024691357,-7.911983308641974
7740.000000122526,4,158,0.024691358024691357,-7.911983308641974
7750.0000001227445,1,161,0.006172839506172839,-1.9779958271604936
7760.000000122963,1,161,0.006172839506172839,-1.9779958271604936
7770.000000123181,3,159,0.018518518518518517,-5.9339874814814815
7780.000000123399,2,160,0.012345679012345678,-3.955991654320987
7790.000000123618,3,159,0.018518518518518517,-5.9339874814814815
7800.000000123836,3,159,0.018518518518518517,-5.9339874814814815
7810.000000124054,2,160,0.012345679012345678,-3.955991654320987
7820.000000124272,3,159,0.018518518518518517,-5.9339874814814815
7830.000000124491,1,161,0.006172839506172839,-1.9779958271604936
7840.000000124709,1,161,0.006172839506172839,-1.9779958271604936
7850.000000124927,2,160,0.012345679012345678,-3.955991654320987
7860.000000125146,2,160,0.012345679012345678,-3.955991654320987
7870.000000125364,4,158,0.024691358024691357,-7.911983308641974
7880.000000125582,2,160,0.012345679012345678,-3.955991654320987
7890.0000001258,2,160,0.012345679012345678,-3.955991654320987
7900.000000126019,2,160,0.012345679012345678,-3.955991654320987
7910.000000126237,4,158,0.024691358024691357,-7.911983308641974
7920.000000126455,4,158,0.024691358024691357,-7.911983308641974
7930.0000001266735,2,160,0.012345679012345678,-3.955991654320987
7940.000000126892,4,158,0.024691358024691357,-7.911983308641974
7950.00000012711,0,162,0.0,0.0
7960.000000127328,1,161,0.006172839506172839,-1.9779958271604936
7970.000000127547,3,159,0.018518518518518517,-5.9339874814814815
7980.000000127765,1,161,0.006172839506172839,-1.9779958271604936
7990.000000127983,0,162,0.0,0.0
8000.0000001282015,2,160,0.012345679012345678,-3.955991654320987
8010.00000012842,1,161,0.006172839506172839,-1.9779958271604936
8020.000000128638,3,159,0.018518518518518517,-5.9339874814814815
8030.000000128856,4,158,0.024691358024691357,-7.911983308641974
8040.000000129075,3,159,0.018518518518518517,-5.9339874814814815
8050.000000129293,1,161,0.006172839506172839,-1.9779958271604936
8060.000000129511,1,161,0.006172839506172839,-1.9779958271604936
8070.000000129729,3,159,0.018518518518518517,-5.9339874814814815
8080.000000129948,5,157,0.030864197530864196,-9.889979135802468
8090.000000130166,2,160,0.012345679012345678,-3.955991654320987
8100.000000130384,5,157,0.030864197530864196,-9.889979135802468
8110.0000001306025,3,159,0.018518518518518517,-5.9339874814814815
8120.000000130821,3,159,0.018518518518518517,-5.9339874814814815
8130.000000131039,5,157,0.030864197530864196,-9.889979135802468
8140.000000131257,6,156,0.037037037037037035,-11.867974962962963
8150.000000131476,5,157,0.030864197530864196,-9.889979135802468
8160.000000131694,6,156,0.037037037037037035,-11.867974962962963
8170.000000131912,4,158,0.024691358024691357,-7.911983308641974
8180.0000001321305,6,156,0.037037037037037035,-11.867974962962963
8190.000000132349,6,156,0.037037037037037035,-11.867974962962963
8200.000000132566,5,157,0.030864197530864196,-9.889979135802468
8210.000000132784,1,161,0.006172839506172839,-1.9779958271604936
8220.000000133003,2,160,0.012345679012345678,-3.955991654320987
8230.000000133221,5,157,0.030864197530864196,-9.889979135802468
8240.00000013344,5,157,0.030864197530864196,-9.889979135802468
8250.000000133658,2,160,0.012345679012345678,-3.955991654320987
8260.000000133876,2,160,0.012345679012345678,-3.955991654320987
8270.000000134094,4,158,0.024691358024691357,-7.911983308641974
8280.000000134312,3,159,0.018518518518518517,-5.9339874814814815
8290.00000013453,6,156,0.037037037037037035,-11.867974962962963
8300.000000134749,3,159,0.018518518518518517,-5.9339874814814815
8310.000000134967,5,157,0.030864197530864196,-9.889979135802468
8320.000000135185,3,159,0.018518518518518517,-5.9339874814814815
8330.000000135404,2,160,0.012345679012345678,-3.955991654320987
8340.000000135622,4,158,0.024691358024691357,-7.911983308641974
8350.00000013584,2,160,0.012345679012345678,-3.955991654320987
8360.000000136059,2,160,0.012345679012345678,-3.955991654320987
8370.000000136277,2,160,0.012345679012345678,-3.955991654320987
8380.000000136495,2,160,0.012345679012345678,-3.955991654320987
8390.000000136713,4,158,0.024691358024691357,-7.911983308641974
8400.000000136932,2,160,0.012345679012345678,-3.955991654320987
8410.00000013715,3,159,0.018518518518518517,-5.9339874814814815
8420.000000137368,1,161,0.006172839506172839,-1.9779958271604936
8430.000000137587,3,159,0.018518518518518517,-5.9339874814814815
8440.000000137805,5,157,0.030864197530864196,-9.889979135802468
8450.000000138023,2,160,0.012345679012345678,-3.955991654320987
8460.000000138241,3,159,0.018518518518518517,-5.9339874814814815
8470.00000013846,2,160,0.012345679012345678,-3.955991654320987
8480.000000138678,3,159,0.018518518518518517,-5.9339874814814815
8490.000000138896,1,161,0.006172839506172839,-1.9779958271604936
8500.000000139114,1,161,0.006172839506172839,-1.9779958271604936
8510.000000139333,4,158,0.024691358024691357,-7.911983308641974
8520.000000139551,2,160,0.012345679012345678,-3.955991654320987
8530.00000013977,2,160,0.012345679012345678,-3.955991654320987
8540.000000139988,2,160,0.012345679012345678,-3.955991654320987
8550.000000140206,2,160,0.012345679012345678,-3.955991654320987
8560.000000140424,3,159,0.018518518518518517,-5.9339874814814815
8570.000000140642,2,160,0.012345679012345678,-3.955991654320987
8580.00000014086,1,161,0.006172839506172839,-1.9779958271604936
8590.000000141079,2,160,0.012345679012345678,-3.955991654320987
8600.000000141297,4,158,0.024691358024691357,-7.911983308641974
8610.000000141516,3,159,0.018518518518518517,-5.9339874814814815
8620.000000141734,4,158,0.024691358024691357,-7.911983308641974
8630.000000141952,3,159,0.018518518518518517,-5.9339874814814815
8640.00000014217,1,161,0.006172839506172839,-1.9779958271604936
8650.000000142389,1,161,0.006172839506172839,-1.9779958271604936
8660.000000142607,1,161,0.006172839506172839,-1.9779958271604936
8670.000000142825,2,160,0.012345679012345678,-3.955991654320987
8680.000000143044,2,160,0.012345679012345678,-3.955991654320987
8690.000000143262,2,160,0.012345679012345678,-3.955991654320987
8700.00000014348,2,160,0.012345679012345678,-3.955991654320987
8710.000000143698,2,160,0.012345679012345678,-3.955991654320987
8720.000000143917,3,159,0.018518518518518517,-5.9339874814814815
8730.000000144135,5,157,0.030864197530864196,-9.889979135802468
8740.000000144353,2,160,0.012345679012345678,-3.955991654320987
8750.000000144571,6,156,0.037037037037037035,-11.867974962962963
8760.00000014479,1,161,0.006172839506172839,-1.9779958271604936
8770.000000145008,5,157,0.030864197530864196,-9.889979135802468
8780.000000145226,3,159,0.018518518518518517,-5.9339874814814815
8790.000000145445,5,157,0.030864197530864196,-9.889979135802468
8800.000000145663,1,161,0.006172839506172839,-1.9779958271604936
8810.000000145881,2,160,0.012345679012345678,-3.955991654320987
8820.0000001461,2,160,0.012345679012345678,-3.955991654320987
8830.000000146318,1,161,0.006172839506172839,-1.9779958271604936
8840.000000146536,2,160,0.012345679012345678,-3.955991654320987
8850.000000146754,2,160,0.012345679012345678,-3.955991654320987
8860.000000146973,2,160,0.012345679012345678,-3.955991654320987
8870.00000014719,1,161,0.006172839506172839,-1.9779958271604936
8880.000000147409,4,158,0.024691358024691357,-7.911983308641974
8890.000000147627,3,159,0.018518518518518517,-5.9339874814814815
8900.000000147846,1,161,0.006172839506172839,-1.9779958271604936
8910.000000148064,0,162,0.0,0.0
8920.000000148282,4,158,0.024691358024691357,-7.911983308641974
8930.0000001485,3,159,0.018518518518518517,-5.9339874814814815
8940.000000148719,3,159,0.018518518518518517,-5.9339874814814815
8950.000000148937,2,160,0.012345679012345678,-3.955991654320987
8960.000000149155,2,160,0.012345679012345678,-3.955991654320987
8970.000000149374,3,159,0.018518518518518517,-5.9339874814814815
8980.000000149592,4,158,0.024691358024691357,-7.911983308641974
8990.00000014981,3,159,0.018518518518518517,-5.9339874814814815
9000.000000150028,2,160,0.012345679012345678,-3.955991654320987
9010.000000150247,4,158,0.024691358024691357,-7.911983308641974
9020.000000150465,5,157,0.030864197530864196,-9.889979135802468
9030.000000150683,2,160,0.012345679012345678,-3.955991654320987
9040.000000150902,3,159,0.018518518518518517,-5.9339874814814815
9050.00000015112,3,159,0.018518518518518517,-5.9339874814814815
9060.000000151338,4,158,0.024691358024691357,-7.911983308641974
9070.000000151556,1,161,0.006172839506172839,-1.9779958271604936
9080.000000151775,2,160,0.012345679012345678,-3.955991654320987
9090.000000151993,2,160,0.012345679012345678,-3.955991654320987
9100.000000152211,0,162,0.0,0.0
9110.00000015243,4,158,0.024691358024691357,-7.911983308641974
9120.000000152648,3,159,0.018518518518518517,-5.9339874814814815
9130.000000152866,3,159,0.018518518518518517,-5.9339874814814815
9140.000000153084,3,159,0.018518518518518517,-5.9339874814814815
9150.000000153303,2,160,0.012345679012345678,-3.955991654320987
9160.00000015352,2,160,0.012345679012345678,-3.955991654320987
9170.00000015374,4,158,0.024691358024691357,-7.911983308641974
9180.000000153957,3,159,0.018518518518518517,-5.9339874814814815
9190.000000154176,1,161,0.006172839506172839,-1.9779958271604936
9200.000000154394,2,160,0.012345679012345678,-3.955991654320987
9210.000000154612,0,162,0.0,0.0
9220.00000015483,0,162,0.0,0.0
9230.000000155049,3,159,0.018518518518518517,-5.9339874814814815
9240.000000155267,2,160,0.012345679012345678,-3.955991654320987
9250.000000155485,2,160,0.012345679012345678,-3.955991654320987
9260.000000155704,1,161,0.006172839506172839,-1.9779958271604936
9270.000000155922,2,160,0.012345679012345678,-3.955991654320987
9280.00000015614,1,161,0.006172839506172839,-1.9779958271604936
9290.000000156359,3,159,0.018518518518518517,-5.9339874814814815
9300.000000156577,3,159,0.018518518518518517,-5.9339874814814815
9310.000000156795,2,160,0.012345679012345678,-3.955991654320987
9320.000000157013,1,161,0.006172839506172839,-1.9779958271604936
9330.000000157232,4,158,0.024691358024691357,-7.911983308641974
9340.00000015745,4,158,0.024691358024691357,-7.911983308641974
9350.000000157668,4,158,0.024691358024691357,-7.911983308641974
9360.000000157886,3,159,0.018518518518518517,-5.9339874814814815
9370.000000158105,1,161,0.006172839506172839,-1.9779958271604936
9380.000000158323,1,161,0.006172839506172839,-1.9779958271604936
9390.000000158541,2,160,0.012345679012345678,-3.955991654320987
9400.00000015876,5,157,0.030864197530864196,-9.889979135802468
9410.000000158978,2,160,0.012345679012345678,-3.955991654320987
9420.000000159196,4,158,0.024691358024691357,-7.911983308641974
9430.000000159414,2,160,0.012345679012345678,-3.955991654320987
9440.000000159633,2,160,0.012345679012345678,-3.955991654320987
9450.000000159851,2,160,0.012345679012345678,-3.955991654320987
9460.00000016007,6,156,0.037037037037037035,-11.867974962962963
9470.000000160288,4,158,0.024691358024691357,-7.911983308641974
9480.000000160506,5,157,0.030864197530864196,-9.889979135802468
9490.000000160724,2,160,0.012345679012345678,-3.955991654320987
9500.000000160942,4,158,0.024691358024691357,-7.911983308641974
9510.00000016116,1,161,0.006172839506172839,-1.9779958271604936
9520.000000161379,5,157,0.030864197530864196,-9.889979135802468
9530.000000161597,1,161,0.006172839506172839,-1.9779958271604936
9540.000000161815,1,161,0.006172839506172839,-1.9779958271604936
9550.000000162034,1,161,0.006172839506172839,-1.9779958271604936
9560.000000162252,3,159,0.018518518518518517,-5.9339874814814815
9570.00000016247,2,160,0.012345679012345678,-3.955991654320987
9580.000000162689,4,158,0.024691358024691357,-7.911983308641974
9590.000000162907,2,160,0.012345679012345678,-3.955991654320987
9600.000000163125,2,160,0.012345679012345678,-3.955991654320987
9610.000000163343,5,157,0.030864197530864196,-9.889979135802468
9620.000000163562,3,159,0.018518518518518517,-5.9339874814814815
9630.00000016378,8,154,0.04938271604938271,-15.823966617283949
9640.000000163998,2,160,0.012345679012345678,-3.955991654320987
9650.000000164217,4,158,0.024691358024691357,-7.911983308641974
9660.000000164435,1,161,0.006172839506172839,-1.9779958271604936
9670.000000164653,1,161,0.006172839506172839,-1.9779958271604936
9680.000000164871,4,158,0.024691358024691357,-7.911983308641974
9690.00000016509,3,159,0.018518518518518517,-5.9339874814814815
9700.000000165308,3,159,0.018518518518518517,-5.9339874814814815
9710.000000165526,4,158,0.024691358024691357,-7.911983308641974
9720.000000165744,0,162,0.0,0.0
9730.000000165963,4,158,0.024691358024691357,-7.911983308641974
9740.000000166181,4,158,0.024691358024691357,-7.911983308641974
9750.0000001664,3,159,0.018518518518518517,-5.9339874814814815
9760.000000166618,1,161,0.006172839506172839,-1.9779958271604936
9770.000000166836,2,160,0.012345679012345678,-3.955991654320987
9780.000000167054,4,158,0.024691358024691357,-7.911983308641974
9790.000000167272,3,159,0.018518518518518517,-5.9339874814814815
9800.00000016749,3,159,0.018518518518518517,-5.9339874814814815
9810.000000167709,1,161,0.006172839506172839,-1.9779958271604936
9820.000000167927,0,162,0.0,0.0
9830.000000168146,2,160,0.012345679012345678,-3.955991654320987
9840.000000168364,2,160,0.012345679012345678,-3.955991654320987
9850.000000168582,2,160,0.012345679012345678,-3.955991654320987
9860.0000001688,2,160,0.012345679012345678,-3.955991654320987
9870.000000169019,2,160,0.012345679012345678,-3.955991654320987
9880.000000169237,6,156,0.037037037037037035,-11.867974962962963
9890.000000169455,1,161,0.006172839506172839,-1.9779958271604936
9900.000000169674,4,158,0.024691358024691357,-7.911983308641974
9910.000000169892,3,159,0.018518518518518517,-5.9339874814814815
9920.00000017011,2,160,0.012345679012345678,-3.955991654320987
9930.000000170328,1,161,0.006172839506172839,-1.9779958271604936
9940.000000170547,3,159,0.018518518518518517,-5.9339874814814815
9950.000000170765,4,158,0.024691358024691357,-7.911983308641974
9960.000000170983,2,160,0.012345679012345678,-3.955991654320987
9970.000000171201,4,158,0.024691358024691357,-7.911983308641974
9980.00000017142,6,156,0.037037037037037035,-11.867974962962963
9990.000000171638,5,157,0.030864197530864196,-9.889979135802468
10000.000000171856,3,159,0.018518518518518517,-5.9339874814814815
10010.000000172075,2,160,0.012345679012345678,-3.955991654320987
10020.000000172293,2,160,0.012345679012345678,-3.955991654320987
10030.000000172511,2,160,0.012345679012345678,-3.955991654320987
10040.00000017273,2,160,0.012345679012345678,-3.955991654320987
10050.000000172948,0,162,0.0,0.0
10060.000000173166,2,160,0.012345679012345678,-3.955991654320987
10070.000000173384,3,159,0.018518518518518517,-5.9339874814814815
10080.000000173603,5,157,0.030864197530864196,-9.889979135802468
10090.00000017382,1,161,0.006172839506172839,-1.9779958271604936
10100.000000174039,4,158,0.024691358024691357,-7.911983308641974
10110.000000174257,3,159,0.018518518518518517,-5.9339874814814815
10120.000000174476,3,159,0.018518518518518517,-5.9339874814814815
10130.000000174694,2,160,0.012345679012345678,-3.955991654320987
10140.000000174912,2,160,0.012345679012345678,-3.955991654320987
10150.00000017513,2,160,0.012345679012345678,-3.955991654320987
10160.000000175349,3,159,0.018518518518518517,-5.9339874814814815
10170.000000175567,5,157,0.030864197530864196,-9.889979135802468
10180.000000175785,2,160,0.012345679012345678,-3.955991654320987
10190.000000176004,4,158,0.024691358024691357,-7.911983308641974
10200.000000176222,4,158,0.024691358024691357,-7.911983308641974
10210.00000017644,2,160,0.012345679012345678,-3.955991654320987
10220.000000176658,5,157,0.030864197530864196,-9.889979135802468
10230.000000176877,3,159,0.018518518518518517,-5.9339874814814815
10240.000000177095,6,156,0.037037037037037035,-11.867974962962963
10250.000000177313,4,158,0.024691358024691357,-7.911983308641974
10260.000000177532,2,160,0.012345679012345678,-3.955991654320987
10270.00000017775,2,160,0.012345679012345678,-3.955991654320987
10280.000000177968,4,158,0.024691358024691357,-7.911983308641974
10290.000000178186,5,157,0.030864197530864196,-9.889979135802468
10300.000000178405,0,162,0.0,0.0
10310.000000178623,2,160,0.012345679012345678,-3.955991654320987
10320.000000178841,2,160,0.012345679012345678,-3.955991654320987
10330.00000017906,4,158,0.024691358024691357,-7.911983308641974
10340.000000179278,1,161,0.006172839506172839,-1.9779958271604936
10350.000000179496,3,159,0.018518518518518517,-5.9339874814814815
10360.000000179714,5,157,0.030864197530864196,-9.889979135802468
10370.000000179933,5,157,0.030864197530864196,-9.889979135802468
10380.00000018015,3,159,0.018518518518518517,-5.9339874814814815
10390.00000018037,4,158,0.024691358024691357,-7.911983308641974
10400.000000180587,4,158,0.024691358024691357,-7.911983308641974
10410.000000180806,1,161,0.006172839506172839,-1.9779958271604936
10420.000000181024,3,159,0.018518518518518517,-5.9339874814814815
10430.000000181242,1,161,0.006172839506172839,-1.9779958271604936
10440.00000018146,3,159,0.018518518518518517,-5.9339874814814815
10450.000000181679,2,160,0.012345679012345678,-3.955991654320987
10460.000000181897,2,160,0.012345679012345678,-3.955991654320987
10470.000000182115,4,158,0.024691358024691357,-7.911983308641974
10480.000000182334,3,159,0.018518518518518517,-5.9339874814814815
10490.000000182552,0,162,0.0,0.0
10500.00000018277,2,160,0.012345679012345678,-3.955991654320987
10510.000000182989,1,161,0.006172839506172839,-1.9779958271604936
10520.000000183207,2,160,0.012345679012345678,-3.955991654320987
10530.000000183425,2,160,0.012345679012345678,-3.955991654320987
10540.000000183643,0,162,0.0,0.0
10550.000000183862,2,160,0.012345679012345678,-3.955991654320987
10560.00000018408,3,159,0.018518518518518517,-5.9339874814814815
10570.000000184298,4,158,0.024691358024691357,-7.911983308641974
10580.000000184516,2,160,0.012345679012345678,-3.955991654320987
10590.000000184735,2,160,0.012345679012345678,-3.955991654320987
10600.000000184953,4,158,0.024691358024691357,-7.911983308641974
10610.000000185171,3,159,0.018518518518518517,-5.9339874814814815
10620.00000018539,4,158,0.024691358024691357,-7.911983308641974
10630.000000185608,3,159,0.018518518518518517,-5.9339874814814815
10640.000000185826,3,159,0.018518518518518517,-5.9339874814814815
10650.000000186044,3,159,0.018518518518518517,-5.9339874814814815
10660.000000186263,6,156,0.037037037037037035,-11.867974962962963
10670.000000186481,3,159,0.018518518518518517,-5.9339874814814815
10680.0000001867,3,159,0.018518518518518517,-5.9339874814814815
10690.000000186918,2,160,0.012345679012345678,-3.955991654320987
10700.000000187136,1,161,0.006172839506172839,-1.9779958271604936
10710.000000187354,4,158,0.024691358024691357,-7.911983308641974
10720.000000187572,3,159,0.018518518518518517,-5.9339874814814815
10730.00000018779,3,159,0.018518518518518517,-5.9339874814814815
10740.000000188009,2,160,0.012345679012345678,-3.955991654320987
10750.000000188227,4,158,0.024691358024691357,-7.911983308641974
10760.000000188445,2,160,0.012345679012345678,-3.955991654320987
10770.000000188664,3,159,0.018518518518518517,-5.9339874814814815
10780.000000188882,0,162,0.0,0.0
10790.0000001891,4,158,0.024691358024691357,-7.911983308641974
10800.000000189319,2,160,0.012345679012345678,-3.955991654320987
10810.000000189537,5,157,0.030864197530864196,-9.889979135802468
10820.000000189755,3,159,0.018518518518518517,-5.9339874814814815
10830.000000189973,1,161,0.006172839506172839,-1.9779958271604936
10840.000000190192,2,160,0.012345679012345678,-3.955991654320987
10850.00000019041,5,157,0.030864197530864196,-9.889979135802468
10860.000000190628,2,160,0.012345679012345678,-3.955991654320987
10870.000000190847,4,158,0.024691358024691357,-7.911983308641974
10880.000000191065,4,158,0.024691358024691357,-7.911983308641974
10890.000000191283,3,159,0.018518518518518517,-5.9339874814814815
10900.000000191501,4,158,0.024691358024691357,-7.911983308641974
10910.00000019172,4,158,0.024691358024691357,-7.911983308641974
10920.000000191938,4,158,0.024691358024691357,-7.911983308641974
10930.000000192156,4,158,0.024691358024691357,-7.911983308641974
10940.000000192375,4,158,0.024691358024691357,-7.911983308641974
10950.000000192593,2,160,0.012345679012345678,-3.955991654320987
10960.000000192811,3,159,0.018518518518518517,-5.9339874814814815
10970.00000019303,3,159,0.018518518518518517,-5.9339874814814815
10980.000000193248,3,159,0.018518518518518517,-5.9339874814814815
10990.000000193466,0,162,0.0,0.0
11000.000000193684,2,160,0.012345679012345678,-3.955991654320987
11010.000000193902,2,160,0.012345679012345678,-3.955991654320987
11020.00000019412,2,160,0.012345679012345678,-3.955991654320987
11030.000000194339,1,161,0.006172839506172839,-1.9779958271604936
11040.000000194557,1,161,0.006172839506172839,-1.9779958271604936
11050.000000194776,3,159,0.018518518518518517,-5.9339874814814815
11060.000000194994,5,157,0.030864197530864196,-9.889979135802468
11070.000000195212,3,159,0.018518518518518517,-5.9339874814814815
11080.00000019543,2,160,0.012345679012345678,-3.955991654320987
11090.000000195649,2,160,0.012345679012345678,-3.955991654320987
11100.000000195867,3,159,0.018518518518518517,-5.9339874814814815
11110.000000196085,1,161,0.006172839506172839,-1.9779958271604936
11120.000000196304,3,159,0.018518518518518517,-5.9339874814814815
11130.000000196522,3,159,0.018518518518518517,-5.9339874814814815
11140.00000019674,4,158,0.024691358024691357,-7.911983308641974
11150.000000196958,2,160,0.012345679012345678,-3.955991654320987
11160.000000197177,4,158,0.024691358024691357,-7.911983308641974
11170.000000197395,4,158,0.024691358024691357,-7.911983308641974
11180.000000197613,5,157,0.030864197530864196,-9.889979135802468
11190.000000197831,3,159,0.018518518518518517,-5.9339874814814815
11200.00000019805,1,161,0.006172839506172839,-1.9779958271604936
11210.000000198268,3,159,0.018518518518518517,-5.9339874814814815
11220.000000198486,1,161,0.006172839506172839,-1.9779958271604936
11230.000000198705,1,161,0.006172839506172839,-1.9779958271604936
11240.000000198923,3,159,0.018518518518518517,-5.9339874814814815
11250.000000199141,1,161,0.006172839506172839,-1.9779958271604936
11260.00000019936,4,158,0.024691358024691357,-7.911983308641974
11270.000000199578,3,159,0.018518518518518517,-5.9339874814814815
11280.000000199796,4,158,0.024691358024691357,-7.911983308641974
11290.000000200014,3,159,0.018518518518518517,-5.9339874814814815
11300.000000200233,3,159,0.018518518518518517,-5.9339874814814815
11310.00000020045,6,156,0.037037037037037035,-11.867974962962963
11320.00000020067,5,157,0.030864197530864196,-9.889979135802468
11330.000000200887,4,158,0.024691358024691357,-7.911983308641974
11340.000000201106,2,160,0.012345679012345678,-3.955991654320987
11350.000000201324,2,160,0.012345679012345678,-3.955991654320987
11360.000000201542,4,158,0.024691358024691357,-7.911983308641974
11370.00000020176,3,159,0.018518518518518517,-5.9339874814814815
11380.000000201979,5,157,0.030864197530864196,-9.889979135802468
11390.000000202197,3,159,0.018518518518518517,-5.9339874814814815
11400.000000202415,3,159,0.018518518518518517,-5.9339874814814815
11410.000000202634,3,159,0.018518518518518517,-5.9339874814814815
11420.000000202852,1,161,0.006172839506172839,-1.9779958271604936
11430.00000020307,1,161,0.006172839506172839,-1.9779958271604936
11440.000000203288,4,158,0.024691358024691357,-7.911983308641974
11450.000000203507,3,159,0.018518518518518517,-5.9339874814814815
11460.000000203725,1,161,0.006172839506172839,-1.9779958271604936
11470.000000203943,1,161,0.006172839506172839,-1.9779958271604936
11480.000000204162,3,159,0.018518518518518517,-5.9339874814814815
11490.00000020438,2,160,0.012345679012345678,-3.955991654320987
11500.000000204598,4,158,0.024691358024691357,-7.911983308641974
11510.000000204816,5,157,0.030864197530864196,-9.889979135802468
11520.000000205035,3,159,0.018518518518518517,-5.9339874814814815
11530.000000205253,4,158,0.024691358024691357,-7.911983308641974
11540.000000205471,4,158,0.024691358024691357,-7.911983308641974
11550.00000020569,2,160,0.012345679012345678,-3.955991654320987
11560.000000205908,3,159,0.018518518518518517,-5.9339874814814815
11570.000000206126,3,159,0.018518518518518517,-5.9339874814814815
11580.000000206344,2,160,0.012345679012345678,-3.955991654320987
11590.000000206563,2,160,0.012345679012345678,-3.955991654320987
11600.00000020678,0,162,0.0,0.0
11610.000000207,2,160,0.012345679012345678,-3.955991654320987
11620.000000207217,4,158,0.024691358024691357,-7.911983308641974
11630.000000207436,2,160,0.012345679012345678,-3.955991654320987
11640.000000207654,3,159,0.018518518518518517,-5.9339874814814815
11650.000000207872,4,158,0.024691358024691357,-7.911983308641974
11660.00000020809,4,158,0.024691358024691357,-7.911983308641974
11670.000000208309,1,161,0.006172839506172839,-1.9779958271604936
11680.000000208527,2,160,0.012345679012345678,-3.955991654320987
11690.000000208745,6,156,0.037037037037037035,-11.867974962962963
11700.000000208964,2,160,0.012345679012345678,-3.955991654320987
11710.000000209182,2,160,0.012345679012345678,-3.955991654320987
11720.0000002094,2,160,0.012345679012345678,-3.955991654320987
11730.000000209619,1,161,0.006172839506172839,-1.9779958271604936
11740.000000209837,1,161,0.006172839506172839,-1.9779958271604936
11750.000000210055,3,159,0.018518518518518517,-5.9339874814814815
11760.000000210273,5,157,0.030864197530864196,-9.889979135802468
11770.000000210492,2,160,0.012345679012345678,-3.955991654320987
11780.00000021071,4,158,0.024691358024691357,-7.911983308641974
11790.000000210928,1,161,0.006172839506172839,-1.9779958271604936
11800.000000211146,3,159,0.018518518518518517,-5.9339874814814815
11810.000000211365,3,159,0.018518518518518517,-5.9339874814814815
11820.000000211583,3,159,0.018518518518518517,-5.9339874814814815
11830.000000211801,3,159,0.018518518518518517,-5.9339874814814815
11840.00000021202,1,161,0.006172839506172839,-1.9779958271604936
11850.000000212238,4,158,0.024691358024691357,-7.911983308641974
11860.000000212456,3,159,0.018518518518518517,-5.9339874814814815
11870.000000212674,1,161,0.006172839506172839,-1.9779958271604936
11880.000000212893,5,157,0.030864197530864196,-9.889979135802468
11890.000000213111,4,158,0.024691358024691357,-7.911983308641974
11900.00000021333,4,158,0.024691358024691357,-7.911983308641974
11910.000000213548,6,156,0.037037037037037035,-11.867974962962963
11920.000000213766,1,161,0.006172839506172839,-1.9779958271604936
11930.000000213984,3,159,0.018518518518518517,-5.9339874814814815
11940.000000214202,1,161,0.006172839506172839,-1.9779958271604936
11950.00000021442,3,159,0.018518518518518517,-5.9339874814814815
11960.000000214639,4,158,0.024691358024691357,-7.911983308641974
11970.000000214857,2,160,0.012345679012345678,-3.955991654320987
11980.000000215075,3,159,0.018518518518518517,-5.9339874814814815
11990.000000215294,2,160,0.012345679012345678,-3.955991654320987
12000.000000215512,3,159,0.018518518518518517,-5.9339874814814815
12010.00000021573,2,160,0.012345679012345678,-3.955991654320987
12020.000000215949,2,160,0.012345679012345678,-3.955991654320987
12030.000000216167,5,157,0.030864197530864196,-9.889979135802468
12040.000000216385,6,156,0.037037037037037035,-11.867974962962963
12050.000000216603,2,160,0.012345679012345678,-3.955991654320987
12060.000000216822,2,160,0.012345679012345678,-3.955991654320987
12070.00000021704,3,159,0.018518518518518517,-5.9339874814814815
12080.000000217258,6,156,0.037037037037037035,-11.867974962962963
12090.000000217477,4,158,0.024691358024691357,-7.911983308641974
12100.000000217695,1,161,0.006172839506172839,-1.9779958271604936
12110.000000217913,4,158,0.024691358024691357,-7.911983308641974
12120.000000218131,4,158,0.024691358024691357,-7.911983308641974
12130.00000021835,2,160,0.012345679012345678,-3.955991654320987
12140.000000218568,2,160,0.012345679012345678,-3.955991654320987
12150.000000218786,2,160,0.012345679012345678,-3.955991654320987
12160.000000219005,3,159,0.018518518518518517,-5.9339874814814815
12170.000000219223,3,159,0.018518518518518517,-5.9339874814814815
12180.000000219441,4,158,0.024691358024691357,-7.911983308641974
12190.00000021966,6,156,0.037037037037037035,-11.867974962962963
12200.000000219878,5,157,0.030864197530864196,-9.889979135802468
12210.000000220096,2,160,0.012345679012345678,-3.955991654320987
12220.000000220314,3,159,0.018518518518518517,-5.9339874814814815
12230.000000220532,2,160,0.012345679012345678,-3.955991654320987
12240.00000022075,2,160,0.012345679012345678,-3.955991654320987
12250.000000220969,3,159,0.018518518518518517,-5.9339874814814815
12260.000000221187,6,156,0.037037037037037035,-11.867974962962963
12270.000000221406,3,159,0.018518518518518517,-5.9339874814814815
12280.000000221624,2,160,0.012345679012345678,-3.955991654320987
12290.000000221842,3,159,0.018518518518518517,-5.9339874814814815
12300.00000022206,4,158,0.024691358024691357,-7.911983308641974
12310.000000222279,2,160,0.012345679012345678,-3.955991654320987
12320.000000222497,3,159,0.018518518518518517,-5.9339874814814815
12330.000000222715,5,157,0.030864197530864196,-9.889979135802468
12340.000000222934,2,160,0.012345679012345678,-3.955991654320987
12350.000000223152,2,160,0.012345679012345678,-3.955991654320987
12360.00000022337,2,160,0.012345679012345678,-3.955991654320987
12370.000000223588,5,157,0.030864197530864196,-9.889979135802468
12380.000000223807,2,160,0.012345679012345678,-3.955991654320987
12390.000000224025,3,159,0.018518518518518517,-5.9339874814814815
12400.000000224243,3,159,0.018518518518518517,-5.9339874814814815
12410.000000224461,2,160,0.012345679012345678,-3.955991654320987
12420.00000022468,2,160,0.012345679012345678,-3.955991654320987
12430.000000224898,5,157,0.030864197530864196,-9.889979135802468
12440.000000225116,3,159,0.018518518518518517,-5.9339874814814815
12450.000000225335,3,159,0.018518518518518517,-5.9339874814814815
12460.000000225553,3,159,0.018518518518518517,-5.9339874814814815
12470.000000225771,3,159,0.018518518518518517,-5.9339874814814815
12480.00000022599,2,160,0.012345679012345678,-3.955991654320987
12490.000000226208,2,160,0.012345679012345678,-3.955991654320987
12500.000000226426,3,159,0.018518518518518517,-5.9339874814814815
12510.000000226644,3,159,0.018518518518518517,-5.9339874814814815
12520.000000226863,2,160,0.012345679012345678,-3.955991654320987
12530.00000022708,3,159,0.018518518518518517,-5.9339874814814815
12540.0000002273,3,159,0.018518518518518517,-5.9339874814814815
12550.000000227517,3,159,0.018518518518518517,-5.9339874814814815
12560.000000227736,3,159,0.018518518518518517,-5.9339874814814815
12570.000000227954,3,159,0.018518518518518517,-5.9339874814814815
12580.000000228172,3,159,0.018518518518518517,-5.9339874814814815
12590.00000022839,2,160,0.012345679012345678,-3.955991654320987
12600.000000228609,2,160,0.012345679012345678,-3.955991654320987
12610.000000228827,3,159,0.018518518518518517,-5.9339874814814815
12620.000000229045,2,160,0.012345679012345678,-3.955991654320987
12630.000000229264,3,159,0.018518518518518517,-5.9339874814814815
12640.000000229482,2,160,0.012345679012345678,-3.955991654320987
12650.0000002297,3,159,0.018518518518518517,-5.9339874814814815
12660.000000229918,4,158,0.024691358024691357,-7.911983308641974
12670.000000230137,2,160,0.012345679012345678,-3.955991654320987
12680.000000230355,3,159,0.018518518518518517,-5.9339874814814815
12690.000000230573,3,159,0.018518518518518517,-5.9339874814814815
12700.000000230792,2,160,0.012345679012345678,-3.955991654320987
12710.00000023101,2,160,0.012345679012345678,-3.955991654320987
12720.000000231228,3,159,0.018518518518518517,-5.9339874814814815
12730.000000231446,5,157,0.030864197530864196,-9.889979135802468
12740.000000231665,3,159,0.018518518518518517,-5.9339874814814815
12750.000000231883,2,160,0.012345679012345678,-3.955991654320987
12760.000000232101,3,159,0.018518518518518517,-5.9339874814814815
12770.00000023232,2,160,0.012345679012345678,-3.955991654320987
12780.000000232538,1,161,0.006172839506172839,-1.9779958271604936
12790.000000232756,2,160,0.012345679012345678,-3.955991654320987
12800.000000232974,2,160,0.012345679012345678,-3.955991654320987
12810.000000233193,1,161,0.006172839506172839,-1.9779958271604936
12820.00000023341,3,159,0.018518518518518517,-5.9339874814814815
12830.00000023363,2,160,0.012345679012345678,-3.955991654320987
12840.000000233847,3,159,0.018518518518518517,-5.9339874814814815
12850.000000234066,3,159,0.018518518518518517,-5.9339874814814815
12860.000000234284,5,157,0.030864197530864196,-9.889979135802468
12870.000000234502,1,161,0.006172839506172839,-1.9779958271604936
12880.00000023472,1,161,0.006172839506172839,-1.9779958271604936
12890.000000234939,2,160,0.012345679012345678,-3.955991654320987
12900.000000235157,1,161,0.006172839506172839,-1.9779958271604936
12910.000000235375,1,161,0.006172839506172839,-1.9779958271604936
12920.000000235594,3,159,0.018518518518518517,-5.9339874814814815
12930.000000235812,2,160,0.012345679012345678,-3.955991654320987
12940.00000023603,2,160,0.012345679012345678,-3.955991654320987
12950.000000236249,2,160,0.012345679012345678,-3.955991654320987
12960.000000236467,2,160,0.012345679012345678,-3.955991654320987
12970.000000236685,1,161,0.006172839506172839,-1.9779958271604936
12980.000000236903,2,160,0.012345679012345678,-3.955991654320987
12990.000000237122,4,158,0.024691358024691357,-7.911983308641974
13000.00000023734,4,158,0.024691358024691357,-7.911983308641974
13010.000000237558,4,158,0.024691358024691357,-7.911983308641974
13020.000000237776,3,159,0.018518518518518517,-5.9339874814814815
13030.000000237995,7,155,0.043209876543209874,-13.845970790123458
13040.000000238213,3,159,0.018518518518518517,-5.9339874814814815
13050.000000238431,3,159,0.018518518518518517,-5.9339874814814815
13060.00000023865,6,156,0.037037037037037035,-11.867974962962963
13070.000000238868,3,159,0.018518518518518517,-5.9339874814814815
13080.000000239086,5,157,0.030864197530864196,-9.889979135802468
13090.000000239304,0,162,0.0,0.0
13100.000000239523,4,158,0.024691358024691357,-7.911983308641974
13110.000000239741,4,158,0.024691358024691357,-7.911983308641974
13120.00000023996,2,160,0.012345679012345678,-3.955991654320987
13130.000000240178,3,159,0.018518518518518517,-5.9339874814814815
13140.000000240396,4,158,0.024691358024691357,-7.911983308641974
13150.000000240614,4,158,0.024691358024691357,-7.911983308641974
13160.000000240832,3,159,0.018518518518518517,-5.9339874814814815
13170.00000024105,5,157,0.030864197530864196,-9.889979135802468
13180.000000241269,5,157,0.030864197530864196,-9.889979135802468
13190.000000241487,5,157,0.030864197530864196,-9.889979135802468
13200.000000241705,4,158,0.024691358024691357,-7.911983308641974
13210.000000241924,5,157,0.030864197530864196,-9.889979135802468
13220.000000242142,4,158,0.024691358024691357,-7.911983308641974
13230.00000024236,4,158,0.024691358024691357,-7.911983308641974
13240.000000242579,4,158,0.024691358024691357,-7.911983308641974
13250.000000242797,3,159,0.018518518518518517,-5.9339874814814815
13260.000000243015,3,159,0.018518518518518517,-5.9339874814814815
13270.000000243233,5,157,0.030864197530864196,-9.889979135802468
13280.000000243452,7,155,0.043209876543209874,-13.845970790123458
13290.00000024367,6,156,0.037037037037037035,-11.867974962962963
13300.000000243888,3,159,0.018518518518518517,-5.9339874814814815
13310.000000244107,4,158,0.024691358024691357,-7.911983308641974
13320.000000244325,4,158,0.024691358024691357,-7.911983308641974
13330.000000244543,3,159,0.018518518518518517,-5.9339874814814815
13340.000000244761,5,157,0.030864197530864196,-9.889979135802468
13350.00000024498,4,158,0.024691358024691357,-7.911983308641974
13360.000000245198,2,160,0.012345679012345678,-3.955991654320987
13370.000000245416,4,158,0.024691358024691357,-7.911983308641974
13380.000000245635,3,159,0.018518518518518517,-5.9339874814814815
13390.000000245853,3,159,0.018518518518518517,-5.9339874814814815
13400.000000246071,4,158,0.024691358024691357,-7.911983308641974
13410.00000024629,4,158,0.024691358024691357,-7.911983308641974
13420.000000246508,4,158,0.024691358024691357,-7.911983308641974
13430.000000246726,5,157,0.030864197530864196,-9.889979135802468
13440.000000246944,5,157,0.030864197530864196,-9.889979135802468
13450.000000247162,0,162,0.0,0.0
13460.00000024738,2,160,0.012345679012345678,-3.955991654320987
13470.000000247599,5,157,0.030864197530864196,-9.889979135802468
13480.000000247817,3,159,0.018518518518518517,-5.9339874814814815
13490.000000248036,0,162,0.0,0.0
13500.000000248254,4,158,0.024691358024691357,-7.911983308641974
13510.000000248472,2,160,0.012345679012345678,-3.955991654320987
13520.00000024869,3,159,0.018518518518518517,-5.9339874814814815
13530.000000248909,1,161,0.006172839506172839,-1.9779958271604936
13540.000000249127,2,160,0.012345679012345678,-3.955991654320987
13550.000000249345,2,160,0.012345679012345678,-3.955991654320987
13560.000000249564,3,159,0.018518518518518517,-5.9339874814814815
13570.000000249782,2,160,0.012345679012345678,-3.955991654320987
13580.00000025,2,160,0.012345679012345678,-3.955991654320987
13590.000000250218,2,160,0.012345679012345678,-3.955991654320987
13600.000000250437,2,160,0.012345679012345678,-3.955991654320987
13610.000000250655,2,160,0.012345679012345678,-3.955991654320987
13620.000000250873,2,160,0.012345679012345678,-3.955991654320987
13630.000000251091,2,160,0.012345679012345678,-3.955991654320987
13640.00000025131,0,162,0.0,0.0
13650.000000251528,4,158,0.024691358024691357,-7.911983308641974
13660.000000251746,1,161,0.006172839506172839,-1.9779958271604936
13670.000000251965,6,156,0.037037037037037035,-11.867974962962963
13680.000000252183,6,156,0.037037037037037035,-11.867974962962963
13690.000000252401,5,157,0.030864197530864196,-9.889979135802468
13700.00000025262,3,159,0.018518518518518517,-5.9339874814814815
13710.000000252838,3,159,0.018518518518518517,-5.9339874814814815
13720.000000253056,4,158,0.024691358024691357,-7.911983308641974
13730.000000253274,3,159,0.018518518518518517,-5.9339874814814815
13740.000000253493,2,160,0.012345679012345678,-3.955991654320987
13750.00000025371,0,162,0.0,0.0
13760.00000025393,0,162,0.0,0.0
13770.000000254147,5,157,0.030864197530864196,-9.889979135802468
13780.000000254366,3,159,0.018518518518518517,-5.9339874814814815
13790.000000254584,4,158,0.024691358024691357,-7.911983308641974
13800.000000254802,1,161,0.006172839506172839,-1.9779958271604936
13810.00000025502,2,160,0.012345679012345678,-3.955991654320987
13820.000000255239,0,162,0.0,0.0
13830.000000255457,2,160,0.012345679012345678,-3.955991654320987
13840.000000255675,6,156,0.037037037037037035,-11.867974962962963
13850.000000255894,3,159,0.018518518518518517,-5.9339874814814815
13860.000000256112,4,158,0.024691358024691357,-7.911983308641974
13870.00000025633,2,160,0.012345679012345678,-3.955991654320987
13880.000000256548,2,160,0.012345679012345678,-3.955991654320987
13890.000000256767,3,159,0.018518518518518517,-5.9339874814814815
13900.000000256985,4,158,0.024691358024691357,-7.911983308641974
13910.000000257203,1,161,0.006172839506172839,-1.9779958271604936
13920.000000257422,3,159,0.018518518518518517,-5.9339874814814815
13930.00000025764,3,159,0.018518518518518517,-5.9339874814814815
13940.000000257858,2,160,0.012345679012345678,-3.955991654320987
13950.000000258076,1,161,0.006172839506172839,-1.9779958271604936
13960.000000258295,3,159,0.018518518518518517,-5.9339874814814815
13970.000000258513,3,159,0.018518518518518517,-5.9339874814814815
13980.000000258731,2,160,0.012345679012345678,-3.955991654320987
13990.00000025895,3,159,0.018518518518518517,-5.9339874814814815
14000.000000259168,2,160,0.012345679012345678,-3.955991654320987
14010.000000259386,3,159,0.018518518518518517,-5.9339874814814815
14020.000000259604,3,159,0.018518518518518517,-5.9339874814814815
14030.000000259823,2,160,0.012345679012345678,-3.955991654320987
14040.00000026004,1,161,0.006172839506172839,-1.9779958271604936
14050.00000026026,2,160,0.012345679012345678,-3.955991654320987
14060.000000260477,3,159,0.018518518518518517,-5.9339874814814815
14070.000000260696,3,159,0.018518518518518517,-5.9339874814814815
14080.000000260914,5,157,0.030864197530864196,-9.889979135802468
14090.000000261132,2,160,0.012345679012345678,-3.955991654320987
14100.00000026135,3,159,0.018518518518518517,-5.9339874814814815
14110.000000261569,3,159,0.018518518518518517,-5.9339874814814815
14120.000000261787,3,159,0.018518518518518517,-5.9339874814814815
14130.000000262005,2,160,0.012345679012345678,-3.955991654320987
14140.000000262224,3,159,0.018518518518518517,-5.9339874814814815
14150.000000262442,1,161,0.006172839506172839,-1.9779958271604936
14160.00000026266,4,158,0.024691358024691357,-7.911983308641974
14170.000000262879,4,158,0.024691358024691357,-7.911983308641974
14180.000000263097,4,158,0.024691358024691357,-7.911983308641974
14190.000000263315,5,157,0.030864197530864196,-9.889979135802468
14200.000000263533,1,161,0.006172839506172839,-1.9779958271604936
14210.000000263752,1,161,0.006172839506172839,-1.9779958271604936
14220.00000026397,2,160,0.012345679012345678,-3.955991654320987
14230.000000264188,2,160,0.012345679012345678,-3.955991654320987
14240.000000264406,2,160,0.012345679012345678,-3.955991654320987
14250.000000264625,5,157,0.030864197530864196,-9.889979135802468
14260.000000264843,3,159,0.018518518518518517,-5.9339874814814815
14270.000000265061,2,160,0.012345679012345678,-3.955991654320987
14280.00000026528,3,159,0.018518518518518517,-5.9339874814814815
14290.000000265498,1,161,0.006172839506172839,-1.9779958271604936
14300.000000265716,2,160,0.012345679012345678,-3.955991654320987
14310.000000265934,3,159,0.018518518518518517,-5.9339874814814815
14320.000000266153,3,159,0.018518518518518517,-5.9339874814814815
14330.000000266371,2,160,0.012345679012345678,-3.955991654320987
14340.00000026659,4,158,0.024691358024691357,-7.911983308641974
14350.000000266808,5,157,0.030864197530864196,-9.889979135802468
14360.000000267026,4,158,0.024691358024691357,-7.911983308641974
14370.000000267244,1,161,0.006172839506172839,-1.9779958271604936
14380.000000267462,5,157,0.030864197530864196,-9.889979135802468
14390.00000026768,4,158,0.024691358024691357,-7.911983308641974
14400.000000267899,5,157,0.030864197530864196,-9.889979135802468
14410.000000268117,6,156,0.037037037037037035,-11.867974962962963
14420.000000268335,6,156,0.037037037037037035,-11.867974962962963
14430.000000268554,6,156,0.037037037037037035,-11.867974962962963
14440.000000268772,0,162,0.0,0.0
14450.00000026899,3,159,0.018518518518518517,-5.9339874814814815
14460.000000269209,3,159,0.018518518518518517,-5.9339874814814815
14470.000000269427,3,159,0.018518518518518517,-5.9339874814814815
14480.000000269645,2,160,0.012345679012345678,-3.955991654320987
14490.000000269863,3,159,0.018518518518518517,-5.9339874814814815
14500.000000270082,3,159,0.018518518518518517,-5.9339874814814815
14510.0000002703,1,161,0.006172839506172839,-1.9779958271604936
14520.000000270518,2,160,0.012345679012345678,-3.955991654320987
14530.000000270737,2,160,0.012345679012345678,-3.955991654320987
14540.000000270955,2,160,0.012345679012345678,-3.955991654320987
14550.000000271173,3,159,0.018518518518518517,-5.9339874814814815
14560.000000271391,3,159,0.018518518518518517,-5.9339874814814815
14570.00000027161,3,159,0.018518518518518517,-5.9339874814814815
14580.000000271828,4,158,0.024691358024691357,-7.911983308641974
14590.000000272046,5,157,0.030864197530864196,-9.889979135802468
14600.000000272265,3,159,0.018518518518518517,-5.9339874814814815
14610.000000272483,2,160,0.012345679012345678,-3.955991654320987
14620.000000272701,3,159,0.018518518518518517,-5.9339874814814815
14630.00000027292,2,160,0.012345679012345678,-3.955991654320987
14640.000000273138,5,157,0.030864197530864196,-9.889979135802468
14650.000000273356,3,159,0.018518518518518517,-5.9339874814814815
14660.000000273574,2,160,0.012345679012345678,-3.955991654320987
14670.000000273792,4,158,0.024691358024691357,-7.911983308641974
14680.00000027401,2,160,0.012345679012345678,-3.955991654320987
14690.000000274229,1,161,0.006172839506172839,-1.9779958271604936
14700.000000274447,3,159,0.018518518518518517,-5.9339874814814815
14710.000000274666,2,160,0.012345679012345678,-3.955991654320987
14720.000000274884,3,159,0.018518518518518517,-5.9339874814814815
14730.000000275102,2,160,0.012345679012345678,-3.955991654320987
14740.00000027532,4,158,0.024691358024691357,-7.911983308641974
14750.000000275539,2,160,0.012345679012345678,-3.955991654320987
14760.000000275757,3,159,0.018518518518518517,-5.9339874814814815
14770.000000275975,2,160,0.012345679012345678,-3.955991654320987
14780.000000276194,1,161,0.006172839506172839,-1.9779958271604936
14790.000000276412,2,160,0.012345679012345678,-3.955991654320987
14800.00000027663,4,158,0.024691358024691357,-7.911983308641974
14810.000000276848,3,159,0.018518518518518517,-5.9339874814814815
14820.000000277067,1,161,0.006172839506172839,-1.9779958271604936
14830.000000277285,3,159,0.018518518518518517,-5.9339874814814815
14840.000000277503,1,161,0.006172839506172839,-1.9779958271604936
14850.000000277721,7,155,0.043209876543209874,-13.845970790123458
14860.00000027794,4,158,0.024691358024691357,-7.911983308641974
14870.000000278158,1,161,0.006172839506172839,-1.9779958271604936
14880.000000278376,2,160,0.012345679012345678,-3.955991654320987
14890.000000278595,0,162,0.0,0.0
14900.000000278813,1,161,0.006172839506172839,-1.9779958271604936
14910.000000279031,3,159,0.018518518518518517,-5.9339874814814815
14920.00000027925,2,160,0.012345679012345678,-3.955991654320987
14930.000000279468,2,160,0.012345679012345678,-3.955991654320987
14940.000000279686,3,159,0.018518518518518517,-5.9339874814814815
14950.000000279904,0,162,0.0,0.0
14960.000000280123,3,159,0.018518518518518517,-5.9339874814814815
14970.00000028034,1,161,0.006172839506172839,-1.9779958271604936
14980.00000028056,2,160,0.012345679012345678,-3.955991654320987
14990.000000280777,1,161,0.006172839506172839,-1.9779958271604936
15000.000000280996,2,160,0.012345679012345678,-3.955991654320987
15010.000000281214,3,159,0.018518518518518517,-5.9339874814814815
15020.000000281432,3,159,0.018518518518518517,-5.9339874814814815
15030.00000028165,1,161,0.006172839506172839,-1.9779958271604936
15040.000000281869,2,160,0.012345679012345678,-3.955991654320987
15050.000000282087,2,160,0.012345679012345678,-3.955991654320987
15060.000000282305,3,159,0.018518518518518517,-5.9339874814814815
15070.000000282524,4,158,0.024691358024691357,-7.911983308641974
15080.000000282742,5,157,0.030864197530864196,-9.889979135802468
15090.00000028296,3,159,0.018518518518518517,-5.9339874814814815
15100.000000283178,1,161,0.006172839506172839,-1.9779958271604936
15110.000000283397,4,158,0.024691358024691357,-7.911983308641974
15120.000000283615,3,159,0.018518518518518517,-5.9339874814814815
15130.000000283833,1,161,0.006172839506172839,-1.9779958271604936
15140.000000284052,3,159,0.018518518518518517,-5.9339874814814815
15150.00000028427,3,159,0.018518518518518517,-5.9339874814814815
15160.000000284488,4,158,0.024691358024691357,-7.911983308641974
15170.000000284706,4,158,0.024691358024691357,-7.911983308641974
15180.000000284925,3,159,0.018518518518518517,-5.9339874814814815
15190.000000285143,1,161,0.006172839506172839,-1.9779958271604936
15200.000000285361,3,159,0.018518518518518517,-5.9339874814814815
15210.00000028558,1,161,0.006172839506172839,-1.9779958271604936
15220.000000285798,2,160,0.012345679012345678,-3.955991654320987
15230.000000286016,5,157,0.030864197530864196,-9.889979135802468
15240.000000286234,3,159,0.018518518518518517,-5.9339874814814815
15250.000000286453,4,158,0.024691358024691357,-7.911983308641974
15260.000000286671,3,159,0.018518518518518517,-5.9339874814814815
15270.00000028689,5,157,0.030864197530864196,-9.889979135802468
15280.000000287107,2,160,0.012345679012345678,-3.955991654320987
15290.000000287326,4,158,0.024691358024691357,-7.911983308641974
15300.000000287544,2,160,0.012345679012345678,-3.955991654320987
15310.000000287762,4,158,0.024691358024691357,-7.911983308641974
15320.00000028798,2,160,0.012345679012345678,-3.955991654320987
15330.000000288199,1,161,0.006172839506172839,-1.9779958271604936
15340.000000288417,1,161,0.006172839506172839,-1.9779958271604936
15350.000000288635,3,159,0.018518518518518517,-5.9339874814814815
15360.000000288854,3,159,0.018518518518518517,-5.9339874814814815
15370.000000289072,2,160,0.012345679012345678,-3.955991654320987
15380.00000028929,0,162,0.0,0.0
15390.000000289509,4,158,0.024691358024691357,-7.911983308641974
15400.000000289727,1,161,0.006172839506172839,-1.9779958271604936
15410.000000289945,0,162,0.0,0.0
15420.000000290163,5,157,0.030864197530864196,-9.889979135802468
15430.000000290382,1,161,0.006172839506172839,-1.9779958271604936
15440.0000002906,6,156,0.037037037037037035,-11.867974962962963
15450.000000290818,4,158,0.024691358024691357,-7.911983308641974
15460.000000291036,4,158,0.024691358024691357,-7.911983308641974
15470.000000291255,2,160,0.012345679012345678,-3.955991654320987
15480.000000291473,4,158,0.024691358024691357,-7.911983308641974
15490.000000291691,4,158,0.024691358024691357,-7.911983308641974
15500.00000029191,3,159,0.018518518518518517,-5.9339874814814815
15510.000000292128,0,162,0.0,0.0
15520.000000292346,2,160,0.012345679012345678,-3.955991654320987
15530.000000292564,2,160,0.012345679012345678,-3.955991654320987
15540.000000292783,2,160,0.012345679012345678,-3.955991654320987
15550.000000293001,3,159,0.018518518518518517,-5.9339874814814815
15560.00000029322,1,161,0.006172839506172839,-1.9779958271604936
15570.000000293438,0,162,0.0,0.0
15580.000000293656,2,160,0.012345679012345678,-3.955991654320987
15590.000000293874,3,159,0.018518518518518517,-5.9339874814814815
15600.000000294092,4,158,0.024691358024691357,-7.911983308641974
15610.00000029431,5,157,0.030864197530864196,-9.889979135802468
15620.000000294529,1,161,0.006172839506172839,-1.9779958271604936
15630.000000294747,1,161,0.006172839506172839,-1.9779958271604936
15640.000000294966,4,158,0.024691358024691357,-7.911983308641974
15650.000000295184,2,160,0.012345679012345678,-3.955991654320987
15660.000000295402,2,160,0.012345679012345678,-3.955991654320987
15670.00000029562,1,161,0.006172839506172839,-1.9779958271604936
15680.000000295839,4,158,0.024691358024691357,-7.911983308641974
15690.000000296057,0,162,0.0,0.0
15700.000000296275,3,159,0.018518518518518517,-5.9339874814814815
15710.000000296493,2,160,0.012345679012345678,-3.955991654320987
15720.000000296712,0,162,0.0,0.0
15730.00000029693,4,158,0.024691358024691357,-7.911983308641974
15740.000000297148,2,160,0.012345679012345678,-3.955991654320987
15750.000000297367,3,159,0.018518518518518517,-5.9339874814814815
15760.000000297585,4,158,0.024691358024691357,-7.911983308641974
15770.000000297803,3,159,0.018518518518518517,-5.9339874814814815
15780.000000298021,3,159,0.018518518518518517,-5.9339874814814815
15790.00000029824,3,159,0.018518518518518517,-5.9339874814814815
15800.000000298458,2,160,0.012345679012345678,-3.955991654320987
15810.000000298676,6,156,0.037037037037037035,-11.867974962962963
15820.000000298895,2,160,0.012345679012345678,-3.955991654320987
15830.000000299113,3,159,0.018518518518518517,-5.9339874814814815
15840.000000299331,3,159,0.018518518518518517,-5.9339874814814815
15850.00000029955,3,159,0.018518518518518517,-5.9339874814814815
15860.000000299768,3,159,0.018518518518518517,-5.9339874814814815
15870.000000299986,4,158,0.024691358024691357,-7.911983308641974
15880.000000300204,5,157,0.030864197530864196,-9.889979135802468
15890.000000300422,3,159,0.018518518518518517,-5.9339874814814815
15900.00000030064,4,158,0.024691358024691357,-7.911983308641974
15910.000000300859,1,161,0.006172839506172839,-1.9779958271604936
15920.000000301077,2,160,0.012345679012345678,-3.955991654320987
15930.000000301296,2,160,0.012345679012345678,-3.955991654320987
15940.000000301514,1,161,0.006172839506172839,-1.9779958271604936
15950.000000301732,5,157,0.030864197530864196,-9.889979135802468
15960.00000030195,1,161,0.006172839506172839,-1.9779958271604936
15970.000000302169,2,160,0.012345679012345678,-3.955991654320987
15980.000000302387,0,162,0.0,0.0
15990.000000302605,2,160,0.012345679012345678,-3.955991654320987
16000.000000302824,2,160,0.012345679012345678,-3.955991654320987
16010.000000303042,1,161,0.006172839506172839,-1.9779958271604936
16020.00000030326,0,162,0.0,0.0
16030.000000303478,0,162,0.0,0.0
16040.000000303697,4,158,0.024691358024691357,-7.911983308641974
16050.000000303915,2,160,0.012345679012345678,-3.955991654320987
16060.000000304133,1,161,0.006172839506172839,-1.9779958271604936
16070.000000304351,3,159,0.018518518518518517,-5.9339874814814815
16080.00000030457,1,161,0.006172839506172839,-1.9779958271604936
16090.000000304788,3,159,0.018518518518518517,-5.9339874814814815
16100.000000305006,3,159,0.018518518518518517,-5.9339874814814815
16110.000000305225,3,159,0.018518518518518517,-5.9339874814814815
16120.000000305443,3,159,0.018518518518518517,-5.9339874814814815
16130.000000305661,2,160,0.012345679012345678,-3.955991654320987
16140.00000030588,3,159,0.018518518518518517,-5.9339874814814815
16150.000000306098,2,160,0.012345679012345678,-3.955991654320987
16160.000000306316,3,159,0.018518518518518517,-5.9339874814814815
16170.000000306534,4,158,0.024691358024691357,-7.911983308641974
16180.000000306753,1,161,0.006172839506172839,-1.9779958271604936
16190.00000030697,3,159,0.018518518518518517,-5.9339874814814815
16200.00000030719,5,157,0.030864197530864196,-9.889979135802468
16210.000000307407,4,158,0.024691358024691357,-7.911983308641974
16220.000000307626,2,160,0.012345679012345678,-3.955991654320987
16230.000000307844,1,161,0.006172839506172839,-1.9779958271604936
16240.000000308062,4,158,0.024691358024691357,-7.911983308641974
16250.00000030828,2,160,0.012345679012345678,-3.955991654320987
16260.000000308499,4,158,0.024691358024691357,-7.911983308641974
16270.000000308717,4,158,0.024691358024691357,-7.911983308641974
16280.000000308935,4,158,0.024691358024691357,-7.911983308641974
16290.000000309154,3,159,0.018518518518518517,-5.9339874814814815
16300.000000309372,2,160,0.012345679012345678,-3.955991654320987
16310.00000030959,3,159,0.018518518518518517,-5.9339874814814815
16320.000000309808,1,161,0.006172839506172839,-1.9779958271604936
16330.000000310027,1,161,0.006172839506172839,-1.9779958271604936
16340.000000310245,5,157,0.030864197530864196,-9.889979135802468
16350.000000310463,1,161,0.006172839506172839,-1.9779958271604936
16360.000000310682,2,160,0.012345679012345678,-3.955991654320987
16370.0000003109,3,159,0.018518518518518517,-5.9339874814814815
16380.000000311118,4,158,0.024691358024691357,-7.911983308641974
16390.000000310243,4,158,0.024691358024691357,-7.911983308641974
16400.000000308642,3,159,0.018518518518518517,-5.9339874814814815
16410.00000030704,4,158,0.024691358024691357,-7.911983308641974
16420.00000030544,1,161,0.006172839506172839,-1.9779958271604936
16430.00000030384,3,159,0.018518518518518517,-5.9339874814814815
16440.00000030224,3,159,0.018518518518518517,-5.9339874814814815
16450.00000030064,4,158,0.024691358024691357,-7.911983308641974
16460.00000029904,2,160,0.012345679012345678,-3.955991654320987
16470.000000297438,4,158,0.024691358024691357,-7.911983308641974
16480.000000295837,2,160,0.012345679012345678,-3.955991654320987
16490.000000294236,4,158,0.024691358024691357,-7.911983308641974
16500.000000292635,4,158,0.024691358024691357,-7.911983308641974
16510.000000291035,0,162,0.0,0.0
16520.000000289434,4,158,0.024691358024691357,-7.911983308641974
16530.000000287833,3,159,0.018518518518518517,-5.9339874814814815
16540.000000286233,3,159,0.018518518518518517,-5.9339874814814815
16550.000000284632,0,162,0.0,0.0
16560.00000028303,5,157,0.030864197530864196,-9.889979135802468
16570.00000028143,4,158,0.024691358024691357,-7.911983308641974
16580.00000027983,3,159,0.018518518518518517,-5.9339874814814815
16590.00000027823,4,158,0.024691358024691357,-7.911983308641974
16600.00000027663,3,159,0.018518518518518517,-5.9339874814814815
16610.000000275028,2,160,0.012345679012345678,-3.955991654320987
16620.000000273427,3,159,0.018518518518518517,-5.9339874814814815
16630.000000271826,2,160,0.012345679012345678,-3.955991654320987
16640.000000270225,4,158,0.024691358024691357,-7.911983308641974
16650.000000268625,0,162,0.0,0.0
16660.000000267024,6,156,0.037037037037037035,-11.867974962962963
16670.000000265423,5,157,0.030864197530864196,-9.889979135802468
16680.000000263823,5,157,0.030864197530864196,-9.889979135802468
16690.000000262222,6,156,0.037037037037037035,-11.867974962962963
16700.00000026062,3,159,0.018518518518518517,-5.9339874814814815
16710.00000025902,5,157,0.030864197530864196,-9.889979135802468
16720.00000025742,3,159,0.018518518518518517,-5.9339874814814815
16730.00000025582,2,160,0.012345679012345678,-3.955991654320987
16740.00000025422,5,157,0.030864197530864196,-9.889979135802468
16750.000000252618,1,161,0.006172839506172839,-1.9779958271604936
16760.000000251017,6,156,0.037037037037037035,-11.867974962962963
16770.000000249416,5,157,0.030864197530864196,-9.889979135802468
16780.000000247815,6,156,0.037037037037037035,-11.867974962962963
16790.000000246215,5,157,0.030864197530864196,-9.889979135802468
16800.000000244614,6,156,0.037037037037037035,-11.867974962962963
16810.000000243013,3,159,0.018518518518518517,-5.9339874814814815
16820.000000241413,7,155,0.043209876543209874,-13.845970790123458
16830.000000239812,6,156,0.037037037037037035,-11.867974962962963
16840.00000023821,2,160,0.012345679012345678,-3.955991654320987
16850.00000023661,3,159,0.018518518518518517,-5.9339874814814815
16860.00000023501,2,160,0.012345679012345678,-3.955991654320987
16870.00000023341,5,157,0.030864197530864196,-9.889979135802468
16880.00000023181,3,159,0.018518518518518517,-5.9339874814814815
16890.000000230208,0,162,0.0,0.0
16900.000000228607,4,158,0.024691358024691357,-7.911983308641974
16910.000000227006,1,161,0.006172839506172839,-1.9779958271604936
16920.000000225406,2,160,0.012345679012345678,-3.955991654320987
16930.000000223805,4,158,0.024691358024691357,-7.911983308641974
16940.000000222204,2,160,0.012345679012345678,-3.955991654320987
16950.000000220603,5,157,0.030864197530864196,-9.889979135802468
16960.000000219003,1,161,0.006172839506172839,-1.9779958271604936
16970.000000217402,5,157,0.030864197530864196,-9.889979135802468
16980.0000002158,3,159,0.018518518518518517,-5.9339874814814815
16990.0000002142,2,160,0.012345679012345678,-3.955991654320987
17000.0000002126,3,159,0.018518518518518517,-5.9339874814814815
17010.000000211,4,158,0.024691358024691357,-7.911983308641974
17020.0000002094,4,158,0.024691358024691357,-7.911983308641974
17030.000000207798,2,160,0.012345679012345678,-3.955991654320987
17040.000000206197,4,158,0.024691358024691357,-7.911983308641974
17050.000000204596,3,159,0.018518518518518517,-5.9339874814814815
17060.000000202996,3,159,0.018518518518518517,-5.9339874814814815
17070.000000201395,2,160,0.012345679012345678,-3.955991654320987
17080.000000199794,6,156,0.037037037037037035,-11.867974962962963
17090.000000198193,6,156,0.037037037037037035,-11.867974962962963
17100.000000196593,4,158,0.024691358024691357,-7.911983308641974
17110.000000194992,5,157,0.030864197530864196,-9.889979135802468
17120.00000019339,4,158,0.024691358024691357,-7.911983308641974
17130.00000019179,3,159,0.018518518518518517,-5.9339874814814815
17140.00000019019,4,158,0.024691358024691357,-7.911983308641974
17150.00000018859,5,157,0.030864197530864196,-9.889979135802468
17160.00000018699,4,158,0.024691358024691357,-7.911983308641974
17170.000000185388,5,157,0.030864197530864196,-9.889979135802468
17180.000000183787,4,158,0.024691358024691357,-7.911983308641974
17190.000000182186,4,158,0.024691358024691357,-7.911983308641974
17200.000000180586,4,158,0.024691358024691357,-7.911983308641974
17210.000000178985,4,158,0.024691358024691357,-7.911983308641974
17220.000000177384,2,160,0.012345679012345678,-3.955991654320987
17230.000000175783,3,159,0.018518518518518517,-5.9339874814814815
17240.000000174183,4,158,0.024691358024691357,-7.911983308641974
17250.000000172582,1,161,0.006172839506172839,-1.9779958271604936
17260.00000017098,4,158,0.024691358024691357,-7.911983308641974
17270.00000016938,5,157,0.030864197530864196,-9.889979135802468
17280.00000016778,4,158,0.024691358024691357,-7.911983308641974
17290.00000016618,4,158,0.024691358024691357,-7.911983308641974
17300.00000016458,4,158,0.024691358024691357,-7.911983308641974
17310.000000162978,2,160,0.012345679012345678,-3.955991654320987
17320.000000161377,4,158,0.024691358024691357,-7.911983308641974
17330.000000159776,4,158,0.024691358024691357,-7.911983308641974
17340.000000158176,6,156,0.037037037037037035,-11.867974962962963
17350.000000156575,6,156,0.037037037037037035,-11.867974962962963
17360.000000154974,4,158,0.024691358024691357,-7.911983308641974
17370.000000153374,2,160,0.012345679012345678,-3.955991654320987
17380.000000151773,3,159,0.018518518518518517,-5.9339874814814815
17390.000000150172,2,160,0.012345679012345678,-3.955991654320987
17400.00000014857,4,158,0.024691358024691357,-7.911983308641974
17410.00000014697,5,157,0.030864197530864196,-9.889979135802468
17420.00000014537,5,157,0.030864197530864196,-9.889979135802468
17430.00000014377,4,158,0.024691358024691357,-7.911983308641974
17440.00000014217,6,156,0.037037037037037035,-11.867974962962963
17450.000000140568,4,158,0.024691358024691357,-7.911983308641974
17460.000000138967,1,161,0.006172839506172839,-1.9779958271604936
17470.000000137366,3,159,0.018518518518518517,-5.9339874814814815
17480.000000135766,5,157,0.030864197530864196,-9.889979135802468
17490.000000134165,2,160,0.012345679012345678,-3.955991654320987
17500.000000132564,4,158,0.024691358024691357,-7.911983308641974
17510.000000130964,2,160,0.012345679012345678,-3.955991654320987
17520.000000129363,5,157,0.030864197530864196,-9.889979135802468
17530.000000127762,2,160,0.012345679012345678,-3.955991654320987
17540.00000012616,0,162,0.0,0.0
17550.00000012456,3,159,0.018518518518518517,-5.9339874814814815
17560.00000012296,2,160,0.012345679012345678,-3.955991654320987
17570.00000012136,3,159,0.018518518518518517,-5.9339874814814815
17580.00000011976,2,160,0.012345679012345678,-3.955991654320987
17590.000000118158,2,160,0.012345679012345678,-3.955991654320987
17600.000000116557,3,159,0.018518518518518517,-5.9339874814814815
17610.000000114956,4,158,0.024691358024691357,-7.911983308641974
17620.000000113356,5,157,0.030864197530864196,-9.889979135802468
17630.000000111755,3,159,0.018518518518518517,-5.9339874814814815
17640.000000110154,6,156,0.037037037037037035,-11.867974962962963
17650.000000108554,3,159,0.018518518518518517,-5.9339874814814815
17660.000000106953,4,158,0.024691358024691357,-7.911983308641974
17670.000000105352,3,159,0.018518518518518517,-5.9339874814814815
17680.00000010375,2,160,0.012345679012345678,-3.955991654320987
17690.00000010215,3,159,0.018518518518518517,-5.9339874814814815
17700.00000010055,3,159,0.018518518518518517,-5.9339874814814815
17710.00000009895,4,158,0.024691358024691357,-7.911983308641974
17720.00000009735,1,161,0.006172839506172839,-1.9779958271604936
17730.000000095748,2,160,0.012345679012345678,-3.955991654320987
17740.000000094147,5,157,0.030864197530864196,-9.889979135802468
17750.000000092547,3,159,0.018518518518518517,-5.9339874814814815
17760.000000090946,4,158,0.024691358024691357,-7.911983308641974
17770.000000089345,3,159,0.018518518518518517,-5.9339874814814815
17780.000000087744,4,158,0.024691358024691357,-7.911983308641974
17790.000000086144,6,156,0.037037037037037035,-11.867974962962963
17800.000000084543,2,160,0.012345679012345678,-3.955991654320987
17810.000000082942,1,161,0.006172839506172839,-1.9779958271604936
17820.00000008134,5,157,0.030864197530864196,-9.889979135802468
17830.00000007974,6,156,0.037037037037037035,-11.867974962962963
17840.00000007814,3,159,0.018518518518518517,-5.9339874814814815
17850.00000007654,4,158,0.024691358024691357,-7.911983308641974
17860.00000007494,4,158,0.024691358024691357,-7.911983308641974
17870.000000073338,2,160,0.012345679012345678,-3.955991654320987
17880.000000071737,1,161,0.006172839506172839,-1.9779958271604936
17890.000000070137,1,161,0.006172839506172839,-1.9779958271604936
17900.000000068536,0,162,0.0,0.0
17910.000000066935,1,161,0.006172839506172839,-1.9779958271604936
17920.000000065334,5,157,0.030864197530864196,-9.889979135802468
17930.000000063734,2,160,0.012345679012345678,-3.955991654320987
17940.000000062133,6,156,0.037037037037037035,-11.867974962962963
17950.000000060532,5,157,0.030864197530864196,-9.889979135802468
17960.00000005893,3,159,0.018518518518518517,-5.9339874814814815
17970.00000005733,3,159,0.018518518518518517,-5.9339874814814815
17980.00000005573,2,160,0.012345679012345678,-3.955991654320987
17990.00000005413,5,157,0.030864197530864196,-9.889979135802468
18000.00000005253,4,158,0.024691358024691357,-7.911983308641974
18010.000000050928,3,159,0.018518518518518517,-5.9339874814814815
18020.000000049327,4,158,0.024691358024691357,-7.911983308641974
18030.000000047727,2,160,0.012345679012345678,-3.955991654320987
18040.000000046126,1,161,0.006172839506172839,-1.9779958271604936
18050.000000044525,0,162,0.0,0.0
18060.000000042925,4,158,0.024691358024691357,-7.911983308641974
18070.000000041324,1,161,0.006172839506172839,-1.9779958271604936
18080.000000039723,2,160,0.012345679012345678,-3.955991654320987
18090.000000038122,3,159,0.018518518518518517,-5.9339874814814815
18100.00000003652,4,158,0.024691358024691357,-7.911983308641974
18110.00000003492,1,161,0.006172839506172839,-1.9779958271604936
18120.00000003332,2,160,0.012345679012345678,-3.955991654320987
18130.00000003172,3,159,0.018518518518518517,-5.9339874814814815
18140.00000003012,5,157,0.030864197530864196,-9.889979135802468
18150.000000028518,2,160,0.012345679012345678,-3.955991654320987
18160.000000026917,5,157,0.030864197530864196,-9.889979135802468
18170.000000025317,3,159,0.018518518518518517,-5.9339874814814815
18180.000000023716,3,159,0.018518518518518517,-5.9339874814814815
18190.000000022115,5,157,0.030864197530864196,-9.889979135802468
18200.000000020515,1,161,0.006172839506172839,-1.9779958271604936
18210.000000018914,5,157,0.030864197530864196,-9.889979135802468
18220.000000017313,4,158,0.024691358024691357,-7.911983308641974
18230.000000015712,4,158,0.024691358024691357,-7.911983308641974
18240.00000001411,3,159,0.018518518518518517,-5.9339874814814815
18250.00000001251,2,160,0.012345679012345678,-3.955991654320987
18260.00000001091,6,156,0.037037037037037035,-11.867974962962963
18270.00000000931,4,158,0.024691358024691357,-7.911983308641974
18280.00000000771,3,159,0.018518518518518517,-5.9339874814814815
18290.000000006108,1,161,0.006172839506172839,-1.9779958271604936
18300.000000004507,2,160,0.012345679012345678,-3.955991654320987
18310.000000002907,1,161,0.006172839506172839,-1.9779958271604936
18320.000000001306,2,160,0.012345679012345678,-3.955991654320987
18329.999999999705,2,160,0.012345679012345678,-3.955991654320987
18339.999999998105,2,160,0.012345679012345678,-3.955991654320987
18349.999999996504,3,159,0.018518518518518517,-5.9339874814814815
18359.999999994903,1,161,0.006172839506172839,-1.9779958271604936
18369.999999993302,1,161,0.006172839506172839,-1.9779958271604936
18379.9999999917,2,160,0.012345679012345678,-3.955991654320987
18389.9999999901,3,159,0.018518518518518517,-5.9339874814814815
18399.9999999885,5,157,0.030864197530864196,-9.889979135802468
18409.9999999869,1,161,0.006172839506172839,-1.9779958271604936
18419.9999999853,0,162,0.0,0.0
18429.9999999837,1,161,0.006172839506172839,-1.9779958271604936
18439.999999982098,4,158,0.024691358024691357,-7.911983308641974
18449.999999980497,2,160,0.012345679012345678,-3.955991654320987
18459.999999978896,4,158,0.024691358024691357,-7.911983308641974
18469.999999977295,2,160,0.012345679012345678,-3.955991654320987
18479.999999975695,1,161,0.006172839506172839,-1.9779958271604936
18489.999999974094,3,159,0.018518518518518517,-5.9339874814814815
18499.999999972493,3,159,0.018518518518518517,-5.9339874814814815
18509.999999970893,3,159,0.018518518518518517,-5.9339874814814815
18519.999999969292,4,158,0.024691358024691357,-7.911983308641974
18529.99999996769,1,161,0.006172839506172839,-1.9779958271604936
18539.99999996609,1,161,0.006172839506172839,-1.9779958271604936
18549.99999996449,2,160,0.012345679012345678,-3.955991654320987
18559.99999996289,2,160,0.012345679012345678,-3.955991654320987
18569.99999996129,1,161,0.006172839506172839,-1.9779958271604936
18579.999999959688,2,160,0.012345679012345678,-3.955991654320987
18589.999999958087,0,162,0.0,0.0
18599.999999956486,3,159,0.018518518518518517,-5.9339874814814815
18609.999999954885,4,158,0.024691358024691357,-7.911983308641974
18619.999999953285,3,159,0.018518518518518517,-5.9339874814814815
18629.999999951684,3,159,0.018518518518518517,-5.9339874814814815
18639.999999950083,3,159,0.018518518518518517,-5.9339874814814815
18649.999999948483,6,156,0.037037037037037035,-11.867974962962963
18659.999999946882,6,156,0.037037037037037035,-11.867974962962963
18669.99999994528,3,159,0.018518518518518517,-5.9339874814814815
18679.99999994368,4,158,0.024691358024691357,-7.911983308641974
18689.99999994208,6,156,0.037037037037037035,-11.867974962962963
18699.99999994048,6,156,0.037037037037037035,-11.867974962962963
18709.99999993888,5,157,0.030864197530864196,-9.889979135802468
18719.999999937278,6,156,0.037037037037037035,-11.867974962962963
18729.999999935677,4,158,0.024691358024691357,-7.911983308641974
18739.999999934076,5,157,0.030864197530864196,-9.889979135802468
18749.999999932475,3,159,0.018518518518518517,-5.9339874814814815
18759.999999930875,5,157,0.030864197530864196,-9.889979135802468
18769.999999929274,4,158,0.024691358024691357,-7.911983308641974
18779.999999927673,3,159,0.018518518518518517,-5.9339874814814815
18789.999999926073,5,157,0.030864197530864196,-9.889979135802468
18799.999999924472,3,159,0.018518518518518517,-5.9339874814814815
18809.99999992287,4,158,0.024691358024691357,-7.911983308641974
18819.99999992127,6,156,0.037037037037037035,-11.867974962962963
18829.99999991967,4,158,0.024691358024691357,-7.911983308641974
18839.99999991807,2,160,0.012345679012345678,-3.955991654320987
18849.99999991647,2,160,0.012345679012345678,-3.955991654320987
18859.999999914868,2,160,0.012345679012345678,-3.955991654320987
18869.999999913267,3,159,0.018518518518518517,-5.9339874814814815
18879.999999911666,3,159,0.018518518518518517,-5.9339874814814815
18889.999999910066,3,159,0.018518518518518517,-5.9339874814814815
18899.999999908465,3,159,0.018518518518518517,-5.9339874814814815
18909.999999906864,3,159,0.018518518518518517,-5.9339874814814815
18919.999999905263,3,159,0.018518518518518517,-5.9339874814814815
18929.999999903663,3,159,0.018518518518518517,-5.9339874814814815
18939.999999902062,7,155,0.043209876543209874,-13.845970790123458
18949.99999990046,3,159,0.018518518518518517,-5.9339874814814815
18959.99999989886,3,159,0.018518518518518517,-5.9339874814814815
18969.99999989726,2,160,0.012345679012345678,-3.955991654320987
18979.99999989566,4,158,0.024691358024691357,-7.911983308641974
18989.99999989406,4,158,0.024691358024691357,-7.911983308641974
18999.999999892458,5,157,0.030864197530864196,-9.889979135802468
19009.999999890857,4,158,0.024691358024691357,-7.911983308641974
19019.999999889256,8,154,0.04938271604938271,-15.823966617283949
19029.999999887656,5,157,0.030864197530864196,-9.889979135802468
19039.999999886055,6,156,0.037037037037037035,-11.867974962962963
19049.999999884454,5,157,0.030864197530864196,-9.889979135802468
19059.999999882853,3,159,0.018518518518518517,-5.9339874814814815
19069.999999881253,5,157,0.030864197530864196,-9.889979135802468
19079.999999879652,5,157,0.030864197530864196,-9.889979135802468
19089.99999987805,3,159,0.018518518518518517,-5.9339874814814815
19099.99999987645,5,157,0.030864197530864196,-9.889979135802468
19109.99999987485,6,156,0.037037037037037035,-11.867974962962963
19119.99999987325,4,158,0.024691358024691357,-7.911983308641974
19129.99999987165,2,160,0.012345679012345678,-3.955991654320987
19139.999999870048,4,158,0.024691358024691357,-7.911983308641974
19149.999999868447,3,159,0.018518518518518517,-5.9339874814814815
19159.999999866846,3,159,0.018518518518518517,-5.9339874814814815
19169.999999865246,4,158,0.024691358024691357,-7.911983308641974
19179.999999863645,2,160,0.012345679012345678,-3.955991654320987
19189.999999862044,2,160,0.012345679012345678,-3.955991654320987
19199.999999860443,4,158,0.024691358024691357,-7.911983308641974
19209.999999858843,3,159,0.018518518518518517,-5.9339874814814815
19219.999999857242,3,159,0.018518518518518517,-5.9339874814814815
19229.99999985564,4,158,0.024691358024691357,-7.911983308641974
19239.99999985404,3,159,0.018518518518518517,-5.9339874814814815
19249.99999985244,1,161,0.006172839506172839,-1.9779958271604936
19259.99999985084,2,160,0.012345679012345678,-3.955991654320987
19269.99999984924,3,159,0.018518518518518517,-5.9339874814814815
19279.999999847638,4,158,0.024691358024691357,-7.911983308641974
19289.999999846037,6,156,0.037037037037037035,-11.867974962962963
19299.999999844436,3,159,0.018518518518518517,-5.9339874814814815
19309.999999842836,1,161,0.006172839506172839,-1.9779958271604936
19319.999999841235,4,158,0.024691358024691357,-7.911983308641974
19329.999999839634,5,157,0.030864197530864196,-9.889979135802468
19339.999999838034,1,161,0.006172839506172839,-1.9779958271604936
19349.999999836433,3,159,0.018518518518518517,-5.9339874814814815
19359.999999834832,4,158,0.024691358024691357,-7.911983308641974
19369.99999983323,3,159,0.018518518518518517,-5.9339874814814815
19379.99999983163,2,160,0.012345679012345678,-3.955991654320987
19389.99999983003,3,159,0.018518518518518517,-5.9339874814814815
19399.99999982843,2,160,0.012345679012345678,-3.955991654320987
19409.99999982683,4,158,0.024691358024691357,-7.911983308641974
19419.999999825228,2,160,0.012345679012345678,-3.955991654320987
19429.999999823627,2,160,0.012345679012345678,-3.955991654320987
19439.999999822026,1,161,0.006172839506172839,-1.9779958271604936
19449.999999820426,4,158,0.024691358024691357,-7.911983308641974
19459.999999818825,1,161,0.006172839506172839,-1.9779958271604936
19469.999999817224,3,159,0.018518518518518517,-5.9339874814814815
19479.999999815624,4,158,0.024691358024691357,-7.911983308641974
19489.999999814023,5,157,0.030864197530864196,-9.889979135802468
19499.999999812422,3,159,0.018518518518518517,-5.9339874814814815
19509.99999981082,5,157,0.030864197530864196,-9.889979135802468
19519.99999980922,5,157,0.030864197530864196,-9.889979135802468
19529.99999980762,5,157,0.030864197530864196,-9.889979135802468
19539.99999980602,5,157,0.030864197530864196,-9.889979135802468
19549.99999980442,6,156,0.037037037037037035,-11.867974962962963
19559.999999802818,3,159,0.018518518518518517,-5.9339874814814815
19569.999999801217,0,162,0.0,0.0
19579.999999799616,3,159,0.018518518518518517,-5.9339874814814815
19589.999999798016,2,160,0.012345679012345678,-3.955991654320987
19599.999999796415,4,158,0.024691358024691357,-7.911983308641974
19609.999999794814,1,161,0.006172839506172839,-1.9779958271604936
19619.999999793214,0,162,0.0,0.0
19629.999999791613,3,159,0.018518518518518517,-5.9339874814814815
19639.999999790012,3,159,0.018518518518518517,-5.9339874814814815
19649.99999978841,2,160,0.012345679012345678,-3.955991654320987
19659.99999978681,3,159,0.018518518518518517,-5.9339874814814815
19669.99999978521,8,154,0.04938271604938271,-15.823966617283949
19679.99999978361,3,159,0.018518518518518517,-5.9339874814814815
19689.99999978201,4,158,0.024691358024691357,-7.911983308641974
19699.999999780408,5,157,0.030864197530864196,-9.889979135802468
19709.999999778807,4,158,0.024691358024691357,-7.911983308641974
19719.999999777207,2,160,0.012345679012345678,-3.955991654320987
19729.999999775606,3,159,0.018518518518518517,-5.9339874814814815
19739.999999774005,4,158,0.024691358024691357,-7.911983308641974
19749.999999772404,4,158,0.024691358024691357,-7.911983308641974
19759.999999770804,3,159,0.018518518518518517,-5.9339874814814815
19769.999999769203,3,159,0.018518518518518517,-5.9339874814814815
19779.999999767602,1,161,0.006172839506172839,-1.9779958271604936
19789.999999766,2,160,0.012345679012345678,-3.955991654320987
19799.9999997644,2,160,0.012345679012345678,-3.955991654320987
19809.9999997628,3,159,0.018518518518518517,-5.9339874814814815
19819.9999997612,4,158,0.024691358024691357,-7.911983308641974
19829.9999997596,6,156,0.037037037037037035,-11.867974962962963
19839.999999757998,3,159,0.018518518518518517,-5.9339874814814815
19849.999999756397,6,156,0.037037037037037035,-11.867974962962963
19859.999999754797,8,154,0.04938271604938271,-15.823966617283949
19869.999999753196,4,158,0.024691358024691357,-7.911983308641974
19879.999999751595,2,160,0.012345679012345678,-3.955991654320987
19889.999999749994,5,157,0.030864197530864196,-9.889979135802468
19899.999999748394,4,158,0.024691358024691357,-7.911983308641974
19909.999999746793,5,157,0.030864197530864196,-9.889979135802468
19919.999999745192,4,158,0.024691358024691357,-7.911983308641974
19929.99999974359,5,157,0.030864197530864196,-9.889979135802468
19939.99999974199,5,157,0.030864197530864196,-9.889979135802468
19949.99999974039,1,161,0.006172839506172839,-1.9779958271604936
19959.99999973879,4,158,0.024691358024691357,-7.911983308641974
19969.99999973719,5,157,0.030864197530864196,-9.889979135802468
19979.999999735588,2,160,0.012345679012345678,-3.955991654320987
19989.999999733987,4,158,0.024691358024691357,-7.911983308641974
19999.999999732387,4,158,0.024691358024691357,-7.911983308641974
20009.999999730786,2,160,0.012345679012345678,-3.955991654320987
20019.999999729185,4,158,0.024691358024691357,-7.911983308641974
20029.999999727585,3,159,0.018518518518518517,-5.9339874814814815
20039.999999725984,3,159,0.018518518518518517,-5.9339874814814815
20049.999999724383,0,162,0.0,0.0
20059.999999722782,2,160,0.012345679012345678,-3.955991654320987
20069.99999972118,3,159,0.018518518518518517,-5.9339874814814815
20079.99999971958,1,161,0.006172839506172839,-1.9779958271604936
20089.99999971798,3,159,0.018518518518518517,-5.9339874814814815
20099.99999971638,2,160,0.012345679012345678,-3.955991654320987
20109.99999971478,2,160,0.012345679012345678,-3.955991654320987
20119.999999713178,3,159,0.018518518518518517,-5.9339874814814815
20129.999999711577,2,160,0.012345679012345678,-3.955991654320987
20139.999999709977,1,161,0.006172839506172839,-1.9779958271604936
20149.999999708376,5,157,0.030864197530864196,-9.889979135802468
20159.999999706775,2,160,0.012345679012345678,-3.955991654320987
20169.999999705175,3,159,0.018518518518518517,-5.9339874814814815
20179.999999703574,5,157,0.030864197530864196,-9.889979135802468
20189.999999701973,2,160,0.012345679012345678,-3.955991654320987
20199.999999700372,6,156,0.037037037037037035,-11.867974962962963
20209.99999969877,1,161,0.006172839506172839,-1.9779958271604936
20219.99999969717,3,159,0.018518518518518517,-5.9339874814814815
20229.99999969557,3,159,0.018518518518518517,-5.9339874814814815
20239.99999969397,5,157,0.030864197530864196,-9.889979135802468
20249.99999969237,1,161,0.006172839506172839,-1.9779958271604936
20259.999999690768,4,158,0.024691358024691357,-7.911983308641974
20269.999999689167,4,158,0.024691358024691357,-7.911983308641974
20279.999999687567,4,158,0.024691358024691357,-7.911983308641974
20289.999999685966,1,161,0.006172839506172839,-1.9779958271604936
20299.999999684365,1,161,0.006172839506172839,-1.9779958271604936
20309.999999682765,2,160,0.012345679012345678,-3.955991654320987
20319.999999681164,3,159,0.018518518518518517,-5.9339874814814815
20329.999999679563,1,161,0.006172839506172839,-1.9779958271604936
20339.999999677962,2,160,0.012345679012345678,-3.955991654320987
20349.99999967636,3,159,0.018518518518518517,-5.9339874814814815
20359.99999967476,0,162,0.0,0.0
20369.99999967316,3,159,0.018518518518518517,-5.9339874814814815
20379.99999967156,2,160,0.012345679012345678,-3.955991654320987
20389.99999966996,2,160,0.012345679012345678,-3.955991654320987
20399.99999966836,2,160,0.012345679012345678,-3.955991654320987
20409.999999666758,1,161,0.006172839506172839,-1.9779958271604936
20419.999999665157,4,158,0.024691358024691357,-7.911983308641974
20429.999999663556,2,160,0.012345679012345678,-3.955991654320987
20439.999999661955,4,158,0.024691358024691357,-7.911983308641974
20449.999999660355,5,157,0.030864197530864196,-9.889979135802468
20459.999999658754,3,159,0.018518518518518517,-5.9339874814814815
20469.999999657153,1,161,0.006172839506172839,-1.9779958271604936
20479.999999655553,1,161,0.006172839506172839,-1.9779958271604936
20489.99999965395,1,161,0.006172839506172839,-1.9779958271604936
20499.99999965235,2,160,0.012345679012345678,-3.955991654320987
20509.99999965075,1,161,0.006172839506172839,-1.9779958271604936
20519.99999964915,4,158,0.024691358024691357,-7.911983308641974
20529.99999964755,1,161,0.006172839506172839,-1.9779958271604936
20539.99999964595,6,156,0.037037037037037035,-11.867974962962963
20549.999999644348,2,160,0.012345679012345678,-3.955991654320987
20559.999999642747,2,160,0.012345679012345678,-3.955991654320987
20569.999999641146,2,160,0.012345679012345678,-3.955991654320987
20579.999999639545,4,158,0.024691358024691357,-7.911983308641974
20589.999999637945,0,162,0.0,0.0
20599.999999636344,1,161,0.006172839506172839,-1.9779958271604936
20609.999999634743,2,160,0.012345679012345678,-3.955991654320987
20619.999999633143,3,159,0.018518518518518517,-5.9339874814814815
20629.999999631542,2,160,0.012345679012345678,-3.955991654320987
20639.99999962994,2,160,0.012345679012345678,-3.955991654320987
20649.99999962834,4,158,0.024691358024691357,-7.911983308641974
20659.99999962674,3,159,0.018518518518518517,-5.9339874814814815
20669.99999962514,0,162,0.0,0.0
20679.99999962354,3,159,0.018518518518518517,-5.9339874814814815
20689.999999621938,3,159,0.018518518518518517,-5.9339874814814815
20699.999999620337,2,160,0.012345679012345678,-3.955991654320987
20709.999999618736,0,162,0.0,0.0
20719.999999617135,5,157,0.030864197530864196,-9.889979135802468
20729.999999615535,4,158,0.024691358024691357,-7.911983308641974
20739.999999613934,4,158,0.024691358024691357,-7.911983308641974
20749.999999612333,2,160,0.012345679012345678,-3.955991654320987
20759.999999610733,3,159,0.018518518518518517,-5.9339874814814815
20769.999999609132,3,159,0.018518518518518517,-5.9339874814814815
20779.99999960753,3,159,0.018518518518518517,-5.9339874814814815
20789.99999960593,5,157,0.030864197530864196,-9.889979135802468
20799.99999960433,5,157,0.030864197530864196,-9.889979135802468
20809.99999960273,3,159,0.018518518518518517,-5.9339874814814815
20819.99999960113,2,160,0.012345679012345678,-3.955991654320987
20829.999999599528,4,158,0.024691358024691357,-7.911983308641974
20839.999999597927,1,161,0.006172839506172839,-1.9779958271604936
20849.999999596326,3,159,0.018518518518518517,-5.9339874814814815
20859.999999594726,4,158,0.024691358024691357,-7.911983308641974
20869.999999593125,2,160,0.012345679012345678,-3.955991654320987
20879.999999591524,5,157,0.030864197530864196,-9.889979135802468
20889.999999589923,5,157,0.030864197530864196,-9.889979135802468
20899.999999588323,6,156,0.037037037037037035,-11.867974962962963
20909.999999586722,2,160,0.012345679012345678,-3.955991654320987
20919.99999958512,5,157,0.030864197530864196,-9.889979135802468
20929.99999958352,5,157,0.030864197530864196,-9.889979135802468
20939.99999958192,2,160,0.012345679012345678,-3.955991654320987
20949.99999958032,2,160,0.012345679012345678,-3.955991654320987
20959.99999957872,7,155,0.043209876543209874,-13.845970790123458
20969.999999577118,2,160,0.012345679012345678,-3.955991654320987
20979.999999575517,4,158,0.024691358024691357,-7.911983308641974
20989.999999573916,5,157,0.030864197530864196,-9.889979135802468
20999.999999572316,1,161,0.006172839506172839,-1.9779958271604936
21009.999999570715,4,158,0.024691358024691357,-7.911983308641974
21019.999999569114,2,160,0.012345679012345678,-3.955991654320987
21029.999999567513,4,158,0.024691358024691357,-7.911983308641974
21039.999999565913,3,159,0.018518518518518517,-5.9339874814814815
21049.999999564312,4,158,0.024691358024691357,-7.911983308641974
21059.99999956271,2,160,0.012345679012345678,-3.955991654320987
21069.99999956111,2,160,0.012345679012345678,-3.955991654320987
21079.99999955951,2,160,0.012345679012345678,-3.955991654320987
21089.99999955791,6,156,0.037037037037037035,-11.867974962962963
21099.99999955631,5,157,0.030864197530864196,-9.889979135802468
21109.999999554708,6,156,0.037037037037037035,-11.867974962962963
21119.999999553107,2,160,0.012345679012345678,-3.955991654320987
21129.999999551506,4,158,0.024691358024691357,-7.911983308641974
21139.999999549906,5,157,0.030864197530864196,-9.889979135802468
21149.999999548305,3,159,0.018518518518518517,-5.9339874814814815
21159.999999546704,2,160,0.012345679012345678,-3.955991654320987
21169.999999545103,3,159,0.018518518518518517,-5.9339874814814815
21179.999999543503,2,160,0.012345679012345678,-3.955991654320987
21189.999999541902,2,160,0.012345679012345678,-3.955991654320987
21199.9999995403,4,158,0.024691358024691357,-7.911983308641974
21209.9999995387,2,160,0.012345679012345678,-3.955991654320987
21219.9999995371,2,160,0.012345679012345678,-3.955991654320987
21229.9999995355,2,160,0.012345679012345678,-3.955991654320987
21239.9999995339,3,159,0.018518518518518517,-5.9339874814814815
21249.999999532298,2,160,0.012345679012345678,-3.955991654320987
21259.999999530697,3,159,0.018518518518518517,-5.9339874814814815
21269.999999529096,4,158,0.024691358024691357,-7.911983308641974
21279.999999527496,8,154,0.04938271604938271,-15.823966617283949
21289.999999525895,3,159,0.018518518518518517,-5.9339874814814815
21299.999999524294,3,159,0.018518518518518517,-5.9339874814814815
21309.999999522694,4,158,0.024691358024691357,-7.911983308641974
21319.999999521093,3,159,0.018518518518518517,-5.9339874814814815
21329.999999519492,3,159,0.018518518518518517,-5.9339874814814815
21339.99999951789,4,158,0.024691358024691357,-7.911983308641974
21349.99999951629,3,159,0.018518518518518517,-5.9339874814814815
21359.99999951469,1,161,0.006172839506172839,-1.9779958271604936
21369.99999951309,4,158,0.024691358024691357,-7.911983308641974
21379.99999951149,3,159,0.018518518518518517,-5.9339874814814815
21389.999999509888,3,159,0.018518518518518517,-5.9339874814814815
21399.999999508287,1,161,0.006172839506172839,-1.9779958271604936
21409.999999506686,1,161,0.006172839506172839,-1.9779958271604936
21419.999999505086,2,160,0.012345679012345678,-3.955991654320987
21429.999999503485,3,159,0.018518518518518517,-5.9339874814814815
21439.999999501884,2,160,0.012345679012345678,-3.955991654320987
21449.999999500284,3,159,0.018518518518518517,-5.9339874814814815
21459.999999498683,5,157,0.030864197530864196,-9.889979135802468
21469.999999497082,4,158,0.024691358024691357,-7.911983308641974
21479.99999949548,5,157,0.030864197530864196,-9.889979135802468
21489.99999949388,6,156,0.037037037037037035,-11.867974962962963
21499.99999949228,3,159,0.018518518518518517,-5.9339874814814815
21509.99999949068,4,158,0.024691358024691357,-7.911983308641974
21519.99999948908,1,161,0.006172839506172839,-1.9779958271604936
21529.999999487478,2,160,0.012345679012345678,-3.955991654320987
21539.999999485877,4,158,0.024691358024691357,-7.911983308641974
21549.999999484276,4,158,0.024691358024691357,-7.911983308641974
21559.999999482676,3,159,0.018518518518518517,-5.9339874814814815
21569.999999481075,6,156,0.037037037037037035,-11.867974962962963
21579.999999479474,6,156,0.037037037037037035,-11.867974962962963
21589.999999477874,5,157,0.030864197530864196,-9.889979135802468
21599.999999476273,4,158,0.024691358024691357,-7.911983308641974
21609.999999474672,5,157,0.030864197530864196,-9.889979135802468
21619.99999947307,4,158,0.024691358024691357,-7.911983308641974
21629.99999947147,3,159,0.018518518518518517,-5.9339874814814815
21639.99999946987,2,160,0.012345679012345678,-3.955991654320987
21649.99999946827,4,158,0.024691358024691357,-7.911983308641974
21659.99999946667,4,158,0.024691358024691357,-7.911983308641974
21669.999999465068,2,160,0.012345679012345678,-3.955991654320987
21679.999999463467,4,158,0.024691358024691357,-7.911983308641974
21689.999999461867,3,159,0.018518518518518517,-5.9339874814814815
21699.999999460266,6,156,0.037037037037037035,-11.867974962962963
21709.999999458665,6,156,0.037037037037037035,-11.867974962962963
21719.999999457064,3,159,0.018518518518518517,-5.9339874814814815
21729.999999455464,5,157,0.030864197530864196,-9.889979135802468
21739.999999453863,4,158,0.024691358024691357,-7.911983308641974
21749.999999452262,2,160,0.012345679012345678,-3.955991654320987
21759.99999945066,3,159,0.018518518518518517,-5.9339874814814815
21769.99999944906,5,157,0.030864197530864196,-9.889979135802468
21779.99999944746,5,157,0.030864197530864196,-9.889979135802468
21789.99999944586,3,159,0.018518518518518517,-5.9339874814814815
21799.99999944426,0,162,0.0,0.0
21809.999999442658,2,160,0.012345679012345678,-3.955991654320987
21819.999999441057,2,160,0.012345679012345678,-3.955991654320987
21829.999999439457,4,158,0.024691358024691357,-7.911983308641974
21839.999999437856,0,162,0.0,0.0
21849.999999436255,5,157,0.030864197530864196,-9.889979135802468
21859.999999434654,4,158,0.024691358024691357,-7.911983308641974
21869.999999433054,4,158,0.024691358024691357,-7.911983308641974
21879.999999431453,4,158,0.024691358024691357,-7.911983308641974
21889.999999429852,4,158,0.024691358024691357,-7.911983308641974
21899.99999942825,3,159,0.018518518518518517,-5.9339874814814815
21909.99999942665,4,158,0.024691358024691357,-7.911983308641974
21919.99999942505,2,160,0.012345679012345678,-3.955991654320987
21929.99999942345,2,160,0.012345679012345678,-3.955991654320987
21939.99999942185,2,160,0.012345679012345678,-3.955991654320987
21949.999999420248,0,162,0.0,0.0
21959.999999418647,1,161,0.006172839506172839,-1.9779958271604936
21969.999999417047,5,157,0.030864197530864196,-9.889979135802468
21979.999999415446,5,157,0.030864197530864196,-9.889979135802468
21989.999999413845,3,159,0.018518518518518517,-5.9339874814814815
21999.999999412245,3,159,0.018518518518518517,-5.9339874814814815
22009.999999410644,4,158,0.024691358024691357,-7.911983308641974
22019.999999409043,2,160,0.012345679012345678,-3.955991654320987
22029.999999407442,2,160,0.012345679012345678,-3.955991654320987
22039.99999940584,2,160,0.012345679012345678,-3.955991654320987
22049.99999940424,2,160,0.012345679012345678,-3.955991654320987
22059.99999940264,1,161,0.006172839506172839,-1.9779958271604936
22069.99999940104,5,157,0.030864197530864196,-9.889979135802468
22079.99999939944,2,160,0.012345679012345678,-3.955991654320987
22089.999999397838,3,159,0.018518518518518517,-5.9339874814814815
22099.999999396237,5,157,0.030864197530864196,-9.889979135802468
22109.999999394637,4,158,0.024691358024691357,-7.911983308641974
22119.999999393036,2,160,0.012345679012345678,-3.955991654320987
22129.999999391435,4,158,0.024691358024691357,-7.911983308641974
22139.999999389835,3,159,0.018518518518518517,-5.9339874814814815
22149.999999388234,3,159,0.018518518518518517,-5.9339874814814815
22159.999999386633,2,160,0.012345679012345678,-3.955991654320987
22169.999999385032,3,159,0.018518518518518517,-5.9339874814814815
22179.99999938343,3,159,0.018518518518518517,-5.9339874814814815
22189.99999938183,3,159,0.018518518518518517,-5.9339874814814815
22199.99999938023,3,159,0.018518518518518517,-5.9339874814814815
22209.99999937863,3,159,0.018518518518518517,-5.9339874814814815
22219.99999937703,3,159,0.018518518518518517,-5.9339874814814815
22229.999999375428,4,158,0.024691358024691357,-7.911983308641974
22239.999999373827,2,160,0.012345679012345678,-3.955991654320987
22249.999999372227,1,161,0.006172839506172839,-1.9779958271604936
22259.999999370626,2,160,0.012345679012345678,-3.955991654320987
22269.999999369025,2,160,0.012345679012345678,-3.955991654320987
22279.999999367425,3,159,0.018518518518518517,-5.9339874814814815
22289.999999365824,3,159,0.018518518518518517,-5.9339874814814815
22299.999999364223,6,156,0.037037037037037035,-11.867974962962963
22309.999999362622,3,159,0.018518518518518517,-5.9339874814814815
22319.99999936102,4,158,0.024691358024691357,-7.911983308641974
22329.99999935942,4,158,0.024691358024691357,-7.911983308641974
22339.99999935782,3,159,0.018518518518518517,-5.9339874814814815
22349.99999935622,1,161,0.006172839506172839,-1.9779958271604936
22359.99999935462,3,159,0.018518518518518517,-5.9339874814814815
22369.99999935302,1,161,0.006172839506172839,-1.9779958271604936
22379.999999351418,3,159,0.018518518518518517,-5.9339874814814815
22389.999999349817,2,160,0.012345679012345678,-3.955991654320987
22399.999999348216,4,158,0.024691358024691357,-7.911983308641974
22409.999999346615,5,157,0.030864197530864196,-9.889979135802468
22419.999999345015,2,160,0.012345679012345678,-3.955991654320987
22429.999999343414,5,157,0.030864197530864196,-9.889979135802468
22439.999999341813,2,160,0.012345679012345678,-3.955991654320987
22449.999999340213,3,159,0.018518518518518517,-5.9339874814814815
22459.99999933861,4,158,0.024691358024691357,-7.911983308641974
22469.99999933701,2,160,0.012345679012345678,-3.955991654320987
22479.99999933541,4,158,0.024691358024691357,-7.911983308641974
22489.99999933381,4,158,0.024691358024691357,-7.911983308641974
22499.99999933221,4,158,0.024691358024691357,-7.911983308641974
22509.99999933061,2,160,0.012345679012345678,-3.955991654320987
22519.999999329008,4,158,0.024691358024691357,-7.911983308641974
22529.999999327407,6,156,0.037037037037037035,-11.867974962962963
22539.999999325806,3,159,0.018518518518518517,-5.9339874814814815
22549.999999324205,4,158,0.024691358024691357,-7.911983308641974
22559.999999322605,2,160,0.012345679012345678,-3.955991654320987
22569.999999321004,2,160,0.012345679012345678,-3.955991654320987
22579.999999319403,2,160,0.012345679012345678,-3.955991654320987
22589.999999317803,4,158,0.024691358024691357,-7.911983308641974
22599.999999316202,2,160,0.012345679012345678,-3.955991654320987
22609.9999993146,4,158,0.024691358024691357,-7.911983308641974
22619.999999313,5,157,0.030864197530864196,-9.889979135802468
22629.9999993114,4,158,0.024691358024691357,-7.911983308641974
22639.9999993098,3,159,0.018518518518518517,-5.9339874814814815
22649.9999993082,5,157,0.030864197530864196,-9.889979135802468
22659.999999306598,2,160,0.012345679012345678,-3.955991654320987
22669.999999304997,3,159,0.018518518518518517,-5.9339874814814815
22679.999999303396,6,156,0.037037037037037035,-11.867974962962963
22689.999999301795,2,160,0.012345679012345678,-3.955991654320987
22699.999999300195,4,158,0.024691358024691357,-7.911983308641974
22709.999999298594,3,159,0.018518518518518517,-5.9339874814814815
22719.999999296993,2,160,0.012345679012345678,-3.955991654320987
22729.999999295393,3,159,0.018518518518518517,-5.9339874814814815
22739.999999293792,2,160,0.012345679012345678,-3.955991654320987
22749.99999929219,2,160,0.012345679012345678,-3.955991654320987
22759.99999929059,1,161,0.006172839506172839,-1.9779958271604936
22769.99999928899,3,159,0.018518518518518517,-5.9339874814814815
22779.99999928739,5,157,0.030864197530864196,-9.889979135802468
22789.99999928579,5,157,0.030864197530864196,-9.889979135802468
22799.999999284188,4,158,0.024691358024691357,-7.911983308641974
22809.999999282587,5,157,0.030864197530864196,-9.889979135802468
22819.999999280986,3,159,0.018518518518518517,-5.9339874814814815
22829.999999279386,2,160,0.012345679012345678,-3.955991654320987
22839.999999277785,0,162,0.0,0.0
22849.999999276184,4,158,0.024691358024691357,-7.911983308641974
22859.999999274583,2,160,0.012345679012345678,-3.955991654320987
22869.999999272983,3,159,0.018518518518518517,-5.9339874814814815
22879.999999271382,4,158,0.024691358024691357,-7.911983308641974
22889.99999926978,4,158,0.024691358024691357,-7.911983308641974
22899.99999926818,7,155,0.043209876543209874,-13.845970790123458
22909.99999926658,7,155,0.043209876543209874,-13.845970790123458
22919.99999926498,4,158,0.024691358024691357,-7.911983308641974
22929.99999926338,3,159,0.018518518518518517,-5.9339874814814815
22939.999999261778,2,160,0.012345679012345678,-3.955991654320987
22949.999999260177,3,159,0.018518518518518517,-5.9339874814814815
22959.999999258576,4,158,0.024691358024691357,-7.911983308641974
22969.999999256976,3,159,0.018518518518518517,-5.9339874814814815
22979.999999255375,4,158,0.024691358024691357,-7.911983308641974
22989.999999253774,4,158,0.024691358024691357,-7.911983308641974
22999.999999252173,3,159,0.018518518518518517,-5.9339874814814815
23009.999999250573,5,157,0.030864197530864196,-9.889979135802468
23019.999999248972,2,160,0.012345679012345678,-3.955991654320987
23029.99999924737,6,156,0.037037037037037035,-11.867974962962963
23039.99999924577,6,156,0.037037037037037035,-11.867974962962963
23049.99999924417,7,155,0.043209876543209874,-13.845970790123458
23059.99999924257,3,159,0.018518518518518517,-5.9339874814814815
23069.99999924097,4,158,0.024691358024691357,-7.911983308641974
23079.999999239368,5,157,0.030864197530864196,-9.889979135802468
23089.999999237767,3,159,0.018518518518518517,-5.9339874814814815
23099.999999236166,5,157,0.030864197530864196,-9.889979135802468
23109.999999234566,4,158,0.024691358024691357,-7.911983308641974
23119.999999232965,3,159,0.018518518518518517,-5.9339874814814815
23129.999999231364,1,161,0.006172839506172839,-1.9779958271604936
23139.999999229763,5,157,0.030864197530864196,-9.889979135802468
23149.999999228163,4,158,0.024691358024691357,-7.911983308641974
23159.999999226562,4,158,0.024691358024691357,-7.911983308641974
23169.99999922496,4,158,0.024691358024691357,-7.911983308641974
23179.99999922336,5,157,0.030864197530864196,-9.889979135802468
23189.99999922176,5,157,0.030864197530864196,-9.889979135802468
23199.99999922016,8,154,0.04938271604938271,-15.823966617283949
23209.99999921856,4,158,0.024691358024691357,-7.911983308641974
23219.999999216958,5,157,0.030864197530864196,-9.889979135802468
23229.999999215357,4,158,0.024691358024691357,-7.911983308641974
23239.999999213756,5,157,0.030864197530864196,-9.889979135802468
23249.999999212156,3,159,0.018518518518518517,-5.9339874814814815
23259.999999210555,5,157,0.030864197530864196,-9.889979135802468
23269.999999208954,4,158,0.024691358024691357,-7.911983308641974
23279.999999207354,2,160,0.012345679012345678,-3.955991654320987
23289.999999205753,1,161,0.006172839506172839,-1.9779958271604936
23299.999999204152,1,161,0.006172839506172839,-1.9779958271604936
23309.99999920255,3,159,0.018518518518518517,-5.9339874814814815
23319.99999920095,4,158,0.024691358024691357,-7.911983308641974
23329.99999919935,4,158,0.024691358024691357,-7.911983308641974
23339.99999919775,1,161,0.006172839506172839,-1.9779958271604936
23349.99999919615,1,161,0.006172839506172839,-1.9779958271604936
23359.999999194548,5,157,0.030864197530864196,-9.889979135802468
23369.999999192947,4,158,0.024691358024691357,-7.911983308641974
23379.999999191346,3,159,0.018518518518518517,-5.9339874814814815
23389.999999189746,2,160,0.012345679012345678,-3.955991654320987
23399.999999188145,4,158,0.024691358024691357,-7.911983308641974
23409.999999186544,4,158,0.024691358024691357,-7.911983308641974
23419.999999184944,4,158,0.024691358024691357,-7.911983308641974
23429.999999183343,3,159,0.018518518518518517,-5.9339874814814815
23439.999999181742,3,159,0.018518518518518517,-5.9339874814814815
23449.99999918014,2,160,0.012345679012345678,-3.955991654320987
23459.99999917854,3,159,0.018518518518518517,-5.9339874814814815
23469.99999917694,4,158,0.024691358024691357,-7.911983308641974
23479.99999917534,6,156,0.037037037037037035,-11.867974962962963
23489.99999917374,2,160,0.012345679012345678,-3.955991654320987
23499.999999172138,1,161,0.006172839506172839,-1.9779958271604936
23509.999999170537,3,159,0.018518518518518517,-5.9339874814814815
23519.999999168936,4,158,0.024691358024691357,-7.911983308641974
23529.999999167336,3,159,0.018518518518518517,-5.9339874814814815
23539.999999165735,2,160,0.012345679012345678,-3.955991654320987
23549.999999164134,5,157,0.030864197530864196,-9.889979135802468
23559.999999162534,4,158,0.024691358024691357,-7.911983308641974
23569.999999160933,1,161,0.006172839506172839,-1.9779958271604936
23579.999999159332,2,160,0.012345679012345678,-3.955991654320987
23589.99999915773,3,159,0.018518518518518517,-5.9339874814814815
23599.99999915613,2,160,0.012345679012345678,-3.955991654320987
23609.99999915453,3,159,0.018518518518518517,-5.9339874814814815
23619.99999915293,4,158,0.024691358024691357,-7.911983308641974
23629.99999915133,2,160,0.012345679012345678,-3.955991654320987
23639.999999149728,2,160,0.012345679012345678,-3.955991654320987
23649.999999148127,0,162,0.0,0.0
23659.999999146527,3,159,0.018518518518518517,-5.9339874814814815
23669.999999144926,4,158,0.024691358024691357,-7.911983308641974
23679.999999143325,3,159,0.018518518518518517,-5.9339874814814815
23689.999999141724,1,161,0.006172839506172839,-1.9779958271604936
23699.999999140124,3,159,0.018518518518518517,-5.9339874814814815
23709.999999138523,4,158,0.024691358024691357,-7.911983308641974
23719.999999136922,2,160,0.012345679012345678,-3.955991654320987
23729.99999913532,2,160,0.012345679012345678,-3.955991654320987
23739.99999913372,2,160,0.012345679012345678,-3.955991654320987
23749.99999913212,3,159,0.018518518518518517,-5.9339874814814815
23759.99999913052,1,161,0.006172839506172839,-1.9779958271604936
23769.99999912892,2,160,0.012345679012345678,-3.955991654320987
23779.999999127318,1,161,0.006172839506172839,-1.9779958271604936
23789.999999125717,3,159,0.018518518518518517,-5.9339874814814815
23799.999999124117,3,159,0.018518518518518517,-5.9339874814814815
23809.999999122516,3,159,0.018518518518518517,-5.9339874814814815
23819.999999120915,3,159,0.018518518518518517,-5.9339874814814815
23829.999999119314,3,159,0.018518518518518517,-5.9339874814814815
23839.999999117714,2,160,0.012345679012345678,-3.955991654320987
23849.999999116113,2,160,0.012345679012345678,-3.955991654320987
23859.999999114512,1,161,0.006172839506172839,-1.9779958271604936
23869.99999911291,3,159,0.018518518518518517,-5.9339874814814815
23879.99999911131,3,159,0.018518518518518517,-5.9339874814814815
23889.99999910971,1,161,0.006172839506172839,-1.9779958271604936
23899.99999910811,4,158,0.024691358024691357,-7.911983308641974
23909.99999910651,3,159,0.018518518518518517,-5.9339874814814815
23919.999999104908,3,159,0.018518518518518517,-5.9339874814814815
23929.999999103307,4,158,0.024691358024691357,-7.911983308641974
23939.999999101707,1,161,0.006172839506172839,-1.9779958271604936
23949.999999100106,3,159,0.018518518518518517,-5.9339874814814815
23959.999999098505,4,158,0.024691358024691357,-7.911983308641974
23969.999999096905,4,158,0.024691358024691357,-7.911983308641974
23979.999999095304,2,160,0.012345679012345678,-3.955991654320987
23989.999999093703,3,159,0.018518518518518517,-5.9339874814814815
23999.999999092102,5,157,0.030864197530864196,-9.889979135802468
24009.9999990905,2,160,0.012345679012345678,-3.955991654320987
24019.9999990889,3,159,0.018518518518518517,-5.9339874814814815
24029.9999990873,2,160,0.012345679012345678,-3.955991654320987
24039.9999990857,4,158,0.024691358024691357,-7.911983308641974
24049.9999990841,5,157,0.030864197530864196,-9.889979135802468
24059.999999082498,2,160,0.012345679012345678,-3.955991654320987
24069.999999080897,6,156,0.037037037037037035,-11.867974962962963
24079.999999079297,2,160,0.012345679012345678,-3.955991654320987
24089.999999077696,5,157,0.030864197530864196,-9.889979135802468
24099.999999076095,3,159,0.018518518518518517,-5.9339874814814815
24109.999999074495,5,157,0.030864197530864196,-9.889979135802468
24119.999999072894,1,161,0.006172839506172839,-1.9779958271604936
24129.999999071293,5,157,0.030864197530864196,-9.889979135802468
