time,number_A,number_HA,alpha,surf_ch_dens
140.00000000001765,116,46,0.7160493827160493,-229.4475159506173
150.00000000000855,91,71,0.5617283950617284,-179.99762027160494
159.99999999999946,79,83,0.4876543209876543,-156.261670345679
169.99999999999037,69,93,0.42592592592592593,-136.48171207407407
179.99999999998127,62,100,0.38271604938271603,-122.63574128395061
189.99999999997218,56,106,0.345679012345679,-110.76776632098766
199.99999999996308,52,110,0.32098765432098764,-102.85578301234568
209.99999999995399,52,110,0.32098765432098764,-102.85578301234568
219.9999999999449,48,114,0.2962962962962963,-94.9437997037037
229.9999999999358,46,116,0.2839506172839506,-90.98780804938272
239.9999999999267,44,118,0.2716049382716049,-87.03181639506174
249.9999999999176,43,119,0.2654320987654321,-85.05382056790124
259.99999999990854,45,117,0.2777777777777778,-89.00981222222221
269.99999999989944,44,118,0.2716049382716049,-87.03181639506174
279.99999999989035,43,119,0.2654320987654321,-85.05382056790124
289.99999999988125,43,119,0.2654320987654321,-85.05382056790124
299.99999999987216,41,121,0.25308641975308643,-81.09782891358024
309.99999999986306,43,119,0.2654320987654321,-85.05382056790124
319.99999999985397,41,121,0.25308641975308643,-81.09782891358024
329.9999999998449,42,120,0.25925925925925924,-83.07582474074073
339.9999999998358,41,121,0.25308641975308643,-81.09782891358024
349.9999999998267,42,120,0.25925925925925924,-83.07582474074073
359.9999999998176,43,119,0.2654320987654321,-85.05382056790124
369.9999999998085,41,121,0.25308641975308643,-81.09782891358024
379.9999999997994,39,123,0.24074074074074073,-77.14183725925926
389.9999999997903,42,120,0.25925925925925924,-83.07582474074073
399.9999999997812,42,120,0.25925925925925924,-83.07582474074073
409.9999999997721,42,120,0.25925925925925924,-83.07582474074073
419.999999999763,42,120,0.25925925925925924,-83.07582474074073
429.9999999997539,39,123,0.24074074074074073,-77.14183725925926
439.99999999974483,36,126,0.2222222222222222,-71.20784977777777
449.99999999973573,34,128,0.20987654320987653,-67.25185812345678
459.99999999972664,31,131,0.19135802469135801,-61.317870641975304
469.99999999971755,33,129,0.2037037037037037,-65.2738622962963
479.99999999970845,34,128,0.20987654320987653,-67.25185812345678
489.99999999969936,31,131,0.19135802469135801,-61.317870641975304
499.99999999969026,31,131,0.19135802469135801,-61.317870641975304
509.99999999968117,36,126,0.2222222222222222,-71.20784977777777
519.9999999996721,31,131,0.19135802469135801,-61.317870641975304
529.999999999663,31,131,0.19135802469135801,-61.317870641975304
539.9999999996539,30,132,0.18518518518518517,-59.33987481481481
549.9999999996448,31,131,0.19135802469135801,-61.317870641975304
559.9999999996357,32,130,0.19753086419753085,-63.295866469135795
569.9999999996267,34,128,0.20987654320987653,-67.25185812345678
579.9999999996176,33,129,0.2037037037037037,-65.2738622962963
589.9999999996085,33,129,0.2037037037037037,-65.2738622962963
599.9999999995994,35,127,0.21604938271604937,-69.22985395061728
609.9999999995903,37,125,0.22839506172839505,-73.18584560493828
619.9999999995812,38,124,0.2345679012345679,-75.16384143209875
629.9999999995721,33,129,0.2037037037037037,-65.2738622962963
639.999999999563,33,129,0.2037037037037037,-65.2738622962963
649.9999999995539,37,125,0.22839506172839505,-73.18584560493828
659.9999999995448,34,128,0.20987654320987653,-67.25185812345678
669.9999999995357,35,127,0.21604938271604937,-69.22985395061728
679.9999999995266,36,126,0.2222222222222222,-71.20784977777777
689.9999999995175,32,130,0.19753086419753085,-63.295866469135795
699.9999999995084,34,128,0.20987654320987653,-67.25185812345678
709.9999999994993,30,132,0.18518518518518517,-59.33987481481481
719.9999999994902,32,130,0.19753086419753085,-63.295866469135795
729.9999999994811,32,130,0.19753086419753085,-63.295866469135795
739.999999999472,29,133,0.17901234567901234,-57.36187898765432
749.999999999463,32,130,0.19753086419753085,-63.295866469135795
759.9999999994538,34,128,0.20987654320987653,-67.25185812345678
769.9999999994448,27,135,0.16666666666666666,-53.405887333333325
779.9999999994357,30,132,0.18518518518518517,-59.33987481481481
789.9999999994266,29,133,0.17901234567901234,-57.36187898765432
799.9999999994175,28,134,0.1728395061728395,-55.38388316049383
809.9999999994084,31,131,0.19135802469135801,-61.317870641975304
819.9999999993993,30,132,0.18518518518518517,-59.33987481481481
829.9999999993902,32,130,0.19753086419753085,-63.295866469135795
839.9999999993811,31,131,0.19135802469135801,-61.317870641975304
849.999999999372,32,130,0.19753086419753085,-63.295866469135795
859.9999999993629,35,127,0.21604938271604937,-69.22985395061728
869.9999999993538,35,127,0.21604938271604937,-69.22985395061728
879.9999999993447,36,126,0.2222222222222222,-71.20784977777777
889.9999999993356,36,126,0.2222222222222222,-71.20784977777777
899.9999999993265,35,127,0.21604938271604937,-69.22985395061728
909.9999999993174,32,130,0.19753086419753085,-63.295866469135795
919.9999999993083,31,131,0.19135802469135801,-61.317870641975304
929.9999999992992,32,130,0.19753086419753085,-63.295866469135795
939.9999999992901,28,134,0.1728395061728395,-55.38388316049383
949.999999999281,30,132,0.18518518518518517,-59.33987481481481
959.999999999272,29,133,0.17901234567901234,-57.36187898765432
969.9999999992629,29,133,0.17901234567901234,-57.36187898765432
979.9999999992538,33,129,0.2037037037037037,-65.2738622962963
989.9999999992447,31,131,0.19135802469135801,-61.317870641975304
999.9999999992356,31,131,0.19135802469135801,-61.317870641975304
1009.9999999992265,30,132,0.18518518518518517,-59.33987481481481
1019.9999999992174,33,129,0.2037037037037037,-65.2738622962963
1029.9999999992083,30,132,0.18518518518518517,-59.33987481481481
1039.9999999991992,32,130,0.19753086419753085,-63.295866469135795
1049.99999999919,29,133,0.17901234567901234,-57.36187898765432
1059.999999999181,33,129,0.2037037037037037,-65.2738622962963
1069.999999999172,31,131,0.19135802469135801,-61.317870641975304
1079.9999999991628,32,130,0.19753086419753085,-63.295866469135795
1089.9999999991537,29,133,0.17901234567901234,-57.36187898765432
1099.9999999991446,32,130,0.19753086419753085,-63.295866469135795
1109.9999999991355,31,131,0.19135802469135801,-61.317870641975304
1119.9999999991264,28,134,0.1728395061728395,-55.38388316049383
1129.9999999991173,31,131,0.19135802469135801,-61.317870641975304
1139.9999999991082,32,130,0.19753086419753085,-63.295866469135795
1149.9999999990991,30,132,0.18518518518518517,-59.33987481481481
1159.99999999909,29,133,0.17901234567901234,-57.36187898765432
1169.999999999081,28,134,0.1728395061728395,-55.38388316049383
1179.9999999990719,27,135,0.16666666666666666,-53.405887333333325
1189.9999999990628,26,136,0.16049382716049382,-51.42789150617284
1199.9999999990537,32,130,0.19753086419753085,-63.295866469135795
1209.9999999990446,28,134,0.1728395061728395,-55.38388316049383
1219.9999999990355,28,134,0.1728395061728395,-55.38388316049383
1229.9999999990264,31,131,0.19135802469135801,-61.317870641975304
1239.9999999990173,31,131,0.19135802469135801,-61.317870641975304
1249.9999999990082,33,129,0.2037037037037037,-65.2738622962963
1259.999999998999,33,129,0.2037037037037037,-65.2738622962963
1269.99999999899,32,130,0.19753086419753085,-63.295866469135795
1279.999999998981,31,131,0.19135802469135801,-61.317870641975304
1289.9999999989718,29,133,0.17901234567901234,-57.36187898765432
1299.9999999989627,30,132,0.18518518518518517,-59.33987481481481
1309.9999999989536,27,135,0.16666666666666666,-53.405887333333325
1319.9999999989445,31,131,0.19135802469135801,-61.317870641975304
1329.9999999989354,31,131,0.19135802469135801,-61.317870641975304
1339.9999999989263,31,131,0.19135802469135801,-61.317870641975304
1349.9999999989172,28,134,0.1728395061728395,-55.38388316049383
1359.9999999989082,31,131,0.19135802469135801,-61.317870641975304
1369.999999998899,33,129,0.2037037037037037,-65.2738622962963
1379.99999999889,30,132,0.18518518518518517,-59.33987481481481
1389.9999999988809,32,130,0.19753086419753085,-63.295866469135795
1399.9999999988718,27,135,0.16666666666666666,-53.405887333333325
1409.9999999988627,31,131,0.19135802469135801,-61.317870641975304
1419.9999999988536,29,133,0.17901234567901234,-57.36187898765432
1429.9999999988445,27,135,0.16666666666666666,-53.405887333333325
1439.9999999988354,25,137,0.15432098765432098,-49.44989567901234
1449.9999999988263,25,137,0.15432098765432098,-49.44989567901234
1459.9999999988172,22,140,0.13580246913580246,-43.51590819753087
1469.999999998808,24,138,0.14814814814814814,-47.47189985185185
1479.999999998799,24,138,0.14814814814814814,-47.47189985185185
1489.99999999879,24,138,0.14814814814814814,-47.47189985185185
1499.9999999987808,25,137,0.15432098765432098,-49.44989567901234
1509.9999999987717,24,138,0.14814814814814814,-47.47189985185185
1519.9999999987626,24,138,0.14814814814814814,-47.47189985185185
1529.9999999987535,26,136,0.16049382716049382,-51.42789150617284
1539.9999999987444,27,135,0.16666666666666666,-53.405887333333325
1549.9999999987353,24,138,0.14814814814814814,-47.47189985185185
1559.9999999987263,27,135,0.16666666666666666,-53.405887333333325
1569.9999999987172,29,133,0.17901234567901234,-57.36187898765432
1579.999999998708,31,131,0.19135802469135801,-61.317870641975304
1589.999999998699,29,133,0.17901234567901234,-57.36187898765432
1599.9999999986899,26,136,0.16049382716049382,-51.42789150617284
1609.9999999986808,28,134,0.1728395061728395,-55.38388316049383
1619.9999999986717,27,135,0.16666666666666666,-53.405887333333325
1629.9999999986626,28,134,0.1728395061728395,-55.38388316049383
1639.9999999986535,27,135,0.16666666666666666,-53.405887333333325
1649.9999999986444,28,134,0.1728395061728395,-55.38388316049383
1659.9999999986353,29,133,0.17901234567901234,-57.36187898765432
1669.9999999986262,30,132,0.18518518518518517,-59.33987481481481
1679.999999998617,29,133,0.17901234567901234,-57.36187898765432
1689.999999998608,27,135,0.16666666666666666,-53.405887333333325
1699.999999998599,29,133,0.17901234567901234,-57.36187898765432
1709.9999999985898,30,132,0.18518518518518517,-59.33987481481481
1719.9999999985807,26,136,0.16049382716049382,-51.42789150617284
1729.9999999985716,29,133,0.17901234567901234,-57.36187898765432
1739.9999999985625,28,134,0.1728395061728395,-55.38388316049383
1749.9999999985534,30,132,0.18518518518518517,-59.33987481481481
1759.9999999985444,27,135,0.16666666666666666,-53.405887333333325
1769.9999999985353,28,134,0.1728395061728395,-55.38388316049383
1779.9999999985262,28,134,0.1728395061728395,-55.38388316049383
1789.999999998517,25,137,0.15432098765432098,-49.44989567901234
1799.999999998508,28,134,0.1728395061728395,-55.38388316049383
1809.9999999984989,28,134,0.1728395061728395,-55.38388316049383
1819.9999999984898,27,135,0.16666666666666666,-53.405887333333325
1829.9999999984807,25,137,0.15432098765432098,-49.44989567901234
1839.9999999984716,26,136,0.16049382716049382,-51.42789150617284
1849.9999999984625,24,138,0.14814814814814814,-47.47189985185185
1859.9999999984534,24,138,0.14814814814814814,-47.47189985185185
1869.9999999984443,28,134,0.1728395061728395,-55.38388316049383
1879.9999999984352,25,137,0.15432098765432098,-49.44989567901234
1889.9999999984261,28,134,0.1728395061728395,-55.38388316049383
1899.999999998417,27,135,0.16666666666666666,-53.405887333333325
1909.999999998408,28,134,0.1728395061728395,-55.38388316049383
1919.9999999983988,28,134,0.1728395061728395,-55.38388316049383
1929.9999999983897,26,136,0.16049382716049382,-51.42789150617284
1939.9999999983806,29,133,0.17901234567901234,-57.36187898765432
1949.9999999983715,25,137,0.15432098765432098,-49.44989567901234
1959.9999999983625,23,139,0.1419753086419753,-45.49390402469136
1969.9999999983534,27,135,0.16666666666666666,-53.405887333333325
1979.9999999983443,22,140,0.13580246913580246,-43.51590819753087
1989.9999999983352,24,138,0.14814814814814814,-47.47189985185185
1999.999999998326,22,140,0.13580246913580246,-43.51590819753087
2009.999999998317,24,138,0.14814814814814814,-47.47189985185185
2019.9999999983079,26,136,0.16049382716049382,-51.42789150617284
2029.9999999982988,22,140,0.13580246913580246,-43.51590819753087
2039.9999999982897,23,139,0.1419753086419753,-45.49390402469136
2049.999999998326,25,137,0.15432098765432098,-49.44989567901234
2059.9999999985444,26,136,0.16049382716049382,-51.42789150617284
2069.9999999987626,26,136,0.16049382716049382,-51.42789150617284
2079.999999998981,27,135,0.16666666666666666,-53.405887333333325
2089.999999999199,24,138,0.14814814814814814,-47.47189985185185
2099.9999999994175,24,138,0.14814814814814814,-47.47189985185185
2109.9999999996357,27,135,0.16666666666666666,-53.405887333333325
2119.999999999854,27,135,0.16666666666666666,-53.405887333333325
2130.0000000000723,24,138,0.14814814814814814,-47.47189985185185
2140.0000000002906,25,137,0.15432098765432098,-49.44989567901234
2150.000000000509,26,136,0.16049382716049382,-51.42789150617284
2160.000000000727,23,139,0.1419753086419753,-45.49390402469136
2170.0000000009454,28,134,0.1728395061728395,-55.38388316049383
2180.0000000011637,24,138,0.14814814814814814,-47.47189985185185
2190.000000001382,24,138,0.14814814814814814,-47.47189985185185
2200.0000000016003,26,136,0.16049382716049382,-51.42789150617284
2210.0000000018185,25,137,0.15432098765432098,-49.44989567901234
2220.000000002037,22,140,0.13580246913580246,-43.51590819753087
2230.000000002255,25,137,0.15432098765432098,-49.44989567901234
2240.0000000024734,22,140,0.13580246913580246,-43.51590819753087
2250.0000000026916,26,136,0.16049382716049382,-51.42789150617284
2260.00000000291,25,137,0.15432098765432098,-49.44989567901234
2270.000000003128,24,138,0.14814814814814814,-47.47189985185185
2280.0000000033465,23,139,0.1419753086419753,-45.49390402469136
2290.0000000035648,24,138,0.14814814814814814,-47.47189985185185
2300.000000003783,26,136,0.16049382716049382,-51.42789150617284
2310.0000000040013,23,139,0.1419753086419753,-45.49390402469136
2320.0000000042196,24,138,0.14814814814814814,-47.47189985185185
2330.000000004438,25,137,0.15432098765432098,-49.44989567901234
2340.000000004656,22,140,0.13580246913580246,-43.51590819753087
2350.0000000048744,26,136,0.16049382716049382,-51.42789150617284
2360.0000000050927,25,137,0.15432098765432098,-49.44989567901234
2370.000000005311,25,137,0.15432098765432098,-49.44989567901234
2380.0000000055293,26,136,0.16049382716049382,-51.42789150617284
2390.0000000057476,27,135,0.16666666666666666,-53.405887333333325
2400.000000005966,27,135,0.16666666666666666,-53.405887333333325
2410.000000006184,26,136,0.16049382716049382,-51.42789150617284
2420.0000000064024,29,133,0.17901234567901234,-57.36187898765432
2430.0000000066207,31,131,0.19135802469135801,-61.317870641975304
2440.000000006839,28,134,0.1728395061728395,-55.38388316049383
2450.000000007057,29,133,0.17901234567901234,-57.36187898765432
2460.0000000072755,31,131,0.19135802469135801,-61.317870641975304
2470.000000007494,27,135,0.16666666666666666,-53.405887333333325
2480.000000007712,22,140,0.13580246913580246,-43.51590819753087
2490.0000000079303,22,140,0.13580246913580246,-43.51590819753087
2500.0000000081486,24,138,0.14814814814814814,-47.47189985185185
2510.000000008367,24,138,0.14814814814814814,-47.47189985185185
2520.000000008585,26,136,0.16049382716049382,-51.42789150617284
2530.0000000088035,25,137,0.15432098765432098,-49.44989567901234
2540.0000000090217,24,138,0.14814814814814814,-47.47189985185185
2550.00000000924,27,135,0.16666666666666666,-53.405887333333325
2560.0000000094583,28,134,0.1728395061728395,-55.38388316049383
2570.0000000096766,30,132,0.18518518518518517,-59.33987481481481
2580.000000009895,26,136,0.16049382716049382,-51.42789150617284
2590.000000010113,26,136,0.16049382716049382,-51.42789150617284
2600.0000000103314,27,135,0.16666666666666666,-53.405887333333325
2610.0000000105497,26,136,0.16049382716049382,-51.42789150617284
2620.000000010768,24,138,0.14814814814814814,-47.47189985185185
2630.0000000109862,29,133,0.17901234567901234,-57.36187898765432
2640.0000000112045,29,133,0.17901234567901234,-57.36187898765432
2650.000000011423,30,132,0.18518518518518517,-59.33987481481481
2660.000000011641,27,135,0.16666666666666666,-53.405887333333325
2670.0000000118594,25,137,0.15432098765432098,-49.44989567901234
2680.0000000120776,29,133,0.17901234567901234,-57.36187898765432
2690.000000012296,26,136,0.16049382716049382,-51.42789150617284
2700.000000012514,25,137,0.15432098765432098,-49.44989567901234
2710.0000000127325,25,137,0.15432098765432098,-49.44989567901234
2720.0000000129507,21,141,0.12962962962962962,-41.537912370370364
2730.000000013169,24,138,0.14814814814814814,-47.47189985185185
2740.0000000133873,22,140,0.13580246913580246,-43.51590819753087
2750.0000000136056,23,139,0.1419753086419753,-45.49390402469136
2760.000000013824,26,136,0.16049382716049382,-51.42789150617284
2770.000000014042,23,139,0.1419753086419753,-45.49390402469136
2780.0000000142604,23,139,0.1419753086419753,-45.49390402469136
2790.0000000144787,22,140,0.13580246913580246,-43.51590819753087
2800.000000014697,22,140,0.13580246913580246,-43.51590819753087
2810.0000000149153,18,144,0.1111111111111111,-35.60392488888888
2820.0000000151335,23,139,0.1419753086419753,-45.49390402469136
2830.000000015352,21,141,0.12962962962962962,-41.537912370370364
2840.00000001557,25,137,0.15432098765432098,-49.44989567901234
2850.0000000157884,20,142,0.12345679012345678,-39.55991654320987
2860.0000000160067,22,140,0.13580246913580246,-43.51590819753087
2870.000000016225,23,139,0.1419753086419753,-45.49390402469136
2880.000000016443,23,139,0.1419753086419753,-45.49390402469136
2890.0000000166615,23,139,0.1419753086419753,-45.49390402469136
2900.0000000168798,26,136,0.16049382716049382,-51.42789150617284
2910.000000017098,22,140,0.13580246913580246,-43.51590819753087
2920.0000000173163,24,138,0.14814814814814814,-47.47189985185185
2930.0000000175346,26,136,0.16049382716049382,-51.42789150617284
2940.000000017753,24,138,0.14814814814814814,-47.47189985185185
2950.000000017971,28,134,0.1728395061728395,-55.38388316049383
2960.0000000181894,24,138,0.14814814814814814,-47.47189985185185
2970.0000000184077,26,136,0.16049382716049382,-51.42789150617284
2980.000000018626,32,130,0.19753086419753085,-63.295866469135795
2990.0000000188443,24,138,0.14814814814814814,-47.47189985185185
3000.0000000190626,23,139,0.1419753086419753,-45.49390402469136
3010.000000019281,23,139,0.1419753086419753,-45.49390402469136
3020.000000019499,22,140,0.13580246913580246,-43.51590819753087
3030.0000000197174,24,138,0.14814814814814814,-47.47189985185185
3040.0000000199357,24,138,0.14814814814814814,-47.47189985185185
3050.000000020154,21,141,0.12962962962962962,-41.537912370370364
3060.000000020372,21,141,0.12962962962962962,-41.537912370370364
3070.0000000205905,23,139,0.1419753086419753,-45.49390402469136
3080.000000020809,23,139,0.1419753086419753,-45.49390402469136
3090.000000021027,23,139,0.1419753086419753,-45.49390402469136
3100.0000000212453,23,139,0.1419753086419753,-45.49390402469136
3110.0000000214636,21,141,0.12962962962962962,-41.537912370370364
3120.000000021682,23,139,0.1419753086419753,-45.49390402469136
3130.0000000219,22,140,0.13580246913580246,-43.51590819753087
3140.0000000221185,22,140,0.13580246913580246,-43.51590819753087
3150.0000000223367,21,141,0.12962962962962962,-41.537912370370364
3160.000000022555,24,138,0.14814814814814814,-47.47189985185185
3170.0000000227733,23,139,0.1419753086419753,-45.49390402469136
3180.0000000229916,21,141,0.12962962962962962,-41.537912370370364
3190.00000002321,25,137,0.15432098765432098,-49.44989567901234
3200.000000023428,21,141,0.12962962962962962,-41.537912370370364
3210.0000000236464,21,141,0.12962962962962962,-41.537912370370364
3220.0000000238647,22,140,0.13580246913580246,-43.51590819753087
3230.000000024083,25,137,0.15432098765432098,-49.44989567901234
3240.0000000243012,25,137,0.15432098765432098,-49.44989567901234
3250.0000000245195,24,138,0.14814814814814814,-47.47189985185185
3260.000000024738,22,140,0.13580246913580246,-43.51590819753087
3270.000000024956,20,142,0.12345679012345678,-39.55991654320987
3280.0000000251744,29,133,0.17901234567901234,-57.36187898765432
3290.0000000253926,20,142,0.12345679012345678,-39.55991654320987
3300.000000025611,22,140,0.13580246913580246,-43.51590819753087
3310.000000025829,26,136,0.16049382716049382,-51.42789150617284
3320.0000000260475,26,136,0.16049382716049382,-51.42789150617284
3330.0000000262658,23,139,0.1419753086419753,-45.49390402469136
3340.000000026484,23,139,0.1419753086419753,-45.49390402469136
3350.0000000267023,22,140,0.13580246913580246,-43.51590819753087
3360.0000000269206,25,137,0.15432098765432098,-49.44989567901234
3370.000000027139,24,138,0.14814814814814814,-47.47189985185185
3380.000000027357,26,136,0.16049382716049382,-51.42789150617284
3390.0000000275754,25,137,0.15432098765432098,-49.44989567901234
3400.0000000277937,27,135,0.16666666666666666,-53.405887333333325
3410.000000028012,22,140,0.13580246913580246,-43.51590819753087
3420.0000000282303,24,138,0.14814814814814814,-47.47189985185185
3430.0000000284485,27,135,0.16666666666666666,-53.405887333333325
3440.000000028667,21,141,0.12962962962962962,-41.537912370370364
3450.000000028885,25,137,0.15432098765432098,-49.44989567901234
3460.0000000291034,27,135,0.16666666666666666,-53.405887333333325
3470.0000000293217,23,139,0.1419753086419753,-45.49390402469136
3480.00000002954,27,135,0.16666666666666666,-53.405887333333325
3490.000000029758,23,139,0.1419753086419753,-45.49390402469136
3500.0000000299765,27,135,0.16666666666666666,-53.405887333333325
3510.0000000301948,22,140,0.13580246913580246,-43.51590819753087
3520.000000030413,25,137,0.15432098765432098,-49.44989567901234
3530.0000000306313,23,139,0.1419753086419753,-45.49390402469136
3540.0000000308496,26,136,0.16049382716049382,-51.42789150617284
3550.000000031068,22,140,0.13580246913580246,-43.51590819753087
3560.000000031286,21,141,0.12962962962962962,-41.537912370370364
3570.0000000315044,21,141,0.12962962962962962,-41.537912370370364
3580.0000000317227,20,142,0.12345679012345678,-39.55991654320987
3590.000000031941,18,144,0.1111111111111111,-35.60392488888888
3600.0000000321593,22,140,0.13580246913580246,-43.51590819753087
3610.0000000323776,23,139,0.1419753086419753,-45.49390402469136
3620.000000032596,25,137,0.15432098765432098,-49.44989567901234
3630.000000032814,23,139,0.1419753086419753,-45.49390402469136
3640.0000000330324,24,138,0.14814814814814814,-47.47189985185185
3650.0000000332507,22,140,0.13580246913580246,-43.51590819753087
3660.000000033469,23,139,0.1419753086419753,-45.49390402469136
3670.0000000336872,25,137,0.15432098765432098,-49.44989567901234
3680.0000000339055,25,137,0.15432098765432098,-49.44989567901234
3690.000000034124,26,136,0.16049382716049382,-51.42789150617284
3700.000000034342,25,137,0.15432098765432098,-49.44989567901234
3710.0000000345603,25,137,0.15432098765432098,-49.44989567901234
3720.0000000347786,26,136,0.16049382716049382,-51.42789150617284
3730.000000034997,25,137,0.15432098765432098,-49.44989567901234
3740.000000035215,25,137,0.15432098765432098,-49.44989567901234
3750.0000000354335,23,139,0.1419753086419753,-45.49390402469136
3760.0000000356517,27,135,0.16666666666666666,-53.405887333333325
3770.00000003587,23,139,0.1419753086419753,-45.49390402469136
3780.0000000360883,24,138,0.14814814814814814,-47.47189985185185
3790.0000000363066,24,138,0.14814814814814814,-47.47189985185185
3800.000000036525,25,137,0.15432098765432098,-49.44989567901234
3810.000000036743,25,137,0.15432098765432098,-49.44989567901234
3820.0000000369614,23,139,0.1419753086419753,-45.49390402469136
3830.0000000371797,20,142,0.12345679012345678,-39.55991654320987
3840.000000037398,20,142,0.12345679012345678,-39.55991654320987
3850.0000000376162,25,137,0.15432098765432098,-49.44989567901234
3860.0000000378345,22,140,0.13580246913580246,-43.51590819753087
3870.000000038053,23,139,0.1419753086419753,-45.49390402469136
3880.000000038271,25,137,0.15432098765432098,-49.44989567901234
3890.0000000384894,24,138,0.14814814814814814,-47.47189985185185
3900.0000000387076,23,139,0.1419753086419753,-45.49390402469136
3910.000000038926,22,140,0.13580246913580246,-43.51590819753087
3920.000000039144,21,141,0.12962962962962962,-41.537912370370364
3930.0000000393625,21,141,0.12962962962962962,-41.537912370370364
3940.0000000395808,22,140,0.13580246913580246,-43.51590819753087
3950.000000039799,21,141,0.12962962962962962,-41.537912370370364
3960.0000000400173,18,144,0.1111111111111111,-35.60392488888888
3970.0000000402356,21,141,0.12962962962962962,-41.537912370370364
3980.000000040454,23,139,0.1419753086419753,-45.49390402469136
3990.000000040672,20,142,0.12345679012345678,-39.55991654320987
4000.0000000408904,20,142,0.12345679012345678,-39.55991654320987
4010.0000000411087,22,140,0.13580246913580246,-43.51590819753087
4020.000000041327,24,138,0.14814814814814814,-47.47189985185185
4030.0000000415453,23,139,0.1419753086419753,-45.49390402469136
4040.0000000417635,24,138,0.14814814814814814,-47.47189985185185
4050.000000041982,26,136,0.16049382716049382,-51.42789150617284
4060.0000000422,24,138,0.14814814814814814,-47.47189985185185
4070.0000000424184,29,133,0.17901234567901234,-57.36187898765432
4080.0000000426367,27,135,0.16666666666666666,-53.405887333333325
4090.000000042855,26,136,0.16049382716049382,-51.42789150617284
4100.000000043073,24,138,0.14814814814814814,-47.47189985185185
4110.000000043291,26,136,0.16049382716049382,-51.42789150617284
4120.000000043509,27,135,0.16666666666666666,-53.405887333333325
4130.000000043728,26,136,0.16049382716049382,-51.42789150617284
4140.000000043946,21,141,0.12962962962962962,-41.537912370370364
4150.000000044164,24,138,0.14814814814814814,-47.47189985185185
4160.000000044382,23,139,0.1419753086419753,-45.49390402469136
4170.000000044601,22,140,0.13580246913580246,-43.51590819753087
4180.000000044819,22,140,0.13580246913580246,-43.51590819753087
4190.000000045037,23,139,0.1419753086419753,-45.49390402469136
4200.000000045256,24,138,0.14814814814814814,-47.47189985185185
4210.000000045474,24,138,0.14814814814814814,-47.47189985185185
4220.000000045692,29,133,0.17901234567901234,-57.36187898765432
4230.00000004591,25,137,0.15432098765432098,-49.44989567901234
4240.000000046129,27,135,0.16666666666666666,-53.405887333333325
4250.000000046347,27,135,0.16666666666666666,-53.405887333333325
4260.000000046565,24,138,0.14814814814814814,-47.47189985185185
4270.0000000467835,27,135,0.16666666666666666,-53.405887333333325
4280.000000047002,23,139,0.1419753086419753,-45.49390402469136
4290.00000004722,24,138,0.14814814814814814,-47.47189985185185
4300.000000047438,26,136,0.16049382716049382,-51.42789150617284
4310.000000047657,25,137,0.15432098765432098,-49.44989567901234
4320.000000047875,24,138,0.14814814814814814,-47.47189985185185
4330.000000048093,24,138,0.14814814814814814,-47.47189985185185
4340.000000048311,25,137,0.15432098765432098,-49.44989567901234
4350.00000004853,25,137,0.15432098765432098,-49.44989567901234
4360.000000048748,23,139,0.1419753086419753,-45.49390402469136
4370.000000048966,24,138,0.14814814814814814,-47.47189985185185
4380.000000049185,20,142,0.12345679012345678,-39.55991654320987
4390.000000049403,22,140,0.13580246913580246,-43.51590819753087
4400.000000049621,20,142,0.12345679012345678,-39.55991654320987
4410.000000049839,21,141,0.12962962962962962,-41.537912370370364
4420.000000050058,21,141,0.12962962962962962,-41.537912370370364
4430.000000050276,21,141,0.12962962962962962,-41.537912370370364
4440.000000050494,22,140,0.13580246913580246,-43.51590819753087
4450.0000000507125,21,141,0.12962962962962962,-41.537912370370364
4460.000000050931,22,140,0.13580246913580246,-43.51590819753087
4470.000000051149,20,142,0.12345679012345678,-39.55991654320987
4480.000000051367,22,140,0.13580246913580246,-43.51590819753087
4490.000000051586,24,138,0.14814814814814814,-47.47189985185185
4500.000000051804,21,141,0.12962962962962962,-41.537912370370364
4510.000000052022,23,139,0.1419753086419753,-45.49390402469136
4520.0000000522405,20,142,0.12345679012345678,-39.55991654320987
4530.000000052459,19,143,0.11728395061728394,-37.581920716049375
4540.000000052677,25,137,0.15432098765432098,-49.44989567901234
4550.000000052895,23,139,0.1419753086419753,-45.49390402469136
4560.000000053114,22,140,0.13580246913580246,-43.51590819753087
4570.000000053332,20,142,0.12345679012345678,-39.55991654320987
4580.00000005355,24,138,0.14814814814814814,-47.47189985185185
4590.000000053768,21,141,0.12962962962962962,-41.537912370370364
4600.000000053987,20,142,0.12345679012345678,-39.55991654320987
4610.000000054205,21,141,0.12962962962962962,-41.537912370370364
4620.000000054423,21,141,0.12962962962962962,-41.537912370370364
4630.0000000546415,19,143,0.11728395061728394,-37.581920716049375
4640.00000005486,23,139,0.1419753086419753,-45.49390402469136
4650.000000055078,23,139,0.1419753086419753,-45.49390402469136
4660.000000055296,22,140,0.13580246913580246,-43.51590819753087
4670.000000055515,23,139,0.1419753086419753,-45.49390402469136
4680.000000055733,24,138,0.14814814814814814,-47.47189985185185
4690.000000055951,22,140,0.13580246913580246,-43.51590819753087
4700.0000000561695,23,139,0.1419753086419753,-45.49390402469136
4710.000000056388,25,137,0.15432098765432098,-49.44989567901234
4720.000000056606,21,141,0.12962962962962962,-41.537912370370364
4730.000000056824,20,142,0.12345679012345678,-39.55991654320987
4740.000000057043,25,137,0.15432098765432098,-49.44989567901234
4750.000000057261,22,140,0.13580246913580246,-43.51590819753087
4760.000000057479,21,141,0.12962962962962962,-41.537912370370364
4770.000000057697,23,139,0.1419753086419753,-45.49390402469136
4780.000000057916,21,141,0.12962962962962962,-41.537912370370364
4790.000000058134,22,140,0.13580246913580246,-43.51590819753087
4800.000000058352,22,140,0.13580246913580246,-43.51590819753087
4810.000000058571,24,138,0.14814814814814814,-47.47189985185185
4820.000000058789,29,133,0.17901234567901234,-57.36187898765432
4830.000000059007,23,139,0.1419753086419753,-45.49390402469136
4840.000000059225,21,141,0.12962962962962962,-41.537912370370364
4850.000000059444,20,142,0.12345679012345678,-39.55991654320987
4860.000000059662,22,140,0.13580246913580246,-43.51590819753087
4870.00000005988,24,138,0.14814814814814814,-47.47189985185185
4880.0000000600985,20,142,0.12345679012345678,-39.55991654320987
4890.000000060317,23,139,0.1419753086419753,-45.49390402469136
4900.000000060535,26,136,0.16049382716049382,-51.42789150617284
4910.000000060753,25,137,0.15432098765432098,-49.44989567901234
4920.000000060972,27,135,0.16666666666666666,-53.405887333333325
4930.00000006119,29,133,0.17901234567901234,-57.36187898765432
4940.000000061408,23,139,0.1419753086419753,-45.49390402469136
4950.000000061626,29,133,0.17901234567901234,-57.36187898765432
4960.000000061845,26,136,0.16049382716049382,-51.42789150617284
4970.000000062063,31,131,0.19135802469135801,-61.317870641975304
4980.000000062281,26,136,0.16049382716049382,-51.42789150617284
4990.0000000625,27,135,0.16666666666666666,-53.405887333333325
5000.000000062718,24,138,0.14814814814814814,-47.47189985185185
5010.000000062936,28,134,0.1728395061728395,-55.38388316049383
5020.000000063154,24,138,0.14814814814814814,-47.47189985185185
5030.000000063373,29,133,0.17901234567901234,-57.36187898765432
5040.000000063591,23,139,0.1419753086419753,-45.49390402469136
5050.000000063809,24,138,0.14814814814814814,-47.47189985185185
5060.0000000640275,25,137,0.15432098765432098,-49.44989567901234
5070.000000064246,27,135,0.16666666666666666,-53.405887333333325
5080.000000064464,24,138,0.14814814814814814,-47.47189985185185
5090.000000064682,25,137,0.15432098765432098,-49.44989567901234
5100.000000064901,27,135,0.16666666666666666,-53.405887333333325
5110.000000065119,22,140,0.13580246913580246,-43.51590819753087
5120.000000065337,21,141,0.12962962962962962,-41.537912370370364
5130.0000000655555,21,141,0.12962962962962962,-41.537912370370364
5140.000000065774,22,140,0.13580246913580246,-43.51590819753087
5150.000000065992,20,142,0.12345679012345678,-39.55991654320987
5160.00000006621,22,140,0.13580246913580246,-43.51590819753087
5170.000000066429,20,142,0.12345679012345678,-39.55991654320987
5180.000000066647,18,144,0.1111111111111111,-35.60392488888888
5190.000000066865,20,142,0.12345679012345678,-39.55991654320987
5200.000000067083,20,142,0.12345679012345678,-39.55991654320987
5210.000000067302,22,140,0.13580246913580246,-43.51590819753087
5220.00000006752,20,142,0.12345679012345678,-39.55991654320987
5230.000000067738,19,143,0.11728395061728394,-37.581920716049375
5240.0000000679565,20,142,0.12345679012345678,-39.55991654320987
5250.000000068175,21,141,0.12962962962962962,-41.537912370370364
5260.000000068393,22,140,0.13580246913580246,-43.51590819753087
5270.000000068611,19,143,0.11728395061728394,-37.581920716049375
5280.00000006883,23,139,0.1419753086419753,-45.49390402469136
5290.000000069048,22,140,0.13580246913580246,-43.51590819753087
5300.000000069266,24,138,0.14814814814814814,-47.47189985185185
5310.0000000694845,21,141,0.12962962962962962,-41.537912370370364
5320.000000069703,20,142,0.12345679012345678,-39.55991654320987
5330.000000069921,20,142,0.12345679012345678,-39.55991654320987
5340.000000070139,23,139,0.1419753086419753,-45.49390402469136
5350.000000070358,21,141,0.12962962962962962,-41.537912370370364
5360.000000070576,24,138,0.14814814814814814,-47.47189985185185
5370.000000070794,23,139,0.1419753086419753,-45.49390402469136
5380.000000071012,24,138,0.14814814814814814,-47.47189985185185
5390.000000071231,27,135,0.16666666666666666,-53.405887333333325
5400.000000071449,23,139,0.1419753086419753,-45.49390402469136
5410.000000071667,23,139,0.1419753086419753,-45.49390402469136
5420.000000071886,20,142,0.12345679012345678,-39.55991654320987
5430.000000072104,25,137,0.15432098765432098,-49.44989567901234
5440.000000072322,25,137,0.15432098765432098,-49.44989567901234
5450.00000007254,25,137,0.15432098765432098,-49.44989567901234
5460.000000072759,24,138,0.14814814814814814,-47.47189985185185
5470.000000072977,24,138,0.14814814814814814,-47.47189985185185
5480.000000073195,22,140,0.13580246913580246,-43.51590819753087
5490.0000000734135,22,140,0.13580246913580246,-43.51590819753087
5500.000000073632,22,140,0.13580246913580246,-43.51590819753087
5510.00000007385,23,139,0.1419753086419753,-45.49390402469136
5520.000000074068,24,138,0.14814814814814814,-47.47189985185185
5530.000000074287,27,135,0.16666666666666666,-53.405887333333325
5540.000000074505,27,135,0.16666666666666666,-53.405887333333325
5550.000000074723,20,142,0.12345679012345678,-39.55991654320987
5560.000000074941,22,140,0.13580246913580246,-43.51590819753087
5570.00000007516,21,141,0.12962962962962962,-41.537912370370364
5580.000000075378,23,139,0.1419753086419753,-45.49390402469136
5590.000000075596,24,138,0.14814814814814814,-47.47189985185185
5600.000000075815,24,138,0.14814814814814814,-47.47189985185185
5610.000000076033,26,136,0.16049382716049382,-51.42789150617284
5620.000000076251,27,135,0.16666666666666666,-53.405887333333325
5630.000000076469,24,138,0.14814814814814814,-47.47189985185185
5640.000000076688,24,138,0.14814814814814814,-47.47189985185185
5650.000000076906,31,131,0.19135802469135801,-61.317870641975304
5660.000000077124,25,137,0.15432098765432098,-49.44989567901234
5670.0000000773425,25,137,0.15432098765432098,-49.44989567901234
5680.000000077561,25,137,0.15432098765432098,-49.44989567901234
5690.000000077779,26,136,0.16049382716049382,-51.42789150617284
5700.000000077997,26,136,0.16049382716049382,-51.42789150617284
5710.000000078216,32,130,0.19753086419753085,-63.295866469135795
5720.000000078434,26,136,0.16049382716049382,-51.42789150617284
5730.000000078652,25,137,0.15432098765432098,-49.44989567901234
5740.0000000788705,29,133,0.17901234567901234,-57.36187898765432
5750.000000079089,26,136,0.16049382716049382,-51.42789150617284
5760.000000079307,26,136,0.16049382716049382,-51.42789150617284
5770.000000079525,23,139,0.1419753086419753,-45.49390402469136
5780.000000079744,22,140,0.13580246913580246,-43.51590819753087
5790.000000079962,25,137,0.15432098765432098,-49.44989567901234
5800.00000008018,26,136,0.16049382716049382,-51.42789150617284
5810.000000080398,26,136,0.16049382716049382,-51.42789150617284
5820.000000080617,22,140,0.13580246913580246,-43.51590819753087
5830.000000080835,26,136,0.16049382716049382,-51.42789150617284
5840.000000081053,23,139,0.1419753086419753,-45.49390402469136
5850.0000000812715,21,141,0.12962962962962962,-41.537912370370364
5860.00000008149,23,139,0.1419753086419753,-45.49390402469136
5870.000000081708,23,139,0.1419753086419753,-45.49390402469136
5880.000000081926,22,140,0.13580246913580246,-43.51590819753087
5890.000000082145,24,138,0.14814814814814814,-47.47189985185185
5900.000000082363,20,142,0.12345679012345678,-39.55991654320987
5910.000000082581,22,140,0.13580246913580246,-43.51590819753087
5920.0000000827995,20,142,0.12345679012345678,-39.55991654320987
5930.000000083018,20,142,0.12345679012345678,-39.55991654320987
5940.000000083236,20,142,0.12345679012345678,-39.55991654320987
5950.000000083454,21,141,0.12962962962962962,-41.537912370370364
5960.000000083673,21,141,0.12962962962962962,-41.537912370370364
5970.000000083891,23,139,0.1419753086419753,-45.49390402469136
5980.000000084109,23,139,0.1419753086419753,-45.49390402469136
5990.000000084327,18,144,0.1111111111111111,-35.60392488888888
6000.000000084546,20,142,0.12345679012345678,-39.55991654320987
6010.000000084764,20,142,0.12345679012345678,-39.55991654320987
6020.000000084982,21,141,0.12962962962962962,-41.537912370370364
6030.000000085201,19,143,0.11728395061728394,-37.581920716049375
6040.000000085419,19,143,0.11728395061728394,-37.581920716049375
6050.000000085637,21,141,0.12962962962962962,-41.537912370370364
6060.000000085855,23,139,0.1419753086419753,-45.49390402469136
6070.000000086074,23,139,0.1419753086419753,-45.49390402469136
6080.000000086292,21,141,0.12962962962962962,-41.537912370370364
6090.00000008651,26,136,0.16049382716049382,-51.42789150617284
6100.0000000867285,23,139,0.1419753086419753,-45.49390402469136
6110.000000086947,22,140,0.13580246913580246,-43.51590819753087
6120.000000087165,23,139,0.1419753086419753,-45.49390402469136
6130.000000087383,25,137,0.15432098765432098,-49.44989567901234
6140.000000087602,26,136,0.16049382716049382,-51.42789150617284
6150.00000008782,23,139,0.1419753086419753,-45.49390402469136
6160.000000088038,23,139,0.1419753086419753,-45.49390402469136
6170.0000000882565,23,139,0.1419753086419753,-45.49390402469136
6180.000000088475,24,138,0.14814814814814814,-47.47189985185185
6190.000000088693,24,138,0.14814814814814814,-47.47189985185185
6200.000000088911,20,142,0.12345679012345678,-39.55991654320987
6210.00000008913,23,139,0.1419753086419753,-45.49390402469136
6220.000000089348,21,141,0.12962962962962962,-41.537912370370364
6230.000000089566,25,137,0.15432098765432098,-49.44989567901234
6240.000000089784,23,139,0.1419753086419753,-45.49390402469136
6250.000000090003,24,138,0.14814814814814814,-47.47189985185185
6260.000000090221,20,142,0.12345679012345678,-39.55991654320987
6270.000000090439,23,139,0.1419753086419753,-45.49390402469136
6280.0000000906575,26,136,0.16049382716049382,-51.42789150617284
6290.000000090876,23,139,0.1419753086419753,-45.49390402469136
6300.000000091094,23,139,0.1419753086419753,-45.49390402469136
6310.000000091312,24,138,0.14814814814814814,-47.47189985185185
6320.000000091531,24,138,0.14814814814814814,-47.47189985185185
6330.000000091749,20,142,0.12345679012345678,-39.55991654320987
6340.000000091967,24,138,0.14814814814814814,-47.47189985185185
6350.0000000921855,23,139,0.1419753086419753,-45.49390402469136
6360.000000092404,19,143,0.11728395061728394,-37.581920716049375
6370.000000092622,21,141,0.12962962962962962,-41.537912370370364
6380.00000009284,22,140,0.13580246913580246,-43.51590819753087
6390.000000093059,23,139,0.1419753086419753,-45.49390402469136
6400.000000093277,24,138,0.14814814814814814,-47.47189985185185
6410.000000093495,25,137,0.15432098765432098,-49.44989567901234
6420.000000093713,24,138,0.14814814814814814,-47.47189985185185
6430.000000093932,26,136,0.16049382716049382,-51.42789150617284
6440.00000009415,22,140,0.13580246913580246,-43.51590819753087
6450.000000094368,24,138,0.14814814814814814,-47.47189985185185
6460.0000000945865,26,136,0.16049382716049382,-51.42789150617284
6470.000000094805,22,140,0.13580246913580246,-43.51590819753087
6480.000000095023,21,141,0.12962962962962962,-41.537912370370364
6490.000000095241,20,142,0.12345679012345678,-39.55991654320987
6500.00000009546,26,136,0.16049382716049382,-51.42789150617284
6510.000000095678,24,138,0.14814814814814814,-47.47189985185185
6520.000000095896,20,142,0.12345679012345678,-39.55991654320987
6530.0000000961145,20,142,0.12345679012345678,-39.55991654320987
6540.000000096333,21,141,0.12962962962962962,-41.537912370370364
6550.000000096551,20,142,0.12345679012345678,-39.55991654320987
6560.000000096769,22,140,0.13580246913580246,-43.51590819753087
6570.000000096988,23,139,0.1419753086419753,-45.49390402469136
6580.000000097206,19,143,0.11728395061728394,-37.581920716049375
6590.000000097424,24,138,0.14814814814814814,-47.47189985185185
6600.000000097642,20,142,0.12345679012345678,-39.55991654320987
6610.000000097861,21,141,0.12962962962962962,-41.537912370370364
6620.000000098079,21,141,0.12962962962962962,-41.537912370370364
6630.000000098297,20,142,0.12345679012345678,-39.55991654320987
6640.000000098516,24,138,0.14814814814814814,-47.47189985185185
6650.000000098734,23,139,0.1419753086419753,-45.49390402469136
6660.000000098952,24,138,0.14814814814814814,-47.47189985185185
6670.00000009917,27,135,0.16666666666666666,-53.405887333333325
6680.000000099389,26,136,0.16049382716049382,-51.42789150617284
6690.000000099607,21,141,0.12962962962962962,-41.537912370370364
6700.000000099825,25,137,0.15432098765432098,-49.44989567901234
6710.0000001000435,26,136,0.16049382716049382,-51.42789150617284
6720.000000100262,23,139,0.1419753086419753,-45.49390402469136
6730.00000010048,24,138,0.14814814814814814,-47.47189985185185
6740.000000100698,24,138,0.14814814814814814,-47.47189985185185
6750.000000100917,29,133,0.17901234567901234,-57.36187898765432
6760.000000101135,27,135,0.16666666666666666,-53.405887333333325
6770.000000101353,27,135,0.16666666666666666,-53.405887333333325
6780.0000001015715,25,137,0.15432098765432098,-49.44989567901234
6790.00000010179,20,142,0.12345679012345678,-39.55991654320987
6800.000000102008,24,138,0.14814814814814814,-47.47189985185185
6810.000000102226,24,138,0.14814814814814814,-47.47189985185185
6820.000000102445,21,141,0.12962962962962962,-41.537912370370364
6830.000000102663,24,138,0.14814814814814814,-47.47189985185185
6840.000000102881,22,140,0.13580246913580246,-43.51590819753087
6850.000000103099,24,138,0.14814814814814814,-47.47189985185185
6860.000000103318,22,140,0.13580246913580246,-43.51590819753087
6870.000000103536,20,142,0.12345679012345678,-39.55991654320987
6880.000000103754,22,140,0.13580246913580246,-43.51590819753087
6890.0000001039725,22,140,0.13580246913580246,-43.51590819753087
6900.000000104191,20,142,0.12345679012345678,-39.55991654320987
6910.000000104409,16,146,0.09876543209876543,-31.647933234567898
6920.000000104627,21,141,0.12962962962962962,-41.537912370370364
6930.000000104846,18,144,0.1111111111111111,-35.60392488888888
6940.000000105064,22,140,0.13580246913580246,-43.51590819753087
6950.000000105282,22,140,0.13580246913580246,-43.51590819753087
6960.0000001055005,20,142,0.12345679012345678,-39.55991654320987
6970.000000105719,17,145,0.10493827160493827,-33.62592906172839
6980.000000105937,21,141,0.12962962962962962,-41.537912370370364
6990.000000106155,22,140,0.13580246913580246,-43.51590819753087
7000.000000106374,19,143,0.11728395061728394,-37.581920716049375
7010.000000106592,21,141,0.12962962962962962,-41.537912370370364
7020.00000010681,18,144,0.1111111111111111,-35.60392488888888
7030.000000107028,17,145,0.10493827160493827,-33.62592906172839
7040.000000107247,21,141,0.12962962962962962,-41.537912370370364
7050.000000107465,17,145,0.10493827160493827,-33.62592906172839
7060.000000107683,21,141,0.12962962962962962,-41.537912370370364
7070.0000001079015,21,141,0.12962962962962962,-41.537912370370364
7080.00000010812,27,135,0.16666666666666666,-53.405887333333325
7090.000000108338,21,141,0.12962962962962962,-41.537912370370364
7100.000000108556,22,140,0.13580246913580246,-43.51590819753087
7110.000000108775,18,144,0.1111111111111111,-35.60392488888888
7120.000000108993,16,146,0.09876543209876543,-31.647933234567898
7130.000000109211,17,145,0.10493827160493827,-33.62592906172839
7140.0000001094295,20,142,0.12345679012345678,-39.55991654320987
7150.000000109648,18,144,0.1111111111111111,-35.60392488888888
7160.000000109866,20,142,0.12345679012345678,-39.55991654320987
7170.000000110084,19,143,0.11728395061728394,-37.581920716049375
7180.000000110303,19,143,0.11728395061728394,-37.581920716049375
7190.000000110521,19,143,0.11728395061728394,-37.581920716049375
7200.000000110739,21,141,0.12962962962962962,-41.537912370370364
7210.000000110957,21,141,0.12962962962962962,-41.537912370370364
7220.000000111176,16,146,0.09876543209876543,-31.647933234567898
7230.000000111394,19,143,0.11728395061728394,-37.581920716049375
7240.000000111612,20,142,0.12345679012345678,-39.55991654320987
7250.000000111831,25,137,0.15432098765432098,-49.44989567901234
7260.000000112049,20,142,0.12345679012345678,-39.55991654320987
7270.000000112267,25,137,0.15432098765432098,-49.44989567901234
7280.000000112485,22,140,0.13580246913580246,-43.51590819753087
7290.000000112704,22,140,0.13580246913580246,-43.51590819753087
7300.000000112922,20,142,0.12345679012345678,-39.55991654320987
7310.00000011314,20,142,0.12345679012345678,-39.55991654320987
7320.0000001133585,21,141,0.12962962962962962,-41.537912370370364
7330.000000113577,24,138,0.14814814814814814,-47.47189985185185
7340.000000113795,20,142,0.12345679012345678,-39.55991654320987
7350.000000114013,21,141,0.12962962962962962,-41.537912370370364
7360.000000114232,22,140,0.13580246913580246,-43.51590819753087
7370.00000011445,23,139,0.1419753086419753,-45.49390402469136
7380.000000114668,20,142,0.12345679012345678,-39.55991654320987
7390.0000001148865,23,139,0.1419753086419753,-45.49390402469136
7400.000000115105,21,141,0.12962962962962962,-41.537912370370364
7410.000000115323,23,139,0.1419753086419753,-45.49390402469136
7420.000000115541,19,143,0.11728395061728394,-37.581920716049375
7430.00000011576,24,138,0.14814814814814814,-47.47189985185185
7440.000000115978,23,139,0.1419753086419753,-45.49390402469136
7450.000000116196,22,140,0.13580246913580246,-43.51590819753087
7460.000000116414,21,141,0.12962962962962962,-41.537912370370364
7470.000000116633,23,139,0.1419753086419753,-45.49390402469136
7480.000000116851,20,142,0.12345679012345678,-39.55991654320987
7490.000000117069,20,142,0.12345679012345678,-39.55991654320987
7500.0000001172875,20,142,0.12345679012345678,-39.55991654320987
7510.000000117506,23,139,0.1419753086419753,-45.49390402469136
7520.000000117724,24,138,0.14814814814814814,-47.47189985185185
7530.000000117942,23,139,0.1419753086419753,-45.49390402469136
7540.000000118161,25,137,0.15432098765432098,-49.44989567901234
7550.000000118379,23,139,0.1419753086419753,-45.49390402469136
7560.000000118597,25,137,0.15432098765432098,-49.44989567901234
7570.0000001188155,25,137,0.15432098765432098,-49.44989567901234
7580.000000119034,22,140,0.13580246913580246,-43.51590819753087
7590.000000119252,23,139,0.1419753086419753,-45.49390402469136
7600.00000011947,25,137,0.15432098765432098,-49.44989567901234
7610.000000119689,24,138,0.14814814814814814,-47.47189985185185
7620.000000119907,23,139,0.1419753086419753,-45.49390402469136
7630.000000120125,27,135,0.16666666666666666,-53.405887333333325
7640.000000120343,23,139,0.1419753086419753,-45.49390402469136
7650.000000120562,22,140,0.13580246913580246,-43.51590819753087
7660.00000012078,21,141,0.12962962962962962,-41.537912370370364
7670.000000120998,21,141,0.12962962962962962,-41.537912370370364
7680.0000001212165,20,142,0.12345679012345678,-39.55991654320987
7690.000000121435,22,140,0.13580246913580246,-43.51590819753087
7700.000000121653,23,139,0.1419753086419753,-45.49390402469136
7710.000000121871,22,140,0.13580246913580246,-43.51590819753087
7720.00000012209,21,141,0.12962962962962962,-41.537912370370364
7730.000000122308,19,143,0.11728395061728394,-37.581920716049375
7740.000000122526,19,143,0.11728395061728394,-37.581920716049375
7750.0000001227445,21,141,0.12962962962962962,-41.537912370370364
7760.000000122963,21,141,0.12962962962962962,-41.537912370370364
7770.000000123181,24,138,0.14814814814814814,-47.47189985185185
7780.000000123399,24,138,0.14814814814814814,-47.47189985185185
7790.000000123618,20,142,0.12345679012345678,-39.55991654320987
7800.000000123836,23,139,0.1419753086419753,-45.49390402469136
7810.000000124054,24,138,0.14814814814814814,-47.47189985185185
7820.000000124272,22,140,0.13580246913580246,-43.51590819753087
7830.000000124491,23,139,0.1419753086419753,-45.49390402469136
7840.000000124709,25,137,0.15432098765432098,-49.44989567901234
7850.000000124927,22,140,0.13580246913580246,-43.51590819753087
7860.000000125146,17,145,0.10493827160493827,-33.62592906172839
7870.000000125364,21,141,0.12962962962962962,-41.537912370370364
7880.000000125582,20,142,0.12345679012345678,-39.55991654320987
7890.0000001258,21,141,0.12962962962962962,-41.537912370370364
7900.000000126019,19,143,0.11728395061728394,-37.581920716049375
7910.000000126237,20,142,0.12345679012345678,-39.55991654320987
7920.000000126455,22,140,0.13580246913580246,-43.51590819753087
7930.0000001266735,21,141,0.12962962962962962,-41.537912370370364
7940.000000126892,23,139,0.1419753086419753,-45.49390402469136
7950.00000012711,24,138,0.14814814814814814,-47.47189985185185
7960.000000127328,21,141,0.12962962962962962,-41.537912370370364
7970.000000127547,27,135,0.16666666666666666,-53.405887333333325
7980.000000127765,19,143,0.11728395061728394,-37.581920716049375
7990.000000127983,22,140,0.13580246913580246,-43.51590819753087
8000.0000001282015,20,142,0.12345679012345678,-39.55991654320987
8010.00000012842,19,143,0.11728395061728394,-37.581920716049375
8020.000000128638,22,140,0.13580246913580246,-43.51590819753087
8030.000000128856,22,140,0.13580246913580246,-43.51590819753087
8040.000000129075,22,140,0.13580246913580246,-43.51590819753087
8050.000000129293,23,139,0.1419753086419753,-45.49390402469136
8060.000000129511,24,138,0.14814814814814814,-47.47189985185185
8070.000000129729,23,139,0.1419753086419753,-45.49390402469136
8080.000000129948,24,138,0.14814814814814814,-47.47189985185185
8090.000000130166,20,142,0.12345679012345678,-39.55991654320987
8100.000000130384,20,142,0.12345679012345678,-39.55991654320987
8110.0000001306025,24,138,0.14814814814814814,-47.47189985185185
8120.000000130821,25,137,0.15432098765432098,-49.44989567901234
8130.000000131039,23,139,0.1419753086419753,-45.49390402469136
8140.000000131257,23,139,0.1419753086419753,-45.49390402469136
8150.000000131476,23,139,0.1419753086419753,-45.49390402469136
8160.000000131694,22,140,0.13580246913580246,-43.51590819753087
8170.000000131912,25,137,0.15432098765432098,-49.44989567901234
8180.0000001321305,22,140,0.13580246913580246,-43.51590819753087
8190.000000132349,24,138,0.14814814814814814,-47.47189985185185
8200.000000132566,23,139,0.1419753086419753,-45.49390402469136
8210.000000132784,22,140,0.13580246913580246,-43.51590819753087
8220.000000133003,26,136,0.16049382716049382,-51.42789150617284
8230.000000133221,26,136,0.16049382716049382,-51.42789150617284
8240.00000013344,21,141,0.12962962962962962,-41.537912370370364
8250.000000133658,21,141,0.12962962962962962,-41.537912370370364
8260.000000133876,19,143,0.11728395061728394,-37.581920716049375
8270.000000134094,24,138,0.14814814814814814,-47.47189985185185
8280.000000134312,24,138,0.14814814814814814,-47.47189985185185
8290.00000013453,22,140,0.13580246913580246,-43.51590819753087
8300.000000134749,23,139,0.1419753086419753,-45.49390402469136
8310.000000134967,23,139,0.1419753086419753,-45.49390402469136
8320.000000135185,19,143,0.11728395061728394,-37.581920716049375
8330.000000135404,22,140,0.13580246913580246,-43.51590819753087
8340.000000135622,24,138,0.14814814814814814,-47.47189985185185
8350.00000013584,19,143,0.11728395061728394,-37.581920716049375
8360.000000136059,23,139,0.1419753086419753,-45.49390402469136
8370.000000136277,21,141,0.12962962962962962,-41.537912370370364
8380.000000136495,18,144,0.1111111111111111,-35.60392488888888
8390.000000136713,22,140,0.13580246913580246,-43.51590819753087
8400.000000136932,22,140,0.13580246913580246,-43.51590819753087
8410.00000013715,22,140,0.13580246913580246,-43.51590819753087
8420.000000137368,24,138,0.14814814814814814,-47.47189985185185
8430.000000137587,22,140,0.13580246913580246,-43.51590819753087
8440.000000137805,22,140,0.13580246913580246,-43.51590819753087
8450.000000138023,24,138,0.14814814814814814,-47.47189985185185
8460.000000138241,19,143,0.11728395061728394,-37.581920716049375
8470.00000013846,23,139,0.1419753086419753,-45.49390402469136
8480.000000138678,26,136,0.16049382716049382,-51.42789150617284
8490.000000138896,27,135,0.16666666666666666,-53.405887333333325
8500.000000139114,25,137,0.15432098765432098,-49.44989567901234
8510.000000139333,25,137,0.15432098765432098,-49.44989567901234
8520.000000139551,28,134,0.1728395061728395,-55.38388316049383
8530.00000013977,20,142,0.12345679012345678,-39.55991654320987
8540.000000139988,24,138,0.14814814814814814,-47.47189985185185
8550.000000140206,22,140,0.13580246913580246,-43.51590819753087
8560.000000140424,25,137,0.15432098765432098,-49.44989567901234
8570.000000140642,24,138,0.14814814814814814,-47.47189985185185
8580.00000014086,21,141,0.12962962962962962,-41.537912370370364
8590.000000141079,23,139,0.1419753086419753,-45.49390402469136
8600.000000141297,18,144,0.1111111111111111,-35.60392488888888
8610.000000141516,21,141,0.12962962962962962,-41.537912370370364
8620.000000141734,24,138,0.14814814814814814,-47.47189985185185
8630.000000141952,20,142,0.12345679012345678,-39.55991654320987
8640.00000014217,21,141,0.12962962962962962,-41.537912370370364
8650.000000142389,26,136,0.16049382716049382,-51.42789150617284
8660.000000142607,17,145,0.10493827160493827,-33.62592906172839
8670.000000142825,25,137,0.15432098765432098,-49.44989567901234
8680.000000143044,18,144,0.1111111111111111,-35.60392488888888
8690.000000143262,23,139,0.1419753086419753,-45.49390402469136
8700.00000014348,18,144,0.1111111111111111,-35.60392488888888
8710.000000143698,24,138,0.14814814814814814,-47.47189985185185
8720.000000143917,17,145,0.10493827160493827,-33.62592906172839
8730.000000144135,22,140,0.13580246913580246,-43.51590819753087
8740.000000144353,23,139,0.1419753086419753,-45.49390402469136
8750.000000144571,23,139,0.1419753086419753,-45.49390402469136
8760.00000014479,21,141,0.12962962962962962,-41.537912370370364
8770.000000145008,20,142,0.12345679012345678,-39.55991654320987
8780.000000145226,20,142,0.12345679012345678,-39.55991654320987
8790.000000145445,19,143,0.11728395061728394,-37.581920716049375
8800.000000145663,20,142,0.12345679012345678,-39.55991654320987
8810.000000145881,19,143,0.11728395061728394,-37.581920716049375
8820.0000001461,20,142,0.12345679012345678,-39.55991654320987
8830.000000146318,19,143,0.11728395061728394,-37.581920716049375
8840.000000146536,21,141,0.12962962962962962,-41.537912370370364
8850.000000146754,19,143,0.11728395061728394,-37.581920716049375
8860.000000146973,23,139,0.1419753086419753,-45.49390402469136
8870.00000014719,22,140,0.13580246913580246,-43.51590819753087
8880.000000147409,23,139,0.1419753086419753,-45.49390402469136
8890.000000147627,22,140,0.13580246913580246,-43.51590819753087
8900.000000147846,23,139,0.1419753086419753,-45.49390402469136
8910.000000148064,19,143,0.11728395061728394,-37.581920716049375
8920.000000148282,21,141,0.12962962962962962,-41.537912370370364
8930.0000001485,21,141,0.12962962962962962,-41.537912370370364
8940.000000148719,19,143,0.11728395061728394,-37.581920716049375
8950.000000148937,19,143,0.11728395061728394,-37.581920716049375
8960.000000149155,19,143,0.11728395061728394,-37.581920716049375
8970.000000149374,18,144,0.1111111111111111,-35.60392488888888
8980.000000149592,24,138,0.14814814814814814,-47.47189985185185
8990.00000014981,22,140,0.13580246913580246,-43.51590819753087
9000.000000150028,19,143,0.11728395061728394,-37.581920716049375
9010.000000150247,19,143,0.11728395061728394,-37.581920716049375
9020.000000150465,19,143,0.11728395061728394,-37.581920716049375
9030.000000150683,21,141,0.12962962962962962,-41.537912370370364
9040.000000150902,24,138,0.14814814814814814,-47.47189985185185
9050.00000015112,20,142,0.12345679012345678,-39.55991654320987
9060.000000151338,18,144,0.1111111111111111,-35.60392488888888
9070.000000151556,18,144,0.1111111111111111,-35.60392488888888
9080.000000151775,20,142,0.12345679012345678,-39.55991654320987
9090.000000151993,23,139,0.1419753086419753,-45.49390402469136
9100.000000152211,19,143,0.11728395061728394,-37.581920716049375
9110.00000015243,21,141,0.12962962962962962,-41.537912370370364
9120.000000152648,23,139,0.1419753086419753,-45.49390402469136
9130.000000152866,22,140,0.13580246913580246,-43.51590819753087
9140.000000153084,21,141,0.12962962962962962,-41.537912370370364
9150.000000153303,24,138,0.14814814814814814,-47.47189985185185
9160.00000015352,22,140,0.13580246913580246,-43.51590819753087
9170.00000015374,20,142,0.12345679012345678,-39.55991654320987
9180.000000153957,24,138,0.14814814814814814,-47.47189985185185
9190.000000154176,23,139,0.1419753086419753,-45.49390402469136
9200.000000154394,20,142,0.12345679012345678,-39.55991654320987
9210.000000154612,23,139,0.1419753086419753,-45.49390402469136
9220.00000015483,23,139,0.1419753086419753,-45.49390402469136
9230.000000155049,22,140,0.13580246913580246,-43.51590819753087
9240.000000155267,22,140,0.13580246913580246,-43.51590819753087
9250.000000155485,21,141,0.12962962962962962,-41.537912370370364
9260.000000155704,22,140,0.13580246913580246,-43.51590819753087
9270.000000155922,24,138,0.14814814814814814,-47.47189985185185
9280.00000015614,21,141,0.12962962962962962,-41.537912370370364
9290.000000156359,24,138,0.14814814814814814,-47.47189985185185
9300.000000156577,25,137,0.15432098765432098,-49.44989567901234
9310.000000156795,25,137,0.15432098765432098,-49.44989567901234
9320.000000157013,21,141,0.12962962962962962,-41.537912370370364
9330.000000157232,25,137,0.15432098765432098,-49.44989567901234
9340.00000015745,21,141,0.12962962962962962,-41.537912370370364
9350.000000157668,25,137,0.15432098765432098,-49.44989567901234
9360.000000157886,20,142,0.12345679012345678,-39.55991654320987
9370.000000158105,24,138,0.14814814814814814,-47.47189985185185
9380.000000158323,23,139,0.1419753086419753,-45.49390402469136
9390.000000158541,22,140,0.13580246913580246,-43.51590819753087
9400.00000015876,21,141,0.12962962962962962,-41.537912370370364
9410.000000158978,23,139,0.1419753086419753,-45.49390402469136
9420.000000159196,22,140,0.13580246913580246,-43.51590819753087
9430.000000159414,24,138,0.14814814814814814,-47.47189985185185
9440.000000159633,23,139,0.1419753086419753,-45.49390402469136
9450.000000159851,23,139,0.1419753086419753,-45.49390402469136
9460.00000016007,23,139,0.1419753086419753,-45.49390402469136
9470.000000160288,26,136,0.16049382716049382,-51.42789150617284
9480.000000160506,21,141,0.12962962962962962,-41.537912370370364
9490.000000160724,20,142,0.12345679012345678,-39.55991654320987
9500.000000160942,23,139,0.1419753086419753,-45.49390402469136
9510.00000016116,22,140,0.13580246913580246,-43.51590819753087
9520.000000161379,20,142,0.12345679012345678,-39.55991654320987
9530.000000161597,19,143,0.11728395061728394,-37.581920716049375
9540.000000161815,21,141,0.12962962962962962,-41.537912370370364
9550.000000162034,24,138,0.14814814814814814,-47.47189985185185
9560.000000162252,23,139,0.1419753086419753,-45.49390402469136
9570.00000016247,22,140,0.13580246913580246,-43.51590819753087
9580.000000162689,21,141,0.12962962962962962,-41.537912370370364
9590.000000162907,20,142,0.12345679012345678,-39.55991654320987
9600.000000163125,24,138,0.14814814814814814,-47.47189985185185
9610.000000163343,25,137,0.15432098765432098,-49.44989567901234
9620.000000163562,21,141,0.12962962962962962,-41.537912370370364
9630.00000016378,21,141,0.12962962962962962,-41.537912370370364
9640.000000163998,26,136,0.16049382716049382,-51.42789150617284
9650.000000164217,23,139,0.1419753086419753,-45.49390402469136
9660.000000164435,24,138,0.14814814814814814,-47.47189985185185
9670.000000164653,22,140,0.13580246913580246,-43.51590819753087
9680.000000164871,23,139,0.1419753086419753,-45.49390402469136
9690.00000016509,21,141,0.12962962962962962,-41.537912370370364
9700.000000165308,24,138,0.14814814814814814,-47.47189985185185
9710.000000165526,24,138,0.14814814814814814,-47.47189985185185
9720.000000165744,25,137,0.15432098765432098,-49.44989567901234
9730.000000165963,25,137,0.15432098765432098,-49.44989567901234
9740.000000166181,25,137,0.15432098765432098,-49.44989567901234
9750.0000001664,24,138,0.14814814814814814,-47.47189985185185
9760.000000166618,25,137,0.15432098765432098,-49.44989567901234
9770.000000166836,23,139,0.1419753086419753,-45.49390402469136
9780.000000167054,23,139,0.1419753086419753,-45.49390402469136
9790.000000167272,23,139,0.1419753086419753,-45.49390402469136
9800.00000016749,27,135,0.16666666666666666,-53.405887333333325
9810.000000167709,23,139,0.1419753086419753,-45.49390402469136
9820.000000167927,24,138,0.14814814814814814,-47.47189985185185
9830.000000168146,23,139,0.1419753086419753,-45.49390402469136
9840.000000168364,26,136,0.16049382716049382,-51.42789150617284
9850.000000168582,23,139,0.1419753086419753,-45.49390402469136
9860.0000001688,21,141,0.12962962962962962,-41.537912370370364
9870.000000169019,22,140,0.13580246913580246,-43.51590819753087
9880.000000169237,20,142,0.12345679012345678,-39.55991654320987
9890.000000169455,20,142,0.12345679012345678,-39.55991654320987
9900.000000169674,19,143,0.11728395061728394,-37.581920716049375
9910.000000169892,21,141,0.12962962962962962,-41.537912370370364
9920.00000017011,22,140,0.13580246913580246,-43.51590819753087
9930.000000170328,20,142,0.12345679012345678,-39.55991654320987
9940.000000170547,24,138,0.14814814814814814,-47.47189985185185
9950.000000170765,21,141,0.12962962962962962,-41.537912370370364
9960.000000170983,22,140,0.13580246913580246,-43.51590819753087
9970.000000171201,21,141,0.12962962962962962,-41.537912370370364
9980.00000017142,20,142,0.12345679012345678,-39.55991654320987
9990.000000171638,19,143,0.11728395061728394,-37.581920716049375
10000.000000171856,21,141,0.12962962962962962,-41.537912370370364
10010.000000172075,18,144,0.1111111111111111,-35.60392488888888
10020.000000172293,17,145,0.10493827160493827,-33.62592906172839
10030.000000172511,22,140,0.13580246913580246,-43.51590819753087
10040.00000017273,22,140,0.13580246913580246,-43.51590819753087
10050.000000172948,22,140,0.13580246913580246,-43.51590819753087
10060.000000173166,23,139,0.1419753086419753,-45.49390402469136
10070.000000173384,20,142,0.12345679012345678,-39.55991654320987
10080.000000173603,23,139,0.1419753086419753,-45.49390402469136
10090.00000017382,17,145,0.10493827160493827,-33.62592906172839
10100.000000174039,18,144,0.1111111111111111,-35.60392488888888
10110.000000174257,17,145,0.10493827160493827,-33.62592906172839
10120.000000174476,20,142,0.12345679012345678,-39.55991654320987
10130.000000174694,19,143,0.11728395061728394,-37.581920716049375
10140.000000174912,21,141,0.12962962962962962,-41.537912370370364
10150.00000017513,21,141,0.12962962962962962,-41.537912370370364
10160.000000175349,20,142,0.12345679012345678,-39.55991654320987
10170.000000175567,20,142,0.12345679012345678,-39.55991654320987
10180.000000175785,20,142,0.12345679012345678,-39.55991654320987
10190.000000176004,17,145,0.10493827160493827,-33.62592906172839
10200.000000176222,20,142,0.12345679012345678,-39.55991654320987
10210.00000017644,20,142,0.12345679012345678,-39.55991654320987
10220.000000176658,22,140,0.13580246913580246,-43.51590819753087
10230.000000176877,22,140,0.13580246913580246,-43.51590819753087
10240.000000177095,24,138,0.14814814814814814,-47.47189985185185
10250.000000177313,22,140,0.13580246913580246,-43.51590819753087
10260.000000177532,22,140,0.13580246913580246,-43.51590819753087
10270.00000017775,20,142,0.12345679012345678,-39.55991654320987
10280.000000177968,23,139,0.1419753086419753,-45.49390402469136
10290.000000178186,22,140,0.13580246913580246,-43.51590819753087
10300.000000178405,26,136,0.16049382716049382,-51.42789150617284
10310.000000178623,26,136,0.16049382716049382,-51.42789150617284
10320.000000178841,24,138,0.14814814814814814,-47.47189985185185
10330.00000017906,23,139,0.1419753086419753,-45.49390402469136
10340.000000179278,24,138,0.14814814814814814,-47.47189985185185
10350.000000179496,24,138,0.14814814814814814,-47.47189985185185
10360.000000179714,25,137,0.15432098765432098,-49.44989567901234
10370.000000179933,23,139,0.1419753086419753,-45.49390402469136
10380.00000018015,20,142,0.12345679012345678,-39.55991654320987
10390.00000018037,21,141,0.12962962962962962,-41.537912370370364
10400.000000180587,26,136,0.16049382716049382,-51.42789150617284
10410.000000180806,25,137,0.15432098765432098,-49.44989567901234
10420.000000181024,23,139,0.1419753086419753,-45.49390402469136
10430.000000181242,27,135,0.16666666666666666,-53.405887333333325
10440.00000018146,24,138,0.14814814814814814,-47.47189985185185
10450.000000181679,23,139,0.1419753086419753,-45.49390402469136
10460.000000181897,23,139,0.1419753086419753,-45.49390402469136
10470.000000182115,25,137,0.15432098765432098,-49.44989567901234
10480.000000182334,25,137,0.15432098765432098,-49.44989567901234
10490.000000182552,22,140,0.13580246913580246,-43.51590819753087
10500.00000018277,22,140,0.13580246913580246,-43.51590819753087
10510.000000182989,22,140,0.13580246913580246,-43.51590819753087
10520.000000183207,19,143,0.11728395061728394,-37.581920716049375
10530.000000183425,26,136,0.16049382716049382,-51.42789150617284
10540.000000183643,21,141,0.12962962962962962,-41.537912370370364
10550.000000183862,24,138,0.14814814814814814,-47.47189985185185
10560.00000018408,26,136,0.16049382716049382,-51.42789150617284
10570.000000184298,24,138,0.14814814814814814,-47.47189985185185
10580.000000184516,26,136,0.16049382716049382,-51.42789150617284
10590.000000184735,24,138,0.14814814814814814,-47.47189985185185
10600.000000184953,25,137,0.15432098765432098,-49.44989567901234
10610.000000185171,29,133,0.17901234567901234,-57.36187898765432
10620.00000018539,27,135,0.16666666666666666,-53.405887333333325
10630.000000185608,26,136,0.16049382716049382,-51.42789150617284
10640.000000185826,25,137,0.15432098765432098,-49.44989567901234
10650.000000186044,28,134,0.1728395061728395,-55.38388316049383
10660.000000186263,24,138,0.14814814814814814,-47.47189985185185
10670.000000186481,27,135,0.16666666666666666,-53.405887333333325
10680.0000001867,25,137,0.15432098765432098,-49.44989567901234
10690.000000186918,23,139,0.1419753086419753,-45.49390402469136
10700.000000187136,26,136,0.16049382716049382,-51.42789150617284
10710.000000187354,26,136,0.16049382716049382,-51.42789150617284
10720.000000187572,22,140,0.13580246913580246,-43.51590819753087
10730.00000018779,25,137,0.15432098765432098,-49.44989567901234
10740.000000188009,26,136,0.16049382716049382,-51.42789150617284
10750.000000188227,24,138,0.14814814814814814,-47.47189985185185
10760.000000188445,22,140,0.13580246913580246,-43.51590819753087
10770.000000188664,29,133,0.17901234567901234,-57.36187898765432
10780.000000188882,23,139,0.1419753086419753,-45.49390402469136
10790.0000001891,27,135,0.16666666666666666,-53.405887333333325
10800.000000189319,24,138,0.14814814814814814,-47.47189985185185
10810.000000189537,24,138,0.14814814814814814,-47.47189985185185
10820.000000189755,23,139,0.1419753086419753,-45.49390402469136
10830.000000189973,21,141,0.12962962962962962,-41.537912370370364
10840.000000190192,22,140,0.13580246913580246,-43.51590819753087
10850.00000019041,23,139,0.1419753086419753,-45.49390402469136
10860.000000190628,28,134,0.1728395061728395,-55.38388316049383
10870.000000190847,25,137,0.15432098765432098,-49.44989567901234
10880.000000191065,25,137,0.15432098765432098,-49.44989567901234
10890.000000191283,25,137,0.15432098765432098,-49.44989567901234
10900.000000191501,21,141,0.12962962962962962,-41.537912370370364
10910.00000019172,21,141,0.12962962962962962,-41.537912370370364
10920.000000191938,20,142,0.12345679012345678,-39.55991654320987
10930.000000192156,21,141,0.12962962962962962,-41.537912370370364
10940.000000192375,20,142,0.12345679012345678,-39.55991654320987
10950.000000192593,23,139,0.1419753086419753,-45.49390402469136
10960.000000192811,21,141,0.12962962962962962,-41.537912370370364
10970.00000019303,22,140,0.13580246913580246,-43.51590819753087
10980.000000193248,21,141,0.12962962962962962,-41.537912370370364
10990.000000193466,20,142,0.12345679012345678,-39.55991654320987
11000.000000193684,21,141,0.12962962962962962,-41.537912370370364
11010.000000193902,22,140,0.13580246913580246,-43.51590819753087
11020.00000019412,21,141,0.12962962962962962,-41.537912370370364
11030.000000194339,25,137,0.15432098765432098,-49.44989567901234
11040.000000194557,25,137,0.15432098765432098,-49.44989567901234
11050.000000194776,22,140,0.13580246913580246,-43.51590819753087
11060.000000194994,23,139,0.1419753086419753,-45.49390402469136
11070.000000195212,27,135,0.16666666666666666,-53.405887333333325
11080.00000019543,24,138,0.14814814814814814,-47.47189985185185
11090.000000195649,25,137,0.15432098765432098,-49.44989567901234
11100.000000195867,26,136,0.16049382716049382,-51.42789150617284
11110.000000196085,21,141,0.12962962962962962,-41.537912370370364
11120.000000196304,23,139,0.1419753086419753,-45.49390402469136
11130.000000196522,21,141,0.12962962962962962,-41.537912370370364
11140.00000019674,24,138,0.14814814814814814,-47.47189985185185
11150.000000196958,21,141,0.12962962962962962,-41.537912370370364
11160.000000197177,18,144,0.1111111111111111,-35.60392488888888
11170.000000197395,17,145,0.10493827160493827,-33.62592906172839
11180.000000197613,18,144,0.1111111111111111,-35.60392488888888
11190.000000197831,21,141,0.12962962962962962,-41.537912370370364
11200.00000019805,18,144,0.1111111111111111,-35.60392488888888
11210.000000198268,21,141,0.12962962962962962,-41.537912370370364
11220.000000198486,19,143,0.11728395061728394,-37.581920716049375
11230.000000198705,23,139,0.1419753086419753,-45.49390402469136
11240.000000198923,22,140,0.13580246913580246,-43.51590819753087
11250.000000199141,19,143,0.11728395061728394,-37.581920716049375
11260.00000019936,20,142,0.12345679012345678,-39.55991654320987
11270.000000199578,22,140,0.13580246913580246,-43.51590819753087
11280.000000199796,21,141,0.12962962962962962,-41.537912370370364
11290.000000200014,21,141,0.12962962962962962,-41.537912370370364
11300.000000200233,20,142,0.12345679012345678,-39.55991654320987
11310.00000020045,21,141,0.12962962962962962,-41.537912370370364
11320.00000020067,22,140,0.13580246913580246,-43.51590819753087
11330.000000200887,21,141,0.12962962962962962,-41.537912370370364
11340.000000201106,18,144,0.1111111111111111,-35.60392488888888
11350.000000201324,18,144,0.1111111111111111,-35.60392488888888
11360.000000201542,19,143,0.11728395061728394,-37.581920716049375
11370.00000020176,20,142,0.12345679012345678,-39.55991654320987
11380.000000201979,24,138,0.14814814814814814,-47.47189985185185
11390.000000202197,21,141,0.12962962962962962,-41.537912370370364
11400.000000202415,25,137,0.15432098765432098,-49.44989567901234
11410.000000202634,22,140,0.13580246913580246,-43.51590819753087
11420.000000202852,18,144,0.1111111111111111,-35.60392488888888
11430.00000020307,19,143,0.11728395061728394,-37.581920716049375
11440.000000203288,20,142,0.12345679012345678,-39.55991654320987
11450.000000203507,21,141,0.12962962962962962,-41.537912370370364
11460.000000203725,22,140,0.13580246913580246,-43.51590819753087
11470.000000203943,23,139,0.1419753086419753,-45.49390402469136
11480.000000204162,23,139,0.1419753086419753,-45.49390402469136
11490.00000020438,21,141,0.12962962962962962,-41.537912370370364
11500.000000204598,19,143,0.11728395061728394,-37.581920716049375
11510.000000204816,20,142,0.12345679012345678,-39.55991654320987
11520.000000205035,20,142,0.12345679012345678,-39.55991654320987
11530.000000205253,21,141,0.12962962962962962,-41.537912370370364
11540.000000205471,24,138,0.14814814814814814,-47.47189985185185
11550.00000020569,21,141,0.12962962962962962,-41.537912370370364
11560.000000205908,19,143,0.11728395061728394,-37.581920716049375
11570.000000206126,22,140,0.13580246913580246,-43.51590819753087
11580.000000206344,20,142,0.12345679012345678,-39.55991654320987
11590.000000206563,17,145,0.10493827160493827,-33.62592906172839
11600.00000020678,19,143,0.11728395061728394,-37.581920716049375
11610.000000207,21,141,0.12962962962962962,-41.537912370370364
11620.000000207217,21,141,0.12962962962962962,-41.537912370370364
11630.000000207436,20,142,0.12345679012345678,-39.55991654320987
11640.000000207654,19,143,0.11728395061728394,-37.581920716049375
11650.000000207872,26,136,0.16049382716049382,-51.42789150617284
11660.00000020809,21,141,0.12962962962962962,-41.537912370370364
11670.000000208309,24,138,0.14814814814814814,-47.47189985185185
11680.000000208527,21,141,0.12962962962962962,-41.537912370370364
11690.000000208745,21,141,0.12962962962962962,-41.537912370370364
11700.000000208964,19,143,0.11728395061728394,-37.581920716049375
11710.000000209182,22,140,0.13580246913580246,-43.51590819753087
11720.0000002094,24,138,0.14814814814814814,-47.47189985185185
11730.000000209619,22,140,0.13580246913580246,-43.51590819753087
11740.000000209837,24,138,0.14814814814814814,-47.47189985185185
11750.000000210055,22,140,0.13580246913580246,-43.51590819753087
11760.000000210273,21,141,0.12962962962962962,-41.537912370370364
11770.000000210492,23,139,0.1419753086419753,-45.49390402469136
11780.00000021071,26,136,0.16049382716049382,-51.42789150617284
11790.000000210928,25,137,0.15432098765432098,-49.44989567901234
11800.000000211146,22,140,0.13580246913580246,-43.51590819753087
11810.000000211365,22,140,0.13580246913580246,-43.51590819753087
11820.000000211583,22,140,0.13580246913580246,-43.51590819753087
11830.000000211801,18,144,0.1111111111111111,-35.60392488888888
11840.00000021202,25,137,0.15432098765432098,-49.44989567901234
11850.000000212238,22,140,0.13580246913580246,-43.51590819753087
11860.000000212456,20,142,0.12345679012345678,-39.55991654320987
11870.000000212674,23,139,0.1419753086419753,-45.49390402469136
11880.000000212893,20,142,0.12345679012345678,-39.55991654320987
11890.000000213111,18,144,0.1111111111111111,-35.60392488888888
11900.00000021333,24,138,0.14814814814814814,-47.47189985185185
11910.000000213548,22,140,0.13580246913580246,-43.51590819753087
11920.000000213766,22,140,0.13580246913580246,-43.51590819753087
11930.000000213984,23,139,0.1419753086419753,-45.49390402469136
11940.000000214202,23,139,0.1419753086419753,-45.49390402469136
11950.00000021442,24,138,0.14814814814814814,-47.47189985185185
11960.000000214639,21,141,0.12962962962962962,-41.537912370370364
11970.000000214857,25,137,0.15432098765432098,-49.44989567901234
11980.000000215075,24,138,0.14814814814814814,-47.47189985185185
11990.000000215294,20,142,0.12345679012345678,-39.55991654320987
12000.000000215512,22,140,0.13580246913580246,-43.51590819753087
12010.00000021573,20,142,0.12345679012345678,-39.55991654320987
12020.000000215949,22,140,0.13580246913580246,-43.51590819753087
12030.000000216167,19,143,0.11728395061728394,-37.581920716049375
12040.000000216385,25,137,0.15432098765432098,-49.44989567901234
12050.000000216603,22,140,0.13580246913580246,-43.51590819753087
12060.000000216822,25,137,0.15432098765432098,-49.44989567901234
12070.00000021704,25,137,0.15432098765432098,-49.44989567901234
12080.000000217258,25,137,0.15432098765432098,-49.44989567901234
12090.000000217477,23,139,0.1419753086419753,-45.49390402469136
12100.000000217695,23,139,0.1419753086419753,-45.49390402469136
12110.000000217913,28,134,0.1728395061728395,-55.38388316049383
12120.000000218131,22,140,0.13580246913580246,-43.51590819753087
12130.00000021835,24,138,0.14814814814814814,-47.47189985185185
12140.000000218568,25,137,0.15432098765432098,-49.44989567901234
12150.000000218786,24,138,0.14814814814814814,-47.47189985185185
12160.000000219005,25,137,0.15432098765432098,-49.44989567901234
12170.000000219223,25,137,0.15432098765432098,-49.44989567901234
12180.000000219441,23,139,0.1419753086419753,-45.49390402469136
12190.00000021966,26,136,0.16049382716049382,-51.42789150617284
12200.000000219878,20,142,0.12345679012345678,-39.55991654320987
12210.000000220096,26,136,0.16049382716049382,-51.42789150617284
12220.000000220314,25,137,0.15432098765432098,-49.44989567901234
12230.000000220532,25,137,0.15432098765432098,-49.44989567901234
12240.00000022075,24,138,0.14814814814814814,-47.47189985185185
12250.000000220969,25,137,0.15432098765432098,-49.44989567901234
12260.000000221187,20,142,0.12345679012345678,-39.55991654320987
12270.000000221406,26,136,0.16049382716049382,-51.42789150617284
12280.000000221624,25,137,0.15432098765432098,-49.44989567901234
12290.000000221842,23,139,0.1419753086419753,-45.49390402469136
12300.00000022206,26,136,0.16049382716049382,-51.42789150617284
12310.000000222279,25,137,0.15432098765432098,-49.44989567901234
12320.000000222497,24,138,0.14814814814814814,-47.47189985185185
12330.000000222715,22,140,0.13580246913580246,-43.51590819753087
12340.000000222934,25,137,0.15432098765432098,-49.44989567901234
12350.000000223152,24,138,0.14814814814814814,-47.47189985185185
12360.00000022337,23,139,0.1419753086419753,-45.49390402469136
12370.000000223588,23,139,0.1419753086419753,-45.49390402469136
12380.000000223807,27,135,0.16666666666666666,-53.405887333333325
12390.000000224025,26,136,0.16049382716049382,-51.42789150617284
12400.000000224243,26,136,0.16049382716049382,-51.42789150617284
12410.000000224461,25,137,0.15432098765432098,-49.44989567901234
12420.00000022468,24,138,0.14814814814814814,-47.47189985185185
12430.000000224898,25,137,0.15432098765432098,-49.44989567901234
12440.000000225116,24,138,0.14814814814814814,-47.47189985185185
12450.000000225335,23,139,0.1419753086419753,-45.49390402469136
12460.000000225553,21,141,0.12962962962962962,-41.537912370370364
12470.000000225771,23,139,0.1419753086419753,-45.49390402469136
12480.00000022599,19,143,0.11728395061728394,-37.581920716049375
12490.000000226208,24,138,0.14814814814814814,-47.47189985185185
12500.000000226426,22,140,0.13580246913580246,-43.51590819753087
12510.000000226644,23,139,0.1419753086419753,-45.49390402469136
12520.000000226863,23,139,0.1419753086419753,-45.49390402469136
12530.00000022708,22,140,0.13580246913580246,-43.51590819753087
12540.0000002273,19,143,0.11728395061728394,-37.581920716049375
12550.000000227517,25,137,0.15432098765432098,-49.44989567901234
12560.000000227736,24,138,0.14814814814814814,-47.47189985185185
12570.000000227954,22,140,0.13580246913580246,-43.51590819753087
12580.000000228172,19,143,0.11728395061728394,-37.581920716049375
12590.00000022839,19,143,0.11728395061728394,-37.581920716049375
12600.000000228609,20,142,0.12345679012345678,-39.55991654320987
12610.000000228827,18,144,0.1111111111111111,-35.60392488888888
12620.000000229045,19,143,0.11728395061728394,-37.581920716049375
12630.000000229264,21,141,0.12962962962962962,-41.537912370370364
12640.000000229482,22,140,0.13580246913580246,-43.51590819753087
12650.0000002297,19,143,0.11728395061728394,-37.581920716049375
12660.000000229918,17,145,0.10493827160493827,-33.62592906172839
12670.000000230137,19,143,0.11728395061728394,-37.581920716049375
12680.000000230355,24,138,0.14814814814814814,-47.47189985185185
12690.000000230573,23,139,0.1419753086419753,-45.49390402469136
12700.000000230792,22,140,0.13580246913580246,-43.51590819753087
12710.00000023101,22,140,0.13580246913580246,-43.51590819753087
12720.000000231228,23,139,0.1419753086419753,-45.49390402469136
12730.000000231446,22,140,0.13580246913580246,-43.51590819753087
12740.000000231665,20,142,0.12345679012345678,-39.55991654320987
12750.000000231883,25,137,0.15432098765432098,-49.44989567901234
12760.000000232101,23,139,0.1419753086419753,-45.49390402469136
12770.00000023232,25,137,0.15432098765432098,-49.44989567901234
12780.000000232538,26,136,0.16049382716049382,-51.42789150617284
12790.000000232756,23,139,0.1419753086419753,-45.49390402469136
12800.000000232974,20,142,0.12345679012345678,-39.55991654320987
12810.000000233193,25,137,0.15432098765432098,-49.44989567901234
12820.00000023341,25,137,0.15432098765432098,-49.44989567901234
12830.00000023363,23,139,0.1419753086419753,-45.49390402469136
12840.000000233847,23,139,0.1419753086419753,-45.49390402469136
12850.000000234066,24,138,0.14814814814814814,-47.47189985185185
12860.000000234284,22,140,0.13580246913580246,-43.51590819753087
12870.000000234502,24,138,0.14814814814814814,-47.47189985185185
12880.00000023472,25,137,0.15432098765432098,-49.44989567901234
12890.000000234939,24,138,0.14814814814814814,-47.47189985185185
12900.000000235157,25,137,0.15432098765432098,-49.44989567901234
12910.000000235375,22,140,0.13580246913580246,-43.51590819753087
12920.000000235594,24,138,0.14814814814814814,-47.47189985185185
12930.000000235812,25,137,0.15432098765432098,-49.44989567901234
12940.00000023603,23,139,0.1419753086419753,-45.49390402469136
12950.000000236249,24,138,0.14814814814814814,-47.47189985185185
12960.000000236467,24,138,0.14814814814814814,-47.47189985185185
12970.000000236685,25,137,0.15432098765432098,-49.44989567901234
12980.000000236903,22,140,0.13580246913580246,-43.51590819753087
12990.000000237122,25,137,0.15432098765432098,-49.44989567901234
13000.00000023734,22,140,0.13580246913580246,-43.51590819753087
13010.000000237558,22,140,0.13580246913580246,-43.51590819753087
13020.000000237776,21,141,0.12962962962962962,-41.537912370370364
13030.000000237995,20,142,0.12345679012345678,-39.55991654320987
13040.000000238213,23,139,0.1419753086419753,-45.49390402469136
13050.000000238431,19,143,0.11728395061728394,-37.581920716049375
13060.00000023865,22,140,0.13580246913580246,-43.51590819753087
13070.000000238868,22,140,0.13580246913580246,-43.51590819753087
13080.000000239086,21,141,0.12962962962962962,-41.537912370370364
13090.000000239304,25,137,0.15432098765432098,-49.44989567901234
13100.000000239523,23,139,0.1419753086419753,-45.49390402469136
13110.000000239741,30,132,0.18518518518518517,-59.33987481481481
13120.00000023996,28,134,0.1728395061728395,-55.38388316049383
13130.000000240178,28,134,0.1728395061728395,-55.38388316049383
13140.000000240396,25,137,0.15432098765432098,-49.44989567901234
13150.000000240614,28,134,0.1728395061728395,-55.38388316049383
13160.000000240832,25,137,0.15432098765432098,-49.44989567901234
13170.00000024105,23,139,0.1419753086419753,-45.49390402469136
13180.000000241269,25,137,0.15432098765432098,-49.44989567901234
13190.000000241487,24,138,0.14814814814814814,-47.47189985185185
13200.000000241705,28,134,0.1728395061728395,-55.38388316049383
13210.000000241924,25,137,0.15432098765432098,-49.44989567901234
13220.000000242142,27,135,0.16666666666666666,-53.405887333333325
13230.00000024236,24,138,0.14814814814814814,-47.47189985185185
13240.000000242579,27,135,0.16666666666666666,-53.405887333333325
13250.000000242797,25,137,0.15432098765432098,-49.44989567901234
13260.000000243015,25,137,0.15432098765432098,-49.44989567901234
13270.000000243233,23,139,0.1419753086419753,-45.49390402469136
13280.000000243452,23,139,0.1419753086419753,-45.49390402469136
13290.00000024367,22,140,0.13580246913580246,-43.51590819753087
13300.000000243888,21,141,0.12962962962962962,-41.537912370370364
13310.000000244107,26,136,0.16049382716049382,-51.42789150617284
13320.000000244325,27,135,0.16666666666666666,-53.405887333333325
13330.000000244543,25,137,0.15432098765432098,-49.44989567901234
13340.000000244761,26,136,0.16049382716049382,-51.42789150617284
13350.00000024498,24,138,0.14814814814814814,-47.47189985185185
13360.000000245198,24,138,0.14814814814814814,-47.47189985185185
13370.000000245416,26,136,0.16049382716049382,-51.42789150617284
13380.000000245635,23,139,0.1419753086419753,-45.49390402469136
13390.000000245853,25,137,0.15432098765432098,-49.44989567901234
13400.000000246071,26,136,0.16049382716049382,-51.42789150617284
13410.00000024629,20,142,0.12345679012345678,-39.55991654320987
13420.000000246508,21,141,0.12962962962962962,-41.537912370370364
13430.000000246726,20,142,0.12345679012345678,-39.55991654320987
13440.000000246944,20,142,0.12345679012345678,-39.55991654320987
13450.000000247162,24,138,0.14814814814814814,-47.47189985185185
13460.00000024738,25,137,0.15432098765432098,-49.44989567901234
13470.000000247599,26,136,0.16049382716049382,-51.42789150617284
13480.000000247817,26,136,0.16049382716049382,-51.42789150617284
13490.000000248036,26,136,0.16049382716049382,-51.42789150617284
13500.000000248254,22,140,0.13580246913580246,-43.51590819753087
13510.000000248472,23,139,0.1419753086419753,-45.49390402469136
13520.00000024869,22,140,0.13580246913580246,-43.51590819753087
13530.000000248909,23,139,0.1419753086419753,-45.49390402469136
13540.000000249127,25,137,0.15432098765432098,-49.44989567901234
13550.000000249345,20,142,0.12345679012345678,-39.55991654320987
13560.000000249564,19,143,0.11728395061728394,-37.581920716049375
13570.000000249782,20,142,0.12345679012345678,-39.55991654320987
13580.00000025,23,139,0.1419753086419753,-45.49390402469136
13590.000000250218,24,138,0.14814814814814814,-47.47189985185185
13600.000000250437,25,137,0.15432098765432098,-49.44989567901234
13610.000000250655,27,135,0.16666666666666666,-53.405887333333325
13620.000000250873,22,140,0.13580246913580246,-43.51590819753087
13630.000000251091,23,139,0.1419753086419753,-45.49390402469136
13640.00000025131,27,135,0.16666666666666666,-53.405887333333325
13650.000000251528,24,138,0.14814814814814814,-47.47189985185185
13660.000000251746,26,136,0.16049382716049382,-51.42789150617284
13670.000000251965,28,134,0.1728395061728395,-55.38388316049383
13680.000000252183,22,140,0.13580246913580246,-43.51590819753087
13690.000000252401,24,138,0.14814814814814814,-47.47189985185185
13700.00000025262,26,136,0.16049382716049382,-51.42789150617284
13710.000000252838,26,136,0.16049382716049382,-51.42789150617284
13720.000000253056,23,139,0.1419753086419753,-45.49390402469136
13730.000000253274,22,140,0.13580246913580246,-43.51590819753087
13740.000000253493,26,136,0.16049382716049382,-51.42789150617284
13750.00000025371,23,139,0.1419753086419753,-45.49390402469136
13760.00000025393,24,138,0.14814814814814814,-47.47189985185185
13770.000000254147,23,139,0.1419753086419753,-45.49390402469136
13780.000000254366,19,143,0.11728395061728394,-37.581920716049375
13790.000000254584,21,141,0.12962962962962962,-41.537912370370364
13800.000000254802,26,136,0.16049382716049382,-51.42789150617284
13810.00000025502,23,139,0.1419753086419753,-45.49390402469136
13820.000000255239,24,138,0.14814814814814814,-47.47189985185185
13830.000000255457,22,140,0.13580246913580246,-43.51590819753087
13840.000000255675,24,138,0.14814814814814814,-47.47189985185185
13850.000000255894,20,142,0.12345679012345678,-39.55991654320987
13860.000000256112,23,139,0.1419753086419753,-45.49390402469136
13870.00000025633,22,140,0.13580246913580246,-43.51590819753087
13880.000000256548,23,139,0.1419753086419753,-45.49390402469136
13890.000000256767,24,138,0.14814814814814814,-47.47189985185185
13900.000000256985,23,139,0.1419753086419753,-45.49390402469136
13910.000000257203,20,142,0.12345679012345678,-39.55991654320987
13920.000000257422,22,140,0.13580246913580246,-43.51590819753087
13930.00000025764,22,140,0.13580246913580246,-43.51590819753087
13940.000000257858,22,140,0.13580246913580246,-43.51590819753087
13950.000000258076,25,137,0.15432098765432098,-49.44989567901234
13960.000000258295,22,140,0.13580246913580246,-43.51590819753087
13970.000000258513,21,141,0.12962962962962962,-41.537912370370364
13980.000000258731,19,143,0.11728395061728394,-37.581920716049375
13990.00000025895,20,142,0.12345679012345678,-39.55991654320987
14000.000000259168,21,141,0.12962962962962962,-41.537912370370364
14010.000000259386,22,140,0.13580246913580246,-43.51590819753087
14020.000000259604,23,139,0.1419753086419753,-45.49390402469136
14030.000000259823,19,143,0.11728395061728394,-37.581920716049375
14040.00000026004,22,140,0.13580246913580246,-43.51590819753087
14050.00000026026,19,143,0.11728395061728394,-37.581920716049375
14060.000000260477,16,146,0.09876543209876543,-31.647933234567898
14070.000000260696,22,140,0.13580246913580246,-43.51590819753087
14080.000000260914,24,138,0.14814814814814814,-47.47189985185185
14090.000000261132,22,140,0.13580246913580246,-43.51590819753087
14100.00000026135,21,141,0.12962962962962962,-41.537912370370364
14110.000000261569,22,140,0.13580246913580246,-43.51590819753087
14120.000000261787,20,142,0.12345679012345678,-39.55991654320987
14130.000000262005,21,141,0.12962962962962962,-41.537912370370364
14140.000000262224,20,142,0.12345679012345678,-39.55991654320987
14150.000000262442,22,140,0.13580246913580246,-43.51590819753087
14160.00000026266,23,139,0.1419753086419753,-45.49390402469136
14170.000000262879,20,142,0.12345679012345678,-39.55991654320987
14180.000000263097,21,141,0.12962962962962962,-41.537912370370364
14190.000000263315,21,141,0.12962962962962962,-41.537912370370364
14200.000000263533,21,141,0.12962962962962962,-41.537912370370364
14210.000000263752,23,139,0.1419753086419753,-45.49390402469136
14220.00000026397,24,138,0.14814814814814814,-47.47189985185185
14230.000000264188,19,143,0.11728395061728394,-37.581920716049375
14240.000000264406,19,143,0.11728395061728394,-37.581920716049375
14250.000000264625,20,142,0.12345679012345678,-39.55991654320987
14260.000000264843,22,140,0.13580246913580246,-43.51590819753087
14270.000000265061,21,141,0.12962962962962962,-41.537912370370364
14280.00000026528,19,143,0.11728395061728394,-37.581920716049375
14290.000000265498,20,142,0.12345679012345678,-39.55991654320987
14300.000000265716,22,140,0.13580246913580246,-43.51590819753087
14310.000000265934,20,142,0.12345679012345678,-39.55991654320987
14320.000000266153,18,144,0.1111111111111111,-35.60392488888888
14330.000000266371,21,141,0.12962962962962962,-41.537912370370364
14340.00000026659,21,141,0.12962962962962962,-41.537912370370364
14350.000000266808,22,140,0.13580246913580246,-43.51590819753087
14360.000000267026,22,140,0.13580246913580246,-43.51590819753087
14370.000000267244,22,140,0.13580246913580246,-43.51590819753087
14380.000000267462,20,142,0.12345679012345678,-39.55991654320987
14390.00000026768,24,138,0.14814814814814814,-47.47189985185185
14400.000000267899,24,138,0.14814814814814814,-47.47189985185185
14410.000000268117,24,138,0.14814814814814814,-47.47189985185185
14420.000000268335,23,139,0.1419753086419753,-45.49390402469136
14430.000000268554,22,140,0.13580246913580246,-43.51590819753087
14440.000000268772,21,141,0.12962962962962962,-41.537912370370364
14450.00000026899,21,141,0.12962962962962962,-41.537912370370364
14460.000000269209,21,141,0.12962962962962962,-41.537912370370364
14470.000000269427,20,142,0.12345679012345678,-39.55991654320987
14480.000000269645,20,142,0.12345679012345678,-39.55991654320987
14490.000000269863,21,141,0.12962962962962962,-41.537912370370364
14500.000000270082,21,141,0.12962962962962962,-41.537912370370364
14510.0000002703,21,141,0.12962962962962962,-41.537912370370364
14520.000000270518,21,141,0.12962962962962962,-41.537912370370364
14530.000000270737,20,142,0.12345679012345678,-39.55991654320987
14540.000000270955,19,143,0.11728395061728394,-37.581920716049375
14550.000000271173,20,142,0.12345679012345678,-39.55991654320987
14560.000000271391,20,142,0.12345679012345678,-39.55991654320987
14570.00000027161,19,143,0.11728395061728394,-37.581920716049375
14580.000000271828,20,142,0.12345679012345678,-39.55991654320987
14590.000000272046,20,142,0.12345679012345678,-39.55991654320987
14600.000000272265,19,143,0.11728395061728394,-37.581920716049375
14610.000000272483,19,143,0.11728395061728394,-37.581920716049375
14620.000000272701,22,140,0.13580246913580246,-43.51590819753087
14630.00000027292,19,143,0.11728395061728394,-37.581920716049375
14640.000000273138,19,143,0.11728395061728394,-37.581920716049375
14650.000000273356,19,143,0.11728395061728394,-37.581920716049375
14660.000000273574,22,140,0.13580246913580246,-43.51590819753087
14670.000000273792,17,145,0.10493827160493827,-33.62592906172839
14680.00000027401,20,142,0.12345679012345678,-39.55991654320987
14690.000000274229,19,143,0.11728395061728394,-37.581920716049375
14700.000000274447,21,141,0.12962962962962962,-41.537912370370364
14710.000000274666,21,141,0.12962962962962962,-41.537912370370364
14720.000000274884,21,141,0.12962962962962962,-41.537912370370364
14730.000000275102,20,142,0.12345679012345678,-39.55991654320987
14740.00000027532,23,139,0.1419753086419753,-45.49390402469136
14750.000000275539,20,142,0.12345679012345678,-39.55991654320987
14760.000000275757,21,141,0.12962962962962962,-41.537912370370364
14770.000000275975,21,141,0.12962962962962962,-41.537912370370364
14780.000000276194,20,142,0.12345679012345678,-39.55991654320987
14790.000000276412,22,140,0.13580246913580246,-43.51590819753087
14800.00000027663,21,141,0.12962962962962962,-41.537912370370364
14810.000000276848,23,139,0.1419753086419753,-45.49390402469136
14820.000000277067,24,138,0.14814814814814814,-47.47189985185185
14830.000000277285,24,138,0.14814814814814814,-47.47189985185185
14840.000000277503,24,138,0.14814814814814814,-47.47189985185185
14850.000000277721,24,138,0.14814814814814814,-47.47189985185185
14860.00000027794,22,140,0.13580246913580246,-43.51590819753087
14870.000000278158,23,139,0.1419753086419753,-45.49390402469136
14880.000000278376,19,143,0.11728395061728394,-37.581920716049375
14890.000000278595,25,137,0.15432098765432098,-49.44989567901234
14900.000000278813,19,143,0.11728395061728394,-37.581920716049375
14910.000000279031,19,143,0.11728395061728394,-37.581920716049375
14920.00000027925,22,140,0.13580246913580246,-43.51590819753087
14930.000000279468,24,138,0.14814814814814814,-47.47189985185185
14940.000000279686,27,135,0.16666666666666666,-53.405887333333325
14950.000000279904,24,138,0.14814814814814814,-47.47189985185185
14960.000000280123,22,140,0.13580246913580246,-43.51590819753087
14970.00000028034,21,141,0.12962962962962962,-41.537912370370364
14980.00000028056,23,139,0.1419753086419753,-45.49390402469136
14990.000000280777,21,141,0.12962962962962962,-41.537912370370364
15000.000000280996,23,139,0.1419753086419753,-45.49390402469136
15010.000000281214,21,141,0.12962962962962962,-41.537912370370364
15020.000000281432,23,139,0.1419753086419753,-45.49390402469136
15030.00000028165,21,141,0.12962962962962962,-41.537912370370364
15040.000000281869,22,140,0.13580246913580246,-43.51590819753087
15050.000000282087,23,139,0.1419753086419753,-45.49390402469136
15060.000000282305,23,139,0.1419753086419753,-45.49390402469136
15070.000000282524,25,137,0.15432098765432098,-49.44989567901234
15080.000000282742,26,136,0.16049382716049382,-51.42789150617284
15090.00000028296,23,139,0.1419753086419753,-45.49390402469136
15100.000000283178,21,141,0.12962962962962962,-41.537912370370364
15110.000000283397,21,141,0.12962962962962962,-41.537912370370364
15120.000000283615,25,137,0.15432098765432098,-49.44989567901234
15130.000000283833,22,140,0.13580246913580246,-43.51590819753087
15140.000000284052,20,142,0.12345679012345678,-39.55991654320987
15150.00000028427,21,141,0.12962962962962962,-41.537912370370364
15160.000000284488,27,135,0.16666666666666666,-53.405887333333325
15170.000000284706,23,139,0.1419753086419753,-45.49390402469136
15180.000000284925,25,137,0.15432098765432098,-49.44989567901234
15190.000000285143,24,138,0.14814814814814814,-47.47189985185185
15200.000000285361,24,138,0.14814814814814814,-47.47189985185185
15210.00000028558,24,138,0.14814814814814814,-47.47189985185185
15220.000000285798,23,139,0.1419753086419753,-45.49390402469136
15230.000000286016,23,139,0.1419753086419753,-45.49390402469136
15240.000000286234,25,137,0.15432098765432098,-49.44989567901234
15250.000000286453,24,138,0.14814814814814814,-47.47189985185185
15260.000000286671,26,136,0.16049382716049382,-51.42789150617284
15270.00000028689,25,137,0.15432098765432098,-49.44989567901234
15280.000000287107,24,138,0.14814814814814814,-47.47189985185185
15290.000000287326,23,139,0.1419753086419753,-45.49390402469136
15300.000000287544,24,138,0.14814814814814814,-47.47189985185185
15310.000000287762,25,137,0.15432098765432098,-49.44989567901234
15320.00000028798,22,140,0.13580246913580246,-43.51590819753087
15330.000000288199,20,142,0.12345679012345678,-39.55991654320987
15340.000000288417,26,136,0.16049382716049382,-51.42789150617284
15350.000000288635,24,138,0.14814814814814814,-47.47189985185185
15360.000000288854,25,137,0.15432098765432098,-49.44989567901234
15370.000000289072,28,134,0.1728395061728395,-55.38388316049383
15380.00000028929,22,140,0.13580246913580246,-43.51590819753087
15390.000000289509,25,137,0.15432098765432098,-49.44989567901234
15400.000000289727,18,144,0.1111111111111111,-35.60392488888888
15410.000000289945,17,145,0.10493827160493827,-33.62592906172839
15420.000000290163,20,142,0.12345679012345678,-39.55991654320987
15430.000000290382,20,142,0.12345679012345678,-39.55991654320987
15440.0000002906,21,141,0.12962962962962962,-41.537912370370364
15450.000000290818,18,144,0.1111111111111111,-35.60392488888888
15460.000000291036,22,140,0.13580246913580246,-43.51590819753087
15470.000000291255,21,141,0.12962962962962962,-41.537912370370364
15480.000000291473,25,137,0.15432098765432098,-49.44989567901234
15490.000000291691,23,139,0.1419753086419753,-45.49390402469136
15500.00000029191,23,139,0.1419753086419753,-45.49390402469136
15510.000000292128,21,141,0.12962962962962962,-41.537912370370364
15520.000000292346,18,144,0.1111111111111111,-35.60392488888888
15530.000000292564,20,142,0.12345679012345678,-39.55991654320987
15540.000000292783,23,139,0.1419753086419753,-45.49390402469136
15550.000000293001,22,140,0.13580246913580246,-43.51590819753087
15560.00000029322,23,139,0.1419753086419753,-45.49390402469136
15570.000000293438,22,140,0.13580246913580246,-43.51590819753087
15580.000000293656,20,142,0.12345679012345678,-39.55991654320987
15590.000000293874,21,141,0.12962962962962962,-41.537912370370364
15600.000000294092,23,139,0.1419753086419753,-45.49390402469136
15610.00000029431,23,139,0.1419753086419753,-45.49390402469136
15620.000000294529,22,140,0.13580246913580246,-43.51590819753087
15630.000000294747,24,138,0.14814814814814814,-47.47189985185185
15640.000000294966,22,140,0.13580246913580246,-43.51590819753087
15650.000000295184,22,140,0.13580246913580246,-43.51590819753087
15660.000000295402,17,145,0.10493827160493827,-33.62592906172839
15670.00000029562,24,138,0.14814814814814814,-47.47189985185185
15680.000000295839,18,144,0.1111111111111111,-35.60392488888888
15690.000000296057,22,140,0.13580246913580246,-43.51590819753087
15700.000000296275,19,143,0.11728395061728394,-37.581920716049375
15710.000000296493,24,138,0.14814814814814814,-47.47189985185185
15720.000000296712,21,141,0.12962962962962962,-41.537912370370364
15730.00000029693,21,141,0.12962962962962962,-41.537912370370364
15740.000000297148,23,139,0.1419753086419753,-45.49390402469136
15750.000000297367,20,142,0.12345679012345678,-39.55991654320987
15760.000000297585,18,144,0.1111111111111111,-35.60392488888888
15770.000000297803,20,142,0.12345679012345678,-39.55991654320987
15780.000000298021,20,142,0.12345679012345678,-39.55991654320987
15790.00000029824,19,143,0.11728395061728394,-37.581920716049375
15800.000000298458,20,142,0.12345679012345678,-39.55991654320987
15810.000000298676,22,140,0.13580246913580246,-43.51590819753087
15820.000000298895,24,138,0.14814814814814814,-47.47189985185185
15830.000000299113,21,141,0.12962962962962962,-41.537912370370364
15840.000000299331,26,136,0.16049382716049382,-51.42789150617284
15850.00000029955,22,140,0.13580246913580246,-43.51590819753087
15860.000000299768,24,138,0.14814814814814814,-47.47189985185185
15870.000000299986,24,138,0.14814814814814814,-47.47189985185185
15880.000000300204,21,141,0.12962962962962962,-41.537912370370364
15890.000000300422,28,134,0.1728395061728395,-55.38388316049383
15900.00000030064,24,138,0.14814814814814814,-47.47189985185185
15910.000000300859,21,141,0.12962962962962962,-41.537912370370364
15920.000000301077,17,145,0.10493827160493827,-33.62592906172839
15930.000000301296,21,141,0.12962962962962962,-41.537912370370364
15940.000000301514,25,137,0.15432098765432098,-49.44989567901234
15950.000000301732,26,136,0.16049382716049382,-51.42789150617284
15960.00000030195,23,139,0.1419753086419753,-45.49390402469136
15970.000000302169,23,139,0.1419753086419753,-45.49390402469136
15980.000000302387,19,143,0.11728395061728394,-37.581920716049375
15990.000000302605,21,141,0.12962962962962962,-41.537912370370364
16000.000000302824,20,142,0.12345679012345678,-39.55991654320987
16010.000000303042,21,141,0.12962962962962962,-41.537912370370364
16020.00000030326,20,142,0.12345679012345678,-39.55991654320987
16030.000000303478,20,142,0.12345679012345678,-39.55991654320987
16040.000000303697,21,141,0.12962962962962962,-41.537912370370364
16050.000000303915,23,139,0.1419753086419753,-45.49390402469136
16060.000000304133,24,138,0.14814814814814814,-47.47189985185185
16070.000000304351,21,141,0.12962962962962962,-41.537912370370364
16080.00000030457,16,146,0.09876543209876543,-31.647933234567898
16090.000000304788,24,138,0.14814814814814814,-47.47189985185185
16100.000000305006,20,142,0.12345679012345678,-39.55991654320987
16110.000000305225,19,143,0.11728395061728394,-37.581920716049375
16120.000000305443,21,141,0.12962962962962962,-41.537912370370364
16130.000000305661,21,141,0.12962962962962962,-41.537912370370364
16140.00000030588,24,138,0.14814814814814814,-47.47189985185185
16150.000000306098,23,139,0.1419753086419753,-45.49390402469136
16160.000000306316,21,141,0.12962962962962962,-41.537912370370364
16170.000000306534,25,137,0.15432098765432098,-49.44989567901234
16180.000000306753,23,139,0.1419753086419753,-45.49390402469136
16190.00000030697,24,138,0.14814814814814814,-47.47189985185185
16200.00000030719,22,140,0.13580246913580246,-43.51590819753087
16210.000000307407,23,139,0.1419753086419753,-45.49390402469136
16220.000000307626,23,139,0.1419753086419753,-45.49390402469136
16230.000000307844,21,141,0.12962962962962962,-41.537912370370364
16240.000000308062,21,141,0.12962962962962962,-41.537912370370364
16250.00000030828,23,139,0.1419753086419753,-45.49390402469136
16260.000000308499,21,141,0.12962962962962962,-41.537912370370364
16270.000000308717,22,140,0.13580246913580246,-43.51590819753087
16280.000000308935,24,138,0.14814814814814814,-47.47189985185185
16290.000000309154,23,139,0.1419753086419753,-45.49390402469136
16300.000000309372,25,137,0.15432098765432098,-49.44989567901234
16310.00000030959,24,138,0.14814814814814814,-47.47189985185185
16320.000000309808,26,136,0.16049382716049382,-51.42789150617284
16330.000000310027,25,137,0.15432098765432098,-49.44989567901234
16340.000000310245,27,135,0.16666666666666666,-53.405887333333325
16350.000000310463,25,137,0.15432098765432098,-49.44989567901234
16360.000000310682,25,137,0.15432098765432098,-49.44989567901234
16370.0000003109,21,141,0.12962962962962962,-41.537912370370364
16380.000000311118,22,140,0.13580246913580246,-43.51590819753087
16390.000000310243,24,138,0.14814814814814814,-47.47189985185185
16400.000000308642,20,142,0.12345679012345678,-39.55991654320987
16410.00000030704,21,141,0.12962962962962962,-41.537912370370364
16420.00000030544,19,143,0.11728395061728394,-37.581920716049375
16430.00000030384,20,142,0.12345679012345678,-39.55991654320987
16440.00000030224,23,139,0.1419753086419753,-45.49390402469136
16450.00000030064,21,141,0.12962962962962962,-41.537912370370364
16460.00000029904,22,140,0.13580246913580246,-43.51590819753087
16470.000000297438,20,142,0.12345679012345678,-39.55991654320987
16480.000000295837,21,141,0.12962962962962962,-41.537912370370364
16490.000000294236,23,139,0.1419753086419753,-45.49390402469136
16500.000000292635,23,139,0.1419753086419753,-45.49390402469136
16510.000000291035,24,138,0.14814814814814814,-47.47189985185185
16520.000000289434,22,140,0.13580246913580246,-43.51590819753087
16530.000000287833,24,138,0.14814814814814814,-47.47189985185185
16540.000000286233,19,143,0.11728395061728394,-37.581920716049375
16550.000000284632,19,143,0.11728395061728394,-37.581920716049375
16560.00000028303,19,143,0.11728395061728394,-37.581920716049375
16570.00000028143,20,142,0.12345679012345678,-39.55991654320987
16580.00000027983,19,143,0.11728395061728394,-37.581920716049375
16590.00000027823,20,142,0.12345679012345678,-39.55991654320987
16600.00000027663,17,145,0.10493827160493827,-33.62592906172839
16610.000000275028,23,139,0.1419753086419753,-45.49390402469136
16620.000000273427,21,141,0.12962962962962962,-41.537912370370364
16630.000000271826,18,144,0.1111111111111111,-35.60392488888888
16640.000000270225,18,144,0.1111111111111111,-35.60392488888888
16650.000000268625,20,142,0.12345679012345678,-39.55991654320987
16660.000000267024,23,139,0.1419753086419753,-45.49390402469136
16670.000000265423,23,139,0.1419753086419753,-45.49390402469136
16680.000000263823,20,142,0.12345679012345678,-39.55991654320987
16690.000000262222,21,141,0.12962962962962962,-41.537912370370364
16700.00000026062,18,144,0.1111111111111111,-35.60392488888888
16710.00000025902,17,145,0.10493827160493827,-33.62592906172839
16720.00000025742,18,144,0.1111111111111111,-35.60392488888888
16730.00000025582,23,139,0.1419753086419753,-45.49390402469136
16740.00000025422,23,139,0.1419753086419753,-45.49390402469136
16750.000000252618,22,140,0.13580246913580246,-43.51590819753087
16760.000000251017,22,140,0.13580246913580246,-43.51590819753087
16770.000000249416,24,138,0.14814814814814814,-47.47189985185185
16780.000000247815,25,137,0.15432098765432098,-49.44989567901234
16790.000000246215,24,138,0.14814814814814814,-47.47189985185185
16800.000000244614,20,142,0.12345679012345678,-39.55991654320987
16810.000000243013,21,141,0.12962962962962962,-41.537912370370364
16820.000000241413,22,140,0.13580246913580246,-43.51590819753087
16830.000000239812,26,136,0.16049382716049382,-51.42789150617284
16840.00000023821,23,139,0.1419753086419753,-45.49390402469136
16850.00000023661,23,139,0.1419753086419753,-45.49390402469136
16860.00000023501,23,139,0.1419753086419753,-45.49390402469136
16870.00000023341,26,136,0.16049382716049382,-51.42789150617284
16880.00000023181,21,141,0.12962962962962962,-41.537912370370364
16890.000000230208,25,137,0.15432098765432098,-49.44989567901234
16900.000000228607,26,136,0.16049382716049382,-51.42789150617284
16910.000000227006,26,136,0.16049382716049382,-51.42789150617284
16920.000000225406,24,138,0.14814814814814814,-47.47189985185185
16930.000000223805,25,137,0.15432098765432098,-49.44989567901234
16940.000000222204,25,137,0.15432098765432098,-49.44989567901234
16950.000000220603,25,137,0.15432098765432098,-49.44989567901234
16960.000000219003,21,141,0.12962962962962962,-41.537912370370364
16970.000000217402,29,133,0.17901234567901234,-57.36187898765432
16980.0000002158,24,138,0.14814814814814814,-47.47189985185185
16990.0000002142,25,137,0.15432098765432098,-49.44989567901234
17000.0000002126,25,137,0.15432098765432098,-49.44989567901234
17010.000000211,26,136,0.16049382716049382,-51.42789150617284
17020.0000002094,24,138,0.14814814814814814,-47.47189985185185
17030.000000207798,23,139,0.1419753086419753,-45.49390402469136
17040.000000206197,24,138,0.14814814814814814,-47.47189985185185
17050.000000204596,22,140,0.13580246913580246,-43.51590819753087
17060.000000202996,25,137,0.15432098765432098,-49.44989567901234
17070.000000201395,24,138,0.14814814814814814,-47.47189985185185
17080.000000199794,25,137,0.15432098765432098,-49.44989567901234
17090.000000198193,19,143,0.11728395061728394,-37.581920716049375
17100.000000196593,25,137,0.15432098765432098,-49.44989567901234
17110.000000194992,24,138,0.14814814814814814,-47.47189985185185
17120.00000019339,24,138,0.14814814814814814,-47.47189985185185
17130.00000019179,24,138,0.14814814814814814,-47.47189985185185
17140.00000019019,23,139,0.1419753086419753,-45.49390402469136
17150.00000018859,17,145,0.10493827160493827,-33.62592906172839
17160.00000018699,24,138,0.14814814814814814,-47.47189985185185
17170.000000185388,25,137,0.15432098765432098,-49.44989567901234
17180.000000183787,23,139,0.1419753086419753,-45.49390402469136
17190.000000182186,22,140,0.13580246913580246,-43.51590819753087
17200.000000180586,23,139,0.1419753086419753,-45.49390402469136
17210.000000178985,22,140,0.13580246913580246,-43.51590819753087
17220.000000177384,22,140,0.13580246913580246,-43.51590819753087
17230.000000175783,23,139,0.1419753086419753,-45.49390402469136
17240.000000174183,23,139,0.1419753086419753,-45.49390402469136
17250.000000172582,25,137,0.15432098765432098,-49.44989567901234
17260.00000017098,20,142,0.12345679012345678,-39.55991654320987
17270.00000016938,22,140,0.13580246913580246,-43.51590819753087
17280.00000016778,22,140,0.13580246913580246,-43.51590819753087
17290.00000016618,23,139,0.1419753086419753,-45.49390402469136
17300.00000016458,26,136,0.16049382716049382,-51.42789150617284
17310.000000162978,21,141,0.12962962962962962,-41.537912370370364
17320.000000161377,24,138,0.14814814814814814,-47.47189985185185
17330.000000159776,26,136,0.16049382716049382,-51.42789150617284
17340.000000158176,22,140,0.13580246913580246,-43.51590819753087
17350.000000156575,21,141,0.12962962962962962,-41.537912370370364
17360.000000154974,22,140,0.13580246913580246,-43.51590819753087
17370.000000153374,24,138,0.14814814814814814,-47.47189985185185
17380.000000151773,19,143,0.11728395061728394,-37.581920716049375
17390.000000150172,24,138,0.14814814814814814,-47.47189985185185
17400.00000014857,22,140,0.13580246913580246,-43.51590819753087
17410.00000014697,22,140,0.13580246913580246,-43.51590819753087
17420.00000014537,20,142,0.12345679012345678,-39.55991654320987
17430.00000014377,19,143,0.11728395061728394,-37.581920716049375
17440.00000014217,19,143,0.11728395061728394,-37.581920716049375
17450.000000140568,18,144,0.1111111111111111,-35.60392488888888
17460.000000138967,18,144,0.1111111111111111,-35.60392488888888
17470.000000137366,18,144,0.1111111111111111,-35.60392488888888
17480.000000135766,18,144,0.1111111111111111,-35.60392488888888
17490.000000134165,21,141,0.12962962962962962,-41.537912370370364
17500.000000132564,16,146,0.09876543209876543,-31.647933234567898
17510.000000130964,21,141,0.12962962962962962,-41.537912370370364
17520.000000129363,20,142,0.12345679012345678,-39.55991654320987
17530.000000127762,21,141,0.12962962962962962,-41.537912370370364
17540.00000012616,21,141,0.12962962962962962,-41.537912370370364
17550.00000012456,22,140,0.13580246913580246,-43.51590819753087
17560.00000012296,19,143,0.11728395061728394,-37.581920716049375
17570.00000012136,21,141,0.12962962962962962,-41.537912370370364
17580.00000011976,22,140,0.13580246913580246,-43.51590819753087
17590.000000118158,23,139,0.1419753086419753,-45.49390402469136
17600.000000116557,20,142,0.12345679012345678,-39.55991654320987
17610.000000114956,22,140,0.13580246913580246,-43.51590819753087
17620.000000113356,23,139,0.1419753086419753,-45.49390402469136
17630.000000111755,25,137,0.15432098765432098,-49.44989567901234
17640.000000110154,23,139,0.1419753086419753,-45.49390402469136
17650.000000108554,20,142,0.12345679012345678,-39.55991654320987
17660.000000106953,21,141,0.12962962962962962,-41.537912370370364
17670.000000105352,23,139,0.1419753086419753,-45.49390402469136
17680.00000010375,25,137,0.15432098765432098,-49.44989567901234
17690.00000010215,26,136,0.16049382716049382,-51.42789150617284
17700.00000010055,23,139,0.1419753086419753,-45.49390402469136
17710.00000009895,23,139,0.1419753086419753,-45.49390402469136
17720.00000009735,22,140,0.13580246913580246,-43.51590819753087
17730.000000095748,19,143,0.11728395061728394,-37.581920716049375
17740.000000094147,24,138,0.14814814814814814,-47.47189985185185
17750.000000092547,20,142,0.12345679012345678,-39.55991654320987
17760.000000090946,22,140,0.13580246913580246,-43.51590819753087
17770.000000089345,23,139,0.1419753086419753,-45.49390402469136
17780.000000087744,27,135,0.16666666666666666,-53.405887333333325
17790.000000086144,24,138,0.14814814814814814,-47.47189985185185
17800.000000084543,24,138,0.14814814814814814,-47.47189985185185
17810.000000082942,25,137,0.15432098765432098,-49.44989567901234
17820.00000008134,24,138,0.14814814814814814,-47.47189985185185
17830.00000007974,25,137,0.15432098765432098,-49.44989567901234
17840.00000007814,22,140,0.13580246913580246,-43.51590819753087
17850.00000007654,24,138,0.14814814814814814,-47.47189985185185
17860.00000007494,26,136,0.16049382716049382,-51.42789150617284
17870.000000073338,23,139,0.1419753086419753,-45.49390402469136
17880.000000071737,24,138,0.14814814814814814,-47.47189985185185
17890.000000070137,24,138,0.14814814814814814,-47.47189985185185
17900.000000068536,21,141,0.12962962962962962,-41.537912370370364
17910.000000066935,27,135,0.16666666666666666,-53.405887333333325
17920.000000065334,24,138,0.14814814814814814,-47.47189985185185
17930.000000063734,26,136,0.16049382716049382,-51.42789150617284
17940.000000062133,21,141,0.12962962962962962,-41.537912370370364
17950.000000060532,18,144,0.1111111111111111,-35.60392488888888
17960.00000005893,23,139,0.1419753086419753,-45.49390402469136
17970.00000005733,25,137,0.15432098765432098,-49.44989567901234
17980.00000005573,24,138,0.14814814814814814,-47.47189985185185
17990.00000005413,22,140,0.13580246913580246,-43.51590819753087
18000.00000005253,21,141,0.12962962962962962,-41.537912370370364
18010.000000050928,21,141,0.12962962962962962,-41.537912370370364
18020.000000049327,22,140,0.13580246913580246,-43.51590819753087
18030.000000047727,24,138,0.14814814814814814,-47.47189985185185
18040.000000046126,26,136,0.16049382716049382,-51.42789150617284
18050.000000044525,24,138,0.14814814814814814,-47.47189985185185
18060.000000042925,22,140,0.13580246913580246,-43.51590819753087
18070.000000041324,22,140,0.13580246913580246,-43.51590819753087
18080.000000039723,22,140,0.13580246913580246,-43.51590819753087
18090.000000038122,23,139,0.1419753086419753,-45.49390402469136
18100.00000003652,21,141,0.12962962962962962,-41.537912370370364
18110.00000003492,24,138,0.14814814814814814,-47.47189985185185
18120.00000003332,21,141,0.12962962962962962,-41.537912370370364
18130.00000003172,23,139,0.1419753086419753,-45.49390402469136
18140.00000003012,14,148,0.08641975308641975,-27.691941580246915
18150.000000028518,20,142,0.12345679012345678,-39.55991654320987
18160.000000026917,19,143,0.11728395061728394,-37.581920716049375
18170.000000025317,20,142,0.12345679012345678,-39.55991654320987
18180.000000023716,21,141,0.12962962962962962,-41.537912370370364
18190.000000022115,18,144,0.1111111111111111,-35.60392488888888
18200.000000020515,25,137,0.15432098765432098,-49.44989567901234
18210.000000018914,23,139,0.1419753086419753,-45.49390402469136
18220.000000017313,22,140,0.13580246913580246,-43.51590819753087
18230.000000015712,24,138,0.14814814814814814,-47.47189985185185
18240.00000001411,25,137,0.15432098765432098,-49.44989567901234
18250.00000001251,26,136,0.16049382716049382,-51.42789150617284
18260.00000001091,25,137,0.15432098765432098,-49.44989567901234
18270.00000000931,20,142,0.12345679012345678,-39.55991654320987
18280.00000000771,24,138,0.14814814814814814,-47.47189985185185
18290.000000006108,26,136,0.16049382716049382,-51.42789150617284
18300.000000004507,25,137,0.15432098765432098,-49.44989567901234
18310.000000002907,24,138,0.14814814814814814,-47.47189985185185
18320.000000001306,23,139,0.1419753086419753,-45.49390402469136
18329.999999999705,23,139,0.1419753086419753,-45.49390402469136
18339.999999998105,24,138,0.14814814814814814,-47.47189985185185
18349.999999996504,25,137,0.15432098765432098,-49.44989567901234
18359.999999994903,23,139,0.1419753086419753,-45.49390402469136
18369.999999993302,23,139,0.1419753086419753,-45.49390402469136
18379.9999999917,21,141,0.12962962962962962,-41.537912370370364
18389.9999999901,22,140,0.13580246913580246,-43.51590819753087
18399.9999999885,24,138,0.14814814814814814,-47.47189985185185
18409.9999999869,24,138,0.14814814814814814,-47.47189985185185
18419.9999999853,22,140,0.13580246913580246,-43.51590819753087
18429.9999999837,21,141,0.12962962962962962,-41.537912370370364
18439.999999982098,19,143,0.11728395061728394,-37.581920716049375
18449.999999980497,24,138,0.14814814814814814,-47.47189985185185
18459.999999978896,21,141,0.12962962962962962,-41.537912370370364
18469.999999977295,25,137,0.15432098765432098,-49.44989567901234
18479.999999975695,26,136,0.16049382716049382,-51.42789150617284
18489.999999974094,19,143,0.11728395061728394,-37.581920716049375
18499.999999972493,24,138,0.14814814814814814,-47.47189985185185
18509.999999970893,25,137,0.15432098765432098,-49.44989567901234
18519.999999969292,16,146,0.09876543209876543,-31.647933234567898
18529.99999996769,23,139,0.1419753086419753,-45.49390402469136
18539.99999996609,23,139,0.1419753086419753,-45.49390402469136
18549.99999996449,21,141,0.12962962962962962,-41.537912370370364
18559.99999996289,20,142,0.12345679012345678,-39.55991654320987
18569.99999996129,21,141,0.12962962962962962,-41.537912370370364
18579.999999959688,26,136,0.16049382716049382,-51.42789150617284
18589.999999958087,23,139,0.1419753086419753,-45.49390402469136
18599.999999956486,23,139,0.1419753086419753,-45.49390402469136
18609.999999954885,23,139,0.1419753086419753,-45.49390402469136
18619.999999953285,23,139,0.1419753086419753,-45.49390402469136
18629.999999951684,22,140,0.13580246913580246,-43.51590819753087
18639.999999950083,23,139,0.1419753086419753,-45.49390402469136
18649.999999948483,21,141,0.12962962962962962,-41.537912370370364
18659.999999946882,21,141,0.12962962962962962,-41.537912370370364
18669.99999994528,20,142,0.12345679012345678,-39.55991654320987
18679.99999994368,22,140,0.13580246913580246,-43.51590819753087
18689.99999994208,22,140,0.13580246913580246,-43.51590819753087
18699.99999994048,21,141,0.12962962962962962,-41.537912370370364
18709.99999993888,20,142,0.12345679012345678,-39.55991654320987
18719.999999937278,20,142,0.12345679012345678,-39.55991654320987
18729.999999935677,20,142,0.12345679012345678,-39.55991654320987
18739.999999934076,24,138,0.14814814814814814,-47.47189985185185
18749.999999932475,21,141,0.12962962962962962,-41.537912370370364
18759.999999930875,25,137,0.15432098765432098,-49.44989567901234
18769.999999929274,23,139,0.1419753086419753,-45.49390402469136
18779.999999927673,24,138,0.14814814814814814,-47.47189985185185
18789.999999926073,22,140,0.13580246913580246,-43.51590819753087
18799.999999924472,23,139,0.1419753086419753,-45.49390402469136
18809.99999992287,22,140,0.13580246913580246,-43.51590819753087
18819.99999992127,27,135,0.16666666666666666,-53.405887333333325
18829.99999991967,28,134,0.1728395061728395,-55.38388316049383
18839.99999991807,24,138,0.14814814814814814,-47.47189985185185
18849.99999991647,26,136,0.16049382716049382,-51.42789150617284
18859.999999914868,24,138,0.14814814814814814,-47.47189985185185
18869.999999913267,24,138,0.14814814814814814,-47.47189985185185
18879.999999911666,20,142,0.12345679012345678,-39.55991654320987
18889.999999910066,24,138,0.14814814814814814,-47.47189985185185
18899.999999908465,21,141,0.12962962962962962,-41.537912370370364
18909.999999906864,24,138,0.14814814814814814,-47.47189985185185
18919.999999905263,22,140,0.13580246913580246,-43.51590819753087
18929.999999903663,20,142,0.12345679012345678,-39.55991654320987
18939.999999902062,21,141,0.12962962962962962,-41.537912370370364
18949.99999990046,25,137,0.15432098765432098,-49.44989567901234
18959.99999989886,19,143,0.11728395061728394,-37.581920716049375
18969.99999989726,25,137,0.15432098765432098,-49.44989567901234
18979.99999989566,19,143,0.11728395061728394,-37.581920716049375
18989.99999989406,17,145,0.10493827160493827,-33.62592906172839
18999.999999892458,21,141,0.12962962962962962,-41.537912370370364
19009.999999890857,20,142,0.12345679012345678,-39.55991654320987
19019.999999889256,22,140,0.13580246913580246,-43.51590819753087
19029.999999887656,22,140,0.13580246913580246,-43.51590819753087
19039.999999886055,21,141,0.12962962962962962,-41.537912370370364
19049.999999884454,19,143,0.11728395061728394,-37.581920716049375
19059.999999882853,22,140,0.13580246913580246,-43.51590819753087
19069.999999881253,19,143,0.11728395061728394,-37.581920716049375
19079.999999879652,21,141,0.12962962962962962,-41.537912370370364
19089.99999987805,24,138,0.14814814814814814,-47.47189985185185
19099.99999987645,24,138,0.14814814814814814,-47.47189985185185
19109.99999987485,25,137,0.15432098765432098,-49.44989567901234
19119.99999987325,23,139,0.1419753086419753,-45.49390402469136
19129.99999987165,23,139,0.1419753086419753,-45.49390402469136
19139.999999870048,23,139,0.1419753086419753,-45.49390402469136
19149.999999868447,21,141,0.12962962962962962,-41.537912370370364
19159.999999866846,26,136,0.16049382716049382,-51.42789150617284
19169.999999865246,25,137,0.15432098765432098,-49.44989567901234
19179.999999863645,24,138,0.14814814814814814,-47.47189985185185
19189.999999862044,23,139,0.1419753086419753,-45.49390402469136
19199.999999860443,25,137,0.15432098765432098,-49.44989567901234
19209.999999858843,21,141,0.12962962962962962,-41.537912370370364
19219.999999857242,25,137,0.15432098765432098,-49.44989567901234
19229.99999985564,22,140,0.13580246913580246,-43.51590819753087
19239.99999985404,26,136,0.16049382716049382,-51.42789150617284
19249.99999985244,23,139,0.1419753086419753,-45.49390402469136
19259.99999985084,24,138,0.14814814814814814,-47.47189985185185
19269.99999984924,26,136,0.16049382716049382,-51.42789150617284
19279.999999847638,25,137,0.15432098765432098,-49.44989567901234
19289.999999846037,25,137,0.15432098765432098,-49.44989567901234
19299.999999844436,24,138,0.14814814814814814,-47.47189985185185
19309.999999842836,23,139,0.1419753086419753,-45.49390402469136
19319.999999841235,23,139,0.1419753086419753,-45.49390402469136
19329.999999839634,26,136,0.16049382716049382,-51.42789150617284
19339.999999838034,25,137,0.15432098765432098,-49.44989567901234
19349.999999836433,22,140,0.13580246913580246,-43.51590819753087
19359.999999834832,23,139,0.1419753086419753,-45.49390402469136
19369.99999983323,25,137,0.15432098765432098,-49.44989567901234
19379.99999983163,23,139,0.1419753086419753,-45.49390402469136
19389.99999983003,23,139,0.1419753086419753,-45.49390402469136
19399.99999982843,24,138,0.14814814814814814,-47.47189985185185
19409.99999982683,22,140,0.13580246913580246,-43.51590819753087
19419.999999825228,24,138,0.14814814814814814,-47.47189985185185
19429.999999823627,22,140,0.13580246913580246,-43.51590819753087
19439.999999822026,26,136,0.16049382716049382,-51.42789150617284
19449.999999820426,24,138,0.14814814814814814,-47.47189985185185
19459.999999818825,26,136,0.16049382716049382,-51.42789150617284
19469.999999817224,27,135,0.16666666666666666,-53.405887333333325
19479.999999815624,26,136,0.16049382716049382,-51.42789150617284
19489.999999814023,25,137,0.15432098765432098,-49.44989567901234
19499.999999812422,25,137,0.15432098765432098,-49.44989567901234
19509.99999981082,23,139,0.1419753086419753,-45.49390402469136
19519.99999980922,26,136,0.16049382716049382,-51.42789150617284
19529.99999980762,23,139,0.1419753086419753,-45.49390402469136
19539.99999980602,24,138,0.14814814814814814,-47.47189985185185
19549.99999980442,25,137,0.15432098765432098,-49.44989567901234
19559.999999802818,23,139,0.1419753086419753,-45.49390402469136
19569.999999801217,22,140,0.13580246913580246,-43.51590819753087
19579.999999799616,21,141,0.12962962962962962,-41.537912370370364
19589.999999798016,22,140,0.13580246913580246,-43.51590819753087
19599.999999796415,24,138,0.14814814814814814,-47.47189985185185
19609.999999794814,18,144,0.1111111111111111,-35.60392488888888
19619.999999793214,22,140,0.13580246913580246,-43.51590819753087
19629.999999791613,28,134,0.1728395061728395,-55.38388316049383
19639.999999790012,25,137,0.15432098765432098,-49.44989567901234
19649.99999978841,22,140,0.13580246913580246,-43.51590819753087
19659.99999978681,22,140,0.13580246913580246,-43.51590819753087
19669.99999978521,24,138,0.14814814814814814,-47.47189985185185
19679.99999978361,24,138,0.14814814814814814,-47.47189985185185
19689.99999978201,20,142,0.12345679012345678,-39.55991654320987
19699.999999780408,22,140,0.13580246913580246,-43.51590819753087
19709.999999778807,21,141,0.12962962962962962,-41.537912370370364
19719.999999777207,20,142,0.12345679012345678,-39.55991654320987
19729.999999775606,20,142,0.12345679012345678,-39.55991654320987
19739.999999774005,21,141,0.12962962962962962,-41.537912370370364
19749.999999772404,25,137,0.15432098765432098,-49.44989567901234
19759.999999770804,25,137,0.15432098765432098,-49.44989567901234
19769.999999769203,21,141,0.12962962962962962,-41.537912370370364
19779.999999767602,20,142,0.12345679012345678,-39.55991654320987
19789.999999766,19,143,0.11728395061728394,-37.581920716049375
19799.9999997644,22,140,0.13580246913580246,-43.51590819753087
19809.9999997628,20,142,0.12345679012345678,-39.55991654320987
19819.9999997612,19,143,0.11728395061728394,-37.581920716049375
19829.9999997596,22,140,0.13580246913580246,-43.51590819753087
19839.999999757998,23,139,0.1419753086419753,-45.49390402469136
19849.999999756397,22,140,0.13580246913580246,-43.51590819753087
19859.999999754797,23,139,0.1419753086419753,-45.49390402469136
19869.999999753196,20,142,0.12345679012345678,-39.55991654320987
19879.999999751595,23,139,0.1419753086419753,-45.49390402469136
19889.999999749994,20,142,0.12345679012345678,-39.55991654320987
19899.999999748394,20,142,0.12345679012345678,-39.55991654320987
19909.999999746793,20,142,0.12345679012345678,-39.55991654320987
19919.999999745192,21,141,0.12962962962962962,-41.537912370370364
19929.99999974359,23,139,0.1419753086419753,-45.49390402469136
19939.99999974199,23,139,0.1419753086419753,-45.49390402469136
19949.99999974039,20,142,0.12345679012345678,-39.55991654320987
19959.99999973879,21,141,0.12962962962962962,-41.537912370370364
19969.99999973719,21,141,0.12962962962962962,-41.537912370370364
19979.999999735588,23,139,0.1419753086419753,-45.49390402469136
19989.999999733987,28,134,0.1728395061728395,-55.38388316049383
19999.999999732387,21,141,0.12962962962962962,-41.537912370370364
20009.999999730786,20,142,0.12345679012345678,-39.55991654320987
20019.999999729185,22,140,0.13580246913580246,-43.51590819753087
20029.999999727585,24,138,0.14814814814814814,-47.47189985185185
20039.999999725984,23,139,0.1419753086419753,-45.49390402469136
20049.999999724383,27,135,0.16666666666666666,-53.405887333333325
20059.999999722782,22,140,0.13580246913580246,-43.51590819753087
20069.99999972118,20,142,0.12345679012345678,-39.55991654320987
20079.99999971958,20,142,0.12345679012345678,-39.55991654320987
20089.99999971798,20,142,0.12345679012345678,-39.55991654320987
20099.99999971638,21,141,0.12962962962962962,-41.537912370370364
20109.99999971478,25,137,0.15432098765432098,-49.44989567901234
20119.999999713178,22,140,0.13580246913580246,-43.51590819753087
20129.999999711577,20,142,0.12345679012345678,-39.55991654320987
20139.999999709977,21,141,0.12962962962962962,-41.537912370370364
20149.999999708376,25,137,0.15432098765432098,-49.44989567901234
20159.999999706775,21,141,0.12962962962962962,-41.537912370370364
20169.999999705175,22,140,0.13580246913580246,-43.51590819753087
20179.999999703574,25,137,0.15432098765432098,-49.44989567901234
20189.999999701973,23,139,0.1419753086419753,-45.49390402469136
20199.999999700372,22,140,0.13580246913580246,-43.51590819753087
20209.99999969877,19,143,0.11728395061728394,-37.581920716049375
20219.99999969717,19,143,0.11728395061728394,-37.581920716049375
20229.99999969557,21,141,0.12962962962962962,-41.537912370370364
20239.99999969397,20,142,0.12345679012345678,-39.55991654320987
20249.99999969237,20,142,0.12345679012345678,-39.55991654320987
20259.999999690768,21,141,0.12962962962962962,-41.537912370370364
20269.999999689167,21,141,0.12962962962962962,-41.537912370370364
20279.999999687567,24,138,0.14814814814814814,-47.47189985185185
20289.999999685966,21,141,0.12962962962962962,-41.537912370370364
20299.999999684365,21,141,0.12962962962962962,-41.537912370370364
20309.999999682765,22,140,0.13580246913580246,-43.51590819753087
20319.999999681164,19,143,0.11728395061728394,-37.581920716049375
20329.999999679563,19,143,0.11728395061728394,-37.581920716049375
20339.999999677962,19,143,0.11728395061728394,-37.581920716049375
20349.99999967636,22,140,0.13580246913580246,-43.51590819753087
20359.99999967476,26,136,0.16049382716049382,-51.42789150617284
20369.99999967316,30,132,0.18518518518518517,-59.33987481481481
20379.99999967156,20,142,0.12345679012345678,-39.55991654320987
20389.99999966996,20,142,0.12345679012345678,-39.55991654320987
20399.99999966836,21,141,0.12962962962962962,-41.537912370370364
20409.999999666758,25,137,0.15432098765432098,-49.44989567901234
20419.999999665157,23,139,0.1419753086419753,-45.49390402469136
20429.999999663556,23,139,0.1419753086419753,-45.49390402469136
20439.999999661955,20,142,0.12345679012345678,-39.55991654320987
20449.999999660355,27,135,0.16666666666666666,-53.405887333333325
20459.999999658754,21,141,0.12962962962962962,-41.537912370370364
20469.999999657153,21,141,0.12962962962962962,-41.537912370370364
20479.999999655553,21,141,0.12962962962962962,-41.537912370370364
20489.99999965395,24,138,0.14814814814814814,-47.47189985185185
20499.99999965235,18,144,0.1111111111111111,-35.60392488888888
20509.99999965075,20,142,0.12345679012345678,-39.55991654320987
20519.99999964915,16,146,0.09876543209876543,-31.647933234567898
20529.99999964755,18,144,0.1111111111111111,-35.60392488888888
20539.99999964595,21,141,0.12962962962962962,-41.537912370370364
20549.999999644348,19,143,0.11728395061728394,-37.581920716049375
20559.999999642747,19,143,0.11728395061728394,-37.581920716049375
20569.999999641146,16,146,0.09876543209876543,-31.647933234567898
20579.999999639545,19,143,0.11728395061728394,-37.581920716049375
20589.999999637945,16,146,0.09876543209876543,-31.647933234567898
20599.999999636344,17,145,0.10493827160493827,-33.62592906172839
20609.999999634743,21,141,0.12962962962962962,-41.537912370370364
20619.999999633143,17,145,0.10493827160493827,-33.62592906172839
20629.999999631542,18,144,0.1111111111111111,-35.60392488888888
20639.99999962994,20,142,0.12345679012345678,-39.55991654320987
20649.99999962834,20,142,0.12345679012345678,-39.55991654320987
20659.99999962674,20,142,0.12345679012345678,-39.55991654320987
20669.99999962514,22,140,0.13580246913580246,-43.51590819753087
20679.99999962354,18,144,0.1111111111111111,-35.60392488888888
20689.999999621938,27,135,0.16666666666666666,-53.405887333333325
20699.999999620337,25,137,0.15432098765432098,-49.44989567901234
20709.999999618736,23,139,0.1419753086419753,-45.49390402469136
20719.999999617135,18,144,0.1111111111111111,-35.60392488888888
20729.999999615535,21,141,0.12962962962962962,-41.537912370370364
20739.999999613934,24,138,0.14814814814814814,-47.47189985185185
20749.999999612333,26,136,0.16049382716049382,-51.42789150617284
20759.999999610733,22,140,0.13580246913580246,-43.51590819753087
20769.999999609132,22,140,0.13580246913580246,-43.51590819753087
20779.99999960753,24,138,0.14814814814814814,-47.47189985185185
20789.99999960593,24,138,0.14814814814814814,-47.47189985185185
20799.99999960433,26,136,0.16049382716049382,-51.42789150617284
20809.99999960273,24,138,0.14814814814814814,-47.47189985185185
20819.99999960113,24,138,0.14814814814814814,-47.47189985185185
20829.999999599528,21,141,0.12962962962962962,-41.537912370370364
20839.999999597927,23,139,0.1419753086419753,-45.49390402469136
20849.999999596326,26,136,0.16049382716049382,-51.42789150617284
20859.999999594726,20,142,0.12345679012345678,-39.55991654320987
20869.999999593125,21,141,0.12962962962962962,-41.537912370370364
20879.999999591524,22,140,0.13580246913580246,-43.51590819753087
20889.999999589923,23,139,0.1419753086419753,-45.49390402469136
20899.999999588323,19,143,0.11728395061728394,-37.581920716049375
20909.999999586722,21,141,0.12962962962962962,-41.537912370370364
20919.99999958512,18,144,0.1111111111111111,-35.60392488888888
20929.99999958352,21,141,0.12962962962962962,-41.537912370370364
20939.99999958192,19,143,0.11728395061728394,-37.581920716049375
20949.99999958032,23,139,0.1419753086419753,-45.49390402469136
20959.99999957872,21,141,0.12962962962962962,-41.537912370370364
20969.999999577118,20,142,0.12345679012345678,-39.55991654320987
20979.999999575517,25,137,0.15432098765432098,-49.44989567901234
20989.999999573916,21,141,0.12962962962962962,-41.537912370370364
20999.999999572316,22,140,0.13580246913580246,-43.51590819753087
21009.999999570715,24,138,0.14814814814814814,-47.47189985185185
21019.999999569114,23,139,0.1419753086419753,-45.49390402469136
21029.999999567513,20,142,0.12345679012345678,-39.55991654320987
21039.999999565913,23,139,0.1419753086419753,-45.49390402469136
21049.999999564312,25,137,0.15432098765432098,-49.44989567901234
21059.99999956271,23,139,0.1419753086419753,-45.49390402469136
21069.99999956111,23,139,0.1419753086419753,-45.49390402469136
21079.99999955951,24,138,0.14814814814814814,-47.47189985185185
21089.99999955791,29,133,0.17901234567901234,-57.36187898765432
21099.99999955631,25,137,0.15432098765432098,-49.44989567901234
21109.999999554708,23,139,0.1419753086419753,-45.49390402469136
21119.999999553107,28,134,0.1728395061728395,-55.38388316049383
21129.999999551506,25,137,0.15432098765432098,-49.44989567901234
21139.999999549906,23,139,0.1419753086419753,-45.49390402469136
21149.999999548305,23,139,0.1419753086419753,-45.49390402469136
21159.999999546704,20,142,0.12345679012345678,-39.55991654320987
21169.999999545103,23,139,0.1419753086419753,-45.49390402469136
21179.999999543503,24,138,0.14814814814814814,-47.47189985185185
21189.999999541902,26,136,0.16049382716049382,-51.42789150617284
21199.9999995403,22,140,0.13580246913580246,-43.51590819753087
21209.9999995387,26,136,0.16049382716049382,-51.42789150617284
21219.9999995371,23,139,0.1419753086419753,-45.49390402469136
21229.9999995355,22,140,0.13580246913580246,-43.51590819753087
21239.9999995339,24,138,0.14814814814814814,-47.47189985185185
21249.999999532298,25,137,0.15432098765432098,-49.44989567901234
21259.999999530697,22,140,0.13580246913580246,-43.51590819753087
21269.999999529096,26,136,0.16049382716049382,-51.42789150617284
21279.999999527496,27,135,0.16666666666666666,-53.405887333333325
21289.999999525895,24,138,0.14814814814814814,-47.47189985185185
21299.999999524294,28,134,0.1728395061728395,-55.38388316049383
21309.999999522694,25,137,0.15432098765432098,-49.44989567901234
21319.999999521093,27,135,0.16666666666666666,-53.405887333333325
21329.999999519492,26,136,0.16049382716049382,-51.42789150617284
21339.99999951789,25,137,0.15432098765432098,-49.44989567901234
21349.99999951629,23,139,0.1419753086419753,-45.49390402469136
21359.99999951469,25,137,0.15432098765432098,-49.44989567901234
21369.99999951309,21,141,0.12962962962962962,-41.537912370370364
21379.99999951149,24,138,0.14814814814814814,-47.47189985185185
21389.999999509888,23,139,0.1419753086419753,-45.49390402469136
21399.999999508287,23,139,0.1419753086419753,-45.49390402469136
21409.999999506686,21,141,0.12962962962962962,-41.537912370370364
21419.999999505086,20,142,0.12345679012345678,-39.55991654320987
21429.999999503485,19,143,0.11728395061728394,-37.581920716049375
21439.999999501884,21,141,0.12962962962962962,-41.537912370370364
21449.999999500284,20,142,0.12345679012345678,-39.55991654320987
21459.999999498683,22,140,0.13580246913580246,-43.51590819753087
21469.999999497082,23,139,0.1419753086419753,-45.49390402469136
21479.99999949548,19,143,0.11728395061728394,-37.581920716049375
21489.99999949388,22,140,0.13580246913580246,-43.51590819753087
21499.99999949228,19,143,0.11728395061728394,-37.581920716049375
21509.99999949068,17,145,0.10493827160493827,-33.62592906172839
21519.99999948908,16,146,0.09876543209876543,-31.647933234567898
21529.999999487478,20,142,0.12345679012345678,-39.55991654320987
21539.999999485877,25,137,0.15432098765432098,-49.44989567901234
21549.999999484276,22,140,0.13580246913580246,-43.51590819753087
21559.999999482676,20,142,0.12345679012345678,-39.55991654320987
21569.999999481075,23,139,0.1419753086419753,-45.49390402469136
21579.999999479474,21,141,0.12962962962962962,-41.537912370370364
21589.999999477874,22,140,0.13580246913580246,-43.51590819753087
21599.999999476273,20,142,0.12345679012345678,-39.55991654320987
21609.999999474672,19,143,0.11728395061728394,-37.581920716049375
21619.99999947307,23,139,0.1419753086419753,-45.49390402469136
21629.99999947147,20,142,0.12345679012345678,-39.55991654320987
21639.99999946987,20,142,0.12345679012345678,-39.55991654320987
21649.99999946827,23,139,0.1419753086419753,-45.49390402469136
21659.99999946667,22,140,0.13580246913580246,-43.51590819753087
21669.999999465068,24,138,0.14814814814814814,-47.47189985185185
21679.999999463467,22,140,0.13580246913580246,-43.51590819753087
21689.999999461867,19,143,0.11728395061728394,-37.581920716049375
21699.999999460266,23,139,0.1419753086419753,-45.49390402469136
21709.999999458665,24,138,0.14814814814814814,-47.47189985185185
21719.999999457064,23,139,0.1419753086419753,-45.49390402469136
21729.999999455464,23,139,0.1419753086419753,-45.49390402469136
21739.999999453863,24,138,0.14814814814814814,-47.47189985185185
21749.999999452262,25,137,0.15432098765432098,-49.44989567901234
21759.99999945066,19,143,0.11728395061728394,-37.581920716049375
21769.99999944906,22,140,0.13580246913580246,-43.51590819753087
21779.99999944746,26,136,0.16049382716049382,-51.42789150617284
21789.99999944586,24,138,0.14814814814814814,-47.47189985185185
21799.99999944426,23,139,0.1419753086419753,-45.49390402469136
21809.999999442658,22,140,0.13580246913580246,-43.51590819753087
21819.999999441057,25,137,0.15432098765432098,-49.44989567901234
21829.999999439457,24,138,0.14814814814814814,-47.47189985185185
21839.999999437856,23,139,0.1419753086419753,-45.49390402469136
21849.999999436255,22,140,0.13580246913580246,-43.51590819753087
21859.999999434654,23,139,0.1419753086419753,-45.49390402469136
21869.999999433054,22,140,0.13580246913580246,-43.51590819753087
21879.999999431453,22,140,0.13580246913580246,-43.51590819753087
21889.999999429852,24,138,0.14814814814814814,-47.47189985185185
21899.99999942825,20,142,0.12345679012345678,-39.55991654320987
21909.99999942665,20,142,0.12345679012345678,-39.55991654320987
21919.99999942505,23,139,0.1419753086419753,-45.49390402469136
21929.99999942345,21,141,0.12962962962962962,-41.537912370370364
21939.99999942185,21,141,0.12962962962962962,-41.537912370370364
21949.999999420248,19,143,0.11728395061728394,-37.581920716049375
21959.999999418647,23,139,0.1419753086419753,-45.49390402469136
21969.999999417047,22,140,0.13580246913580246,-43.51590819753087
21979.999999415446,21,141,0.12962962962962962,-41.537912370370364
21989.999999413845,20,142,0.12345679012345678,-39.55991654320987
21999.999999412245,21,141,0.12962962962962962,-41.537912370370364
22009.999999410644,21,141,0.12962962962962962,-41.537912370370364
22019.999999409043,22,140,0.13580246913580246,-43.51590819753087
22029.999999407442,21,141,0.12962962962962962,-41.537912370370364
22039.99999940584,19,143,0.11728395061728394,-37.581920716049375
22049.99999940424,24,138,0.14814814814814814,-47.47189985185185
22059.99999940264,25,137,0.15432098765432098,-49.44989567901234
22069.99999940104,23,139,0.1419753086419753,-45.49390402469136
22079.99999939944,20,142,0.12345679012345678,-39.55991654320987
22089.999999397838,21,141,0.12962962962962962,-41.537912370370364
22099.999999396237,21,141,0.12962962962962962,-41.537912370370364
22109.999999394637,20,142,0.12345679012345678,-39.55991654320987
22119.999999393036,22,140,0.13580246913580246,-43.51590819753087
22129.999999391435,18,144,0.1111111111111111,-35.60392488888888
22139.999999389835,22,140,0.13580246913580246,-43.51590819753087
22149.999999388234,24,138,0.14814814814814814,-47.47189985185185
22159.999999386633,24,138,0.14814814814814814,-47.47189985185185
22169.999999385032,24,138,0.14814814814814814,-47.47189985185185
22179.99999938343,25,137,0.15432098765432098,-49.44989567901234
22189.99999938183,25,137,0.15432098765432098,-49.44989567901234
22199.99999938023,21,141,0.12962962962962962,-41.537912370370364
22209.99999937863,23,139,0.1419753086419753,-45.49390402469136
22219.99999937703,22,140,0.13580246913580246,-43.51590819753087
22229.999999375428,25,137,0.15432098765432098,-49.44989567901234
22239.999999373827,25,137,0.15432098765432098,-49.44989567901234
22249.999999372227,25,137,0.15432098765432098,-49.44989567901234
22259.999999370626,23,139,0.1419753086419753,-45.49390402469136
22269.999999369025,28,134,0.1728395061728395,-55.38388316049383
22279.999999367425,27,135,0.16666666666666666,-53.405887333333325
22289.999999365824,28,134,0.1728395061728395,-55.38388316049383
22299.999999364223,25,137,0.15432098765432098,-49.44989567901234
22309.999999362622,23,139,0.1419753086419753,-45.49390402469136
22319.99999936102,24,138,0.14814814814814814,-47.47189985185185
22329.99999935942,23,139,0.1419753086419753,-45.49390402469136
22339.99999935782,22,140,0.13580246913580246,-43.51590819753087
22349.99999935622,24,138,0.14814814814814814,-47.47189985185185
22359.99999935462,24,138,0.14814814814814814,-47.47189985185185
22369.99999935302,21,141,0.12962962962962962,-41.537912370370364
22379.999999351418,21,141,0.12962962962962962,-41.537912370370364
22389.999999349817,21,141,0.12962962962962962,-41.537912370370364
22399.999999348216,21,141,0.12962962962962962,-41.537912370370364
22409.999999346615,25,137,0.15432098765432098,-49.44989567901234
22419.999999345015,25,137,0.15432098765432098,-49.44989567901234
22429.999999343414,20,142,0.12345679012345678,-39.55991654320987
22439.999999341813,20,142,0.12345679012345678,-39.55991654320987
22449.999999340213,23,139,0.1419753086419753,-45.49390402469136
22459.99999933861,22,140,0.13580246913580246,-43.51590819753087
22469.99999933701,24,138,0.14814814814814814,-47.47189985185185
22479.99999933541,22,140,0.13580246913580246,-43.51590819753087
22489.99999933381,23,139,0.1419753086419753,-45.49390402469136
22499.99999933221,21,141,0.12962962962962962,-41.537912370370364
22509.99999933061,22,140,0.13580246913580246,-43.51590819753087
22519.999999329008,22,140,0.13580246913580246,-43.51590819753087
22529.999999327407,20,142,0.12345679012345678,-39.55991654320987
22539.999999325806,24,138,0.14814814814814814,-47.47189985185185
22549.999999324205,21,141,0.12962962962962962,-41.537912370370364
22559.999999322605,18,144,0.1111111111111111,-35.60392488888888
22569.999999321004,22,140,0.13580246913580246,-43.51590819753087
22579.999999319403,19,143,0.11728395061728394,-37.581920716049375
22589.999999317803,21,141,0.12962962962962962,-41.537912370370364
22599.999999316202,20,142,0.12345679012345678,-39.55991654320987
22609.9999993146,19,143,0.11728395061728394,-37.581920716049375
22619.999999313,21,141,0.12962962962962962,-41.537912370370364
22629.9999993114,24,138,0.14814814814814814,-47.47189985185185
22639.9999993098,20,142,0.12345679012345678,-39.55991654320987
22649.9999993082,24,138,0.14814814814814814,-47.47189985185185
22659.999999306598,25,137,0.15432098765432098,-49.44989567901234
22669.999999304997,23,139,0.1419753086419753,-45.49390402469136
22679.999999303396,23,139,0.1419753086419753,-45.49390402469136
22689.999999301795,22,140,0.13580246913580246,-43.51590819753087
22699.999999300195,21,141,0.12962962962962962,-41.537912370370364
22709.999999298594,25,137,0.15432098765432098,-49.44989567901234
22719.999999296993,25,137,0.15432098765432098,-49.44989567901234
22729.999999295393,24,138,0.14814814814814814,-47.47189985185185
22739.999999293792,25,137,0.15432098765432098,-49.44989567901234
22749.99999929219,25,137,0.15432098765432098,-49.44989567901234
22759.99999929059,24,138,0.14814814814814814,-47.47189985185185
22769.99999928899,25,137,0.15432098765432098,-49.44989567901234
22779.99999928739,27,135,0.16666666666666666,-53.405887333333325
22789.99999928579,24,138,0.14814814814814814,-47.47189985185185
22799.999999284188,24,138,0.14814814814814814,-47.47189985185185
22809.999999282587,20,142,0.12345679012345678,-39.55991654320987
22819.999999280986,25,137,0.15432098765432098,-49.44989567901234
22829.999999279386,23,139,0.1419753086419753,-45.49390402469136
22839.999999277785,22,140,0.13580246913580246,-43.51590819753087
22849.999999276184,21,141,0.12962962962962962,-41.537912370370364
22859.999999274583,24,138,0.14814814814814814,-47.47189985185185
22869.999999272983,24,138,0.14814814814814814,-47.47189985185185
22879.999999271382,23,139,0.1419753086419753,-45.49390402469136
22889.99999926978,24,138,0.14814814814814814,-47.47189985185185
22899.99999926818,21,141,0.12962962962962962,-41.537912370370364
22909.99999926658,24,138,0.14814814814814814,-47.47189985185185
22919.99999926498,25,137,0.15432098765432098,-49.44989567901234
22929.99999926338,25,137,0.15432098765432098,-49.44989567901234
22939.999999261778,25,137,0.15432098765432098,-49.44989567901234
22949.999999260177,25,137,0.15432098765432098,-49.44989567901234
22959.999999258576,24,138,0.14814814814814814,-47.47189985185185
22969.999999256976,28,134,0.1728395061728395,-55.38388316049383
22979.999999255375,25,137,0.15432098765432098,-49.44989567901234
22989.999999253774,29,133,0.17901234567901234,-57.36187898765432
22999.999999252173,29,133,0.17901234567901234,-57.36187898765432
23009.999999250573,25,137,0.15432098765432098,-49.44989567901234
23019.999999248972,25,137,0.15432098765432098,-49.44989567901234
23029.99999924737,26,136,0.16049382716049382,-51.42789150617284
23039.99999924577,23,139,0.1419753086419753,-45.49390402469136
23049.99999924417,21,141,0.12962962962962962,-41.537912370370364
23059.99999924257,25,137,0.15432098765432098,-49.44989567901234
23069.99999924097,25,137,0.15432098765432098,-49.44989567901234
23079.999999239368,23,139,0.1419753086419753,-45.49390402469136
23089.999999237767,22,140,0.13580246913580246,-43.51590819753087
23099.999999236166,25,137,0.15432098765432098,-49.44989567901234
23109.999999234566,23,139,0.1419753086419753,-45.49390402469136
23119.999999232965,31,131,0.19135802469135801,-61.317870641975304
23129.999999231364,22,140,0.13580246913580246,-43.51590819753087
23139.999999229763,27,135,0.16666666666666666,-53.405887333333325
23149.999999228163,24,138,0.14814814814814814,-47.47189985185185
23159.999999226562,24,138,0.14814814814814814,-47.47189985185185
23169.99999922496,21,141,0.12962962962962962,-41.537912370370364
23179.99999922336,25,137,0.15432098765432098,-49.44989567901234
23189.99999922176,24,138,0.14814814814814814,-47.47189985185185
23199.99999922016,23,139,0.1419753086419753,-45.49390402469136
23209.99999921856,22,140,0.13580246913580246,-43.51590819753087
23219.999999216958,20,142,0.12345679012345678,-39.55991654320987
23229.999999215357,26,136,0.16049382716049382,-51.42789150617284
23239.999999213756,25,137,0.15432098765432098,-49.44989567901234
23249.999999212156,26,136,0.16049382716049382,-51.42789150617284
23259.999999210555,25,137,0.15432098765432098,-49.44989567901234
23269.999999208954,25,137,0.15432098765432098,-49.44989567901234
23279.999999207354,27,135,0.16666666666666666,-53.405887333333325
23289.999999205753,24,138,0.14814814814814814,-47.47189985185185
23299.999999204152,25,137,0.15432098765432098,-49.44989567901234
23309.99999920255,23,139,0.1419753086419753,-45.49390402469136
23319.99999920095,21,141,0.12962962962962962,-41.537912370370364
23329.99999919935,23,139,0.1419753086419753,-45.49390402469136
23339.99999919775,22,140,0.13580246913580246,-43.51590819753087
23349.99999919615,20,142,0.12345679012345678,-39.55991654320987
23359.999999194548,22,140,0.13580246913580246,-43.51590819753087
23369.999999192947,21,141,0.12962962962962962,-41.537912370370364
23379.999999191346,25,137,0.15432098765432098,-49.44989567901234
23389.999999189746,21,141,0.12962962962962962,-41.537912370370364
23399.999999188145,22,140,0.13580246913580246,-43.51590819753087
23409.999999186544,23,139,0.1419753086419753,-45.49390402469136
23419.999999184944,25,137,0.15432098765432098,-49.44989567901234
23429.999999183343,23,139,0.1419753086419753,-45.49390402469136
23439.999999181742,21,141,0.12962962962962962,-41.537912370370364
23449.99999918014,25,137,0.15432098765432098,-49.44989567901234
23459.99999917854,24,138,0.14814814814814814,-47.47189985185185
23469.99999917694,21,141,0.12962962962962962,-41.537912370370364
23479.99999917534,24,138,0.14814814814814814,-47.47189985185185
23489.99999917374,21,141,0.12962962962962962,-41.537912370370364
23499.999999172138,26,136,0.16049382716049382,-51.42789150617284
23509.999999170537,25,137,0.15432098765432098,-49.44989567901234
23519.999999168936,26,136,0.16049382716049382,-51.42789150617284
23529.999999167336,25,137,0.15432098765432098,-49.44989567901234
23539.999999165735,23,139,0.1419753086419753,-45.49390402469136
23549.999999164134,25,137,0.15432098765432098,-49.44989567901234
23559.999999162534,26,136,0.16049382716049382,-51.42789150617284
23569.999999160933,23,139,0.1419753086419753,-45.49390402469136
23579.999999159332,21,141,0.12962962962962962,-41.537912370370364
23589.99999915773,23,139,0.1419753086419753,-45.49390402469136
23599.99999915613,23,139,0.1419753086419753,-45.49390402469136
23609.99999915453,21,141,0.12962962962962962,-41.537912370370364
23619.99999915293,27,135,0.16666666666666666,-53.405887333333325
23629.99999915133,24,138,0.14814814814814814,-47.47189985185185
23639.999999149728,26,136,0.16049382716049382,-51.42789150617284
23649.999999148127,27,135,0.16666666666666666,-53.405887333333325
23659.999999146527,23,139,0.1419753086419753,-45.49390402469136
23669.999999144926,23,139,0.1419753086419753,-45.49390402469136
23679.999999143325,19,143,0.11728395061728394,-37.581920716049375
23689.999999141724,20,142,0.12345679012345678,-39.55991654320987
23699.999999140124,20,142,0.12345679012345678,-39.55991654320987
23709.999999138523,21,141,0.12962962962962962,-41.537912370370364
23719.999999136922,21,141,0.12962962962962962,-41.537912370370364
23729.99999913532,21,141,0.12962962962962962,-41.537912370370364
23739.99999913372,21,141,0.12962962962962962,-41.537912370370364
23749.99999913212,20,142,0.12345679012345678,-39.55991654320987
23759.99999913052,20,142,0.12345679012345678,-39.55991654320987
23769.99999912892,22,140,0.13580246913580246,-43.51590819753087
23779.999999127318,23,139,0.1419753086419753,-45.49390402469136
23789.999999125717,24,138,0.14814814814814814,-47.47189985185185
23799.999999124117,24,138,0.14814814814814814,-47.47189985185185
23809.999999122516,26,136,0.16049382716049382,-51.42789150617284
23819.999999120915,26,136,0.16049382716049382,-51.42789150617284
23829.999999119314,26,136,0.16049382716049382,-51.42789150617284
23839.999999117714,26,136,0.16049382716049382,-51.42789150617284
23849.999999116113,24,138,0.14814814814814814,-47.47189985185185
23859.999999114512,25,137,0.15432098765432098,-49.44989567901234
23869.99999911291,24,138,0.14814814814814814,-47.47189985185185
23879.99999911131,22,140,0.13580246913580246,-43.51590819753087
23889.99999910971,23,139,0.1419753086419753,-45.49390402469136
23899.99999910811,26,136,0.16049382716049382,-51.42789150617284
23909.99999910651,21,141,0.12962962962962962,-41.537912370370364
23919.999999104908,22,140,0.13580246913580246,-43.51590819753087
23929.999999103307,23,139,0.1419753086419753,-45.49390402469136
23939.999999101707,23,139,0.1419753086419753,-45.49390402469136
23949.999999100106,23,139,0.1419753086419753,-45.49390402469136
23959.999999098505,21,141,0.12962962962962962,-41.537912370370364
23969.999999096905,24,138,0.14814814814814814,-47.47189985185185
23979.999999095304,23,139,0.1419753086419753,-45.49390402469136
23989.999999093703,23,139,0.1419753086419753,-45.49390402469136
23999.999999092102,21,141,0.12962962962962962,-41.537912370370364
24009.9999990905,23,139,0.1419753086419753,-45.49390402469136
24019.9999990889,22,140,0.13580246913580246,-43.51590819753087
24029.9999990873,24,138,0.14814814814814814,-47.47189985185185
24039.9999990857,24,138,0.14814814814814814,-47.47189985185185
24049.9999990841,23,139,0.1419753086419753,-45.49390402469136
24059.999999082498,25,137,0.15432098765432098,-49.44989567901234
24069.999999080897,20,142,0.12345679012345678,-39.55991654320987
24079.999999079297,23,139,0.1419753086419753,-45.49390402469136
24089.999999077696,23,139,0.1419753086419753,-45.49390402469136
24099.999999076095,21,141,0.12962962962962962,-41.537912370370364
24109.999999074495,22,140,0.13580246913580246,-43.51590819753087
24119.999999072894,24,138,0.14814814814814814,-47.47189985185185
24129.999999071293,24,138,0.14814814814814814,-47.47189985185185
