time,number_A,number_HA,alpha,surf_ch_dens
140.00000000001765,92,70,0.5679012345679012,-90.98780804938272
150.00000000000855,44,118,0.2716049382716049,-43.51590819753087
159.99999999999946,18,144,0.1111111111111111,-17.80196244444444
169.99999999999037,10,152,0.06172839506172839,-9.889979135802468
179.99999999998127,13,149,0.08024691358024691,-12.85697287654321
189.99999999997218,5,157,0.030864197530864196,-4.944989567901234
199.99999999996308,3,159,0.018518518518518517,-2.9669937407407407
209.99999999995399,4,158,0.024691358024691357,-3.955991654320987
219.9999999999449,5,157,0.030864197530864196,-4.944989567901234
229.9999999999358,5,157,0.030864197530864196,-4.944989567901234
239.9999999999267,1,161,0.006172839506172839,-0.9889979135802468
249.9999999999176,1,161,0.006172839506172839,-0.9889979135802468
259.99999999990854,1,161,0.006172839506172839,-0.9889979135802468
269.99999999989944,3,159,0.018518518518518517,-2.9669937407407407
279.99999999989035,6,156,0.037037037037037035,-5.9339874814814815
289.99999999988125,3,159,0.018518518518518517,-2.9669937407407407
299.99999999987216,3,159,0.018518518518518517,-2.9669937407407407
309.99999999986306,4,158,0.024691358024691357,-3.955991654320987
319.99999999985397,3,159,0.018518518518518517,-2.9669937407407407
329.9999999998449,6,156,0.037037037037037035,-5.9339874814814815
339.9999999998358,3,159,0.018518518518518517,-2.9669937407407407
349.9999999998267,5,157,0.030864197530864196,-4.944989567901234
359.9999999998176,5,157,0.030864197530864196,-4.944989567901234
369.9999999998085,2,160,0.012345679012345678,-1.9779958271604936
379.9999999997994,2,160,0.012345679012345678,-1.9779958271604936
389.9999999997903,8,154,0.04938271604938271,-7.911983308641974
399.9999999997812,3,159,0.018518518518518517,-2.9669937407407407
409.9999999997721,4,158,0.024691358024691357,-3.955991654320987
419.999999999763,5,157,0.030864197530864196,-4.944989567901234
429.9999999997539,2,160,0.012345679012345678,-1.9779958271604936
439.99999999974483,4,158,0.024691358024691357,-3.955991654320987
449.99999999973573,4,158,0.024691358024691357,-3.955991654320987
459.99999999972664,3,159,0.018518518518518517,-2.9669937407407407
469.99999999971755,3,159,0.018518518518518517,-2.9669937407407407
479.99999999970845,3,159,0.018518518518518517,-2.9669937407407407
489.99999999969936,4,158,0.024691358024691357,-3.955991654320987
499.99999999969026,6,156,0.037037037037037035,-5.9339874814814815
509.99999999968117,7,155,0.043209876543209874,-6.922985395061729
519.9999999996721,3,159,0.018518518518518517,-2.9669937407407407
529.999999999663,6,156,0.037037037037037035,-5.9339874814814815
539.9999999996539,4,158,0.024691358024691357,-3.955991654320987
549.9999999996448,2,160,0.012345679012345678,-1.9779958271604936
559.9999999996357,1,161,0.006172839506172839,-0.9889979135802468
569.9999999996267,6,156,0.037037037037037035,-5.9339874814814815
579.9999999996176,4,158,0.024691358024691357,-3.955991654320987
589.9999999996085,1,161,0.006172839506172839,-0.9889979135802468
599.9999999995994,3,159,0.018518518518518517,-2.9669937407407407
609.9999999995903,3,159,0.018518518518518517,-2.9669937407407407
619.9999999995812,3,159,0.018518518518518517,-2.9669937407407407
629.9999999995721,5,157,0.030864197530864196,-4.944989567901234
639.999999999563,5,157,0.030864197530864196,-4.944989567901234
649.9999999995539,9,153,0.05555555555555555,-8.90098122222222
659.9999999995448,4,158,0.024691358024691357,-3.955991654320987
669.9999999995357,7,155,0.043209876543209874,-6.922985395061729
679.9999999995266,8,154,0.04938271604938271,-7.911983308641974
689.9999999995175,5,157,0.030864197530864196,-4.944989567901234
699.9999999995084,7,155,0.043209876543209874,-6.922985395061729
709.9999999994993,3,159,0.018518518518518517,-2.9669937407407407
719.9999999994902,5,157,0.030864197530864196,-4.944989567901234
729.9999999994811,5,157,0.030864197530864196,-4.944989567901234
739.999999999472,4,158,0.024691358024691357,-3.955991654320987
749.999999999463,3,159,0.018518518518518517,-2.9669937407407407
759.9999999994538,4,158,0.024691358024691357,-3.955991654320987
769.9999999994448,6,156,0.037037037037037035,-5.9339874814814815
779.9999999994357,5,157,0.030864197530864196,-4.944989567901234
789.9999999994266,6,156,0.037037037037037035,-5.9339874814814815
799.9999999994175,2,160,0.012345679012345678,-1.9779958271604936
809.9999999994084,7,155,0.043209876543209874,-6.922985395061729
819.9999999993993,4,158,0.024691358024691357,-3.955991654320987
829.9999999993902,5,157,0.030864197530864196,-4.944989567901234
839.9999999993811,6,156,0.037037037037037035,-5.9339874814814815
849.999999999372,5,157,0.030864197530864196,-4.944989567901234
859.9999999993629,5,157,0.030864197530864196,-4.944989567901234
869.9999999993538,4,158,0.024691358024691357,-3.955991654320987
879.9999999993447,7,155,0.043209876543209874,-6.922985395061729
889.9999999993356,6,156,0.037037037037037035,-5.9339874814814815
899.9999999993265,6,156,0.037037037037037035,-5.9339874814814815
909.9999999993174,4,158,0.024691358024691357,-3.955991654320987
919.9999999993083,3,159,0.018518518518518517,-2.9669937407407407
929.9999999992992,7,155,0.043209876543209874,-6.922985395061729
939.9999999992901,4,158,0.024691358024691357,-3.955991654320987
949.999999999281,2,160,0.012345679012345678,-1.9779958271604936
959.999999999272,1,161,0.006172839506172839,-0.9889979135802468
969.9999999992629,2,160,0.012345679012345678,-1.9779958271604936
979.9999999992538,3,159,0.018518518518518517,-2.9669937407407407
989.9999999992447,3,159,0.018518518518518517,-2.9669937407407407
999.9999999992356,4,158,0.024691358024691357,-3.955991654320987
1009.9999999992265,5,157,0.030864197530864196,-4.944989567901234
1019.9999999992174,6,156,0.037037037037037035,-5.9339874814814815
1029.9999999992083,5,157,0.030864197530864196,-4.944989567901234
1039.9999999991992,4,158,0.024691358024691357,-3.955991654320987
1049.99999999919,5,157,0.030864197530864196,-4.944989567901234
1059.999999999181,3,159,0.018518518518518517,-2.9669937407407407
1069.999999999172,2,160,0.012345679012345678,-1.9779958271604936
1079.9999999991628,4,158,0.024691358024691357,-3.955991654320987
1089.9999999991537,4,158,0.024691358024691357,-3.955991654320987
1099.9999999991446,4,158,0.024691358024691357,-3.955991654320987
1109.9999999991355,4,158,0.024691358024691357,-3.955991654320987
1119.9999999991264,5,157,0.030864197530864196,-4.944989567901234
1129.9999999991173,5,157,0.030864197530864196,-4.944989567901234
1139.9999999991082,5,157,0.030864197530864196,-4.944989567901234
1149.9999999990991,5,157,0.030864197530864196,-4.944989567901234
1159.99999999909,1,161,0.006172839506172839,-0.9889979135802468
1169.999999999081,6,156,0.037037037037037035,-5.9339874814814815
1179.9999999990719,6,156,0.037037037037037035,-5.9339874814814815
1189.9999999990628,2,160,0.012345679012345678,-1.9779958271604936
1199.9999999990537,4,158,0.024691358024691357,-3.955991654320987
1209.9999999990446,3,159,0.018518518518518517,-2.9669937407407407
1219.9999999990355,2,160,0.012345679012345678,-1.9779958271604936
1229.9999999990264,2,160,0.012345679012345678,-1.9779958271604936
1239.9999999990173,5,157,0.030864197530864196,-4.944989567901234
1249.9999999990082,4,158,0.024691358024691357,-3.955991654320987
1259.999999998999,7,155,0.043209876543209874,-6.922985395061729
1269.99999999899,6,156,0.037037037037037035,-5.9339874814814815
1279.999999998981,4,158,0.024691358024691357,-3.955991654320987
1289.9999999989718,1,161,0.006172839506172839,-0.9889979135802468
1299.9999999989627,5,157,0.030864197530864196,-4.944989567901234
1309.9999999989536,4,158,0.024691358024691357,-3.955991654320987
1319.9999999989445,2,160,0.012345679012345678,-1.9779958271604936
1329.9999999989354,4,158,0.024691358024691357,-3.955991654320987
1339.9999999989263,3,159,0.018518518518518517,-2.9669937407407407
1349.9999999989172,4,158,0.024691358024691357,-3.955991654320987
1359.9999999989082,3,159,0.018518518518518517,-2.9669937407407407
1369.999999998899,5,157,0.030864197530864196,-4.944989567901234
1379.99999999889,3,159,0.018518518518518517,-2.9669937407407407
1389.9999999988809,5,157,0.030864197530864196,-4.944989567901234
1399.9999999988718,3,159,0.018518518518518517,-2.9669937407407407
1409.9999999988627,7,155,0.043209876543209874,-6.922985395061729
1419.9999999988536,4,158,0.024691358024691357,-3.955991654320987
1429.9999999988445,4,158,0.024691358024691357,-3.955991654320987
1439.9999999988354,1,161,0.006172839506172839,-0.9889979135802468
1449.9999999988263,1,161,0.006172839506172839,-0.9889979135802468
1459.9999999988172,4,158,0.024691358024691357,-3.955991654320987
1469.999999998808,4,158,0.024691358024691357,-3.955991654320987
1479.999999998799,2,160,0.012345679012345678,-1.9779958271604936
1489.99999999879,2,160,0.012345679012345678,-1.9779958271604936
1499.9999999987808,3,159,0.018518518518518517,-2.9669937407407407
1509.9999999987717,2,160,0.012345679012345678,-1.9779958271604936
1519.9999999987626,1,161,0.006172839506172839,-0.9889979135802468
1529.9999999987535,2,160,0.012345679012345678,-1.9779958271604936
1539.9999999987444,0,162,0.0,0.0
1549.9999999987353,2,160,0.012345679012345678,-1.9779958271604936
1559.9999999987263,2,160,0.012345679012345678,-1.9779958271604936
1569.9999999987172,4,158,0.024691358024691357,-3.955991654320987
1579.999999998708,4,158,0.024691358024691357,-3.955991654320987
1589.999999998699,4,158,0.024691358024691357,-3.955991654320987
1599.9999999986899,4,158,0.024691358024691357,-3.955991654320987
1609.9999999986808,1,161,0.006172839506172839,-0.9889979135802468
1619.9999999986717,1,161,0.006172839506172839,-0.9889979135802468
1629.9999999986626,4,158,0.024691358024691357,-3.955991654320987
1639.9999999986535,4,158,0.024691358024691357,-3.955991654320987
1649.9999999986444,4,158,0.024691358024691357,-3.955991654320987
1659.9999999986353,7,155,0.043209876543209874,-6.922985395061729
1669.9999999986262,3,159,0.018518518518518517,-2.9669937407407407
1679.999999998617,5,157,0.030864197530864196,-4.944989567901234
1689.999999998608,3,159,0.018518518518518517,-2.9669937407407407
1699.999999998599,8,154,0.04938271604938271,-7.911983308641974
1709.9999999985898,7,155,0.043209876543209874,-6.922985395061729
1719.9999999985807,4,158,0.024691358024691357,-3.955991654320987
1729.9999999985716,7,155,0.043209876543209874,-6.922985395061729
1739.9999999985625,2,160,0.012345679012345678,-1.9779958271604936
1749.9999999985534,5,157,0.030864197530864196,-4.944989567901234
1759.9999999985444,5,157,0.030864197530864196,-4.944989567901234
1769.9999999985353,3,159,0.018518518518518517,-2.9669937407407407
1779.9999999985262,4,158,0.024691358024691357,-3.955991654320987
1789.999999998517,7,155,0.043209876543209874,-6.922985395061729
1799.999999998508,0,162,0.0,0.0
1809.9999999984989,3,159,0.018518518518518517,-2.9669937407407407
1819.9999999984898,7,155,0.043209876543209874,-6.922985395061729
1829.9999999984807,2,160,0.012345679012345678,-1.9779958271604936
1839.9999999984716,3,159,0.018518518518518517,-2.9669937407407407
1849.9999999984625,4,158,0.024691358024691357,-3.955991654320987
1859.9999999984534,4,158,0.024691358024691357,-3.955991654320987
1869.9999999984443,4,158,0.024691358024691357,-3.955991654320987
1879.9999999984352,4,158,0.024691358024691357,-3.955991654320987
1889.9999999984261,5,157,0.030864197530864196,-4.944989567901234
1899.999999998417,4,158,0.024691358024691357,-3.955991654320987
1909.999999998408,4,158,0.024691358024691357,-3.955991654320987
1919.9999999983988,6,156,0.037037037037037035,-5.9339874814814815
1929.9999999983897,1,161,0.006172839506172839,-0.9889979135802468
1939.9999999983806,3,159,0.018518518518518517,-2.9669937407407407
1949.9999999983715,3,159,0.018518518518518517,-2.9669937407407407
1959.9999999983625,4,158,0.024691358024691357,-3.955991654320987
1969.9999999983534,3,159,0.018518518518518517,-2.9669937407407407
1979.9999999983443,5,157,0.030864197530864196,-4.944989567901234
1989.9999999983352,4,158,0.024691358024691357,-3.955991654320987
1999.999999998326,5,157,0.030864197530864196,-4.944989567901234
2009.999999998317,1,161,0.006172839506172839,-0.9889979135802468
2019.9999999983079,4,158,0.024691358024691357,-3.955991654320987
2029.9999999982988,4,158,0.024691358024691357,-3.955991654320987
2039.9999999982897,4,158,0.024691358024691357,-3.955991654320987
2049.999999998326,4,158,0.024691358024691357,-3.955991654320987
2059.9999999985444,2,160,0.012345679012345678,-1.9779958271604936
2069.9999999987626,6,156,0.037037037037037035,-5.9339874814814815
2079.999999998981,2,160,0.012345679012345678,-1.9779958271604936
2089.999999999199,2,160,0.012345679012345678,-1.9779958271604936
2099.9999999994175,5,157,0.030864197530864196,-4.944989567901234
2109.9999999996357,1,161,0.006172839506172839,-0.9889979135802468
2119.999999999854,2,160,0.012345679012345678,-1.9779958271604936
2130.0000000000723,4,158,0.024691358024691357,-3.955991654320987
2140.0000000002906,5,157,0.030864197530864196,-4.944989567901234
2150.000000000509,1,161,0.006172839506172839,-0.9889979135802468
2160.000000000727,1,161,0.006172839506172839,-0.9889979135802468
2170.0000000009454,2,160,0.012345679012345678,-1.9779958271604936
2180.0000000011637,3,159,0.018518518518518517,-2.9669937407407407
2190.000000001382,2,160,0.012345679012345678,-1.9779958271604936
2200.0000000016003,3,159,0.018518518518518517,-2.9669937407407407
2210.0000000018185,1,161,0.006172839506172839,-0.9889979135802468
2220.000000002037,2,160,0.012345679012345678,-1.9779958271604936
2230.000000002255,1,161,0.006172839506172839,-0.9889979135802468
2240.0000000024734,1,161,0.006172839506172839,-0.9889979135802468
2250.0000000026916,4,158,0.024691358024691357,-3.955991654320987
2260.00000000291,3,159,0.018518518518518517,-2.9669937407407407
2270.000000003128,1,161,0.006172839506172839,-0.9889979135802468
2280.0000000033465,3,159,0.018518518518518517,-2.9669937407407407
2290.0000000035648,4,158,0.024691358024691357,-3.955991654320987
2300.000000003783,4,158,0.024691358024691357,-3.955991654320987
2310.0000000040013,3,159,0.018518518518518517,-2.9669937407407407
2320.0000000042196,5,157,0.030864197530864196,-4.944989567901234
2330.000000004438,3,159,0.018518518518518517,-2.9669937407407407
2340.000000004656,4,158,0.024691358024691357,-3.955991654320987
2350.0000000048744,1,161,0.006172839506172839,-0.9889979135802468
2360.0000000050927,3,159,0.018518518518518517,-2.9669937407407407
2370.000000005311,7,155,0.043209876543209874,-6.922985395061729
2380.0000000055293,2,160,0.012345679012345678,-1.9779958271604936
2390.0000000057476,5,157,0.030864197530864196,-4.944989567901234
2400.000000005966,6,156,0.037037037037037035,-5.9339874814814815
2410.000000006184,2,160,0.012345679012345678,-1.9779958271604936
2420.0000000064024,4,158,0.024691358024691357,-3.955991654320987
2430.0000000066207,5,157,0.030864197530864196,-4.944989567901234
2440.000000006839,7,155,0.043209876543209874,-6.922985395061729
2450.000000007057,6,156,0.037037037037037035,-5.9339874814814815
2460.0000000072755,4,158,0.024691358024691357,-3.955991654320987
2470.000000007494,4,158,0.024691358024691357,-3.955991654320987
2480.000000007712,5,157,0.030864197530864196,-4.944989567901234
2490.0000000079303,4,158,0.024691358024691357,-3.955991654320987
2500.0000000081486,3,159,0.018518518518518517,-2.9669937407407407
2510.000000008367,1,161,0.006172839506172839,-0.9889979135802468
2520.000000008585,6,156,0.037037037037037035,-5.9339874814814815
2530.0000000088035,5,157,0.030864197530864196,-4.944989567901234
2540.0000000090217,4,158,0.024691358024691357,-3.955991654320987
2550.00000000924,5,157,0.030864197530864196,-4.944989567901234
2560.0000000094583,6,156,0.037037037037037035,-5.9339874814814815
2570.0000000096766,3,159,0.018518518518518517,-2.9669937407407407
2580.000000009895,4,158,0.024691358024691357,-3.955991654320987
2590.000000010113,9,153,0.05555555555555555,-8.90098122222222
2600.0000000103314,7,155,0.043209876543209874,-6.922985395061729
2610.0000000105497,6,156,0.037037037037037035,-5.9339874814814815
2620.000000010768,3,159,0.018518518518518517,-2.9669937407407407
2630.0000000109862,4,158,0.024691358024691357,-3.955991654320987
2640.0000000112045,7,155,0.043209876543209874,-6.922985395061729
2650.000000011423,4,158,0.024691358024691357,-3.955991654320987
2660.000000011641,8,154,0.04938271604938271,-7.911983308641974
2670.0000000118594,6,156,0.037037037037037035,-5.9339874814814815
2680.0000000120776,6,156,0.037037037037037035,-5.9339874814814815
2690.000000012296,4,158,0.024691358024691357,-3.955991654320987
2700.000000012514,6,156,0.037037037037037035,-5.9339874814814815
2710.0000000127325,6,156,0.037037037037037035,-5.9339874814814815
2720.0000000129507,3,159,0.018518518518518517,-2.9669937407407407
2730.000000013169,4,158,0.024691358024691357,-3.955991654320987
2740.0000000133873,5,157,0.030864197530864196,-4.944989567901234
2750.0000000136056,4,158,0.024691358024691357,-3.955991654320987
2760.000000013824,3,159,0.018518518518518517,-2.9669937407407407
2770.000000014042,5,157,0.030864197530864196,-4.944989567901234
2780.0000000142604,4,158,0.024691358024691357,-3.955991654320987
2790.0000000144787,6,156,0.037037037037037035,-5.9339874814814815
2800.000000014697,4,158,0.024691358024691357,-3.955991654320987
2810.0000000149153,5,157,0.030864197530864196,-4.944989567901234
2820.0000000151335,5,157,0.030864197530864196,-4.944989567901234
2830.000000015352,3,159,0.018518518518518517,-2.9669937407407407
2840.00000001557,3,159,0.018518518518518517,-2.9669937407407407
2850.0000000157884,4,158,0.024691358024691357,-3.955991654320987
2860.0000000160067,7,155,0.043209876543209874,-6.922985395061729
2870.000000016225,6,156,0.037037037037037035,-5.9339874814814815
2880.000000016443,6,156,0.037037037037037035,-5.9339874814814815
2890.0000000166615,4,158,0.024691358024691357,-3.955991654320987
2900.0000000168798,4,158,0.024691358024691357,-3.955991654320987
2910.000000017098,5,157,0.030864197530864196,-4.944989567901234
2920.0000000173163,6,156,0.037037037037037035,-5.9339874814814815
2930.0000000175346,5,157,0.030864197530864196,-4.944989567901234
2940.000000017753,6,156,0.037037037037037035,-5.9339874814814815
2950.000000017971,8,154,0.04938271604938271,-7.911983308641974
2960.0000000181894,3,159,0.018518518518518517,-2.9669937407407407
2970.0000000184077,5,157,0.030864197530864196,-4.944989567901234
2980.000000018626,5,157,0.030864197530864196,-4.944989567901234
2990.0000000188443,4,158,0.024691358024691357,-3.955991654320987
3000.0000000190626,4,158,0.024691358024691357,-3.955991654320987
3010.000000019281,4,158,0.024691358024691357,-3.955991654320987
3020.000000019499,4,158,0.024691358024691357,-3.955991654320987
3030.0000000197174,4,158,0.024691358024691357,-3.955991654320987
3040.0000000199357,3,159,0.018518518518518517,-2.9669937407407407
3050.000000020154,5,157,0.030864197530864196,-4.944989567901234
3060.000000020372,4,158,0.024691358024691357,-3.955991654320987
3070.0000000205905,8,154,0.04938271604938271,-7.911983308641974
3080.000000020809,5,157,0.030864197530864196,-4.944989567901234
3090.000000021027,5,157,0.030864197530864196,-4.944989567901234
3100.0000000212453,5,157,0.030864197530864196,-4.944989567901234
3110.0000000214636,4,158,0.024691358024691357,-3.955991654320987
3120.000000021682,4,158,0.024691358024691357,-3.955991654320987
3130.0000000219,8,154,0.04938271604938271,-7.911983308641974
3140.0000000221185,3,159,0.018518518518518517,-2.9669937407407407
3150.0000000223367,2,160,0.012345679012345678,-1.9779958271604936
3160.000000022555,4,158,0.024691358024691357,-3.955991654320987
3170.0000000227733,3,159,0.018518518518518517,-2.9669937407407407
3180.0000000229916,6,156,0.037037037037037035,-5.9339874814814815
3190.00000002321,5,157,0.030864197530864196,-4.944989567901234
3200.000000023428,4,158,0.024691358024691357,-3.955991654320987
3210.0000000236464,5,157,0.030864197530864196,-4.944989567901234
3220.0000000238647,4,158,0.024691358024691357,-3.955991654320987
3230.000000024083,4,158,0.024691358024691357,-3.955991654320987
3240.0000000243012,3,159,0.018518518518518517,-2.9669937407407407
3250.0000000245195,5,157,0.030864197530864196,-4.944989567901234
3260.000000024738,8,154,0.04938271604938271,-7.911983308641974
3270.000000024956,4,158,0.024691358024691357,-3.955991654320987
3280.0000000251744,5,157,0.030864197530864196,-4.944989567901234
3290.0000000253926,6,156,0.037037037037037035,-5.9339874814814815
3300.000000025611,6,156,0.037037037037037035,-5.9339874814814815
3310.000000025829,5,157,0.030864197530864196,-4.944989567901234
3320.0000000260475,5,157,0.030864197530864196,-4.944989567901234
3330.0000000262658,4,158,0.024691358024691357,-3.955991654320987
3340.000000026484,6,156,0.037037037037037035,-5.9339874814814815
3350.0000000267023,5,157,0.030864197530864196,-4.944989567901234
3360.0000000269206,6,156,0.037037037037037035,-5.9339874814814815
3370.000000027139,4,158,0.024691358024691357,-3.955991654320987
3380.000000027357,3,159,0.018518518518518517,-2.9669937407407407
3390.0000000275754,4,158,0.024691358024691357,-3.955991654320987
3400.0000000277937,4,158,0.024691358024691357,-3.955991654320987
3410.000000028012,3,159,0.018518518518518517,-2.9669937407407407
3420.0000000282303,4,158,0.024691358024691357,-3.955991654320987
3430.0000000284485,2,160,0.012345679012345678,-1.9779958271604936
3440.000000028667,5,157,0.030864197530864196,-4.944989567901234
3450.000000028885,6,156,0.037037037037037035,-5.9339874814814815
3460.0000000291034,5,157,0.030864197530864196,-4.944989567901234
3470.0000000293217,3,159,0.018518518518518517,-2.9669937407407407
3480.00000002954,4,158,0.024691358024691357,-3.955991654320987
3490.000000029758,5,157,0.030864197530864196,-4.944989567901234
3500.0000000299765,4,158,0.024691358024691357,-3.955991654320987
3510.0000000301948,6,156,0.037037037037037035,-5.9339874814814815
3520.000000030413,3,159,0.018518518518518517,-2.9669937407407407
3530.0000000306313,4,158,0.024691358024691357,-3.955991654320987
3540.0000000308496,4,158,0.024691358024691357,-3.955991654320987
3550.000000031068,3,159,0.018518518518518517,-2.9669937407407407
3560.000000031286,6,156,0.037037037037037035,-5.9339874814814815
3570.0000000315044,5,157,0.030864197530864196,-4.944989567901234
3580.0000000317227,6,156,0.037037037037037035,-5.9339874814814815
3590.000000031941,6,156,0.037037037037037035,-5.9339874814814815
3600.0000000321593,7,155,0.043209876543209874,-6.922985395061729
3610.0000000323776,5,157,0.030864197530864196,-4.944989567901234
3620.000000032596,5,157,0.030864197530864196,-4.944989567901234
3630.000000032814,5,157,0.030864197530864196,-4.944989567901234
3640.0000000330324,3,159,0.018518518518518517,-2.9669937407407407
3650.0000000332507,7,155,0.043209876543209874,-6.922985395061729
3660.000000033469,2,160,0.012345679012345678,-1.9779958271604936
3670.0000000336872,3,159,0.018518518518518517,-2.9669937407407407
3680.0000000339055,5,157,0.030864197530864196,-4.944989567901234
3690.000000034124,5,157,0.030864197530864196,-4.944989567901234
3700.000000034342,5,157,0.030864197530864196,-4.944989567901234
3710.0000000345603,3,159,0.018518518518518517,-2.9669937407407407
3720.0000000347786,5,157,0.030864197530864196,-4.944989567901234
3730.000000034997,4,158,0.024691358024691357,-3.955991654320987
3740.000000035215,0,162,0.0,0.0
3750.0000000354335,4,158,0.024691358024691357,-3.955991654320987
3760.0000000356517,4,158,0.024691358024691357,-3.955991654320987
3770.00000003587,8,154,0.04938271604938271,-7.911983308641974
3780.0000000360883,2,160,0.012345679012345678,-1.9779958271604936
3790.0000000363066,4,158,0.024691358024691357,-3.955991654320987
3800.000000036525,5,157,0.030864197530864196,-4.944989567901234
3810.000000036743,2,160,0.012345679012345678,-1.9779958271604936
3820.0000000369614,4,158,0.024691358024691357,-3.955991654320987
3830.0000000371797,5,157,0.030864197530864196,-4.944989567901234
3840.000000037398,3,159,0.018518518518518517,-2.9669937407407407
3850.0000000376162,3,159,0.018518518518518517,-2.9669937407407407
3860.0000000378345,1,161,0.006172839506172839,-0.9889979135802468
3870.000000038053,5,157,0.030864197530864196,-4.944989567901234
3880.000000038271,3,159,0.018518518518518517,-2.9669937407407407
3890.0000000384894,4,158,0.024691358024691357,-3.955991654320987
3900.0000000387076,3,159,0.018518518518518517,-2.9669937407407407
3910.000000038926,2,160,0.012345679012345678,-1.9779958271604936
3920.000000039144,3,159,0.018518518518518517,-2.9669937407407407
3930.0000000393625,1,161,0.006172839506172839,-0.9889979135802468
3940.0000000395808,2,160,0.012345679012345678,-1.9779958271604936
3950.000000039799,2,160,0.012345679012345678,-1.9779958271604936
3960.0000000400173,4,158,0.024691358024691357,-3.955991654320987
3970.0000000402356,4,158,0.024691358024691357,-3.955991654320987
3980.000000040454,3,159,0.018518518518518517,-2.9669937407407407
3990.000000040672,6,156,0.037037037037037035,-5.9339874814814815
4000.0000000408904,5,157,0.030864197530864196,-4.944989567901234
4010.0000000411087,3,159,0.018518518518518517,-2.9669937407407407
4020.000000041327,4,158,0.024691358024691357,-3.955991654320987
4030.0000000415453,3,159,0.018518518518518517,-2.9669937407407407
4040.0000000417635,8,154,0.04938271604938271,-7.911983308641974
4050.000000041982,7,155,0.043209876543209874,-6.922985395061729
4060.0000000422,5,157,0.030864197530864196,-4.944989567901234
4070.0000000424184,1,161,0.006172839506172839,-0.9889979135802468
4080.0000000426367,4,158,0.024691358024691357,-3.955991654320987
4090.000000042855,4,158,0.024691358024691357,-3.955991654320987
4100.000000043073,1,161,0.006172839506172839,-0.9889979135802468
4110.000000043291,3,159,0.018518518518518517,-2.9669937407407407
4120.000000043509,5,157,0.030864197530864196,-4.944989567901234
4130.000000043728,4,158,0.024691358024691357,-3.955991654320987
4140.000000043946,5,157,0.030864197530864196,-4.944989567901234
4150.000000044164,7,155,0.043209876543209874,-6.922985395061729
4160.000000044382,1,161,0.006172839506172839,-0.9889979135802468
4170.000000044601,3,159,0.018518518518518517,-2.9669937407407407
4180.000000044819,4,158,0.024691358024691357,-3.955991654320987
4190.000000045037,4,158,0.024691358024691357,-3.955991654320987
4200.000000045256,5,157,0.030864197530864196,-4.944989567901234
4210.000000045474,4,158,0.024691358024691357,-3.955991654320987
4220.000000045692,1,161,0.006172839506172839,-0.9889979135802468
4230.00000004591,6,156,0.037037037037037035,-5.9339874814814815
4240.000000046129,3,159,0.018518518518518517,-2.9669937407407407
4250.000000046347,4,158,0.024691358024691357,-3.955991654320987
4260.000000046565,3,159,0.018518518518518517,-2.9669937407407407
4270.0000000467835,1,161,0.006172839506172839,-0.9889979135802468
4280.000000047002,3,159,0.018518518518518517,-2.9669937407407407
4290.00000004722,3,159,0.018518518518518517,-2.9669937407407407
4300.000000047438,2,160,0.012345679012345678,-1.9779958271604936
4310.000000047657,5,157,0.030864197530864196,-4.944989567901234
4320.000000047875,3,159,0.018518518518518517,-2.9669937407407407
4330.000000048093,3,159,0.018518518518518517,-2.9669937407407407
4340.000000048311,5,157,0.030864197530864196,-4.944989567901234
4350.00000004853,3,159,0.018518518518518517,-2.9669937407407407
4360.000000048748,3,159,0.018518518518518517,-2.9669937407407407
4370.000000048966,3,159,0.018518518518518517,-2.9669937407407407
4380.000000049185,3,159,0.018518518518518517,-2.9669937407407407
4390.000000049403,4,158,0.024691358024691357,-3.955991654320987
4400.000000049621,5,157,0.030864197530864196,-4.944989567901234
4410.000000049839,4,158,0.024691358024691357,-3.955991654320987
4420.000000050058,4,158,0.024691358024691357,-3.955991654320987
4430.000000050276,6,156,0.037037037037037035,-5.9339874814814815
4440.000000050494,3,159,0.018518518518518517,-2.9669937407407407
4450.0000000507125,2,160,0.012345679012345678,-1.9779958271604936
4460.000000050931,1,161,0.006172839506172839,-0.9889979135802468
4470.000000051149,6,156,0.037037037037037035,-5.9339874814814815
4480.000000051367,2,160,0.012345679012345678,-1.9779958271604936
4490.000000051586,4,158,0.024691358024691357,-3.955991654320987
4500.000000051804,5,157,0.030864197530864196,-4.944989567901234
4510.000000052022,8,154,0.04938271604938271,-7.911983308641974
4520.0000000522405,2,160,0.012345679012345678,-1.9779958271604936
4530.000000052459,9,153,0.05555555555555555,-8.90098122222222
4540.000000052677,4,158,0.024691358024691357,-3.955991654320987
4550.000000052895,3,159,0.018518518518518517,-2.9669937407407407
4560.000000053114,8,154,0.04938271604938271,-7.911983308641974
4570.000000053332,4,158,0.024691358024691357,-3.955991654320987
4580.00000005355,2,160,0.012345679012345678,-1.9779958271604936
4590.000000053768,2,160,0.012345679012345678,-1.9779958271604936
4600.000000053987,4,158,0.024691358024691357,-3.955991654320987
4610.000000054205,5,157,0.030864197530864196,-4.944989567901234
4620.000000054423,1,161,0.006172839506172839,-0.9889979135802468
4630.0000000546415,5,157,0.030864197530864196,-4.944989567901234
4640.00000005486,4,158,0.024691358024691357,-3.955991654320987
4650.000000055078,4,158,0.024691358024691357,-3.955991654320987
4660.000000055296,6,156,0.037037037037037035,-5.9339874814814815
4670.000000055515,2,160,0.012345679012345678,-1.9779958271604936
4680.000000055733,3,159,0.018518518518518517,-2.9669937407407407
4690.000000055951,5,157,0.030864197530864196,-4.944989567901234
4700.0000000561695,7,155,0.043209876543209874,-6.922985395061729
4710.000000056388,5,157,0.030864197530864196,-4.944989567901234
4720.000000056606,3,159,0.018518518518518517,-2.9669937407407407
4730.000000056824,6,156,0.037037037037037035,-5.9339874814814815
4740.000000057043,3,159,0.018518518518518517,-2.9669937407407407
4750.000000057261,5,157,0.030864197530864196,-4.944989567901234
4760.000000057479,4,158,0.024691358024691357,-3.955991654320987
4770.000000057697,4,158,0.024691358024691357,-3.955991654320987
4780.000000057916,5,157,0.030864197530864196,-4.944989567901234
4790.000000058134,7,155,0.043209876543209874,-6.922985395061729
4800.000000058352,3,159,0.018518518518518517,-2.9669937407407407
4810.000000058571,3,159,0.018518518518518517,-2.9669937407407407
4820.000000058789,4,158,0.024691358024691357,-3.955991654320987
4830.000000059007,2,160,0.012345679012345678,-1.9779958271604936
4840.000000059225,3,159,0.018518518518518517,-2.9669937407407407
4850.000000059444,5,157,0.030864197530864196,-4.944989567901234
4860.000000059662,4,158,0.024691358024691357,-3.955991654320987
4870.00000005988,3,159,0.018518518518518517,-2.9669937407407407
4880.0000000600985,2,160,0.012345679012345678,-1.9779958271604936
4890.000000060317,4,158,0.024691358024691357,-3.955991654320987
4900.000000060535,4,158,0.024691358024691357,-3.955991654320987
4910.000000060753,7,155,0.043209876543209874,-6.922985395061729
4920.000000060972,3,159,0.018518518518518517,-2.9669937407407407
4930.00000006119,4,158,0.024691358024691357,-3.955991654320987
4940.000000061408,6,156,0.037037037037037035,-5.9339874814814815
4950.000000061626,4,158,0.024691358024691357,-3.955991654320987
4960.000000061845,6,156,0.037037037037037035,-5.9339874814814815
4970.000000062063,2,160,0.012345679012345678,-1.9779958271604936
4980.000000062281,5,157,0.030864197530864196,-4.944989567901234
4990.0000000625,4,158,0.024691358024691357,-3.955991654320987
5000.000000062718,3,159,0.018518518518518517,-2.9669937407407407
5010.000000062936,3,159,0.018518518518518517,-2.9669937407407407
5020.000000063154,5,157,0.030864197530864196,-4.944989567901234
5030.000000063373,3,159,0.018518518518518517,-2.9669937407407407
5040.000000063591,3,159,0.018518518518518517,-2.9669937407407407
5050.000000063809,3,159,0.018518518518518517,-2.9669937407407407
5060.0000000640275,2,160,0.012345679012345678,-1.9779958271604936
5070.000000064246,3,159,0.018518518518518517,-2.9669937407407407
5080.000000064464,5,157,0.030864197530864196,-4.944989567901234
5090.000000064682,4,158,0.024691358024691357,-3.955991654320987
5100.000000064901,4,158,0.024691358024691357,-3.955991654320987
5110.000000065119,7,155,0.043209876543209874,-6.922985395061729
5120.000000065337,3,159,0.018518518518518517,-2.9669937407407407
5130.0000000655555,5,157,0.030864197530864196,-4.944989567901234
5140.000000065774,4,158,0.024691358024691357,-3.955991654320987
5150.000000065992,3,159,0.018518518518518517,-2.9669937407407407
5160.00000006621,2,160,0.012345679012345678,-1.9779958271604936
5170.000000066429,4,158,0.024691358024691357,-3.955991654320987
5180.000000066647,4,158,0.024691358024691357,-3.955991654320987
5190.000000066865,3,159,0.018518518518518517,-2.9669937407407407
5200.000000067083,3,159,0.018518518518518517,-2.9669937407407407
5210.000000067302,5,157,0.030864197530864196,-4.944989567901234
5220.00000006752,3,159,0.018518518518518517,-2.9669937407407407
5230.000000067738,5,157,0.030864197530864196,-4.944989567901234
5240.0000000679565,4,158,0.024691358024691357,-3.955991654320987
5250.000000068175,4,158,0.024691358024691357,-3.955991654320987
5260.000000068393,4,158,0.024691358024691357,-3.955991654320987
5270.000000068611,4,158,0.024691358024691357,-3.955991654320987
5280.00000006883,5,157,0.030864197530864196,-4.944989567901234
5290.000000069048,4,158,0.024691358024691357,-3.955991654320987
5300.000000069266,5,157,0.030864197530864196,-4.944989567901234
5310.0000000694845,4,158,0.024691358024691357,-3.955991654320987
5320.000000069703,2,160,0.012345679012345678,-1.9779958271604936
5330.000000069921,3,159,0.018518518518518517,-2.9669937407407407
5340.000000070139,5,157,0.030864197530864196,-4.944989567901234
5350.000000070358,3,159,0.018518518518518517,-2.9669937407407407
5360.000000070576,5,157,0.030864197530864196,-4.944989567901234
5370.000000070794,7,155,0.043209876543209874,-6.922985395061729
5380.000000071012,6,156,0.037037037037037035,-5.9339874814814815
5390.000000071231,3,159,0.018518518518518517,-2.9669937407407407
5400.000000071449,1,161,0.006172839506172839,-0.9889979135802468
5410.000000071667,3,159,0.018518518518518517,-2.9669937407407407
5420.000000071886,2,160,0.012345679012345678,-1.9779958271604936
5430.000000072104,1,161,0.006172839506172839,-0.9889979135802468
5440.000000072322,2,160,0.012345679012345678,-1.9779958271604936
5450.00000007254,6,156,0.037037037037037035,-5.9339874814814815
5460.000000072759,6,156,0.037037037037037035,-5.9339874814814815
5470.000000072977,4,158,0.024691358024691357,-3.955991654320987
5480.000000073195,3,159,0.018518518518518517,-2.9669937407407407
5490.0000000734135,2,160,0.012345679012345678,-1.9779958271604936
5500.000000073632,5,157,0.030864197530864196,-4.944989567901234
5510.00000007385,3,159,0.018518518518518517,-2.9669937407407407
5520.000000074068,2,160,0.012345679012345678,-1.9779958271604936
5530.000000074287,3,159,0.018518518518518517,-2.9669937407407407
5540.000000074505,2,160,0.012345679012345678,-1.9779958271604936
5550.000000074723,5,157,0.030864197530864196,-4.944989567901234
5560.000000074941,7,155,0.043209876543209874,-6.922985395061729
5570.00000007516,3,159,0.018518518518518517,-2.9669937407407407
5580.000000075378,4,158,0.024691358024691357,-3.955991654320987
5590.000000075596,4,158,0.024691358024691357,-3.955991654320987
5600.000000075815,3,159,0.018518518518518517,-2.9669937407407407
5610.000000076033,8,154,0.04938271604938271,-7.911983308641974
5620.000000076251,3,159,0.018518518518518517,-2.9669937407407407
5630.000000076469,4,158,0.024691358024691357,-3.955991654320987
5640.000000076688,4,158,0.024691358024691357,-3.955991654320987
5650.000000076906,3,159,0.018518518518518517,-2.9669937407407407
5660.000000077124,6,156,0.037037037037037035,-5.9339874814814815
5670.0000000773425,4,158,0.024691358024691357,-3.955991654320987
5680.000000077561,1,161,0.006172839506172839,-0.9889979135802468
5690.000000077779,5,157,0.030864197530864196,-4.944989567901234
5700.000000077997,2,160,0.012345679012345678,-1.9779958271604936
5710.000000078216,3,159,0.018518518518518517,-2.9669937407407407
5720.000000078434,6,156,0.037037037037037035,-5.9339874814814815
5730.000000078652,3,159,0.018518518518518517,-2.9669937407407407
5740.0000000788705,5,157,0.030864197530864196,-4.944989567901234
5750.000000079089,5,157,0.030864197530864196,-4.944989567901234
5760.000000079307,2,160,0.012345679012345678,-1.9779958271604936
5770.000000079525,6,156,0.037037037037037035,-5.9339874814814815
5780.000000079744,5,157,0.030864197530864196,-4.944989567901234
5790.000000079962,2,160,0.012345679012345678,-1.9779958271604936
5800.00000008018,5,157,0.030864197530864196,-4.944989567901234
5810.000000080398,4,158,0.024691358024691357,-3.955991654320987
5820.000000080617,8,154,0.04938271604938271,-7.911983308641974
5830.000000080835,3,159,0.018518518518518517,-2.9669937407407407
5840.000000081053,4,158,0.024691358024691357,-3.955991654320987
5850.0000000812715,5,157,0.030864197530864196,-4.944989567901234
5860.00000008149,3,159,0.018518518518518517,-2.9669937407407407
5870.000000081708,3,159,0.018518518518518517,-2.9669937407407407
5880.000000081926,4,158,0.024691358024691357,-3.955991654320987
5890.000000082145,4,158,0.024691358024691357,-3.955991654320987
5900.000000082363,5,157,0.030864197530864196,-4.944989567901234
5910.000000082581,2,160,0.012345679012345678,-1.9779958271604936
5920.0000000827995,5,157,0.030864197530864196,-4.944989567901234
5930.000000083018,2,160,0.012345679012345678,-1.9779958271604936
5940.000000083236,3,159,0.018518518518518517,-2.9669937407407407
5950.000000083454,2,160,0.012345679012345678,-1.9779958271604936
5960.000000083673,2,160,0.012345679012345678,-1.9779958271604936
5970.000000083891,3,159,0.018518518518518517,-2.9669937407407407
5980.000000084109,5,157,0.030864197530864196,-4.944989567901234
5990.000000084327,5,157,0.030864197530864196,-4.944989567901234
6000.000000084546,5,157,0.030864197530864196,-4.944989567901234
6010.000000084764,6,156,0.037037037037037035,-5.9339874814814815
6020.000000084982,4,158,0.024691358024691357,-3.955991654320987
6030.000000085201,5,157,0.030864197530864196,-4.944989567901234
6040.000000085419,5,157,0.030864197530864196,-4.944989567901234
6050.000000085637,4,158,0.024691358024691357,-3.955991654320987
6060.000000085855,5,157,0.030864197530864196,-4.944989567901234
6070.000000086074,5,157,0.030864197530864196,-4.944989567901234
6080.000000086292,3,159,0.018518518518518517,-2.9669937407407407
6090.00000008651,5,157,0.030864197530864196,-4.944989567901234
6100.0000000867285,6,156,0.037037037037037035,-5.9339874814814815
6110.000000086947,5,157,0.030864197530864196,-4.944989567901234
6120.000000087165,3,159,0.018518518518518517,-2.9669937407407407
6130.000000087383,4,158,0.024691358024691357,-3.955991654320987
6140.000000087602,6,156,0.037037037037037035,-5.9339874814814815
6150.00000008782,5,157,0.030864197530864196,-4.944989567901234
6160.000000088038,3,159,0.018518518518518517,-2.9669937407407407
6170.0000000882565,3,159,0.018518518518518517,-2.9669937407407407
6180.000000088475,2,160,0.012345679012345678,-1.9779958271604936
6190.000000088693,0,162,0.0,0.0
6200.000000088911,4,158,0.024691358024691357,-3.955991654320987
6210.00000008913,2,160,0.012345679012345678,-1.9779958271604936
6220.000000089348,5,157,0.030864197530864196,-4.944989567901234
6230.000000089566,3,159,0.018518518518518517,-2.9669937407407407
6240.000000089784,5,157,0.030864197530864196,-4.944989567901234
6250.000000090003,2,160,0.012345679012345678,-1.9779958271604936
6260.000000090221,4,158,0.024691358024691357,-3.955991654320987
6270.000000090439,6,156,0.037037037037037035,-5.9339874814814815
6280.0000000906575,3,159,0.018518518518518517,-2.9669937407407407
6290.000000090876,4,158,0.024691358024691357,-3.955991654320987
6300.000000091094,0,162,0.0,0.0
6310.000000091312,2,160,0.012345679012345678,-1.9779958271604936
6320.000000091531,5,157,0.030864197530864196,-4.944989567901234
6330.000000091749,2,160,0.012345679012345678,-1.9779958271604936
6340.000000091967,0,162,0.0,0.0
6350.0000000921855,5,157,0.030864197530864196,-4.944989567901234
6360.000000092404,2,160,0.012345679012345678,-1.9779958271604936
6370.000000092622,3,159,0.018518518518518517,-2.9669937407407407
6380.00000009284,6,156,0.037037037037037035,-5.9339874814814815
6390.000000093059,5,157,0.030864197530864196,-4.944989567901234
6400.000000093277,4,158,0.024691358024691357,-3.955991654320987
6410.000000093495,4,158,0.024691358024691357,-3.955991654320987
6420.000000093713,4,158,0.024691358024691357,-3.955991654320987
6430.000000093932,2,160,0.012345679012345678,-1.9779958271604936
6440.00000009415,5,157,0.030864197530864196,-4.944989567901234
6450.000000094368,4,158,0.024691358024691357,-3.955991654320987
6460.0000000945865,5,157,0.030864197530864196,-4.944989567901234
6470.000000094805,3,159,0.018518518518518517,-2.9669937407407407
6480.000000095023,4,158,0.024691358024691357,-3.955991654320987
6490.000000095241,4,158,0.024691358024691357,-3.955991654320987
6500.00000009546,5,157,0.030864197530864196,-4.944989567901234
6510.000000095678,4,158,0.024691358024691357,-3.955991654320987
6520.000000095896,3,159,0.018518518518518517,-2.9669937407407407
6530.0000000961145,6,156,0.037037037037037035,-5.9339874814814815
6540.000000096333,2,160,0.012345679012345678,-1.9779958271604936
6550.000000096551,3,159,0.018518518518518517,-2.9669937407407407
6560.000000096769,2,160,0.012345679012345678,-1.9779958271604936
6570.000000096988,6,156,0.037037037037037035,-5.9339874814814815
6580.000000097206,4,158,0.024691358024691357,-3.955991654320987
6590.000000097424,3,159,0.018518518518518517,-2.9669937407407407
6600.000000097642,2,160,0.012345679012345678,-1.9779958271604936
6610.000000097861,2,160,0.012345679012345678,-1.9779958271604936
6620.000000098079,3,159,0.018518518518518517,-2.9669937407407407
6630.000000098297,3,159,0.018518518518518517,-2.9669937407407407
6640.000000098516,1,161,0.006172839506172839,-0.9889979135802468
6650.000000098734,2,160,0.012345679012345678,-1.9779958271604936
6660.000000098952,4,158,0.024691358024691357,-3.955991654320987
6670.00000009917,1,161,0.006172839506172839,-0.9889979135802468
6680.000000099389,3,159,0.018518518518518517,-2.9669937407407407
6690.000000099607,3,159,0.018518518518518517,-2.9669937407407407
6700.000000099825,3,159,0.018518518518518517,-2.9669937407407407
6710.0000001000435,3,159,0.018518518518518517,-2.9669937407407407
6720.000000100262,1,161,0.006172839506172839,-0.9889979135802468
6730.00000010048,1,161,0.006172839506172839,-0.9889979135802468
6740.000000100698,2,160,0.012345679012345678,-1.9779958271604936
6750.000000100917,4,158,0.024691358024691357,-3.955991654320987
6760.000000101135,2,160,0.012345679012345678,-1.9779958271604936
6770.000000101353,3,159,0.018518518518518517,-2.9669937407407407
6780.0000001015715,6,156,0.037037037037037035,-5.9339874814814815
6790.00000010179,6,156,0.037037037037037035,-5.9339874814814815
6800.000000102008,4,158,0.024691358024691357,-3.955991654320987
6810.000000102226,3,159,0.018518518518518517,-2.9669937407407407
6820.000000102445,2,160,0.012345679012345678,-1.9779958271604936
6830.000000102663,2,160,0.012345679012345678,-1.9779958271604936
6840.000000102881,4,158,0.024691358024691357,-3.955991654320987
6850.000000103099,3,159,0.018518518518518517,-2.9669937407407407
6860.000000103318,6,156,0.037037037037037035,-5.9339874814814815
6870.000000103536,3,159,0.018518518518518517,-2.9669937407407407
6880.000000103754,3,159,0.018518518518518517,-2.9669937407407407
6890.0000001039725,1,161,0.006172839506172839,-0.9889979135802468
6900.000000104191,4,158,0.024691358024691357,-3.955991654320987
6910.000000104409,3,159,0.018518518518518517,-2.9669937407407407
6920.000000104627,2,160,0.012345679012345678,-1.9779958271604936
6930.000000104846,3,159,0.018518518518518517,-2.9669937407407407
6940.000000105064,3,159,0.018518518518518517,-2.9669937407407407
6950.000000105282,4,158,0.024691358024691357,-3.955991654320987
6960.0000001055005,5,157,0.030864197530864196,-4.944989567901234
6970.000000105719,2,160,0.012345679012345678,-1.9779958271604936
6980.000000105937,2,160,0.012345679012345678,-1.9779958271604936
6990.000000106155,3,159,0.018518518518518517,-2.9669937407407407
7000.000000106374,3,159,0.018518518518518517,-2.9669937407407407
7010.000000106592,3,159,0.018518518518518517,-2.9669937407407407
7020.00000010681,2,160,0.012345679012345678,-1.9779958271604936
7030.000000107028,2,160,0.012345679012345678,-1.9779958271604936
7040.000000107247,2,160,0.012345679012345678,-1.9779958271604936
7050.000000107465,2,160,0.012345679012345678,-1.9779958271604936
7060.000000107683,4,158,0.024691358024691357,-3.955991654320987
7070.0000001079015,1,161,0.006172839506172839,-0.9889979135802468
7080.00000010812,3,159,0.018518518518518517,-2.9669937407407407
7090.000000108338,3,159,0.018518518518518517,-2.9669937407407407
7100.000000108556,0,162,0.0,0.0
7110.000000108775,2,160,0.012345679012345678,-1.9779958271604936
7120.000000108993,6,156,0.037037037037037035,-5.9339874814814815
7130.000000109211,2,160,0.012345679012345678,-1.9779958271604936
7140.0000001094295,5,157,0.030864197530864196,-4.944989567901234
7150.000000109648,3,159,0.018518518518518517,-2.9669937407407407
7160.000000109866,1,161,0.006172839506172839,-0.9889979135802468
7170.000000110084,3,159,0.018518518518518517,-2.9669937407407407
7180.000000110303,3,159,0.018518518518518517,-2.9669937407407407
7190.000000110521,5,157,0.030864197530864196,-4.944989567901234
7200.000000110739,3,159,0.018518518518518517,-2.9669937407407407
7210.000000110957,3,159,0.018518518518518517,-2.9669937407407407
7220.000000111176,3,159,0.018518518518518517,-2.9669937407407407
7230.000000111394,2,160,0.012345679012345678,-1.9779958271604936
7240.000000111612,3,159,0.018518518518518517,-2.9669937407407407
7250.000000111831,3,159,0.018518518518518517,-2.9669937407407407
7260.000000112049,7,155,0.043209876543209874,-6.922985395061729
7270.000000112267,4,158,0.024691358024691357,-3.955991654320987
7280.000000112485,5,157,0.030864197530864196,-4.944989567901234
7290.000000112704,3,159,0.018518518518518517,-2.9669937407407407
7300.000000112922,5,157,0.030864197530864196,-4.944989567901234
7310.00000011314,4,158,0.024691358024691357,-3.955991654320987
7320.0000001133585,3,159,0.018518518518518517,-2.9669937407407407
7330.000000113577,4,158,0.024691358024691357,-3.955991654320987
7340.000000113795,3,159,0.018518518518518517,-2.9669937407407407
7350.000000114013,6,156,0.037037037037037035,-5.9339874814814815
7360.000000114232,3,159,0.018518518518518517,-2.9669937407407407
7370.00000011445,4,158,0.024691358024691357,-3.955991654320987
7380.000000114668,2,160,0.012345679012345678,-1.9779958271604936
7390.0000001148865,8,154,0.04938271604938271,-7.911983308641974
7400.000000115105,4,158,0.024691358024691357,-3.955991654320987
7410.000000115323,2,160,0.012345679012345678,-1.9779958271604936
7420.000000115541,3,159,0.018518518518518517,-2.9669937407407407
7430.00000011576,2,160,0.012345679012345678,-1.9779958271604936
7440.000000115978,6,156,0.037037037037037035,-5.9339874814814815
7450.000000116196,6,156,0.037037037037037035,-5.9339874814814815
7460.000000116414,1,161,0.006172839506172839,-0.9889979135802468
7470.000000116633,2,160,0.012345679012345678,-1.9779958271604936
7480.000000116851,1,161,0.006172839506172839,-0.9889979135802468
7490.000000117069,5,157,0.030864197530864196,-4.944989567901234
7500.0000001172875,4,158,0.024691358024691357,-3.955991654320987
7510.000000117506,2,160,0.012345679012345678,-1.9779958271604936
7520.000000117724,2,160,0.012345679012345678,-1.9779958271604936
7530.000000117942,3,159,0.018518518518518517,-2.9669937407407407
7540.000000118161,3,159,0.018518518518518517,-2.9669937407407407
7550.000000118379,1,161,0.006172839506172839,-0.9889979135802468
7560.000000118597,1,161,0.006172839506172839,-0.9889979135802468
7570.0000001188155,3,159,0.018518518518518517,-2.9669937407407407
7580.000000119034,4,158,0.024691358024691357,-3.955991654320987
7590.000000119252,2,160,0.012345679012345678,-1.9779958271604936
7600.00000011947,3,159,0.018518518518518517,-2.9669937407407407
7610.000000119689,4,158,0.024691358024691357,-3.955991654320987
7620.000000119907,4,158,0.024691358024691357,-3.955991654320987
7630.000000120125,3,159,0.018518518518518517,-2.9669937407407407
7640.000000120343,3,159,0.018518518518518517,-2.9669937407407407
7650.000000120562,3,159,0.018518518518518517,-2.9669937407407407
7660.00000012078,2,160,0.012345679012345678,-1.9779958271604936
7670.000000120998,3,159,0.018518518518518517,-2.9669937407407407
7680.0000001212165,4,158,0.024691358024691357,-3.955991654320987
7690.000000121435,4,158,0.024691358024691357,-3.955991654320987
7700.000000121653,3,159,0.018518518518518517,-2.9669937407407407
7710.000000121871,2,160,0.012345679012345678,-1.9779958271604936
7720.00000012209,2,160,0.012345679012345678,-1.9779958271604936
7730.000000122308,2,160,0.012345679012345678,-1.9779958271604936
7740.000000122526,3,159,0.018518518518518517,-2.9669937407407407
7750.0000001227445,2,160,0.012345679012345678,-1.9779958271604936
7760.000000122963,5,157,0.030864197530864196,-4.944989567901234
7770.000000123181,2,160,0.012345679012345678,-1.9779958271604936
7780.000000123399,3,159,0.018518518518518517,-2.9669937407407407
7790.000000123618,2,160,0.012345679012345678,-1.9779958271604936
7800.000000123836,5,157,0.030864197530864196,-4.944989567901234
7810.000000124054,2,160,0.012345679012345678,-1.9779958271604936
7820.000000124272,6,156,0.037037037037037035,-5.9339874814814815
7830.000000124491,2,160,0.012345679012345678,-1.9779958271604936
7840.000000124709,4,158,0.024691358024691357,-3.955991654320987
7850.000000124927,3,159,0.018518518518518517,-2.9669937407407407
7860.000000125146,2,160,0.012345679012345678,-1.9779958271604936
7870.000000125364,3,159,0.018518518518518517,-2.9669937407407407
7880.000000125582,3,159,0.018518518518518517,-2.9669937407407407
7890.0000001258,3,159,0.018518518518518517,-2.9669937407407407
7900.000000126019,1,161,0.006172839506172839,-0.9889979135802468
7910.000000126237,3,159,0.018518518518518517,-2.9669937407407407
7920.000000126455,4,158,0.024691358024691357,-3.955991654320987
7930.0000001266735,2,160,0.012345679012345678,-1.9779958271604936
7940.000000126892,4,158,0.024691358024691357,-3.955991654320987
7950.00000012711,4,158,0.024691358024691357,-3.955991654320987
7960.000000127328,4,158,0.024691358024691357,-3.955991654320987
7970.000000127547,4,158,0.024691358024691357,-3.955991654320987
7980.000000127765,2,160,0.012345679012345678,-1.9779958271604936
7990.000000127983,4,158,0.024691358024691357,-3.955991654320987
8000.0000001282015,1,161,0.006172839506172839,-0.9889979135802468
8010.00000012842,4,158,0.024691358024691357,-3.955991654320987
8020.000000128638,3,159,0.018518518518518517,-2.9669937407407407
8030.000000128856,3,159,0.018518518518518517,-2.9669937407407407
8040.000000129075,6,156,0.037037037037037035,-5.9339874814814815
8050.000000129293,7,155,0.043209876543209874,-6.922985395061729
8060.000000129511,4,158,0.024691358024691357,-3.955991654320987
8070.000000129729,3,159,0.018518518518518517,-2.9669937407407407
8080.000000129948,4,158,0.024691358024691357,-3.955991654320987
8090.000000130166,3,159,0.018518518518518517,-2.9669937407407407
8100.000000130384,5,157,0.030864197530864196,-4.944989567901234
8110.0000001306025,6,156,0.037037037037037035,-5.9339874814814815
8120.000000130821,2,160,0.012345679012345678,-1.9779958271604936
8130.000000131039,3,159,0.018518518518518517,-2.9669937407407407
8140.000000131257,4,158,0.024691358024691357,-3.955991654320987
8150.000000131476,3,159,0.018518518518518517,-2.9669937407407407
8160.000000131694,2,160,0.012345679012345678,-1.9779958271604936
8170.000000131912,3,159,0.018518518518518517,-2.9669937407407407
8180.0000001321305,5,157,0.030864197530864196,-4.944989567901234
8190.000000132349,1,161,0.006172839506172839,-0.9889979135802468
8200.000000132566,4,158,0.024691358024691357,-3.955991654320987
8210.000000132784,4,158,0.024691358024691357,-3.955991654320987
8220.000000133003,4,158,0.024691358024691357,-3.955991654320987
8230.000000133221,2,160,0.012345679012345678,-1.9779958271604936
8240.00000013344,4,158,0.024691358024691357,-3.955991654320987
8250.000000133658,5,157,0.030864197530864196,-4.944989567901234
8260.000000133876,2,160,0.012345679012345678,-1.9779958271604936
8270.000000134094,1,161,0.006172839506172839,-0.9889979135802468
8280.000000134312,1,161,0.006172839506172839,-0.9889979135802468
8290.00000013453,4,158,0.024691358024691357,-3.955991654320987
8300.000000134749,9,153,0.05555555555555555,-8.90098122222222
8310.000000134967,2,160,0.012345679012345678,-1.9779958271604936
8320.000000135185,3,159,0.018518518518518517,-2.9669937407407407
8330.000000135404,5,157,0.030864197530864196,-4.944989567901234
8340.000000135622,4,158,0.024691358024691357,-3.955991654320987
8350.00000013584,0,162,0.0,0.0
8360.000000136059,2,160,0.012345679012345678,-1.9779958271604936
8370.000000136277,2,160,0.012345679012345678,-1.9779958271604936
8380.000000136495,5,157,0.030864197530864196,-4.944989567901234
8390.000000136713,2,160,0.012345679012345678,-1.9779958271604936
8400.000000136932,4,158,0.024691358024691357,-3.955991654320987
8410.00000013715,1,161,0.006172839506172839,-0.9889979135802468
8420.000000137368,2,160,0.012345679012345678,-1.9779958271604936
8430.000000137587,3,159,0.018518518518518517,-2.9669937407407407
8440.000000137805,3,159,0.018518518518518517,-2.9669937407407407
8450.000000138023,4,158,0.024691358024691357,-3.955991654320987
8460.000000138241,4,158,0.024691358024691357,-3.955991654320987
8470.00000013846,2,160,0.012345679012345678,-1.9779958271604936
8480.000000138678,2,160,0.012345679012345678,-1.9779958271604936
8490.000000138896,5,157,0.030864197530864196,-4.944989567901234
8500.000000139114,3,159,0.018518518518518517,-2.9669937407407407
8510.000000139333,3,159,0.018518518518518517,-2.9669937407407407
8520.000000139551,4,158,0.024691358024691357,-3.955991654320987
8530.00000013977,4,158,0.024691358024691357,-3.955991654320987
8540.000000139988,6,156,0.037037037037037035,-5.9339874814814815
8550.000000140206,0,162,0.0,0.0
8560.000000140424,2,160,0.012345679012345678,-1.9779958271604936
8570.000000140642,1,161,0.006172839506172839,-0.9889979135802468
8580.00000014086,3,159,0.018518518518518517,-2.9669937407407407
8590.000000141079,3,159,0.018518518518518517,-2.9669937407407407
8600.000000141297,1,161,0.006172839506172839,-0.9889979135802468
8610.000000141516,2,160,0.012345679012345678,-1.9779958271604936
8620.000000141734,2,160,0.012345679012345678,-1.9779958271604936
8630.000000141952,1,161,0.006172839506172839,-0.9889979135802468
8640.00000014217,5,157,0.030864197530864196,-4.944989567901234
8650.000000142389,3,159,0.018518518518518517,-2.9669937407407407
8660.000000142607,2,160,0.012345679012345678,-1.9779958271604936
8670.000000142825,4,158,0.024691358024691357,-3.955991654320987
8680.000000143044,3,159,0.018518518518518517,-2.9669937407407407
8690.000000143262,1,161,0.006172839506172839,-0.9889979135802468
8700.00000014348,4,158,0.024691358024691357,-3.955991654320987
8710.000000143698,3,159,0.018518518518518517,-2.9669937407407407
8720.000000143917,3,159,0.018518518518518517,-2.9669937407407407
8730.000000144135,3,159,0.018518518518518517,-2.9669937407407407
8740.000000144353,3,159,0.018518518518518517,-2.9669937407407407
8750.000000144571,2,160,0.012345679012345678,-1.9779958271604936
8760.00000014479,2,160,0.012345679012345678,-1.9779958271604936
8770.000000145008,3,159,0.018518518518518517,-2.9669937407407407
8780.000000145226,2,160,0.012345679012345678,-1.9779958271604936
8790.000000145445,1,161,0.006172839506172839,-0.9889979135802468
8800.000000145663,1,161,0.006172839506172839,-0.9889979135802468
8810.000000145881,2,160,0.012345679012345678,-1.9779958271604936
8820.0000001461,1,161,0.006172839506172839,-0.9889979135802468
8830.000000146318,1,161,0.006172839506172839,-0.9889979135802468
8840.000000146536,4,158,0.024691358024691357,-3.955991654320987
8850.000000146754,3,159,0.018518518518518517,-2.9669937407407407
8860.000000146973,3,159,0.018518518518518517,-2.9669937407407407
8870.00000014719,3,159,0.018518518518518517,-2.9669937407407407
8880.000000147409,5,157,0.030864197530864196,-4.944989567901234
8890.000000147627,6,156,0.037037037037037035,-5.9339874814814815
8900.000000147846,2,160,0.012345679012345678,-1.9779958271604936
8910.000000148064,3,159,0.018518518518518517,-2.9669937407407407
8920.000000148282,2,160,0.012345679012345678,-1.9779958271604936
8930.0000001485,3,159,0.018518518518518517,-2.9669937407407407
8940.000000148719,5,157,0.030864197530864196,-4.944989567901234
8950.000000148937,2,160,0.012345679012345678,-1.9779958271604936
8960.000000149155,3,159,0.018518518518518517,-2.9669937407407407
8970.000000149374,2,160,0.012345679012345678,-1.9779958271604936
8980.000000149592,4,158,0.024691358024691357,-3.955991654320987
8990.00000014981,5,157,0.030864197530864196,-4.944989567901234
9000.000000150028,1,161,0.006172839506172839,-0.9889979135802468
9010.000000150247,3,159,0.018518518518518517,-2.9669937407407407
9020.000000150465,0,162,0.0,0.0
9030.000000150683,3,159,0.018518518518518517,-2.9669937407407407
9040.000000150902,3,159,0.018518518518518517,-2.9669937407407407
9050.00000015112,4,158,0.024691358024691357,-3.955991654320987
9060.000000151338,4,158,0.024691358024691357,-3.955991654320987
9070.000000151556,4,158,0.024691358024691357,-3.955991654320987
9080.000000151775,3,159,0.018518518518518517,-2.9669937407407407
9090.000000151993,2,160,0.012345679012345678,-1.9779958271604936
9100.000000152211,4,158,0.024691358024691357,-3.955991654320987
9110.00000015243,3,159,0.018518518518518517,-2.9669937407407407
9120.000000152648,4,158,0.024691358024691357,-3.955991654320987
9130.000000152866,3,159,0.018518518518518517,-2.9669937407407407
9140.000000153084,7,155,0.043209876543209874,-6.922985395061729
9150.000000153303,3,159,0.018518518518518517,-2.9669937407407407
9160.00000015352,3,159,0.018518518518518517,-2.9669937407407407
9170.00000015374,4,158,0.024691358024691357,-3.955991654320987
9180.000000153957,3,159,0.018518518518518517,-2.9669937407407407
9190.000000154176,5,157,0.030864197530864196,-4.944989567901234
9200.000000154394,3,159,0.018518518518518517,-2.9669937407407407
9210.000000154612,4,158,0.024691358024691357,-3.955991654320987
9220.00000015483,0,162,0.0,0.0
9230.000000155049,2,160,0.012345679012345678,-1.9779958271604936
9240.000000155267,3,159,0.018518518518518517,-2.9669937407407407
9250.000000155485,3,159,0.018518518518518517,-2.9669937407407407
9260.000000155704,4,158,0.024691358024691357,-3.955991654320987
9270.000000155922,4,158,0.024691358024691357,-3.955991654320987
9280.00000015614,5,157,0.030864197530864196,-4.944989567901234
9290.000000156359,5,157,0.030864197530864196,-4.944989567901234
9300.000000156577,5,157,0.030864197530864196,-4.944989567901234
9310.000000156795,3,159,0.018518518518518517,-2.9669937407407407
9320.000000157013,3,159,0.018518518518518517,-2.9669937407407407
9330.000000157232,5,157,0.030864197530864196,-4.944989567901234
9340.00000015745,5,157,0.030864197530864196,-4.944989567901234
9350.000000157668,6,156,0.037037037037037035,-5.9339874814814815
9360.000000157886,2,160,0.012345679012345678,-1.9779958271604936
9370.000000158105,1,161,0.006172839506172839,-0.9889979135802468
9380.000000158323,1,161,0.006172839506172839,-0.9889979135802468
9390.000000158541,2,160,0.012345679012345678,-1.9779958271604936
9400.00000015876,3,159,0.018518518518518517,-2.9669937407407407
9410.000000158978,2,160,0.012345679012345678,-1.9779958271604936
9420.000000159196,4,158,0.024691358024691357,-3.955991654320987
9430.000000159414,1,161,0.006172839506172839,-0.9889979135802468
9440.000000159633,5,157,0.030864197530864196,-4.944989567901234
9450.000000159851,4,158,0.024691358024691357,-3.955991654320987
9460.00000016007,4,158,0.024691358024691357,-3.955991654320987
9470.000000160288,5,157,0.030864197530864196,-4.944989567901234
9480.000000160506,5,157,0.030864197530864196,-4.944989567901234
9490.000000160724,4,158,0.024691358024691357,-3.955991654320987
9500.000000160942,6,156,0.037037037037037035,-5.9339874814814815
9510.00000016116,7,155,0.043209876543209874,-6.922985395061729
9520.000000161379,3,159,0.018518518518518517,-2.9669937407407407
9530.000000161597,3,159,0.018518518518518517,-2.9669937407407407
9540.000000161815,3,159,0.018518518518518517,-2.9669937407407407
9550.000000162034,6,156,0.037037037037037035,-5.9339874814814815
9560.000000162252,1,161,0.006172839506172839,-0.9889979135802468
9570.00000016247,2,160,0.012345679012345678,-1.9779958271604936
9580.000000162689,2,160,0.012345679012345678,-1.9779958271604936
9590.000000162907,2,160,0.012345679012345678,-1.9779958271604936
9600.000000163125,2,160,0.012345679012345678,-1.9779958271604936
9610.000000163343,7,155,0.043209876543209874,-6.922985395061729
9620.000000163562,3,159,0.018518518518518517,-2.9669937407407407
9630.00000016378,2,160,0.012345679012345678,-1.9779958271604936
9640.000000163998,4,158,0.024691358024691357,-3.955991654320987
9650.000000164217,5,157,0.030864197530864196,-4.944989567901234
9660.000000164435,4,158,0.024691358024691357,-3.955991654320987
9670.000000164653,3,159,0.018518518518518517,-2.9669937407407407
9680.000000164871,3,159,0.018518518518518517,-2.9669937407407407
9690.00000016509,1,161,0.006172839506172839,-0.9889979135802468
9700.000000165308,2,160,0.012345679012345678,-1.9779958271604936
9710.000000165526,3,159,0.018518518518518517,-2.9669937407407407
9720.000000165744,4,158,0.024691358024691357,-3.955991654320987
9730.000000165963,2,160,0.012345679012345678,-1.9779958271604936
9740.000000166181,2,160,0.012345679012345678,-1.9779958271604936
9750.0000001664,2,160,0.012345679012345678,-1.9779958271604936
9760.000000166618,1,161,0.006172839506172839,-0.9889979135802468
9770.000000166836,1,161,0.006172839506172839,-0.9889979135802468
9780.000000167054,1,161,0.006172839506172839,-0.9889979135802468
9790.000000167272,6,156,0.037037037037037035,-5.9339874814814815
9800.00000016749,5,157,0.030864197530864196,-4.944989567901234
9810.000000167709,2,160,0.012345679012345678,-1.9779958271604936
9820.000000167927,4,158,0.024691358024691357,-3.955991654320987
9830.000000168146,0,162,0.0,0.0
9840.000000168364,6,156,0.037037037037037035,-5.9339874814814815
9850.000000168582,3,159,0.018518518518518517,-2.9669937407407407
9860.0000001688,5,157,0.030864197530864196,-4.944989567901234
9870.000000169019,5,157,0.030864197530864196,-4.944989567901234
9880.000000169237,3,159,0.018518518518518517,-2.9669937407407407
9890.000000169455,4,158,0.024691358024691357,-3.955991654320987
9900.000000169674,5,157,0.030864197530864196,-4.944989567901234
9910.000000169892,6,156,0.037037037037037035,-5.9339874814814815
9920.00000017011,3,159,0.018518518518518517,-2.9669937407407407
9930.000000170328,4,158,0.024691358024691357,-3.955991654320987
9940.000000170547,6,156,0.037037037037037035,-5.9339874814814815
9950.000000170765,3,159,0.018518518518518517,-2.9669937407407407
9960.000000170983,5,157,0.030864197530864196,-4.944989567901234
9970.000000171201,2,160,0.012345679012345678,-1.9779958271604936
9980.00000017142,2,160,0.012345679012345678,-1.9779958271604936
9990.000000171638,4,158,0.024691358024691357,-3.955991654320987
10000.000000171856,3,159,0.018518518518518517,-2.9669937407407407
10010.000000172075,4,158,0.024691358024691357,-3.955991654320987
10020.000000172293,3,159,0.018518518518518517,-2.9669937407407407
10030.000000172511,2,160,0.012345679012345678,-1.9779958271604936
10040.00000017273,4,158,0.024691358024691357,-3.955991654320987
10050.000000172948,3,159,0.018518518518518517,-2.9669937407407407
10060.000000173166,2,160,0.012345679012345678,-1.9779958271604936
10070.000000173384,3,159,0.018518518518518517,-2.9669937407407407
10080.000000173603,2,160,0.012345679012345678,-1.9779958271604936
10090.00000017382,3,159,0.018518518518518517,-2.9669937407407407
10100.000000174039,2,160,0.012345679012345678,-1.9779958271604936
10110.000000174257,2,160,0.012345679012345678,-1.9779958271604936
10120.000000174476,2,160,0.012345679012345678,-1.9779958271604936
10130.000000174694,3,159,0.018518518518518517,-2.9669937407407407
10140.000000174912,2,160,0.012345679012345678,-1.9779958271604936
10150.00000017513,3,159,0.018518518518518517,-2.9669937407407407
10160.000000175349,4,158,0.024691358024691357,-3.955991654320987
10170.000000175567,3,159,0.018518518518518517,-2.9669937407407407
10180.000000175785,5,157,0.030864197530864196,-4.944989567901234
10190.000000176004,1,161,0.006172839506172839,-0.9889979135802468
10200.000000176222,4,158,0.024691358024691357,-3.955991654320987
10210.00000017644,6,156,0.037037037037037035,-5.9339874814814815
10220.000000176658,2,160,0.012345679012345678,-1.9779958271604936
10230.000000176877,5,157,0.030864197530864196,-4.944989567901234
10240.000000177095,2,160,0.012345679012345678,-1.9779958271604936
10250.000000177313,5,157,0.030864197530864196,-4.944989567901234
10260.000000177532,6,156,0.037037037037037035,-5.9339874814814815
10270.00000017775,4,158,0.024691358024691357,-3.955991654320987
10280.000000177968,1,161,0.006172839506172839,-0.9889979135802468
10290.000000178186,5,157,0.030864197530864196,-4.944989567901234
10300.000000178405,7,155,0.043209876543209874,-6.922985395061729
10310.000000178623,1,161,0.006172839506172839,-0.9889979135802468
10320.000000178841,3,159,0.018518518518518517,-2.9669937407407407
10330.00000017906,2,160,0.012345679012345678,-1.9779958271604936
10340.000000179278,4,158,0.024691358024691357,-3.955991654320987
10350.000000179496,4,158,0.024691358024691357,-3.955991654320987
10360.000000179714,5,157,0.030864197530864196,-4.944989567901234
10370.000000179933,4,158,0.024691358024691357,-3.955991654320987
10380.00000018015,5,157,0.030864197530864196,-4.944989567901234
10390.00000018037,5,157,0.030864197530864196,-4.944989567901234
10400.000000180587,4,158,0.024691358024691357,-3.955991654320987
10410.000000180806,4,158,0.024691358024691357,-3.955991654320987
10420.000000181024,3,159,0.018518518518518517,-2.9669937407407407
10430.000000181242,7,155,0.043209876543209874,-6.922985395061729
10440.00000018146,6,156,0.037037037037037035,-5.9339874814814815
10450.000000181679,5,157,0.030864197530864196,-4.944989567901234
10460.000000181897,6,156,0.037037037037037035,-5.9339874814814815
10470.000000182115,2,160,0.012345679012345678,-1.9779958271604936
10480.000000182334,7,155,0.043209876543209874,-6.922985395061729
10490.000000182552,3,159,0.018518518518518517,-2.9669937407407407
10500.00000018277,7,155,0.043209876543209874,-6.922985395061729
10510.000000182989,5,157,0.030864197530864196,-4.944989567901234
10520.000000183207,6,156,0.037037037037037035,-5.9339874814814815
10530.000000183425,2,160,0.012345679012345678,-1.9779958271604936
10540.000000183643,3,159,0.018518518518518517,-2.9669937407407407
10550.000000183862,5,157,0.030864197530864196,-4.944989567901234
10560.00000018408,4,158,0.024691358024691357,-3.955991654320987
10570.000000184298,2,160,0.012345679012345678,-1.9779958271604936
10580.000000184516,7,155,0.043209876543209874,-6.922985395061729
10590.000000184735,3,159,0.018518518518518517,-2.9669937407407407
10600.000000184953,2,160,0.012345679012345678,-1.9779958271604936
10610.000000185171,4,158,0.024691358024691357,-3.955991654320987
10620.00000018539,2,160,0.012345679012345678,-1.9779958271604936
10630.000000185608,7,155,0.043209876543209874,-6.922985395061729
10640.000000185826,7,155,0.043209876543209874,-6.922985395061729
10650.000000186044,3,159,0.018518518518518517,-2.9669937407407407
10660.000000186263,7,155,0.043209876543209874,-6.922985395061729
10670.000000186481,7,155,0.043209876543209874,-6.922985395061729
10680.0000001867,4,158,0.024691358024691357,-3.955991654320987
10690.000000186918,6,156,0.037037037037037035,-5.9339874814814815
10700.000000187136,3,159,0.018518518518518517,-2.9669937407407407
10710.000000187354,3,159,0.018518518518518517,-2.9669937407407407
10720.000000187572,5,157,0.030864197530864196,-4.944989567901234
10730.00000018779,7,155,0.043209876543209874,-6.922985395061729
10740.000000188009,4,158,0.024691358024691357,-3.955991654320987
10750.000000188227,3,159,0.018518518518518517,-2.9669937407407407
10760.000000188445,6,156,0.037037037037037035,-5.9339874814814815
10770.000000188664,5,157,0.030864197530864196,-4.944989567901234
10780.000000188882,4,158,0.024691358024691357,-3.955991654320987
10790.0000001891,3,159,0.018518518518518517,-2.9669937407407407
10800.000000189319,4,158,0.024691358024691357,-3.955991654320987
10810.000000189537,4,158,0.024691358024691357,-3.955991654320987
10820.000000189755,4,158,0.024691358024691357,-3.955991654320987
10830.000000189973,5,157,0.030864197530864196,-4.944989567901234
10840.000000190192,3,159,0.018518518518518517,-2.9669937407407407
10850.00000019041,3,159,0.018518518518518517,-2.9669937407407407
10860.000000190628,4,158,0.024691358024691357,-3.955991654320987
10870.000000190847,9,153,0.05555555555555555,-8.90098122222222
10880.000000191065,7,155,0.043209876543209874,-6.922985395061729
10890.000000191283,3,159,0.018518518518518517,-2.9669937407407407
10900.000000191501,5,157,0.030864197530864196,-4.944989567901234
10910.00000019172,6,156,0.037037037037037035,-5.9339874814814815
10920.000000191938,2,160,0.012345679012345678,-1.9779958271604936
10930.000000192156,5,157,0.030864197530864196,-4.944989567901234
10940.000000192375,3,159,0.018518518518518517,-2.9669937407407407
10950.000000192593,6,156,0.037037037037037035,-5.9339874814814815
10960.000000192811,2,160,0.012345679012345678,-1.9779958271604936
10970.00000019303,3,159,0.018518518518518517,-2.9669937407407407
10980.000000193248,4,158,0.024691358024691357,-3.955991654320987
10990.000000193466,4,158,0.024691358024691357,-3.955991654320987
11000.000000193684,2,160,0.012345679012345678,-1.9779958271604936
11010.000000193902,3,159,0.018518518518518517,-2.9669937407407407
11020.00000019412,5,157,0.030864197530864196,-4.944989567901234
11030.000000194339,2,160,0.012345679012345678,-1.9779958271604936
11040.000000194557,3,159,0.018518518518518517,-2.9669937407407407
11050.000000194776,3,159,0.018518518518518517,-2.9669937407407407
11060.000000194994,2,160,0.012345679012345678,-1.9779958271604936
11070.000000195212,3,159,0.018518518518518517,-2.9669937407407407
11080.00000019543,0,162,0.0,0.0
11090.000000195649,2,160,0.012345679012345678,-1.9779958271604936
11100.000000195867,4,158,0.024691358024691357,-3.955991654320987
11110.000000196085,0,162,0.0,0.0
11120.000000196304,1,161,0.006172839506172839,-0.9889979135802468
11130.000000196522,6,156,0.037037037037037035,-5.9339874814814815
11140.00000019674,4,158,0.024691358024691357,-3.955991654320987
11150.000000196958,3,159,0.018518518518518517,-2.9669937407407407
11160.000000197177,3,159,0.018518518518518517,-2.9669937407407407
11170.000000197395,1,161,0.006172839506172839,-0.9889979135802468
11180.000000197613,2,160,0.012345679012345678,-1.9779958271604936
11190.000000197831,3,159,0.018518518518518517,-2.9669937407407407
11200.00000019805,3,159,0.018518518518518517,-2.9669937407407407
11210.000000198268,2,160,0.012345679012345678,-1.9779958271604936
11220.000000198486,5,157,0.030864197530864196,-4.944989567901234
11230.000000198705,2,160,0.012345679012345678,-1.9779958271604936
11240.000000198923,3,159,0.018518518518518517,-2.9669937407407407
11250.000000199141,2,160,0.012345679012345678,-1.9779958271604936
11260.00000019936,1,161,0.006172839506172839,-0.9889979135802468
11270.000000199578,3,159,0.018518518518518517,-2.9669937407407407
11280.000000199796,1,161,0.006172839506172839,-0.9889979135802468
11290.000000200014,3,159,0.018518518518518517,-2.9669937407407407
11300.000000200233,3,159,0.018518518518518517,-2.9669937407407407
11310.00000020045,3,159,0.018518518518518517,-2.9669937407407407
11320.00000020067,5,157,0.030864197530864196,-4.944989567901234
11330.000000200887,4,158,0.024691358024691357,-3.955991654320987
11340.000000201106,2,160,0.012345679012345678,-1.9779958271604936
11350.000000201324,1,161,0.006172839506172839,-0.9889979135802468
11360.000000201542,2,160,0.012345679012345678,-1.9779958271604936
11370.00000020176,2,160,0.012345679012345678,-1.9779958271604936
11380.000000201979,3,159,0.018518518518518517,-2.9669937407407407
11390.000000202197,2,160,0.012345679012345678,-1.9779958271604936
11400.000000202415,5,157,0.030864197530864196,-4.944989567901234
11410.000000202634,1,161,0.006172839506172839,-0.9889979135802468
11420.000000202852,2,160,0.012345679012345678,-1.9779958271604936
11430.00000020307,1,161,0.006172839506172839,-0.9889979135802468
11440.000000203288,5,157,0.030864197530864196,-4.944989567901234
11450.000000203507,3,159,0.018518518518518517,-2.9669937407407407
11460.000000203725,0,162,0.0,0.0
11470.000000203943,4,158,0.024691358024691357,-3.955991654320987
11480.000000204162,4,158,0.024691358024691357,-3.955991654320987
11490.00000020438,2,160,0.012345679012345678,-1.9779958271604936
11500.000000204598,3,159,0.018518518518518517,-2.9669937407407407
11510.000000204816,7,155,0.043209876543209874,-6.922985395061729
11520.000000205035,6,156,0.037037037037037035,-5.9339874814814815
11530.000000205253,3,159,0.018518518518518517,-2.9669937407407407
11540.000000205471,2,160,0.012345679012345678,-1.9779958271604936
11550.00000020569,4,158,0.024691358024691357,-3.955991654320987
11560.000000205908,4,158,0.024691358024691357,-3.955991654320987
11570.000000206126,3,159,0.018518518518518517,-2.9669937407407407
11580.000000206344,3,159,0.018518518518518517,-2.9669937407407407
11590.000000206563,1,161,0.006172839506172839,-0.9889979135802468
11600.00000020678,3,159,0.018518518518518517,-2.9669937407407407
11610.000000207,3,159,0.018518518518518517,-2.9669937407407407
11620.000000207217,4,158,0.024691358024691357,-3.955991654320987
11630.000000207436,5,157,0.030864197530864196,-4.944989567901234
11640.000000207654,4,158,0.024691358024691357,-3.955991654320987
11650.000000207872,2,160,0.012345679012345678,-1.9779958271604936
11660.00000020809,2,160,0.012345679012345678,-1.9779958271604936
11670.000000208309,1,161,0.006172839506172839,-0.9889979135802468
11680.000000208527,2,160,0.012345679012345678,-1.9779958271604936
11690.000000208745,4,158,0.024691358024691357,-3.955991654320987
11700.000000208964,4,158,0.024691358024691357,-3.955991654320987
11710.000000209182,5,157,0.030864197530864196,-4.944989567901234
11720.0000002094,3,159,0.018518518518518517,-2.9669937407407407
11730.000000209619,5,157,0.030864197530864196,-4.944989567901234
11740.000000209837,5,157,0.030864197530864196,-4.944989567901234
11750.000000210055,3,159,0.018518518518518517,-2.9669937407407407
11760.000000210273,2,160,0.012345679012345678,-1.9779958271604936
11770.000000210492,3,159,0.018518518518518517,-2.9669937407407407
11780.00000021071,5,157,0.030864197530864196,-4.944989567901234
11790.000000210928,3,159,0.018518518518518517,-2.9669937407407407
11800.000000211146,4,158,0.024691358024691357,-3.955991654320987
11810.000000211365,3,159,0.018518518518518517,-2.9669937407407407
11820.000000211583,5,157,0.030864197530864196,-4.944989567901234
11830.000000211801,2,160,0.012345679012345678,-1.9779958271604936
11840.00000021202,1,161,0.006172839506172839,-0.9889979135802468
11850.000000212238,3,159,0.018518518518518517,-2.9669937407407407
11860.000000212456,1,161,0.006172839506172839,-0.9889979135802468
11870.000000212674,5,157,0.030864197530864196,-4.944989567901234
11880.000000212893,3,159,0.018518518518518517,-2.9669937407407407
11890.000000213111,4,158,0.024691358024691357,-3.955991654320987
11900.00000021333,2,160,0.012345679012345678,-1.9779958271604936
11910.000000213548,3,159,0.018518518518518517,-2.9669937407407407
11920.000000213766,2,160,0.012345679012345678,-1.9779958271604936
11930.000000213984,6,156,0.037037037037037035,-5.9339874814814815
11940.000000214202,4,158,0.024691358024691357,-3.955991654320987
11950.00000021442,4,158,0.024691358024691357,-3.955991654320987
11960.000000214639,4,158,0.024691358024691357,-3.955991654320987
11970.000000214857,3,159,0.018518518518518517,-2.9669937407407407
11980.000000215075,2,160,0.012345679012345678,-1.9779958271604936
11990.000000215294,6,156,0.037037037037037035,-5.9339874814814815
12000.000000215512,3,159,0.018518518518518517,-2.9669937407407407
12010.00000021573,5,157,0.030864197530864196,-4.944989567901234
12020.000000215949,5,157,0.030864197530864196,-4.944989567901234
12030.000000216167,3,159,0.018518518518518517,-2.9669937407407407
12040.000000216385,5,157,0.030864197530864196,-4.944989567901234
12050.000000216603,4,158,0.024691358024691357,-3.955991654320987
12060.000000216822,3,159,0.018518518518518517,-2.9669937407407407
12070.00000021704,6,156,0.037037037037037035,-5.9339874814814815
12080.000000217258,3,159,0.018518518518518517,-2.9669937407407407
12090.000000217477,9,153,0.05555555555555555,-8.90098122222222
12100.000000217695,2,160,0.012345679012345678,-1.9779958271604936
12110.000000217913,5,157,0.030864197530864196,-4.944989567901234
12120.000000218131,4,158,0.024691358024691357,-3.955991654320987
12130.00000021835,3,159,0.018518518518518517,-2.9669937407407407
12140.000000218568,5,157,0.030864197530864196,-4.944989567901234
12150.000000218786,1,161,0.006172839506172839,-0.9889979135802468
12160.000000219005,2,160,0.012345679012345678,-1.9779958271604936
12170.000000219223,3,159,0.018518518518518517,-2.9669937407407407
12180.000000219441,3,159,0.018518518518518517,-2.9669937407407407
12190.00000021966,4,158,0.024691358024691357,-3.955991654320987
12200.000000219878,4,158,0.024691358024691357,-3.955991654320987
12210.000000220096,2,160,0.012345679012345678,-1.9779958271604936
12220.000000220314,5,157,0.030864197530864196,-4.944989567901234
12230.000000220532,2,160,0.012345679012345678,-1.9779958271604936
12240.00000022075,2,160,0.012345679012345678,-1.9779958271604936
12250.000000220969,3,159,0.018518518518518517,-2.9669937407407407
12260.000000221187,4,158,0.024691358024691357,-3.955991654320987
12270.000000221406,4,158,0.024691358024691357,-3.955991654320987
12280.000000221624,5,157,0.030864197530864196,-4.944989567901234
12290.000000221842,3,159,0.018518518518518517,-2.9669937407407407
12300.00000022206,6,156,0.037037037037037035,-5.9339874814814815
12310.000000222279,4,158,0.024691358024691357,-3.955991654320987
12320.000000222497,5,157,0.030864197530864196,-4.944989567901234
12330.000000222715,5,157,0.030864197530864196,-4.944989567901234
12340.000000222934,5,157,0.030864197530864196,-4.944989567901234
12350.000000223152,3,159,0.018518518518518517,-2.9669937407407407
12360.00000022337,2,160,0.012345679012345678,-1.9779958271604936
12370.000000223588,4,158,0.024691358024691357,-3.955991654320987
12380.000000223807,3,159,0.018518518518518517,-2.9669937407407407
12390.000000224025,2,160,0.012345679012345678,-1.9779958271604936
12400.000000224243,3,159,0.018518518518518517,-2.9669937407407407
12410.000000224461,7,155,0.043209876543209874,-6.922985395061729
12420.00000022468,2,160,0.012345679012345678,-1.9779958271604936
12430.000000224898,4,158,0.024691358024691357,-3.955991654320987
12440.000000225116,3,159,0.018518518518518517,-2.9669937407407407
12450.000000225335,6,156,0.037037037037037035,-5.9339874814814815
12460.000000225553,3,159,0.018518518518518517,-2.9669937407407407
12470.000000225771,3,159,0.018518518518518517,-2.9669937407407407
12480.00000022599,4,158,0.024691358024691357,-3.955991654320987
12490.000000226208,3,159,0.018518518518518517,-2.9669937407407407
12500.000000226426,4,158,0.024691358024691357,-3.955991654320987
12510.000000226644,3,159,0.018518518518518517,-2.9669937407407407
12520.000000226863,5,157,0.030864197530864196,-4.944989567901234
12530.00000022708,4,158,0.024691358024691357,-3.955991654320987
12540.0000002273,4,158,0.024691358024691357,-3.955991654320987
12550.000000227517,2,160,0.012345679012345678,-1.9779958271604936
12560.000000227736,3,159,0.018518518518518517,-2.9669937407407407
12570.000000227954,2,160,0.012345679012345678,-1.9779958271604936
12580.000000228172,4,158,0.024691358024691357,-3.955991654320987
12590.00000022839,5,157,0.030864197530864196,-4.944989567901234
12600.000000228609,2,160,0.012345679012345678,-1.9779958271604936
12610.000000228827,3,159,0.018518518518518517,-2.9669937407407407
12620.000000229045,2,160,0.012345679012345678,-1.9779958271604936
12630.000000229264,5,157,0.030864197530864196,-4.944989567901234
12640.000000229482,3,159,0.018518518518518517,-2.9669937407407407
12650.0000002297,5,157,0.030864197530864196,-4.944989567901234
12660.000000229918,3,159,0.018518518518518517,-2.9669937407407407
12670.000000230137,2,160,0.012345679012345678,-1.9779958271604936
12680.000000230355,4,158,0.024691358024691357,-3.955991654320987
12690.000000230573,2,160,0.012345679012345678,-1.9779958271604936
12700.000000230792,4,158,0.024691358024691357,-3.955991654320987
12710.00000023101,2,160,0.012345679012345678,-1.9779958271604936
12720.000000231228,3,159,0.018518518518518517,-2.9669937407407407
12730.000000231446,3,159,0.018518518518518517,-2.9669937407407407
12740.000000231665,1,161,0.006172839506172839,-0.9889979135802468
12750.000000231883,3,159,0.018518518518518517,-2.9669937407407407
12760.000000232101,5,157,0.030864197530864196,-4.944989567901234
12770.00000023232,4,158,0.024691358024691357,-3.955991654320987
12780.000000232538,3,159,0.018518518518518517,-2.9669937407407407
12790.000000232756,2,160,0.012345679012345678,-1.9779958271604936
12800.000000232974,2,160,0.012345679012345678,-1.9779958271604936
12810.000000233193,5,157,0.030864197530864196,-4.944989567901234
12820.00000023341,2,160,0.012345679012345678,-1.9779958271604936
12830.00000023363,3,159,0.018518518518518517,-2.9669937407407407
12840.000000233847,4,158,0.024691358024691357,-3.955991654320987
12850.000000234066,3,159,0.018518518518518517,-2.9669937407407407
12860.000000234284,4,158,0.024691358024691357,-3.955991654320987
12870.000000234502,3,159,0.018518518518518517,-2.9669937407407407
12880.00000023472,3,159,0.018518518518518517,-2.9669937407407407
12890.000000234939,5,157,0.030864197530864196,-4.944989567901234
12900.000000235157,2,160,0.012345679012345678,-1.9779958271604936
12910.000000235375,5,157,0.030864197530864196,-4.944989567901234
12920.000000235594,2,160,0.012345679012345678,-1.9779958271604936
12930.000000235812,4,158,0.024691358024691357,-3.955991654320987
12940.00000023603,6,156,0.037037037037037035,-5.9339874814814815
12950.000000236249,6,156,0.037037037037037035,-5.9339874814814815
12960.000000236467,3,159,0.018518518518518517,-2.9669937407407407
12970.000000236685,5,157,0.030864197530864196,-4.944989567901234
12980.000000236903,7,155,0.043209876543209874,-6.922985395061729
12990.000000237122,5,157,0.030864197530864196,-4.944989567901234
13000.00000023734,2,160,0.012345679012345678,-1.9779958271604936
13010.000000237558,4,158,0.024691358024691357,-3.955991654320987
13020.000000237776,4,158,0.024691358024691357,-3.955991654320987
13030.000000237995,5,157,0.030864197530864196,-4.944989567901234
13040.000000238213,2,160,0.012345679012345678,-1.9779958271604936
13050.000000238431,3,159,0.018518518518518517,-2.9669937407407407
13060.00000023865,4,158,0.024691358024691357,-3.955991654320987
13070.000000238868,3,159,0.018518518518518517,-2.9669937407407407
13080.000000239086,3,159,0.018518518518518517,-2.9669937407407407
13090.000000239304,2,160,0.012345679012345678,-1.9779958271604936
13100.000000239523,5,157,0.030864197530864196,-4.944989567901234
13110.000000239741,2,160,0.012345679012345678,-1.9779958271604936
13120.00000023996,5,157,0.030864197530864196,-4.944989567901234
13130.000000240178,3,159,0.018518518518518517,-2.9669937407407407
13140.000000240396,7,155,0.043209876543209874,-6.922985395061729
13150.000000240614,5,157,0.030864197530864196,-4.944989567901234
13160.000000240832,8,154,0.04938271604938271,-7.911983308641974
13170.00000024105,6,156,0.037037037037037035,-5.9339874814814815
13180.000000241269,8,154,0.04938271604938271,-7.911983308641974
13190.000000241487,8,154,0.04938271604938271,-7.911983308641974
13200.000000241705,3,159,0.018518518518518517,-2.9669937407407407
13210.000000241924,6,156,0.037037037037037035,-5.9339874814814815
13220.000000242142,5,157,0.030864197530864196,-4.944989567901234
13230.00000024236,4,158,0.024691358024691357,-3.955991654320987
13240.000000242579,4,158,0.024691358024691357,-3.955991654320987
13250.000000242797,5,157,0.030864197530864196,-4.944989567901234
13260.000000243015,3,159,0.018518518518518517,-2.9669937407407407
13270.000000243233,3,159,0.018518518518518517,-2.9669937407407407
13280.000000243452,4,158,0.024691358024691357,-3.955991654320987
13290.00000024367,4,158,0.024691358024691357,-3.955991654320987
13300.000000243888,2,160,0.012345679012345678,-1.9779958271604936
13310.000000244107,2,160,0.012345679012345678,-1.9779958271604936
13320.000000244325,4,158,0.024691358024691357,-3.955991654320987
13330.000000244543,2,160,0.012345679012345678,-1.9779958271604936
13340.000000244761,3,159,0.018518518518518517,-2.9669937407407407
13350.00000024498,7,155,0.043209876543209874,-6.922985395061729
13360.000000245198,3,159,0.018518518518518517,-2.9669937407407407
13370.000000245416,4,158,0.024691358024691357,-3.955991654320987
13380.000000245635,0,162,0.0,0.0
13390.000000245853,1,161,0.006172839506172839,-0.9889979135802468
13400.000000246071,4,158,0.024691358024691357,-3.955991654320987
13410.00000024629,0,162,0.0,0.0
13420.000000246508,4,158,0.024691358024691357,-3.955991654320987
13430.000000246726,3,159,0.018518518518518517,-2.9669937407407407
13440.000000246944,4,158,0.024691358024691357,-3.955991654320987
13450.000000247162,3,159,0.018518518518518517,-2.9669937407407407
13460.00000024738,4,158,0.024691358024691357,-3.955991654320987
13470.000000247599,7,155,0.043209876543209874,-6.922985395061729
13480.000000247817,7,155,0.043209876543209874,-6.922985395061729
13490.000000248036,2,160,0.012345679012345678,-1.9779958271604936
13500.000000248254,5,157,0.030864197530864196,-4.944989567901234
13510.000000248472,7,155,0.043209876543209874,-6.922985395061729
13520.00000024869,4,158,0.024691358024691357,-3.955991654320987
13530.000000248909,7,155,0.043209876543209874,-6.922985395061729
13540.000000249127,5,157,0.030864197530864196,-4.944989567901234
13550.000000249345,2,160,0.012345679012345678,-1.9779958271604936
13560.000000249564,3,159,0.018518518518518517,-2.9669937407407407
13570.000000249782,4,158,0.024691358024691357,-3.955991654320987
13580.00000025,2,160,0.012345679012345678,-1.9779958271604936
13590.000000250218,2,160,0.012345679012345678,-1.9779958271604936
13600.000000250437,4,158,0.024691358024691357,-3.955991654320987
13610.000000250655,1,161,0.006172839506172839,-0.9889979135802468
13620.000000250873,6,156,0.037037037037037035,-5.9339874814814815
13630.000000251091,1,161,0.006172839506172839,-0.9889979135802468
13640.00000025131,0,162,0.0,0.0
13650.000000251528,3,159,0.018518518518518517,-2.9669937407407407
13660.000000251746,6,156,0.037037037037037035,-5.9339874814814815
13670.000000251965,3,159,0.018518518518518517,-2.9669937407407407
13680.000000252183,3,159,0.018518518518518517,-2.9669937407407407
13690.000000252401,1,161,0.006172839506172839,-0.9889979135802468
13700.00000025262,3,159,0.018518518518518517,-2.9669937407407407
13710.000000252838,6,156,0.037037037037037035,-5.9339874814814815
13720.000000253056,7,155,0.043209876543209874,-6.922985395061729
13730.000000253274,4,158,0.024691358024691357,-3.955991654320987
13740.000000253493,3,159,0.018518518518518517,-2.9669937407407407
13750.00000025371,5,157,0.030864197530864196,-4.944989567901234
13760.00000025393,6,156,0.037037037037037035,-5.9339874814814815
13770.000000254147,2,160,0.012345679012345678,-1.9779958271604936
13780.000000254366,7,155,0.043209876543209874,-6.922985395061729
13790.000000254584,5,157,0.030864197530864196,-4.944989567901234
13800.000000254802,4,158,0.024691358024691357,-3.955991654320987
13810.00000025502,5,157,0.030864197530864196,-4.944989567901234
13820.000000255239,2,160,0.012345679012345678,-1.9779958271604936
13830.000000255457,2,160,0.012345679012345678,-1.9779958271604936
13840.000000255675,6,156,0.037037037037037035,-5.9339874814814815
13850.000000255894,4,158,0.024691358024691357,-3.955991654320987
13860.000000256112,2,160,0.012345679012345678,-1.9779958271604936
13870.00000025633,3,159,0.018518518518518517,-2.9669937407407407
13880.000000256548,3,159,0.018518518518518517,-2.9669937407407407
13890.000000256767,4,158,0.024691358024691357,-3.955991654320987
13900.000000256985,2,160,0.012345679012345678,-1.9779958271604936
13910.000000257203,3,159,0.018518518518518517,-2.9669937407407407
13920.000000257422,3,159,0.018518518518518517,-2.9669937407407407
13930.00000025764,2,160,0.012345679012345678,-1.9779958271604936
13940.000000257858,3,159,0.018518518518518517,-2.9669937407407407
13950.000000258076,3,159,0.018518518518518517,-2.9669937407407407
13960.000000258295,4,158,0.024691358024691357,-3.955991654320987
13970.000000258513,5,157,0.030864197530864196,-4.944989567901234
13980.000000258731,2,160,0.012345679012345678,-1.9779958271604936
13990.00000025895,2,160,0.012345679012345678,-1.9779958271604936
14000.000000259168,4,158,0.024691358024691357,-3.955991654320987
14010.000000259386,2,160,0.012345679012345678,-1.9779958271604936
14020.000000259604,2,160,0.012345679012345678,-1.9779958271604936
14030.000000259823,2,160,0.012345679012345678,-1.9779958271604936
14040.00000026004,4,158,0.024691358024691357,-3.955991654320987
14050.00000026026,6,156,0.037037037037037035,-5.9339874814814815
14060.000000260477,3,159,0.018518518518518517,-2.9669937407407407
14070.000000260696,5,157,0.030864197530864196,-4.944989567901234
14080.000000260914,3,159,0.018518518518518517,-2.9669937407407407
14090.000000261132,4,158,0.024691358024691357,-3.955991654320987
14100.00000026135,5,157,0.030864197530864196,-4.944989567901234
14110.000000261569,6,156,0.037037037037037035,-5.9339874814814815
14120.000000261787,2,160,0.012345679012345678,-1.9779958271604936
14130.000000262005,4,158,0.024691358024691357,-3.955991654320987
14140.000000262224,4,158,0.024691358024691357,-3.955991654320987
14150.000000262442,4,158,0.024691358024691357,-3.955991654320987
14160.00000026266,6,156,0.037037037037037035,-5.9339874814814815
14170.000000262879,5,157,0.030864197530864196,-4.944989567901234
14180.000000263097,6,156,0.037037037037037035,-5.9339874814814815
14190.000000263315,4,158,0.024691358024691357,-3.955991654320987
14200.000000263533,6,156,0.037037037037037035,-5.9339874814814815
14210.000000263752,6,156,0.037037037037037035,-5.9339874814814815
14220.00000026397,4,158,0.024691358024691357,-3.955991654320987
14230.000000264188,6,156,0.037037037037037035,-5.9339874814814815
14240.000000264406,5,157,0.030864197530864196,-4.944989567901234
14250.000000264625,6,156,0.037037037037037035,-5.9339874814814815
14260.000000264843,4,158,0.024691358024691357,-3.955991654320987
14270.000000265061,4,158,0.024691358024691357,-3.955991654320987
14280.00000026528,2,160,0.012345679012345678,-1.9779958271604936
14290.000000265498,2,160,0.012345679012345678,-1.9779958271604936
14300.000000265716,4,158,0.024691358024691357,-3.955991654320987
14310.000000265934,3,159,0.018518518518518517,-2.9669937407407407
14320.000000266153,7,155,0.043209876543209874,-6.922985395061729
14330.000000266371,4,158,0.024691358024691357,-3.955991654320987
14340.00000026659,2,160,0.012345679012345678,-1.9779958271604936
14350.000000266808,6,156,0.037037037037037035,-5.9339874814814815
14360.000000267026,5,157,0.030864197530864196,-4.944989567901234
14370.000000267244,6,156,0.037037037037037035,-5.9339874814814815
14380.000000267462,3,159,0.018518518518518517,-2.9669937407407407
14390.00000026768,2,160,0.012345679012345678,-1.9779958271604936
14400.000000267899,5,157,0.030864197530864196,-4.944989567901234
14410.000000268117,8,154,0.04938271604938271,-7.911983308641974
14420.000000268335,3,159,0.018518518518518517,-2.9669937407407407
14430.000000268554,5,157,0.030864197530864196,-4.944989567901234
14440.000000268772,3,159,0.018518518518518517,-2.9669937407407407
14450.00000026899,5,157,0.030864197530864196,-4.944989567901234
14460.000000269209,2,160,0.012345679012345678,-1.9779958271604936
14470.000000269427,2,160,0.012345679012345678,-1.9779958271604936
14480.000000269645,3,159,0.018518518518518517,-2.9669937407407407
14490.000000269863,2,160,0.012345679012345678,-1.9779958271604936
14500.000000270082,2,160,0.012345679012345678,-1.9779958271604936
14510.0000002703,4,158,0.024691358024691357,-3.955991654320987
14520.000000270518,2,160,0.012345679012345678,-1.9779958271604936
14530.000000270737,2,160,0.012345679012345678,-1.9779958271604936
14540.000000270955,3,159,0.018518518518518517,-2.9669937407407407
14550.000000271173,1,161,0.006172839506172839,-0.9889979135802468
14560.000000271391,0,162,0.0,0.0
14570.00000027161,3,159,0.018518518518518517,-2.9669937407407407
14580.000000271828,2,160,0.012345679012345678,-1.9779958271604936
14590.000000272046,2,160,0.012345679012345678,-1.9779958271604936
14600.000000272265,6,156,0.037037037037037035,-5.9339874814814815
14610.000000272483,5,157,0.030864197530864196,-4.944989567901234
14620.000000272701,4,158,0.024691358024691357,-3.955991654320987
14630.00000027292,2,160,0.012345679012345678,-1.9779958271604936
14640.000000273138,5,157,0.030864197530864196,-4.944989567901234
14650.000000273356,4,158,0.024691358024691357,-3.955991654320987
14660.000000273574,3,159,0.018518518518518517,-2.9669937407407407
14670.000000273792,3,159,0.018518518518518517,-2.9669937407407407
14680.00000027401,4,158,0.024691358024691357,-3.955991654320987
14690.000000274229,3,159,0.018518518518518517,-2.9669937407407407
14700.000000274447,2,160,0.012345679012345678,-1.9779958271604936
14710.000000274666,3,159,0.018518518518518517,-2.9669937407407407
14720.000000274884,6,156,0.037037037037037035,-5.9339874814814815
14730.000000275102,6,156,0.037037037037037035,-5.9339874814814815
14740.00000027532,2,160,0.012345679012345678,-1.9779958271604936
14750.000000275539,4,158,0.024691358024691357,-3.955991654320987
14760.000000275757,4,158,0.024691358024691357,-3.955991654320987
14770.000000275975,6,156,0.037037037037037035,-5.9339874814814815
14780.000000276194,2,160,0.012345679012345678,-1.9779958271604936
14790.000000276412,2,160,0.012345679012345678,-1.9779958271604936
14800.00000027663,8,154,0.04938271604938271,-7.911983308641974
14810.000000276848,4,158,0.024691358024691357,-3.955991654320987
14820.000000277067,2,160,0.012345679012345678,-1.9779958271604936
14830.000000277285,7,155,0.043209876543209874,-6.922985395061729
14840.000000277503,6,156,0.037037037037037035,-5.9339874814814815
14850.000000277721,3,159,0.018518518518518517,-2.9669937407407407
14860.00000027794,3,159,0.018518518518518517,-2.9669937407407407
14870.000000278158,3,159,0.018518518518518517,-2.9669937407407407
14880.000000278376,2,160,0.012345679012345678,-1.9779958271604936
14890.000000278595,2,160,0.012345679012345678,-1.9779958271604936
14900.000000278813,4,158,0.024691358024691357,-3.955991654320987
14910.000000279031,5,157,0.030864197530864196,-4.944989567901234
14920.00000027925,3,159,0.018518518518518517,-2.9669937407407407
14930.000000279468,8,154,0.04938271604938271,-7.911983308641974
14940.000000279686,3,159,0.018518518518518517,-2.9669937407407407
14950.000000279904,5,157,0.030864197530864196,-4.944989567901234
14960.000000280123,3,159,0.018518518518518517,-2.9669937407407407
14970.00000028034,3,159,0.018518518518518517,-2.9669937407407407
14980.00000028056,0,162,0.0,0.0
14990.000000280777,3,159,0.018518518518518517,-2.9669937407407407
15000.000000280996,1,161,0.006172839506172839,-0.9889979135802468
15010.000000281214,1,161,0.006172839506172839,-0.9889979135802468
15020.000000281432,5,157,0.030864197530864196,-4.944989567901234
15030.00000028165,1,161,0.006172839506172839,-0.9889979135802468
15040.000000281869,4,158,0.024691358024691357,-3.955991654320987
15050.000000282087,5,157,0.030864197530864196,-4.944989567901234
15060.000000282305,5,157,0.030864197530864196,-4.944989567901234
15070.000000282524,4,158,0.024691358024691357,-3.955991654320987
15080.000000282742,4,158,0.024691358024691357,-3.955991654320987
15090.00000028296,6,156,0.037037037037037035,-5.9339874814814815
15100.000000283178,7,155,0.043209876543209874,-6.922985395061729
15110.000000283397,3,159,0.018518518518518517,-2.9669937407407407
15120.000000283615,6,156,0.037037037037037035,-5.9339874814814815
15130.000000283833,3,159,0.018518518518518517,-2.9669937407407407
15140.000000284052,4,158,0.024691358024691357,-3.955991654320987
15150.00000028427,3,159,0.018518518518518517,-2.9669937407407407
15160.000000284488,3,159,0.018518518518518517,-2.9669937407407407
15170.000000284706,3,159,0.018518518518518517,-2.9669937407407407
15180.000000284925,6,156,0.037037037037037035,-5.9339874814814815
15190.000000285143,6,156,0.037037037037037035,-5.9339874814814815
15200.000000285361,4,158,0.024691358024691357,-3.955991654320987
15210.00000028558,3,159,0.018518518518518517,-2.9669937407407407
15220.000000285798,6,156,0.037037037037037035,-5.9339874814814815
15230.000000286016,2,160,0.012345679012345678,-1.9779958271604936
15240.000000286234,3,159,0.018518518518518517,-2.9669937407407407
15250.000000286453,4,158,0.024691358024691357,-3.955991654320987
15260.000000286671,2,160,0.012345679012345678,-1.9779958271604936
15270.00000028689,2,160,0.012345679012345678,-1.9779958271604936
15280.000000287107,5,157,0.030864197530864196,-4.944989567901234
15290.000000287326,4,158,0.024691358024691357,-3.955991654320987
15300.000000287544,4,158,0.024691358024691357,-3.955991654320987
15310.000000287762,3,159,0.018518518518518517,-2.9669937407407407
15320.00000028798,2,160,0.012345679012345678,-1.9779958271604936
15330.000000288199,3,159,0.018518518518518517,-2.9669937407407407
15340.000000288417,2,160,0.012345679012345678,-1.9779958271604936
15350.000000288635,6,156,0.037037037037037035,-5.9339874814814815
15360.000000288854,2,160,0.012345679012345678,-1.9779958271604936
15370.000000289072,1,161,0.006172839506172839,-0.9889979135802468
15380.00000028929,3,159,0.018518518518518517,-2.9669937407407407
15390.000000289509,2,160,0.012345679012345678,-1.9779958271604936
15400.000000289727,5,157,0.030864197530864196,-4.944989567901234
15410.000000289945,5,157,0.030864197530864196,-4.944989567901234
15420.000000290163,5,157,0.030864197530864196,-4.944989567901234
15430.000000290382,6,156,0.037037037037037035,-5.9339874814814815
15440.0000002906,3,159,0.018518518518518517,-2.9669937407407407
15450.000000290818,2,160,0.012345679012345678,-1.9779958271604936
15460.000000291036,5,157,0.030864197530864196,-4.944989567901234
15470.000000291255,3,159,0.018518518518518517,-2.9669937407407407
15480.000000291473,4,158,0.024691358024691357,-3.955991654320987
15490.000000291691,4,158,0.024691358024691357,-3.955991654320987
15500.00000029191,4,158,0.024691358024691357,-3.955991654320987
15510.000000292128,4,158,0.024691358024691357,-3.955991654320987
15520.000000292346,5,157,0.030864197530864196,-4.944989567901234
15530.000000292564,5,157,0.030864197530864196,-4.944989567901234
15540.000000292783,4,158,0.024691358024691357,-3.955991654320987
15550.000000293001,2,160,0.012345679012345678,-1.9779958271604936
15560.00000029322,6,156,0.037037037037037035,-5.9339874814814815
15570.000000293438,2,160,0.012345679012345678,-1.9779958271604936
15580.000000293656,4,158,0.024691358024691357,-3.955991654320987
15590.000000293874,3,159,0.018518518518518517,-2.9669937407407407
15600.000000294092,3,159,0.018518518518518517,-2.9669937407407407
15610.00000029431,2,160,0.012345679012345678,-1.9779958271604936
15620.000000294529,3,159,0.018518518518518517,-2.9669937407407407
15630.000000294747,2,160,0.012345679012345678,-1.9779958271604936
15640.000000294966,1,161,0.006172839506172839,-0.9889979135802468
15650.000000295184,2,160,0.012345679012345678,-1.9779958271604936
15660.000000295402,2,160,0.012345679012345678,-1.9779958271604936
15670.00000029562,3,159,0.018518518518518517,-2.9669937407407407
15680.000000295839,1,161,0.006172839506172839,-0.9889979135802468
15690.000000296057,2,160,0.012345679012345678,-1.9779958271604936
15700.000000296275,2,160,0.012345679012345678,-1.9779958271604936
15710.000000296493,0,162,0.0,0.0
15720.000000296712,0,162,0.0,0.0
15730.00000029693,2,160,0.012345679012345678,-1.9779958271604936
15740.000000297148,2,160,0.012345679012345678,-1.9779958271604936
15750.000000297367,6,156,0.037037037037037035,-5.9339874814814815
15760.000000297585,5,157,0.030864197530864196,-4.944989567901234
15770.000000297803,3,159,0.018518518518518517,-2.9669937407407407
15780.000000298021,3,159,0.018518518518518517,-2.9669937407407407
15790.00000029824,4,158,0.024691358024691357,-3.955991654320987
15800.000000298458,4,158,0.024691358024691357,-3.955991654320987
15810.000000298676,3,159,0.018518518518518517,-2.9669937407407407
15820.000000298895,2,160,0.012345679012345678,-1.9779958271604936
15830.000000299113,4,158,0.024691358024691357,-3.955991654320987
15840.000000299331,5,157,0.030864197530864196,-4.944989567901234
15850.00000029955,4,158,0.024691358024691357,-3.955991654320987
15860.000000299768,5,157,0.030864197530864196,-4.944989567901234
15870.000000299986,6,156,0.037037037037037035,-5.9339874814814815
15880.000000300204,3,159,0.018518518518518517,-2.9669937407407407
15890.000000300422,6,156,0.037037037037037035,-5.9339874814814815
15900.00000030064,4,158,0.024691358024691357,-3.955991654320987
15910.000000300859,5,157,0.030864197530864196,-4.944989567901234
15920.000000301077,2,160,0.012345679012345678,-1.9779958271604936
15930.000000301296,5,157,0.030864197530864196,-4.944989567901234
15940.000000301514,5,157,0.030864197530864196,-4.944989567901234
15950.000000301732,6,156,0.037037037037037035,-5.9339874814814815
15960.00000030195,6,156,0.037037037037037035,-5.9339874814814815
15970.000000302169,6,156,0.037037037037037035,-5.9339874814814815
15980.000000302387,4,158,0.024691358024691357,-3.955991654320987
15990.000000302605,5,157,0.030864197530864196,-4.944989567901234
16000.000000302824,5,157,0.030864197530864196,-4.944989567901234
16010.000000303042,4,158,0.024691358024691357,-3.955991654320987
16020.00000030326,1,161,0.006172839506172839,-0.9889979135802468
16030.000000303478,3,159,0.018518518518518517,-2.9669937407407407
16040.000000303697,4,158,0.024691358024691357,-3.955991654320987
16050.000000303915,4,158,0.024691358024691357,-3.955991654320987
16060.000000304133,2,160,0.012345679012345678,-1.9779958271604936
16070.000000304351,3,159,0.018518518518518517,-2.9669937407407407
16080.00000030457,2,160,0.012345679012345678,-1.9779958271604936
16090.000000304788,3,159,0.018518518518518517,-2.9669937407407407
16100.000000305006,5,157,0.030864197530864196,-4.944989567901234
16110.000000305225,6,156,0.037037037037037035,-5.9339874814814815
16120.000000305443,1,161,0.006172839506172839,-0.9889979135802468
16130.000000305661,5,157,0.030864197530864196,-4.944989567901234
16140.00000030588,4,158,0.024691358024691357,-3.955991654320987
16150.000000306098,7,155,0.043209876543209874,-6.922985395061729
16160.000000306316,4,158,0.024691358024691357,-3.955991654320987
16170.000000306534,4,158,0.024691358024691357,-3.955991654320987
16180.000000306753,4,158,0.024691358024691357,-3.955991654320987
16190.00000030697,3,159,0.018518518518518517,-2.9669937407407407
16200.00000030719,6,156,0.037037037037037035,-5.9339874814814815
16210.000000307407,2,160,0.012345679012345678,-1.9779958271604936
16220.000000307626,3,159,0.018518518518518517,-2.9669937407407407
16230.000000307844,2,160,0.012345679012345678,-1.9779958271604936
16240.000000308062,4,158,0.024691358024691357,-3.955991654320987
16250.00000030828,4,158,0.024691358024691357,-3.955991654320987
16260.000000308499,3,159,0.018518518518518517,-2.9669937407407407
16270.000000308717,4,158,0.024691358024691357,-3.955991654320987
16280.000000308935,4,158,0.024691358024691357,-3.955991654320987
16290.000000309154,2,160,0.012345679012345678,-1.9779958271604936
16300.000000309372,3,159,0.018518518518518517,-2.9669937407407407
16310.00000030959,3,159,0.018518518518518517,-2.9669937407407407
16320.000000309808,1,161,0.006172839506172839,-0.9889979135802468
16330.000000310027,3,159,0.018518518518518517,-2.9669937407407407
16340.000000310245,2,160,0.012345679012345678,-1.9779958271604936
16350.000000310463,2,160,0.012345679012345678,-1.9779958271604936
16360.000000310682,1,161,0.006172839506172839,-0.9889979135802468
16370.0000003109,2,160,0.012345679012345678,-1.9779958271604936
16380.000000311118,2,160,0.012345679012345678,-1.9779958271604936
16390.000000310243,6,156,0.037037037037037035,-5.9339874814814815
16400.000000308642,3,159,0.018518518518518517,-2.9669937407407407
16410.00000030704,1,161,0.006172839506172839,-0.9889979135802468
16420.00000030544,6,156,0.037037037037037035,-5.9339874814814815
16430.00000030384,5,157,0.030864197530864196,-4.944989567901234
16440.00000030224,6,156,0.037037037037037035,-5.9339874814814815
16450.00000030064,4,158,0.024691358024691357,-3.955991654320987
16460.00000029904,6,156,0.037037037037037035,-5.9339874814814815
16470.000000297438,4,158,0.024691358024691357,-3.955991654320987
16480.000000295837,5,157,0.030864197530864196,-4.944989567901234
16490.000000294236,4,158,0.024691358024691357,-3.955991654320987
16500.000000292635,5,157,0.030864197530864196,-4.944989567901234
16510.000000291035,3,159,0.018518518518518517,-2.9669937407407407
16520.000000289434,5,157,0.030864197530864196,-4.944989567901234
16530.000000287833,6,156,0.037037037037037035,-5.9339874814814815
16540.000000286233,0,162,0.0,0.0
16550.000000284632,5,157,0.030864197530864196,-4.944989567901234
16560.00000028303,4,158,0.024691358024691357,-3.955991654320987
16570.00000028143,6,156,0.037037037037037035,-5.9339874814814815
16580.00000027983,6,156,0.037037037037037035,-5.9339874814814815
16590.00000027823,4,158,0.024691358024691357,-3.955991654320987
16600.00000027663,2,160,0.012345679012345678,-1.9779958271604936
16610.000000275028,5,157,0.030864197530864196,-4.944989567901234
16620.000000273427,0,162,0.0,0.0
16630.000000271826,2,160,0.012345679012345678,-1.9779958271604936
16640.000000270225,3,159,0.018518518518518517,-2.9669937407407407
16650.000000268625,3,159,0.018518518518518517,-2.9669937407407407
16660.000000267024,7,155,0.043209876543209874,-6.922985395061729
16670.000000265423,2,160,0.012345679012345678,-1.9779958271604936
16680.000000263823,4,158,0.024691358024691357,-3.955991654320987
16690.000000262222,5,157,0.030864197530864196,-4.944989567901234
16700.00000026062,7,155,0.043209876543209874,-6.922985395061729
16710.00000025902,1,161,0.006172839506172839,-0.9889979135802468
16720.00000025742,2,160,0.012345679012345678,-1.9779958271604936
16730.00000025582,2,160,0.012345679012345678,-1.9779958271604936
16740.00000025422,4,158,0.024691358024691357,-3.955991654320987
16750.000000252618,2,160,0.012345679012345678,-1.9779958271604936
16760.000000251017,5,157,0.030864197530864196,-4.944989567901234
16770.000000249416,2,160,0.012345679012345678,-1.9779958271604936
16780.000000247815,2,160,0.012345679012345678,-1.9779958271604936
16790.000000246215,4,158,0.024691358024691357,-3.955991654320987
16800.000000244614,4,158,0.024691358024691357,-3.955991654320987
16810.000000243013,5,157,0.030864197530864196,-4.944989567901234
16820.000000241413,3,159,0.018518518518518517,-2.9669937407407407
16830.000000239812,4,158,0.024691358024691357,-3.955991654320987
16840.00000023821,3,159,0.018518518518518517,-2.9669937407407407
16850.00000023661,3,159,0.018518518518518517,-2.9669937407407407
16860.00000023501,5,157,0.030864197530864196,-4.944989567901234
16870.00000023341,5,157,0.030864197530864196,-4.944989567901234
16880.00000023181,2,160,0.012345679012345678,-1.9779958271604936
16890.000000230208,4,158,0.024691358024691357,-3.955991654320987
16900.000000228607,4,158,0.024691358024691357,-3.955991654320987
16910.000000227006,3,159,0.018518518518518517,-2.9669937407407407
16920.000000225406,2,160,0.012345679012345678,-1.9779958271604936
16930.000000223805,0,162,0.0,0.0
16940.000000222204,2,160,0.012345679012345678,-1.9779958271604936
16950.000000220603,2,160,0.012345679012345678,-1.9779958271604936
16960.000000219003,1,161,0.006172839506172839,-0.9889979135802468
16970.000000217402,1,161,0.006172839506172839,-0.9889979135802468
16980.0000002158,2,160,0.012345679012345678,-1.9779958271604936
16990.0000002142,3,159,0.018518518518518517,-2.9669937407407407
17000.0000002126,4,158,0.024691358024691357,-3.955991654320987
17010.000000211,4,158,0.024691358024691357,-3.955991654320987
17020.0000002094,2,160,0.012345679012345678,-1.9779958271604936
17030.000000207798,4,158,0.024691358024691357,-3.955991654320987
17040.000000206197,3,159,0.018518518518518517,-2.9669937407407407
17050.000000204596,4,158,0.024691358024691357,-3.955991654320987
17060.000000202996,4,158,0.024691358024691357,-3.955991654320987
17070.000000201395,2,160,0.012345679012345678,-1.9779958271604936
17080.000000199794,6,156,0.037037037037037035,-5.9339874814814815
17090.000000198193,3,159,0.018518518518518517,-2.9669937407407407
17100.000000196593,5,157,0.030864197530864196,-4.944989567901234
17110.000000194992,4,158,0.024691358024691357,-3.955991654320987
17120.00000019339,3,159,0.018518518518518517,-2.9669937407407407
17130.00000019179,4,158,0.024691358024691357,-3.955991654320987
17140.00000019019,5,157,0.030864197530864196,-4.944989567901234
17150.00000018859,4,158,0.024691358024691357,-3.955991654320987
17160.00000018699,2,160,0.012345679012345678,-1.9779958271604936
17170.000000185388,2,160,0.012345679012345678,-1.9779958271604936
17180.000000183787,3,159,0.018518518518518517,-2.9669937407407407
17190.000000182186,3,159,0.018518518518518517,-2.9669937407407407
17200.000000180586,3,159,0.018518518518518517,-2.9669937407407407
17210.000000178985,4,158,0.024691358024691357,-3.955991654320987
17220.000000177384,0,162,0.0,0.0
17230.000000175783,2,160,0.012345679012345678,-1.9779958271604936
17240.000000174183,5,157,0.030864197530864196,-4.944989567901234
17250.000000172582,3,159,0.018518518518518517,-2.9669937407407407
17260.00000017098,3,159,0.018518518518518517,-2.9669937407407407
17270.00000016938,5,157,0.030864197530864196,-4.944989567901234
17280.00000016778,3,159,0.018518518518518517,-2.9669937407407407
17290.00000016618,4,158,0.024691358024691357,-3.955991654320987
17300.00000016458,3,159,0.018518518518518517,-2.9669937407407407
17310.000000162978,4,158,0.024691358024691357,-3.955991654320987
17320.000000161377,1,161,0.006172839506172839,-0.9889979135802468
17330.000000159776,2,160,0.012345679012345678,-1.9779958271604936
17340.000000158176,5,157,0.030864197530864196,-4.944989567901234
17350.000000156575,5,157,0.030864197530864196,-4.944989567901234
17360.000000154974,2,160,0.012345679012345678,-1.9779958271604936
17370.000000153374,6,156,0.037037037037037035,-5.9339874814814815
17380.000000151773,5,157,0.030864197530864196,-4.944989567901234
17390.000000150172,3,159,0.018518518518518517,-2.9669937407407407
17400.00000014857,4,158,0.024691358024691357,-3.955991654320987
17410.00000014697,3,159,0.018518518518518517,-2.9669937407407407
17420.00000014537,4,158,0.024691358024691357,-3.955991654320987
17430.00000014377,2,160,0.012345679012345678,-1.9779958271604936
17440.00000014217,3,159,0.018518518518518517,-2.9669937407407407
17450.000000140568,1,161,0.006172839506172839,-0.9889979135802468
17460.000000138967,2,160,0.012345679012345678,-1.9779958271604936
17470.000000137366,3,159,0.018518518518518517,-2.9669937407407407
17480.000000135766,1,161,0.006172839506172839,-0.9889979135802468
17490.000000134165,3,159,0.018518518518518517,-2.9669937407407407
17500.000000132564,1,161,0.006172839506172839,-0.9889979135802468
17510.000000130964,5,157,0.030864197530864196,-4.944989567901234
17520.000000129363,2,160,0.012345679012345678,-1.9779958271604936
17530.000000127762,3,159,0.018518518518518517,-2.9669937407407407
17540.00000012616,6,156,0.037037037037037035,-5.9339874814814815
17550.00000012456,5,157,0.030864197530864196,-4.944989567901234
17560.00000012296,0,162,0.0,0.0
17570.00000012136,7,155,0.043209876543209874,-6.922985395061729
17580.00000011976,3,159,0.018518518518518517,-2.9669937407407407
17590.000000118158,4,158,0.024691358024691357,-3.955991654320987
17600.000000116557,2,160,0.012345679012345678,-1.9779958271604936
17610.000000114956,1,161,0.006172839506172839,-0.9889979135802468
17620.000000113356,5,157,0.030864197530864196,-4.944989567901234
17630.000000111755,6,156,0.037037037037037035,-5.9339874814814815
17640.000000110154,2,160,0.012345679012345678,-1.9779958271604936
17650.000000108554,6,156,0.037037037037037035,-5.9339874814814815
17660.000000106953,4,158,0.024691358024691357,-3.955991654320987
17670.000000105352,4,158,0.024691358024691357,-3.955991654320987
17680.00000010375,8,154,0.04938271604938271,-7.911983308641974
17690.00000010215,5,157,0.030864197530864196,-4.944989567901234
17700.00000010055,7,155,0.043209876543209874,-6.922985395061729
17710.00000009895,6,156,0.037037037037037035,-5.9339874814814815
17720.00000009735,5,157,0.030864197530864196,-4.944989567901234
17730.000000095748,5,157,0.030864197530864196,-4.944989567901234
17740.000000094147,7,155,0.043209876543209874,-6.922985395061729
17750.000000092547,4,158,0.024691358024691357,-3.955991654320987
17760.000000090946,4,158,0.024691358024691357,-3.955991654320987
17770.000000089345,4,158,0.024691358024691357,-3.955991654320987
17780.000000087744,6,156,0.037037037037037035,-5.9339874814814815
17790.000000086144,2,160,0.012345679012345678,-1.9779958271604936
17800.000000084543,4,158,0.024691358024691357,-3.955991654320987
17810.000000082942,4,158,0.024691358024691357,-3.955991654320987
17820.00000008134,2,160,0.012345679012345678,-1.9779958271604936
17830.00000007974,10,152,0.06172839506172839,-9.889979135802468
17840.00000007814,5,157,0.030864197530864196,-4.944989567901234
17850.00000007654,7,155,0.043209876543209874,-6.922985395061729
17860.00000007494,7,155,0.043209876543209874,-6.922985395061729
17870.000000073338,7,155,0.043209876543209874,-6.922985395061729
17880.000000071737,4,158,0.024691358024691357,-3.955991654320987
17890.000000070137,7,155,0.043209876543209874,-6.922985395061729
17900.000000068536,2,160,0.012345679012345678,-1.9779958271604936
17910.000000066935,4,158,0.024691358024691357,-3.955991654320987
17920.000000065334,3,159,0.018518518518518517,-2.9669937407407407
17930.000000063734,4,158,0.024691358024691357,-3.955991654320987
17940.000000062133,4,158,0.024691358024691357,-3.955991654320987
17950.000000060532,4,158,0.024691358024691357,-3.955991654320987
17960.00000005893,8,154,0.04938271604938271,-7.911983308641974
17970.00000005733,6,156,0.037037037037037035,-5.9339874814814815
17980.00000005573,7,155,0.043209876543209874,-6.922985395061729
17990.00000005413,4,158,0.024691358024691357,-3.955991654320987
18000.00000005253,5,157,0.030864197530864196,-4.944989567901234
18010.000000050928,4,158,0.024691358024691357,-3.955991654320987
18020.000000049327,1,161,0.006172839506172839,-0.9889979135802468
18030.000000047727,1,161,0.006172839506172839,-0.9889979135802468
18040.000000046126,4,158,0.024691358024691357,-3.955991654320987
18050.000000044525,1,161,0.006172839506172839,-0.9889979135802468
18060.000000042925,1,161,0.006172839506172839,-0.9889979135802468
18070.000000041324,4,158,0.024691358024691357,-3.955991654320987
18080.000000039723,6,156,0.037037037037037035,-5.9339874814814815
18090.000000038122,5,157,0.030864197530864196,-4.944989567901234
18100.00000003652,2,160,0.012345679012345678,-1.9779958271604936
18110.00000003492,5,157,0.030864197530864196,-4.944989567901234
18120.00000003332,3,159,0.018518518518518517,-2.9669937407407407
18130.00000003172,5,157,0.030864197530864196,-4.944989567901234
18140.00000003012,3,159,0.018518518518518517,-2.9669937407407407
18150.000000028518,3,159,0.018518518518518517,-2.9669937407407407
18160.000000026917,2,160,0.012345679012345678,-1.9779958271604936
18170.000000025317,5,157,0.030864197530864196,-4.944989567901234
18180.000000023716,1,161,0.006172839506172839,-0.9889979135802468
18190.000000022115,5,157,0.030864197530864196,-4.944989567901234
18200.000000020515,3,159,0.018518518518518517,-2.9669937407407407
18210.000000018914,4,158,0.024691358024691357,-3.955991654320987
18220.000000017313,4,158,0.024691358024691357,-3.955991654320987
18230.000000015712,1,161,0.006172839506172839,-0.9889979135802468
18240.00000001411,2,160,0.012345679012345678,-1.9779958271604936
18250.00000001251,3,159,0.018518518518518517,-2.9669937407407407
18260.00000001091,1,161,0.006172839506172839,-0.9889979135802468
18270.00000000931,0,162,0.0,0.0
18280.00000000771,3,159,0.018518518518518517,-2.9669937407407407
18290.000000006108,3,159,0.018518518518518517,-2.9669937407407407
18300.000000004507,1,161,0.006172839506172839,-0.9889979135802468
18310.000000002907,4,158,0.024691358024691357,-3.955991654320987
18320.000000001306,5,157,0.030864197530864196,-4.944989567901234
18329.999999999705,1,161,0.006172839506172839,-0.9889979135802468
18339.999999998105,2,160,0.012345679012345678,-1.9779958271604936
18349.999999996504,1,161,0.006172839506172839,-0.9889979135802468
18359.999999994903,3,159,0.018518518518518517,-2.9669937407407407
18369.999999993302,3,159,0.018518518518518517,-2.9669937407407407
18379.9999999917,1,161,0.006172839506172839,-0.9889979135802468
18389.9999999901,2,160,0.012345679012345678,-1.9779958271604936
18399.9999999885,5,157,0.030864197530864196,-4.944989567901234
18409.9999999869,5,157,0.030864197530864196,-4.944989567901234
18419.9999999853,5,157,0.030864197530864196,-4.944989567901234
18429.9999999837,4,158,0.024691358024691357,-3.955991654320987
18439.999999982098,4,158,0.024691358024691357,-3.955991654320987
18449.999999980497,9,153,0.05555555555555555,-8.90098122222222
18459.999999978896,5,157,0.030864197530864196,-4.944989567901234
18469.999999977295,4,158,0.024691358024691357,-3.955991654320987
18479.999999975695,3,159,0.018518518518518517,-2.9669937407407407
18489.999999974094,6,156,0.037037037037037035,-5.9339874814814815
18499.999999972493,7,155,0.043209876543209874,-6.922985395061729
18509.999999970893,6,156,0.037037037037037035,-5.9339874814814815
18519.999999969292,7,155,0.043209876543209874,-6.922985395061729
18529.99999996769,4,158,0.024691358024691357,-3.955991654320987
18539.99999996609,7,155,0.043209876543209874,-6.922985395061729
18549.99999996449,7,155,0.043209876543209874,-6.922985395061729
18559.99999996289,0,162,0.0,0.0
18569.99999996129,1,161,0.006172839506172839,-0.9889979135802468
18579.999999959688,1,161,0.006172839506172839,-0.9889979135802468
18589.999999958087,3,159,0.018518518518518517,-2.9669937407407407
18599.999999956486,4,158,0.024691358024691357,-3.955991654320987
18609.999999954885,1,161,0.006172839506172839,-0.9889979135802468
18619.999999953285,2,160,0.012345679012345678,-1.9779958271604936
18629.999999951684,6,156,0.037037037037037035,-5.9339874814814815
18639.999999950083,7,155,0.043209876543209874,-6.922985395061729
18649.999999948483,2,160,0.012345679012345678,-1.9779958271604936
18659.999999946882,0,162,0.0,0.0
18669.99999994528,1,161,0.006172839506172839,-0.9889979135802468
18679.99999994368,4,158,0.024691358024691357,-3.955991654320987
18689.99999994208,4,158,0.024691358024691357,-3.955991654320987
18699.99999994048,6,156,0.037037037037037035,-5.9339874814814815
18709.99999993888,3,159,0.018518518518518517,-2.9669937407407407
18719.999999937278,4,158,0.024691358024691357,-3.955991654320987
18729.999999935677,3,159,0.018518518518518517,-2.9669937407407407
18739.999999934076,2,160,0.012345679012345678,-1.9779958271604936
18749.999999932475,6,156,0.037037037037037035,-5.9339874814814815
18759.999999930875,1,161,0.006172839506172839,-0.9889979135802468
18769.999999929274,3,159,0.018518518518518517,-2.9669937407407407
18779.999999927673,6,156,0.037037037037037035,-5.9339874814814815
18789.999999926073,5,157,0.030864197530864196,-4.944989567901234
18799.999999924472,2,160,0.012345679012345678,-1.9779958271604936
18809.99999992287,4,158,0.024691358024691357,-3.955991654320987
18819.99999992127,2,160,0.012345679012345678,-1.9779958271604936
18829.99999991967,4,158,0.024691358024691357,-3.955991654320987
18839.99999991807,2,160,0.012345679012345678,-1.9779958271604936
18849.99999991647,2,160,0.012345679012345678,-1.9779958271604936
18859.999999914868,2,160,0.012345679012345678,-1.9779958271604936
18869.999999913267,1,161,0.006172839506172839,-0.9889979135802468
18879.999999911666,2,160,0.012345679012345678,-1.9779958271604936
18889.999999910066,1,161,0.006172839506172839,-0.9889979135802468
18899.999999908465,2,160,0.012345679012345678,-1.9779958271604936
18909.999999906864,3,159,0.018518518518518517,-2.9669937407407407
18919.999999905263,3,159,0.018518518518518517,-2.9669937407407407
18929.999999903663,3,159,0.018518518518518517,-2.9669937407407407
18939.999999902062,3,159,0.018518518518518517,-2.9669937407407407
18949.99999990046,5,157,0.030864197530864196,-4.944989567901234
18959.99999989886,4,158,0.024691358024691357,-3.955991654320987
18969.99999989726,4,158,0.024691358024691357,-3.955991654320987
18979.99999989566,6,156,0.037037037037037035,-5.9339874814814815
18989.99999989406,6,156,0.037037037037037035,-5.9339874814814815
18999.999999892458,5,157,0.030864197530864196,-4.944989567901234
19009.999999890857,4,158,0.024691358024691357,-3.955991654320987
19019.999999889256,5,157,0.030864197530864196,-4.944989567901234
19029.999999887656,2,160,0.012345679012345678,-1.9779958271604936
19039.999999886055,4,158,0.024691358024691357,-3.955991654320987
19049.999999884454,5,157,0.030864197530864196,-4.944989567901234
19059.999999882853,5,157,0.030864197530864196,-4.944989567901234
19069.999999881253,2,160,0.012345679012345678,-1.9779958271604936
19079.999999879652,3,159,0.018518518518518517,-2.9669937407407407
19089.99999987805,2,160,0.012345679012345678,-1.9779958271604936
19099.99999987645,2,160,0.012345679012345678,-1.9779958271604936
19109.99999987485,3,159,0.018518518518518517,-2.9669937407407407
19119.99999987325,2,160,0.012345679012345678,-1.9779958271604936
19129.99999987165,3,159,0.018518518518518517,-2.9669937407407407
19139.999999870048,3,159,0.018518518518518517,-2.9669937407407407
19149.999999868447,4,158,0.024691358024691357,-3.955991654320987
19159.999999866846,3,159,0.018518518518518517,-2.9669937407407407
19169.999999865246,4,158,0.024691358024691357,-3.955991654320987
19179.999999863645,3,159,0.018518518518518517,-2.9669937407407407
19189.999999862044,4,158,0.024691358024691357,-3.955991654320987
19199.999999860443,4,158,0.024691358024691357,-3.955991654320987
19209.999999858843,5,157,0.030864197530864196,-4.944989567901234
19219.999999857242,3,159,0.018518518518518517,-2.9669937407407407
19229.99999985564,3,159,0.018518518518518517,-2.9669937407407407
19239.99999985404,4,158,0.024691358024691357,-3.955991654320987
19249.99999985244,5,157,0.030864197530864196,-4.944989567901234
19259.99999985084,1,161,0.006172839506172839,-0.9889979135802468
19269.99999984924,6,156,0.037037037037037035,-5.9339874814814815
19279.999999847638,5,157,0.030864197530864196,-4.944989567901234
19289.999999846037,5,157,0.030864197530864196,-4.944989567901234
19299.999999844436,2,160,0.012345679012345678,-1.9779958271604936
19309.999999842836,1,161,0.006172839506172839,-0.9889979135802468
19319.999999841235,5,157,0.030864197530864196,-4.944989567901234
19329.999999839634,8,154,0.04938271604938271,-7.911983308641974
19339.999999838034,6,156,0.037037037037037035,-5.9339874814814815
19349.999999836433,6,156,0.037037037037037035,-5.9339874814814815
19359.999999834832,4,158,0.024691358024691357,-3.955991654320987
19369.99999983323,4,158,0.024691358024691357,-3.955991654320987
19379.99999983163,6,156,0.037037037037037035,-5.9339874814814815
19389.99999983003,6,156,0.037037037037037035,-5.9339874814814815
19399.99999982843,4,158,0.024691358024691357,-3.955991654320987
19409.99999982683,4,158,0.024691358024691357,-3.955991654320987
19419.999999825228,2,160,0.012345679012345678,-1.9779958271604936
19429.999999823627,4,158,0.024691358024691357,-3.955991654320987
19439.999999822026,2,160,0.012345679012345678,-1.9779958271604936
19449.999999820426,4,158,0.024691358024691357,-3.955991654320987
19459.999999818825,2,160,0.012345679012345678,-1.9779958271604936
19469.999999817224,4,158,0.024691358024691357,-3.955991654320987
19479.999999815624,6,156,0.037037037037037035,-5.9339874814814815
19489.999999814023,1,161,0.006172839506172839,-0.9889979135802468
19499.999999812422,7,155,0.043209876543209874,-6.922985395061729
19509.99999981082,5,157,0.030864197530864196,-4.944989567901234
19519.99999980922,4,158,0.024691358024691357,-3.955991654320987
19529.99999980762,6,156,0.037037037037037035,-5.9339874814814815
19539.99999980602,5,157,0.030864197530864196,-4.944989567901234
19549.99999980442,4,158,0.024691358024691357,-3.955991654320987
19559.999999802818,3,159,0.018518518518518517,-2.9669937407407407
19569.999999801217,6,156,0.037037037037037035,-5.9339874814814815
19579.999999799616,6,156,0.037037037037037035,-5.9339874814814815
19589.999999798016,2,160,0.012345679012345678,-1.9779958271604936
19599.999999796415,6,156,0.037037037037037035,-5.9339874814814815
19609.999999794814,4,158,0.024691358024691357,-3.955991654320987
19619.999999793214,4,158,0.024691358024691357,-3.955991654320987
19629.999999791613,2,160,0.012345679012345678,-1.9779958271604936
19639.999999790012,5,157,0.030864197530864196,-4.944989567901234
19649.99999978841,1,161,0.006172839506172839,-0.9889979135802468
19659.99999978681,2,160,0.012345679012345678,-1.9779958271604936
19669.99999978521,4,158,0.024691358024691357,-3.955991654320987
19679.99999978361,4,158,0.024691358024691357,-3.955991654320987
19689.99999978201,3,159,0.018518518518518517,-2.9669937407407407
19699.999999780408,2,160,0.012345679012345678,-1.9779958271604936
19709.999999778807,1,161,0.006172839506172839,-0.9889979135802468
19719.999999777207,1,161,0.006172839506172839,-0.9889979135802468
19729.999999775606,2,160,0.012345679012345678,-1.9779958271604936
19739.999999774005,3,159,0.018518518518518517,-2.9669937407407407
19749.999999772404,3,159,0.018518518518518517,-2.9669937407407407
19759.999999770804,5,157,0.030864197530864196,-4.944989567901234
19769.999999769203,6,156,0.037037037037037035,-5.9339874814814815
19779.999999767602,3,159,0.018518518518518517,-2.9669937407407407
19789.999999766,3,159,0.018518518518518517,-2.9669937407407407
19799.9999997644,3,159,0.018518518518518517,-2.9669937407407407
19809.9999997628,3,159,0.018518518518518517,-2.9669937407407407
19819.9999997612,3,159,0.018518518518518517,-2.9669937407407407
19829.9999997596,3,159,0.018518518518518517,-2.9669937407407407
19839.999999757998,3,159,0.018518518518518517,-2.9669937407407407
19849.999999756397,4,158,0.024691358024691357,-3.955991654320987
19859.999999754797,3,159,0.018518518518518517,-2.9669937407407407
19869.999999753196,3,159,0.018518518518518517,-2.9669937407407407
19879.999999751595,5,157,0.030864197530864196,-4.944989567901234
19889.999999749994,3,159,0.018518518518518517,-2.9669937407407407
19899.999999748394,3,159,0.018518518518518517,-2.9669937407407407
19909.999999746793,5,157,0.030864197530864196,-4.944989567901234
19919.999999745192,5,157,0.030864197530864196,-4.944989567901234
19929.99999974359,4,158,0.024691358024691357,-3.955991654320987
19939.99999974199,5,157,0.030864197530864196,-4.944989567901234
19949.99999974039,5,157,0.030864197530864196,-4.944989567901234
19959.99999973879,3,159,0.018518518518518517,-2.9669937407407407
19969.99999973719,6,156,0.037037037037037035,-5.9339874814814815
19979.999999735588,3,159,0.018518518518518517,-2.9669937407407407
19989.999999733987,2,160,0.012345679012345678,-1.9779958271604936
19999.999999732387,4,158,0.024691358024691357,-3.955991654320987
20009.999999730786,6,156,0.037037037037037035,-5.9339874814814815
20019.999999729185,6,156,0.037037037037037035,-5.9339874814814815
20029.999999727585,2,160,0.012345679012345678,-1.9779958271604936
20039.999999725984,5,157,0.030864197530864196,-4.944989567901234
20049.999999724383,2,160,0.012345679012345678,-1.9779958271604936
20059.999999722782,3,159,0.018518518518518517,-2.9669937407407407
20069.99999972118,6,156,0.037037037037037035,-5.9339874814814815
20079.99999971958,2,160,0.012345679012345678,-1.9779958271604936
20089.99999971798,4,158,0.024691358024691357,-3.955991654320987
20099.99999971638,6,156,0.037037037037037035,-5.9339874814814815
20109.99999971478,6,156,0.037037037037037035,-5.9339874814814815
20119.999999713178,3,159,0.018518518518518517,-2.9669937407407407
20129.999999711577,2,160,0.012345679012345678,-1.9779958271604936
20139.999999709977,3,159,0.018518518518518517,-2.9669937407407407
20149.999999708376,6,156,0.037037037037037035,-5.9339874814814815
20159.999999706775,1,161,0.006172839506172839,-0.9889979135802468
20169.999999705175,5,157,0.030864197530864196,-4.944989567901234
20179.999999703574,6,156,0.037037037037037035,-5.9339874814814815
20189.999999701973,5,157,0.030864197530864196,-4.944989567901234
20199.999999700372,4,158,0.024691358024691357,-3.955991654320987
20209.99999969877,6,156,0.037037037037037035,-5.9339874814814815
20219.99999969717,4,158,0.024691358024691357,-3.955991654320987
20229.99999969557,5,157,0.030864197530864196,-4.944989567901234
20239.99999969397,4,158,0.024691358024691357,-3.955991654320987
20249.99999969237,1,161,0.006172839506172839,-0.9889979135802468
20259.999999690768,3,159,0.018518518518518517,-2.9669937407407407
20269.999999689167,4,158,0.024691358024691357,-3.955991654320987
20279.999999687567,4,158,0.024691358024691357,-3.955991654320987
20289.999999685966,3,159,0.018518518518518517,-2.9669937407407407
20299.999999684365,3,159,0.018518518518518517,-2.9669937407407407
20309.999999682765,2,160,0.012345679012345678,-1.9779958271604936
20319.999999681164,2,160,0.012345679012345678,-1.9779958271604936
20329.999999679563,5,157,0.030864197530864196,-4.944989567901234
20339.999999677962,4,158,0.024691358024691357,-3.955991654320987
20349.99999967636,4,158,0.024691358024691357,-3.955991654320987
20359.99999967476,3,159,0.018518518518518517,-2.9669937407407407
20369.99999967316,1,161,0.006172839506172839,-0.9889979135802468
20379.99999967156,2,160,0.012345679012345678,-1.9779958271604936
20389.99999966996,3,159,0.018518518518518517,-2.9669937407407407
20399.99999966836,1,161,0.006172839506172839,-0.9889979135802468
20409.999999666758,2,160,0.012345679012345678,-1.9779958271604936
20419.999999665157,3,159,0.018518518518518517,-2.9669937407407407
20429.999999663556,2,160,0.012345679012345678,-1.9779958271604936
20439.999999661955,1,161,0.006172839506172839,-0.9889979135802468
20449.999999660355,1,161,0.006172839506172839,-0.9889979135802468
20459.999999658754,3,159,0.018518518518518517,-2.9669937407407407
20469.999999657153,2,160,0.012345679012345678,-1.9779958271604936
20479.999999655553,1,161,0.006172839506172839,-0.9889979135802468
20489.99999965395,5,157,0.030864197530864196,-4.944989567901234
20499.99999965235,3,159,0.018518518518518517,-2.9669937407407407
20509.99999965075,5,157,0.030864197530864196,-4.944989567901234
20519.99999964915,2,160,0.012345679012345678,-1.9779958271604936
20529.99999964755,4,158,0.024691358024691357,-3.955991654320987
20539.99999964595,4,158,0.024691358024691357,-3.955991654320987
20549.999999644348,4,158,0.024691358024691357,-3.955991654320987
20559.999999642747,5,157,0.030864197530864196,-4.944989567901234
20569.999999641146,1,161,0.006172839506172839,-0.9889979135802468
20579.999999639545,0,162,0.0,0.0
20589.999999637945,2,160,0.012345679012345678,-1.9779958271604936
20599.999999636344,2,160,0.012345679012345678,-1.9779958271604936
20609.999999634743,3,159,0.018518518518518517,-2.9669937407407407
20619.999999633143,2,160,0.012345679012345678,-1.9779958271604936
20629.999999631542,7,155,0.043209876543209874,-6.922985395061729
20639.99999962994,4,158,0.024691358024691357,-3.955991654320987
20649.99999962834,2,160,0.012345679012345678,-1.9779958271604936
20659.99999962674,4,158,0.024691358024691357,-3.955991654320987
20669.99999962514,3,159,0.018518518518518517,-2.9669937407407407
20679.99999962354,5,157,0.030864197530864196,-4.944989567901234
20689.999999621938,4,158,0.024691358024691357,-3.955991654320987
20699.999999620337,4,158,0.024691358024691357,-3.955991654320987
20709.999999618736,1,161,0.006172839506172839,-0.9889979135802468
20719.999999617135,1,161,0.006172839506172839,-0.9889979135802468
20729.999999615535,4,158,0.024691358024691357,-3.955991654320987
20739.999999613934,3,159,0.018518518518518517,-2.9669937407407407
20749.999999612333,3,159,0.018518518518518517,-2.9669937407407407
20759.999999610733,4,158,0.024691358024691357,-3.955991654320987
20769.999999609132,4,158,0.024691358024691357,-3.955991654320987
20779.99999960753,4,158,0.024691358024691357,-3.955991654320987
20789.99999960593,4,158,0.024691358024691357,-3.955991654320987
20799.99999960433,2,160,0.012345679012345678,-1.9779958271604936
20809.99999960273,3,159,0.018518518518518517,-2.9669937407407407
20819.99999960113,6,156,0.037037037037037035,-5.9339874814814815
20829.999999599528,2,160,0.012345679012345678,-1.9779958271604936
20839.999999597927,4,158,0.024691358024691357,-3.955991654320987
20849.999999596326,3,159,0.018518518518518517,-2.9669937407407407
20859.999999594726,5,157,0.030864197530864196,-4.944989567901234
20869.999999593125,4,158,0.024691358024691357,-3.955991654320987
20879.999999591524,3,159,0.018518518518518517,-2.9669937407407407
20889.999999589923,1,161,0.006172839506172839,-0.9889979135802468
20899.999999588323,6,156,0.037037037037037035,-5.9339874814814815
20909.999999586722,7,155,0.043209876543209874,-6.922985395061729
20919.99999958512,4,158,0.024691358024691357,-3.955991654320987
20929.99999958352,3,159,0.018518518518518517,-2.9669937407407407
20939.99999958192,4,158,0.024691358024691357,-3.955991654320987
20949.99999958032,2,160,0.012345679012345678,-1.9779958271604936
20959.99999957872,7,155,0.043209876543209874,-6.922985395061729
20969.999999577118,5,157,0.030864197530864196,-4.944989567901234
20979.999999575517,8,154,0.04938271604938271,-7.911983308641974
20989.999999573916,9,153,0.05555555555555555,-8.90098122222222
20999.999999572316,8,154,0.04938271604938271,-7.911983308641974
21009.999999570715,7,155,0.043209876543209874,-6.922985395061729
21019.999999569114,6,156,0.037037037037037035,-5.9339874814814815
21029.999999567513,2,160,0.012345679012345678,-1.9779958271604936
21039.999999565913,5,157,0.030864197530864196,-4.944989567901234
21049.999999564312,7,155,0.043209876543209874,-6.922985395061729
21059.99999956271,4,158,0.024691358024691357,-3.955991654320987
21069.99999956111,4,158,0.024691358024691357,-3.955991654320987
21079.99999955951,3,159,0.018518518518518517,-2.9669937407407407
21089.99999955791,7,155,0.043209876543209874,-6.922985395061729
21099.99999955631,4,158,0.024691358024691357,-3.955991654320987
21109.999999554708,2,160,0.012345679012345678,-1.9779958271604936
21119.999999553107,3,159,0.018518518518518517,-2.9669937407407407
21129.999999551506,6,156,0.037037037037037035,-5.9339874814814815
21139.999999549906,4,158,0.024691358024691357,-3.955991654320987
21149.999999548305,6,156,0.037037037037037035,-5.9339874814814815
21159.999999546704,6,156,0.037037037037037035,-5.9339874814814815
21169.999999545103,4,158,0.024691358024691357,-3.955991654320987
21179.999999543503,6,156,0.037037037037037035,-5.9339874814814815
21189.999999541902,6,156,0.037037037037037035,-5.9339874814814815
21199.9999995403,4,158,0.024691358024691357,-3.955991654320987
21209.9999995387,3,159,0.018518518518518517,-2.9669937407407407
21219.9999995371,3,159,0.018518518518518517,-2.9669937407407407
21229.9999995355,3,159,0.018518518518518517,-2.9669937407407407
21239.9999995339,3,159,0.018518518518518517,-2.9669937407407407
21249.999999532298,2,160,0.012345679012345678,-1.9779958271604936
21259.999999530697,4,158,0.024691358024691357,-3.955991654320987
21269.999999529096,4,158,0.024691358024691357,-3.955991654320987
21279.999999527496,1,161,0.006172839506172839,-0.9889979135802468
21289.999999525895,2,160,0.012345679012345678,-1.9779958271604936
21299.999999524294,5,157,0.030864197530864196,-4.944989567901234
21309.999999522694,4,158,0.024691358024691357,-3.955991654320987
21319.999999521093,4,158,0.024691358024691357,-3.955991654320987
21329.999999519492,3,159,0.018518518518518517,-2.9669937407407407
21339.99999951789,5,157,0.030864197530864196,-4.944989567901234
21349.99999951629,6,156,0.037037037037037035,-5.9339874814814815
21359.99999951469,4,158,0.024691358024691357,-3.955991654320987
21369.99999951309,6,156,0.037037037037037035,-5.9339874814814815
21379.99999951149,7,155,0.043209876543209874,-6.922985395061729
21389.999999509888,6,156,0.037037037037037035,-5.9339874814814815
21399.999999508287,2,160,0.012345679012345678,-1.9779958271604936
21409.999999506686,3,159,0.018518518518518517,-2.9669937407407407
21419.999999505086,4,158,0.024691358024691357,-3.955991654320987
21429.999999503485,3,159,0.018518518518518517,-2.9669937407407407
21439.999999501884,3,159,0.018518518518518517,-2.9669937407407407
21449.999999500284,2,160,0.012345679012345678,-1.9779958271604936
21459.999999498683,7,155,0.043209876543209874,-6.922985395061729
21469.999999497082,5,157,0.030864197530864196,-4.944989567901234
21479.99999949548,3,159,0.018518518518518517,-2.9669937407407407
21489.99999949388,4,158,0.024691358024691357,-3.955991654320987
21499.99999949228,8,154,0.04938271604938271,-7.911983308641974
21509.99999949068,4,158,0.024691358024691357,-3.955991654320987
21519.99999948908,3,159,0.018518518518518517,-2.9669937407407407
21529.999999487478,3,159,0.018518518518518517,-2.9669937407407407
21539.999999485877,5,157,0.030864197530864196,-4.944989567901234
21549.999999484276,4,158,0.024691358024691357,-3.955991654320987
21559.999999482676,2,160,0.012345679012345678,-1.9779958271604936
21569.999999481075,1,161,0.006172839506172839,-0.9889979135802468
21579.999999479474,5,157,0.030864197530864196,-4.944989567901234
21589.999999477874,4,158,0.024691358024691357,-3.955991654320987
21599.999999476273,1,161,0.006172839506172839,-0.9889979135802468
21609.999999474672,4,158,0.024691358024691357,-3.955991654320987
21619.99999947307,2,160,0.012345679012345678,-1.9779958271604936
21629.99999947147,2,160,0.012345679012345678,-1.9779958271604936
21639.99999946987,1,161,0.006172839506172839,-0.9889979135802468
21649.99999946827,3,159,0.018518518518518517,-2.9669937407407407
21659.99999946667,2,160,0.012345679012345678,-1.9779958271604936
21669.999999465068,5,157,0.030864197530864196,-4.944989567901234
21679.999999463467,5,157,0.030864197530864196,-4.944989567901234
21689.999999461867,4,158,0.024691358024691357,-3.955991654320987
21699.999999460266,2,160,0.012345679012345678,-1.9779958271604936
21709.999999458665,1,161,0.006172839506172839,-0.9889979135802468
21719.999999457064,0,162,0.0,0.0
21729.999999455464,2,160,0.012345679012345678,-1.9779958271604936
21739.999999453863,3,159,0.018518518518518517,-2.9669937407407407
21749.999999452262,3,159,0.018518518518518517,-2.9669937407407407
21759.99999945066,3,159,0.018518518518518517,-2.9669937407407407
21769.99999944906,2,160,0.012345679012345678,-1.9779958271604936
21779.99999944746,2,160,0.012345679012345678,-1.9779958271604936
21789.99999944586,2,160,0.012345679012345678,-1.9779958271604936
21799.99999944426,2,160,0.012345679012345678,-1.9779958271604936
21809.999999442658,3,159,0.018518518518518517,-2.9669937407407407
21819.999999441057,3,159,0.018518518518518517,-2.9669937407407407
21829.999999439457,4,158,0.024691358024691357,-3.955991654320987
21839.999999437856,2,160,0.012345679012345678,-1.9779958271604936
21849.999999436255,1,161,0.006172839506172839,-0.9889979135802468
21859.999999434654,2,160,0.012345679012345678,-1.9779958271604936
21869.999999433054,4,158,0.024691358024691357,-3.955991654320987
21879.999999431453,6,156,0.037037037037037035,-5.9339874814814815
21889.999999429852,3,159,0.018518518518518517,-2.9669937407407407
21899.99999942825,2,160,0.012345679012345678,-1.9779958271604936
21909.99999942665,1,161,0.006172839506172839,-0.9889979135802468
21919.99999942505,5,157,0.030864197530864196,-4.944989567901234
21929.99999942345,5,157,0.030864197530864196,-4.944989567901234
21939.99999942185,4,158,0.024691358024691357,-3.955991654320987
21949.999999420248,2,160,0.012345679012345678,-1.9779958271604936
21959.999999418647,3,159,0.018518518518518517,-2.9669937407407407
21969.999999417047,2,160,0.012345679012345678,-1.9779958271604936
21979.999999415446,4,158,0.024691358024691357,-3.955991654320987
21989.999999413845,1,161,0.006172839506172839,-0.9889979135802468
21999.999999412245,2,160,0.012345679012345678,-1.9779958271604936
22009.999999410644,5,157,0.030864197530864196,-4.944989567901234
22019.999999409043,8,154,0.04938271604938271,-7.911983308641974
22029.999999407442,6,156,0.037037037037037035,-5.9339874814814815
22039.99999940584,4,158,0.024691358024691357,-3.955991654320987
22049.99999940424,4,158,0.024691358024691357,-3.955991654320987
22059.99999940264,3,159,0.018518518518518517,-2.9669937407407407
22069.99999940104,2,160,0.012345679012345678,-1.9779958271604936
22079.99999939944,2,160,0.012345679012345678,-1.9779958271604936
22089.999999397838,2,160,0.012345679012345678,-1.9779958271604936
22099.999999396237,2,160,0.012345679012345678,-1.9779958271604936
22109.999999394637,6,156,0.037037037037037035,-5.9339874814814815
22119.999999393036,4,158,0.024691358024691357,-3.955991654320987
22129.999999391435,4,158,0.024691358024691357,-3.955991654320987
22139.999999389835,8,154,0.04938271604938271,-7.911983308641974
22149.999999388234,4,158,0.024691358024691357,-3.955991654320987
22159.999999386633,2,160,0.012345679012345678,-1.9779958271604936
22169.999999385032,2,160,0.012345679012345678,-1.9779958271604936
22179.99999938343,6,156,0.037037037037037035,-5.9339874814814815
22189.99999938183,1,161,0.006172839506172839,-0.9889979135802468
22199.99999938023,4,158,0.024691358024691357,-3.955991654320987
22209.99999937863,3,159,0.018518518518518517,-2.9669937407407407
22219.99999937703,3,159,0.018518518518518517,-2.9669937407407407
22229.999999375428,2,160,0.012345679012345678,-1.9779958271604936
22239.999999373827,3,159,0.018518518518518517,-2.9669937407407407
22249.999999372227,6,156,0.037037037037037035,-5.9339874814814815
22259.999999370626,1,161,0.006172839506172839,-0.9889979135802468
22269.999999369025,3,159,0.018518518518518517,-2.9669937407407407
22279.999999367425,3,159,0.018518518518518517,-2.9669937407407407
22289.999999365824,3,159,0.018518518518518517,-2.9669937407407407
22299.999999364223,5,157,0.030864197530864196,-4.944989567901234
22309.999999362622,3,159,0.018518518518518517,-2.9669937407407407
22319.99999936102,2,160,0.012345679012345678,-1.9779958271604936
22329.99999935942,3,159,0.018518518518518517,-2.9669937407407407
22339.99999935782,3,159,0.018518518518518517,-2.9669937407407407
22349.99999935622,2,160,0.012345679012345678,-1.9779958271604936
22359.99999935462,5,157,0.030864197530864196,-4.944989567901234
22369.99999935302,4,158,0.024691358024691357,-3.955991654320987
22379.999999351418,6,156,0.037037037037037035,-5.9339874814814815
22389.999999349817,2,160,0.012345679012345678,-1.9779958271604936
22399.999999348216,3,159,0.018518518518518517,-2.9669937407407407
22409.999999346615,6,156,0.037037037037037035,-5.9339874814814815
22419.999999345015,6,156,0.037037037037037035,-5.9339874814814815
22429.999999343414,3,159,0.018518518518518517,-2.9669937407407407
22439.999999341813,3,159,0.018518518518518517,-2.9669937407407407
22449.999999340213,5,157,0.030864197530864196,-4.944989567901234
22459.99999933861,2,160,0.012345679012345678,-1.9779958271604936
22469.99999933701,5,157,0.030864197530864196,-4.944989567901234
22479.99999933541,4,158,0.024691358024691357,-3.955991654320987
22489.99999933381,5,157,0.030864197530864196,-4.944989567901234
22499.99999933221,4,158,0.024691358024691357,-3.955991654320987
22509.99999933061,6,156,0.037037037037037035,-5.9339874814814815
22519.999999329008,3,159,0.018518518518518517,-2.9669937407407407
22529.999999327407,5,157,0.030864197530864196,-4.944989567901234
22539.999999325806,6,156,0.037037037037037035,-5.9339874814814815
22549.999999324205,8,154,0.04938271604938271,-7.911983308641974
22559.999999322605,8,154,0.04938271604938271,-7.911983308641974
22569.999999321004,4,158,0.024691358024691357,-3.955991654320987
22579.999999319403,3,159,0.018518518518518517,-2.9669937407407407
22589.999999317803,3,159,0.018518518518518517,-2.9669937407407407
22599.999999316202,8,154,0.04938271604938271,-7.911983308641974
22609.9999993146,4,158,0.024691358024691357,-3.955991654320987
22619.999999313,2,160,0.012345679012345678,-1.9779958271604936
22629.9999993114,2,160,0.012345679012345678,-1.9779958271604936
22639.9999993098,4,158,0.024691358024691357,-3.955991654320987
22649.9999993082,1,161,0.006172839506172839,-0.9889979135802468
22659.999999306598,4,158,0.024691358024691357,-3.955991654320987
22669.999999304997,3,159,0.018518518518518517,-2.9669937407407407
22679.999999303396,2,160,0.012345679012345678,-1.9779958271604936
22689.999999301795,4,158,0.024691358024691357,-3.955991654320987
22699.999999300195,2,160,0.012345679012345678,-1.9779958271604936
22709.999999298594,4,158,0.024691358024691357,-3.955991654320987
22719.999999296993,7,155,0.043209876543209874,-6.922985395061729
22729.999999295393,4,158,0.024691358024691357,-3.955991654320987
22739.999999293792,4,158,0.024691358024691357,-3.955991654320987
22749.99999929219,4,158,0.024691358024691357,-3.955991654320987
22759.99999929059,3,159,0.018518518518518517,-2.9669937407407407
22769.99999928899,2,160,0.012345679012345678,-1.9779958271604936
22779.99999928739,5,157,0.030864197530864196,-4.944989567901234
22789.99999928579,3,159,0.018518518518518517,-2.9669937407407407
22799.999999284188,5,157,0.030864197530864196,-4.944989567901234
22809.999999282587,6,156,0.037037037037037035,-5.9339874814814815
22819.999999280986,4,158,0.024691358024691357,-3.955991654320987
22829.999999279386,5,157,0.030864197530864196,-4.944989567901234
22839.999999277785,1,161,0.006172839506172839,-0.9889979135802468
22849.999999276184,3,159,0.018518518518518517,-2.9669937407407407
22859.999999274583,5,157,0.030864197530864196,-4.944989567901234
22869.999999272983,2,160,0.012345679012345678,-1.9779958271604936
22879.999999271382,4,158,0.024691358024691357,-3.955991654320987
22889.99999926978,2,160,0.012345679012345678,-1.9779958271604936
22899.99999926818,1,161,0.006172839506172839,-0.9889979135802468
22909.99999926658,4,158,0.024691358024691357,-3.955991654320987
22919.99999926498,2,160,0.012345679012345678,-1.9779958271604936
22929.99999926338,3,159,0.018518518518518517,-2.9669937407407407
22939.999999261778,1,161,0.006172839506172839,-0.9889979135802468
22949.999999260177,5,157,0.030864197530864196,-4.944989567901234
22959.999999258576,4,158,0.024691358024691357,-3.955991654320987
22969.999999256976,5,157,0.030864197530864196,-4.944989567901234
22979.999999255375,4,158,0.024691358024691357,-3.955991654320987
22989.999999253774,1,161,0.006172839506172839,-0.9889979135802468
22999.999999252173,3,159,0.018518518518518517,-2.9669937407407407
23009.999999250573,3,159,0.018518518518518517,-2.9669937407407407
23019.999999248972,2,160,0.012345679012345678,-1.9779958271604936
23029.99999924737,5,157,0.030864197530864196,-4.944989567901234
23039.99999924577,6,156,0.037037037037037035,-5.9339874814814815
23049.99999924417,5,157,0.030864197530864196,-4.944989567901234
23059.99999924257,3,159,0.018518518518518517,-2.9669937407407407
23069.99999924097,6,156,0.037037037037037035,-5.9339874814814815
23079.999999239368,2,160,0.012345679012345678,-1.9779958271604936
23089.999999237767,5,157,0.030864197530864196,-4.944989567901234
23099.999999236166,4,158,0.024691358024691357,-3.955991654320987
23109.999999234566,2,160,0.012345679012345678,-1.9779958271604936
23119.999999232965,1,161,0.006172839506172839,-0.9889979135802468
23129.999999231364,3,159,0.018518518518518517,-2.9669937407407407
23139.999999229763,4,158,0.024691358024691357,-3.955991654320987
23149.999999228163,3,159,0.018518518518518517,-2.9669937407407407
23159.999999226562,4,158,0.024691358024691357,-3.955991654320987
23169.99999922496,3,159,0.018518518518518517,-2.9669937407407407
23179.99999922336,6,156,0.037037037037037035,-5.9339874814814815
23189.99999922176,6,156,0.037037037037037035,-5.9339874814814815
23199.99999922016,7,155,0.043209876543209874,-6.922985395061729
23209.99999921856,5,157,0.030864197530864196,-4.944989567901234
23219.999999216958,2,160,0.012345679012345678,-1.9779958271604936
23229.999999215357,4,158,0.024691358024691357,-3.955991654320987
23239.999999213756,5,157,0.030864197530864196,-4.944989567901234
23249.999999212156,4,158,0.024691358024691357,-3.955991654320987
23259.999999210555,4,158,0.024691358024691357,-3.955991654320987
23269.999999208954,4,158,0.024691358024691357,-3.955991654320987
23279.999999207354,6,156,0.037037037037037035,-5.9339874814814815
23289.999999205753,5,157,0.030864197530864196,-4.944989567901234
23299.999999204152,6,156,0.037037037037037035,-5.9339874814814815
23309.99999920255,4,158,0.024691358024691357,-3.955991654320987
23319.99999920095,2,160,0.012345679012345678,-1.9779958271604936
23329.99999919935,6,156,0.037037037037037035,-5.9339874814814815
23339.99999919775,4,158,0.024691358024691357,-3.955991654320987
23349.99999919615,1,161,0.006172839506172839,-0.9889979135802468
23359.999999194548,2,160,0.012345679012345678,-1.9779958271604936
23369.999999192947,4,158,0.024691358024691357,-3.955991654320987
23379.999999191346,4,158,0.024691358024691357,-3.955991654320987
23389.999999189746,3,159,0.018518518518518517,-2.9669937407407407
23399.999999188145,5,157,0.030864197530864196,-4.944989567901234
23409.999999186544,1,161,0.006172839506172839,-0.9889979135802468
23419.999999184944,2,160,0.012345679012345678,-1.9779958271604936
23429.999999183343,1,161,0.006172839506172839,-0.9889979135802468
23439.999999181742,4,158,0.024691358024691357,-3.955991654320987
23449.99999918014,1,161,0.006172839506172839,-0.9889979135802468
23459.99999917854,2,160,0.012345679012345678,-1.9779958271604936
23469.99999917694,3,159,0.018518518518518517,-2.9669937407407407
23479.99999917534,4,158,0.024691358024691357,-3.955991654320987
23489.99999917374,5,157,0.030864197530864196,-4.944989567901234
23499.999999172138,3,159,0.018518518518518517,-2.9669937407407407
23509.999999170537,5,157,0.030864197530864196,-4.944989567901234
23519.999999168936,4,158,0.024691358024691357,-3.955991654320987
23529.999999167336,5,157,0.030864197530864196,-4.944989567901234
23539.999999165735,6,156,0.037037037037037035,-5.9339874814814815
23549.999999164134,6,156,0.037037037037037035,-5.9339874814814815
23559.999999162534,3,159,0.018518518518518517,-2.9669937407407407
23569.999999160933,4,158,0.024691358024691357,-3.955991654320987
23579.999999159332,3,159,0.018518518518518517,-2.9669937407407407
23589.99999915773,5,157,0.030864197530864196,-4.944989567901234
23599.99999915613,7,155,0.043209876543209874,-6.922985395061729
23609.99999915453,3,159,0.018518518518518517,-2.9669937407407407
23619.99999915293,1,161,0.006172839506172839,-0.9889979135802468
23629.99999915133,5,157,0.030864197530864196,-4.944989567901234
23639.999999149728,3,159,0.018518518518518517,-2.9669937407407407
23649.999999148127,2,160,0.012345679012345678,-1.9779958271604936
23659.999999146527,4,158,0.024691358024691357,-3.955991654320987
23669.999999144926,1,161,0.006172839506172839,-0.9889979135802468
23679.999999143325,3,159,0.018518518518518517,-2.9669937407407407
23689.999999141724,4,158,0.024691358024691357,-3.955991654320987
23699.999999140124,2,160,0.012345679012345678,-1.9779958271604936
23709.999999138523,3,159,0.018518518518518517,-2.9669937407407407
23719.999999136922,3,159,0.018518518518518517,-2.9669937407407407
23729.99999913532,4,158,0.024691358024691357,-3.955991654320987
23739.99999913372,6,156,0.037037037037037035,-5.9339874814814815
23749.99999913212,5,157,0.030864197530864196,-4.944989567901234
23759.99999913052,3,159,0.018518518518518517,-2.9669937407407407
23769.99999912892,2,160,0.012345679012345678,-1.9779958271604936
23779.999999127318,2,160,0.012345679012345678,-1.9779958271604936
23789.999999125717,3,159,0.018518518518518517,-2.9669937407407407
23799.999999124117,3,159,0.018518518518518517,-2.9669937407407407
23809.999999122516,2,160,0.012345679012345678,-1.9779958271604936
23819.999999120915,4,158,0.024691358024691357,-3.955991654320987
23829.999999119314,0,162,0.0,0.0
23839.999999117714,3,159,0.018518518518518517,-2.9669937407407407
23849.999999116113,3,159,0.018518518518518517,-2.9669937407407407
23859.999999114512,1,161,0.006172839506172839,-0.9889979135802468
23869.99999911291,2,160,0.012345679012345678,-1.9779958271604936
23879.99999911131,4,158,0.024691358024691357,-3.955991654320987
23889.99999910971,3,159,0.018518518518518517,-2.9669937407407407
23899.99999910811,5,157,0.030864197530864196,-4.944989567901234
23909.99999910651,1,161,0.006172839506172839,-0.9889979135802468
23919.999999104908,3,159,0.018518518518518517,-2.9669937407407407
23929.999999103307,4,158,0.024691358024691357,-3.955991654320987
23939.999999101707,2,160,0.012345679012345678,-1.9779958271604936
23949.999999100106,4,158,0.024691358024691357,-3.955991654320987
23959.999999098505,2,160,0.012345679012345678,-1.9779958271604936
23969.999999096905,0,162,0.0,0.0
23979.999999095304,3,159,0.018518518518518517,-2.9669937407407407
23989.999999093703,4,158,0.024691358024691357,-3.955991654320987
23999.999999092102,3,159,0.018518518518518517,-2.9669937407407407
24009.9999990905,4,158,0.024691358024691357,-3.955991654320987
24019.9999990889,2,160,0.012345679012345678,-1.9779958271604936
24029.9999990873,3,159,0.018518518518518517,-2.9669937407407407
24039.9999990857,7,155,0.043209876543209874,-6.922985395061729
24049.9999990841,5,157,0.030864197530864196,-4.944989567901234
24059.999999082498,5,157,0.030864197530864196,-4.944989567901234
24069.999999080897,4,158,0.024691358024691357,-3.955991654320987
24079.999999079297,4,158,0.024691358024691357,-3.955991654320987
24089.999999077696,4,158,0.024691358024691357,-3.955991654320987
24099.999999076095,2,160,0.012345679012345678,-1.9779958271604936
24109.999999074495,3,159,0.018518518518518517,-2.9669937407407407
24119.999999072894,4,158,0.024691358024691357,-3.955991654320987
24129.999999071293,3,159,0.018518518518518517,-2.9669937407407407
