time,number_A,number_HA,alpha,surf_ch_dens
140.00000000001765,110,52,0.6790123456790124,-217.57954098765433
150.00000000000855,80,82,0.49382716049382713,-158.2396661728395
159.99999999999946,61,101,0.3765432098765432,-120.65774545679011
169.99999999999037,52,110,0.32098765432098764,-102.85578301234568
179.99999999998127,46,116,0.2839506172839506,-90.98780804938272
189.99999999997218,43,119,0.2654320987654321,-85.05382056790124
199.99999999996308,36,126,0.2222222222222222,-71.20784977777777
209.99999999995399,36,126,0.2222222222222222,-71.20784977777777
219.9999999999449,36,126,0.2222222222222222,-71.20784977777777
229.9999999999358,31,131,0.19135802469135801,-61.317870641975304
239.9999999999267,31,131,0.19135802469135801,-61.317870641975304
249.9999999999176,29,133,0.17901234567901234,-57.36187898765432
259.99999999990854,30,132,0.18518518518518517,-59.33987481481481
269.99999999989944,29,133,0.17901234567901234,-57.36187898765432
279.99999999989035,30,132,0.18518518518518517,-59.33987481481481
289.99999999988125,29,133,0.17901234567901234,-57.36187898765432
299.99999999987216,31,131,0.19135802469135801,-61.317870641975304
309.99999999986306,31,131,0.19135802469135801,-61.317870641975304
319.99999999985397,29,133,0.17901234567901234,-57.36187898765432
329.9999999998449,30,132,0.18518518518518517,-59.33987481481481
339.9999999998358,29,133,0.17901234567901234,-57.36187898765432
349.9999999998267,30,132,0.18518518518518517,-59.33987481481481
359.9999999998176,28,134,0.1728395061728395,-55.38388316049383
369.9999999998085,30,132,0.18518518518518517,-59.33987481481481
379.9999999997994,30,132,0.18518518518518517,-59.33987481481481
389.9999999997903,31,131,0.19135802469135801,-61.317870641975304
399.9999999997812,33,129,0.2037037037037037,-65.2738622962963
409.9999999997721,32,130,0.19753086419753085,-63.295866469135795
419.999999999763,31,131,0.19135802469135801,-61.317870641975304
429.9999999997539,29,133,0.17901234567901234,-57.36187898765432
439.99999999974483,25,137,0.15432098765432098,-49.44989567901234
449.99999999973573,26,136,0.16049382716049382,-51.42789150617284
459.99999999972664,25,137,0.15432098765432098,-49.44989567901234
469.99999999971755,23,139,0.1419753086419753,-45.49390402469136
479.99999999970845,25,137,0.15432098765432098,-49.44989567901234
489.99999999969936,25,137,0.15432098765432098,-49.44989567901234
499.99999999969026,26,136,0.16049382716049382,-51.42789150617284
509.99999999968117,28,134,0.1728395061728395,-55.38388316049383
519.9999999996721,27,135,0.16666666666666666,-53.405887333333325
529.999999999663,25,137,0.15432098765432098,-49.44989567901234
539.9999999996539,24,138,0.14814814814814814,-47.47189985185185
549.9999999996448,21,141,0.12962962962962962,-41.537912370370364
559.9999999996357,26,136,0.16049382716049382,-51.42789150617284
569.9999999996267,26,136,0.16049382716049382,-51.42789150617284
579.9999999996176,25,137,0.15432098765432098,-49.44989567901234
589.9999999996085,30,132,0.18518518518518517,-59.33987481481481
599.9999999995994,29,133,0.17901234567901234,-57.36187898765432
609.9999999995903,28,134,0.1728395061728395,-55.38388316049383
619.9999999995812,26,136,0.16049382716049382,-51.42789150617284
629.9999999995721,23,139,0.1419753086419753,-45.49390402469136
639.999999999563,23,139,0.1419753086419753,-45.49390402469136
649.9999999995539,25,137,0.15432098765432098,-49.44989567901234
659.9999999995448,20,142,0.12345679012345678,-39.55991654320987
669.9999999995357,22,140,0.13580246913580246,-43.51590819753087
679.9999999995266,23,139,0.1419753086419753,-45.49390402469136
689.9999999995175,21,141,0.12962962962962962,-41.537912370370364
699.9999999995084,26,136,0.16049382716049382,-51.42789150617284
709.9999999994993,25,137,0.15432098765432098,-49.44989567901234
719.9999999994902,24,138,0.14814814814814814,-47.47189985185185
729.9999999994811,23,139,0.1419753086419753,-45.49390402469136
739.999999999472,21,141,0.12962962962962962,-41.537912370370364
749.999999999463,24,138,0.14814814814814814,-47.47189985185185
759.9999999994538,28,134,0.1728395061728395,-55.38388316049383
769.9999999994448,23,139,0.1419753086419753,-45.49390402469136
779.9999999994357,25,137,0.15432098765432098,-49.44989567901234
789.9999999994266,25,137,0.15432098765432098,-49.44989567901234
799.9999999994175,23,139,0.1419753086419753,-45.49390402469136
809.9999999994084,24,138,0.14814814814814814,-47.47189985185185
819.9999999993993,20,142,0.12345679012345678,-39.55991654320987
829.9999999993902,22,140,0.13580246913580246,-43.51590819753087
839.9999999993811,21,141,0.12962962962962962,-41.537912370370364
849.999999999372,19,143,0.11728395061728394,-37.581920716049375
859.9999999993629,22,140,0.13580246913580246,-43.51590819753087
869.9999999993538,22,140,0.13580246913580246,-43.51590819753087
879.9999999993447,24,138,0.14814814814814814,-47.47189985185185
889.9999999993356,26,136,0.16049382716049382,-51.42789150617284
899.9999999993265,27,135,0.16666666666666666,-53.405887333333325
909.9999999993174,25,137,0.15432098765432098,-49.44989567901234
919.9999999993083,23,139,0.1419753086419753,-45.49390402469136
929.9999999992992,22,140,0.13580246913580246,-43.51590819753087
939.9999999992901,21,141,0.12962962962962962,-41.537912370370364
949.999999999281,21,141,0.12962962962962962,-41.537912370370364
959.999999999272,18,144,0.1111111111111111,-35.60392488888888
969.9999999992629,19,143,0.11728395061728394,-37.581920716049375
979.9999999992538,18,144,0.1111111111111111,-35.60392488888888
989.9999999992447,21,141,0.12962962962962962,-41.537912370370364
999.9999999992356,20,142,0.12345679012345678,-39.55991654320987
1009.9999999992265,22,140,0.13580246913580246,-43.51590819753087
1019.9999999992174,25,137,0.15432098765432098,-49.44989567901234
1029.9999999992083,20,142,0.12345679012345678,-39.55991654320987
1039.9999999991992,24,138,0.14814814814814814,-47.47189985185185
1049.99999999919,16,146,0.09876543209876543,-31.647933234567898
1059.999999999181,20,142,0.12345679012345678,-39.55991654320987
1069.999999999172,23,139,0.1419753086419753,-45.49390402469136
1079.9999999991628,21,141,0.12962962962962962,-41.537912370370364
1089.9999999991537,22,140,0.13580246913580246,-43.51590819753087
1099.9999999991446,23,139,0.1419753086419753,-45.49390402469136
1109.9999999991355,25,137,0.15432098765432098,-49.44989567901234
1119.9999999991264,25,137,0.15432098765432098,-49.44989567901234
1129.9999999991173,19,143,0.11728395061728394,-37.581920716049375
1139.9999999991082,20,142,0.12345679012345678,-39.55991654320987
1149.9999999990991,22,140,0.13580246913580246,-43.51590819753087
1159.99999999909,24,138,0.14814814814814814,-47.47189985185185
1169.999999999081,23,139,0.1419753086419753,-45.49390402469136
1179.9999999990719,23,139,0.1419753086419753,-45.49390402469136
1189.9999999990628,19,143,0.11728395061728394,-37.581920716049375
1199.9999999990537,25,137,0.15432098765432098,-49.44989567901234
1209.9999999990446,20,142,0.12345679012345678,-39.55991654320987
1219.9999999990355,19,143,0.11728395061728394,-37.581920716049375
1229.9999999990264,17,145,0.10493827160493827,-33.62592906172839
1239.9999999990173,20,142,0.12345679012345678,-39.55991654320987
1249.9999999990082,22,140,0.13580246913580246,-43.51590819753087
1259.999999998999,21,141,0.12962962962962962,-41.537912370370364
1269.99999999899,20,142,0.12345679012345678,-39.55991654320987
1279.999999998981,19,143,0.11728395061728394,-37.581920716049375
1289.9999999989718,17,145,0.10493827160493827,-33.62592906172839
1299.9999999989627,18,144,0.1111111111111111,-35.60392488888888
1309.9999999989536,19,143,0.11728395061728394,-37.581920716049375
1319.9999999989445,21,141,0.12962962962962962,-41.537912370370364
1329.9999999989354,24,138,0.14814814814814814,-47.47189985185185
1339.9999999989263,23,139,0.1419753086419753,-45.49390402469136
1349.9999999989172,22,140,0.13580246913580246,-43.51590819753087
1359.9999999989082,22,140,0.13580246913580246,-43.51590819753087
1369.999999998899,26,136,0.16049382716049382,-51.42789150617284
1379.99999999889,21,141,0.12962962962962962,-41.537912370370364
1389.9999999988809,21,141,0.12962962962962962,-41.537912370370364
1399.9999999988718,15,147,0.09259259259259259,-29.669937407407406
1409.9999999988627,21,141,0.12962962962962962,-41.537912370370364
1419.9999999988536,22,140,0.13580246913580246,-43.51590819753087
1429.9999999988445,21,141,0.12962962962962962,-41.537912370370364
1439.9999999988354,22,140,0.13580246913580246,-43.51590819753087
1449.9999999988263,20,142,0.12345679012345678,-39.55991654320987
1459.9999999988172,17,145,0.10493827160493827,-33.62592906172839
1469.999999998808,19,143,0.11728395061728394,-37.581920716049375
1479.999999998799,21,141,0.12962962962962962,-41.537912370370364
1489.99999999879,17,145,0.10493827160493827,-33.62592906172839
1499.9999999987808,18,144,0.1111111111111111,-35.60392488888888
1509.9999999987717,16,146,0.09876543209876543,-31.647933234567898
1519.9999999987626,17,145,0.10493827160493827,-33.62592906172839
1529.9999999987535,17,145,0.10493827160493827,-33.62592906172839
1539.9999999987444,19,143,0.11728395061728394,-37.581920716049375
1549.9999999987353,16,146,0.09876543209876543,-31.647933234567898
1559.9999999987263,19,143,0.11728395061728394,-37.581920716049375
1569.9999999987172,20,142,0.12345679012345678,-39.55991654320987
1579.999999998708,20,142,0.12345679012345678,-39.55991654320987
1589.999999998699,21,141,0.12962962962962962,-41.537912370370364
1599.9999999986899,19,143,0.11728395061728394,-37.581920716049375
1609.9999999986808,18,144,0.1111111111111111,-35.60392488888888
1619.9999999986717,22,140,0.13580246913580246,-43.51590819753087
1629.9999999986626,21,141,0.12962962962962962,-41.537912370370364
1639.9999999986535,20,142,0.12345679012345678,-39.55991654320987
1649.9999999986444,17,145,0.10493827160493827,-33.62592906172839
1659.9999999986353,18,144,0.1111111111111111,-35.60392488888888
1669.9999999986262,17,145,0.10493827160493827,-33.62592906172839
1679.999999998617,19,143,0.11728395061728394,-37.581920716049375
1689.999999998608,15,147,0.09259259259259259,-29.669937407407406
1699.999999998599,19,143,0.11728395061728394,-37.581920716049375
1709.9999999985898,20,142,0.12345679012345678,-39.55991654320987
1719.9999999985807,15,147,0.09259259259259259,-29.669937407407406
1729.9999999985716,20,142,0.12345679012345678,-39.55991654320987
1739.9999999985625,21,141,0.12962962962962962,-41.537912370370364
1749.9999999985534,20,142,0.12345679012345678,-39.55991654320987
1759.9999999985444,18,144,0.1111111111111111,-35.60392488888888
1769.9999999985353,20,142,0.12345679012345678,-39.55991654320987
1779.9999999985262,20,142,0.12345679012345678,-39.55991654320987
1789.999999998517,20,142,0.12345679012345678,-39.55991654320987
1799.999999998508,20,142,0.12345679012345678,-39.55991654320987
1809.9999999984989,19,143,0.11728395061728394,-37.581920716049375
1819.9999999984898,21,141,0.12962962962962962,-41.537912370370364
1829.9999999984807,16,146,0.09876543209876543,-31.647933234567898
1839.9999999984716,17,145,0.10493827160493827,-33.62592906172839
1849.9999999984625,15,147,0.09259259259259259,-29.669937407407406
1859.9999999984534,17,145,0.10493827160493827,-33.62592906172839
1869.9999999984443,20,142,0.12345679012345678,-39.55991654320987
1879.9999999984352,20,142,0.12345679012345678,-39.55991654320987
1889.9999999984261,19,143,0.11728395061728394,-37.581920716049375
1899.999999998417,19,143,0.11728395061728394,-37.581920716049375
1909.999999998408,20,142,0.12345679012345678,-39.55991654320987
1919.9999999983988,22,140,0.13580246913580246,-43.51590819753087
1929.9999999983897,19,143,0.11728395061728394,-37.581920716049375
1939.9999999983806,22,140,0.13580246913580246,-43.51590819753087
1949.9999999983715,19,143,0.11728395061728394,-37.581920716049375
1959.9999999983625,18,144,0.1111111111111111,-35.60392488888888
1969.9999999983534,21,141,0.12962962962962962,-41.537912370370364
1979.9999999983443,19,143,0.11728395061728394,-37.581920716049375
1989.9999999983352,19,143,0.11728395061728394,-37.581920716049375
1999.999999998326,19,143,0.11728395061728394,-37.581920716049375
2009.999999998317,18,144,0.1111111111111111,-35.60392488888888
2019.9999999983079,20,142,0.12345679012345678,-39.55991654320987
2029.9999999982988,17,145,0.10493827160493827,-33.62592906172839
2039.9999999982897,17,145,0.10493827160493827,-33.62592906172839
2049.999999998326,18,144,0.1111111111111111,-35.60392488888888
2059.9999999985444,14,148,0.08641975308641975,-27.691941580246915
2069.9999999987626,16,146,0.09876543209876543,-31.647933234567898
2079.999999998981,18,144,0.1111111111111111,-35.60392488888888
2089.999999999199,17,145,0.10493827160493827,-33.62592906172839
2099.9999999994175,16,146,0.09876543209876543,-31.647933234567898
2109.9999999996357,18,144,0.1111111111111111,-35.60392488888888
2119.999999999854,19,143,0.11728395061728394,-37.581920716049375
2130.0000000000723,12,150,0.07407407407407407,-23.735949925925926
2140.0000000002906,15,147,0.09259259259259259,-29.669937407407406
2150.000000000509,18,144,0.1111111111111111,-35.60392488888888
2160.000000000727,14,148,0.08641975308641975,-27.691941580246915
2170.0000000009454,17,145,0.10493827160493827,-33.62592906172839
2180.0000000011637,16,146,0.09876543209876543,-31.647933234567898
2190.000000001382,23,139,0.1419753086419753,-45.49390402469136
2200.0000000016003,23,139,0.1419753086419753,-45.49390402469136
2210.0000000018185,22,140,0.13580246913580246,-43.51590819753087
2220.000000002037,21,141,0.12962962962962962,-41.537912370370364
2230.000000002255,20,142,0.12345679012345678,-39.55991654320987
2240.0000000024734,19,143,0.11728395061728394,-37.581920716049375
2250.0000000026916,19,143,0.11728395061728394,-37.581920716049375
2260.00000000291,16,146,0.09876543209876543,-31.647933234567898
2270.000000003128,18,144,0.1111111111111111,-35.60392488888888
2280.0000000033465,17,145,0.10493827160493827,-33.62592906172839
2290.0000000035648,16,146,0.09876543209876543,-31.647933234567898
2300.000000003783,19,143,0.11728395061728394,-37.581920716049375
2310.0000000040013,15,147,0.09259259259259259,-29.669937407407406
2320.0000000042196,16,146,0.09876543209876543,-31.647933234567898
2330.000000004438,19,143,0.11728395061728394,-37.581920716049375
2340.000000004656,18,144,0.1111111111111111,-35.60392488888888
2350.0000000048744,19,143,0.11728395061728394,-37.581920716049375
2360.0000000050927,19,143,0.11728395061728394,-37.581920716049375
2370.000000005311,18,144,0.1111111111111111,-35.60392488888888
2380.0000000055293,19,143,0.11728395061728394,-37.581920716049375
2390.0000000057476,19,143,0.11728395061728394,-37.581920716049375
2400.000000005966,18,144,0.1111111111111111,-35.60392488888888
2410.000000006184,18,144,0.1111111111111111,-35.60392488888888
2420.0000000064024,16,146,0.09876543209876543,-31.647933234567898
2430.0000000066207,19,143,0.11728395061728394,-37.581920716049375
2440.000000006839,16,146,0.09876543209876543,-31.647933234567898
2450.000000007057,15,147,0.09259259259259259,-29.669937407407406
2460.0000000072755,20,142,0.12345679012345678,-39.55991654320987
2470.000000007494,15,147,0.09259259259259259,-29.669937407407406
2480.000000007712,12,150,0.07407407407407407,-23.735949925925926
2490.0000000079303,12,150,0.07407407407407407,-23.735949925925926
2500.0000000081486,16,146,0.09876543209876543,-31.647933234567898
2510.000000008367,14,148,0.08641975308641975,-27.691941580246915
2520.000000008585,18,144,0.1111111111111111,-35.60392488888888
2530.0000000088035,14,148,0.08641975308641975,-27.691941580246915
2540.0000000090217,16,146,0.09876543209876543,-31.647933234567898
2550.00000000924,18,144,0.1111111111111111,-35.60392488888888
2560.0000000094583,19,143,0.11728395061728394,-37.581920716049375
2570.0000000096766,20,142,0.12345679012345678,-39.55991654320987
2580.000000009895,16,146,0.09876543209876543,-31.647933234567898
2590.000000010113,17,145,0.10493827160493827,-33.62592906172839
2600.0000000103314,20,142,0.12345679012345678,-39.55991654320987
2610.0000000105497,19,143,0.11728395061728394,-37.581920716049375
2620.000000010768,14,148,0.08641975308641975,-27.691941580246915
2630.0000000109862,17,145,0.10493827160493827,-33.62592906172839
2640.0000000112045,20,142,0.12345679012345678,-39.55991654320987
2650.000000011423,19,143,0.11728395061728394,-37.581920716049375
2660.000000011641,21,141,0.12962962962962962,-41.537912370370364
2670.0000000118594,20,142,0.12345679012345678,-39.55991654320987
2680.0000000120776,22,140,0.13580246913580246,-43.51590819753087
2690.000000012296,18,144,0.1111111111111111,-35.60392488888888
2700.000000012514,19,143,0.11728395061728394,-37.581920716049375
2710.0000000127325,19,143,0.11728395061728394,-37.581920716049375
2720.0000000129507,20,142,0.12345679012345678,-39.55991654320987
2730.000000013169,19,143,0.11728395061728394,-37.581920716049375
2740.0000000133873,17,145,0.10493827160493827,-33.62592906172839
2750.0000000136056,17,145,0.10493827160493827,-33.62592906172839
2760.000000013824,19,143,0.11728395061728394,-37.581920716049375
2770.000000014042,18,144,0.1111111111111111,-35.60392488888888
2780.0000000142604,16,146,0.09876543209876543,-31.647933234567898
2790.0000000144787,18,144,0.1111111111111111,-35.60392488888888
2800.000000014697,14,148,0.08641975308641975,-27.691941580246915
2810.0000000149153,14,148,0.08641975308641975,-27.691941580246915
2820.0000000151335,19,143,0.11728395061728394,-37.581920716049375
2830.000000015352,17,145,0.10493827160493827,-33.62592906172839
2840.00000001557,21,141,0.12962962962962962,-41.537912370370364
2850.0000000157884,16,146,0.09876543209876543,-31.647933234567898
2860.0000000160067,19,143,0.11728395061728394,-37.581920716049375
2870.000000016225,17,145,0.10493827160493827,-33.62592906172839
2880.000000016443,18,144,0.1111111111111111,-35.60392488888888
2890.0000000166615,18,144,0.1111111111111111,-35.60392488888888
2900.0000000168798,20,142,0.12345679012345678,-39.55991654320987
2910.000000017098,17,145,0.10493827160493827,-33.62592906172839
2920.0000000173163,20,142,0.12345679012345678,-39.55991654320987
2930.0000000175346,20,142,0.12345679012345678,-39.55991654320987
2940.000000017753,16,146,0.09876543209876543,-31.647933234567898
2950.000000017971,20,142,0.12345679012345678,-39.55991654320987
2960.0000000181894,18,144,0.1111111111111111,-35.60392488888888
2970.0000000184077,17,145,0.10493827160493827,-33.62592906172839
2980.000000018626,22,140,0.13580246913580246,-43.51590819753087
2990.0000000188443,16,146,0.09876543209876543,-31.647933234567898
3000.0000000190626,19,143,0.11728395061728394,-37.581920716049375
3010.000000019281,18,144,0.1111111111111111,-35.60392488888888
3020.000000019499,18,144,0.1111111111111111,-35.60392488888888
3030.0000000197174,18,144,0.1111111111111111,-35.60392488888888
3040.0000000199357,17,145,0.10493827160493827,-33.62592906172839
3050.000000020154,17,145,0.10493827160493827,-33.62592906172839
3060.000000020372,15,147,0.09259259259259259,-29.669937407407406
3070.0000000205905,18,144,0.1111111111111111,-35.60392488888888
3080.000000020809,17,145,0.10493827160493827,-33.62592906172839
3090.000000021027,15,147,0.09259259259259259,-29.669937407407406
3100.0000000212453,17,145,0.10493827160493827,-33.62592906172839
3110.0000000214636,14,148,0.08641975308641975,-27.691941580246915
3120.000000021682,17,145,0.10493827160493827,-33.62592906172839
3130.0000000219,17,145,0.10493827160493827,-33.62592906172839
3140.0000000221185,15,147,0.09259259259259259,-29.669937407407406
3150.0000000223367,18,144,0.1111111111111111,-35.60392488888888
3160.000000022555,20,142,0.12345679012345678,-39.55991654320987
3170.0000000227733,16,146,0.09876543209876543,-31.647933234567898
3180.0000000229916,15,147,0.09259259259259259,-29.669937407407406
3190.00000002321,21,141,0.12962962962962962,-41.537912370370364
3200.000000023428,17,145,0.10493827160493827,-33.62592906172839
3210.0000000236464,14,148,0.08641975308641975,-27.691941580246915
3220.0000000238647,16,146,0.09876543209876543,-31.647933234567898
3230.000000024083,18,144,0.1111111111111111,-35.60392488888888
3240.0000000243012,18,144,0.1111111111111111,-35.60392488888888
3250.0000000245195,18,144,0.1111111111111111,-35.60392488888888
3260.000000024738,19,143,0.11728395061728394,-37.581920716049375
3270.000000024956,14,148,0.08641975308641975,-27.691941580246915
3280.0000000251744,20,142,0.12345679012345678,-39.55991654320987
3290.0000000253926,15,147,0.09259259259259259,-29.669937407407406
3300.000000025611,15,147,0.09259259259259259,-29.669937407407406
3310.000000025829,20,142,0.12345679012345678,-39.55991654320987
3320.0000000260475,18,144,0.1111111111111111,-35.60392488888888
3330.0000000262658,14,148,0.08641975308641975,-27.691941580246915
3340.000000026484,15,147,0.09259259259259259,-29.669937407407406
3350.0000000267023,15,147,0.09259259259259259,-29.669937407407406
3360.0000000269206,16,146,0.09876543209876543,-31.647933234567898
3370.000000027139,15,147,0.09259259259259259,-29.669937407407406
3380.000000027357,17,145,0.10493827160493827,-33.62592906172839
3390.0000000275754,16,146,0.09876543209876543,-31.647933234567898
3400.0000000277937,20,142,0.12345679012345678,-39.55991654320987
3410.000000028012,20,142,0.12345679012345678,-39.55991654320987
3420.0000000282303,16,146,0.09876543209876543,-31.647933234567898
3430.0000000284485,20,142,0.12345679012345678,-39.55991654320987
3440.000000028667,15,147,0.09259259259259259,-29.669937407407406
3450.000000028885,17,145,0.10493827160493827,-33.62592906172839
3460.0000000291034,16,146,0.09876543209876543,-31.647933234567898
3470.0000000293217,16,146,0.09876543209876543,-31.647933234567898
3480.00000002954,21,141,0.12962962962962962,-41.537912370370364
3490.000000029758,19,143,0.11728395061728394,-37.581920716049375
3500.0000000299765,19,143,0.11728395061728394,-37.581920716049375
3510.0000000301948,15,147,0.09259259259259259,-29.669937407407406
3520.000000030413,19,143,0.11728395061728394,-37.581920716049375
3530.0000000306313,18,144,0.1111111111111111,-35.60392488888888
3540.0000000308496,17,145,0.10493827160493827,-33.62592906172839
3550.000000031068,16,146,0.09876543209876543,-31.647933234567898
3560.000000031286,14,148,0.08641975308641975,-27.691941580246915
3570.0000000315044,15,147,0.09259259259259259,-29.669937407407406
3580.0000000317227,16,146,0.09876543209876543,-31.647933234567898
3590.000000031941,14,148,0.08641975308641975,-27.691941580246915
3600.0000000321593,16,146,0.09876543209876543,-31.647933234567898
3610.0000000323776,18,144,0.1111111111111111,-35.60392488888888
3620.000000032596,17,145,0.10493827160493827,-33.62592906172839
3630.000000032814,17,145,0.10493827160493827,-33.62592906172839
3640.0000000330324,19,143,0.11728395061728394,-37.581920716049375
3650.0000000332507,17,145,0.10493827160493827,-33.62592906172839
3660.000000033469,18,144,0.1111111111111111,-35.60392488888888
3670.0000000336872,19,143,0.11728395061728394,-37.581920716049375
3680.0000000339055,21,141,0.12962962962962962,-41.537912370370364
3690.000000034124,18,144,0.1111111111111111,-35.60392488888888
3700.000000034342,18,144,0.1111111111111111,-35.60392488888888
3710.0000000345603,18,144,0.1111111111111111,-35.60392488888888
3720.0000000347786,19,143,0.11728395061728394,-37.581920716049375
3730.000000034997,20,142,0.12345679012345678,-39.55991654320987
3740.000000035215,21,141,0.12962962962962962,-41.537912370370364
3750.0000000354335,18,144,0.1111111111111111,-35.60392488888888
3760.0000000356517,20,142,0.12345679012345678,-39.55991654320987
3770.00000003587,17,145,0.10493827160493827,-33.62592906172839
3780.0000000360883,17,145,0.10493827160493827,-33.62592906172839
3790.0000000363066,22,140,0.13580246913580246,-43.51590819753087
3800.000000036525,20,142,0.12345679012345678,-39.55991654320987
3810.000000036743,20,142,0.12345679012345678,-39.55991654320987
3820.0000000369614,17,145,0.10493827160493827,-33.62592906172839
3830.0000000371797,15,147,0.09259259259259259,-29.669937407407406
3840.000000037398,16,146,0.09876543209876543,-31.647933234567898
3850.0000000376162,22,140,0.13580246913580246,-43.51590819753087
3860.0000000378345,18,144,0.1111111111111111,-35.60392488888888
3870.000000038053,16,146,0.09876543209876543,-31.647933234567898
3880.000000038271,18,144,0.1111111111111111,-35.60392488888888
3890.0000000384894,17,145,0.10493827160493827,-33.62592906172839
3900.0000000387076,17,145,0.10493827160493827,-33.62592906172839
3910.000000038926,20,142,0.12345679012345678,-39.55991654320987
3920.000000039144,17,145,0.10493827160493827,-33.62592906172839
3930.0000000393625,19,143,0.11728395061728394,-37.581920716049375
3940.0000000395808,18,144,0.1111111111111111,-35.60392488888888
3950.000000039799,19,143,0.11728395061728394,-37.581920716049375
3960.0000000400173,15,147,0.09259259259259259,-29.669937407407406
3970.0000000402356,14,148,0.08641975308641975,-27.691941580246915
3980.000000040454,16,146,0.09876543209876543,-31.647933234567898
3990.000000040672,15,147,0.09259259259259259,-29.669937407407406
4000.0000000408904,14,148,0.08641975308641975,-27.691941580246915
4010.0000000411087,18,144,0.1111111111111111,-35.60392488888888
4020.000000041327,15,147,0.09259259259259259,-29.669937407407406
4030.0000000415453,17,145,0.10493827160493827,-33.62592906172839
4040.0000000417635,16,146,0.09876543209876543,-31.647933234567898
4050.000000041982,17,145,0.10493827160493827,-33.62592906172839
4060.0000000422,15,147,0.09259259259259259,-29.669937407407406
4070.0000000424184,20,142,0.12345679012345678,-39.55991654320987
4080.0000000426367,22,140,0.13580246913580246,-43.51590819753087
4090.000000042855,18,144,0.1111111111111111,-35.60392488888888
4100.000000043073,13,149,0.08024691358024691,-25.71394575308642
4110.000000043291,18,144,0.1111111111111111,-35.60392488888888
4120.000000043509,20,142,0.12345679012345678,-39.55991654320987
4130.000000043728,19,143,0.11728395061728394,-37.581920716049375
4140.000000043946,13,149,0.08024691358024691,-25.71394575308642
4150.000000044164,14,148,0.08641975308641975,-27.691941580246915
4160.000000044382,16,146,0.09876543209876543,-31.647933234567898
4170.000000044601,16,146,0.09876543209876543,-31.647933234567898
4180.000000044819,18,144,0.1111111111111111,-35.60392488888888
4190.000000045037,18,144,0.1111111111111111,-35.60392488888888
4200.000000045256,19,143,0.11728395061728394,-37.581920716049375
4210.000000045474,16,146,0.09876543209876543,-31.647933234567898
4220.000000045692,22,140,0.13580246913580246,-43.51590819753087
4230.00000004591,18,144,0.1111111111111111,-35.60392488888888
4240.000000046129,19,143,0.11728395061728394,-37.581920716049375
4250.000000046347,19,143,0.11728395061728394,-37.581920716049375
4260.000000046565,16,146,0.09876543209876543,-31.647933234567898
4270.0000000467835,20,142,0.12345679012345678,-39.55991654320987
4280.000000047002,17,145,0.10493827160493827,-33.62592906172839
4290.00000004722,19,143,0.11728395061728394,-37.581920716049375
4300.000000047438,19,143,0.11728395061728394,-37.581920716049375
4310.000000047657,18,144,0.1111111111111111,-35.60392488888888
4320.000000047875,19,143,0.11728395061728394,-37.581920716049375
4330.000000048093,16,146,0.09876543209876543,-31.647933234567898
4340.000000048311,16,146,0.09876543209876543,-31.647933234567898
4350.00000004853,14,148,0.08641975308641975,-27.691941580246915
4360.000000048748,18,144,0.1111111111111111,-35.60392488888888
4370.000000048966,14,148,0.08641975308641975,-27.691941580246915
4380.000000049185,15,147,0.09259259259259259,-29.669937407407406
4390.000000049403,17,145,0.10493827160493827,-33.62592906172839
4400.000000049621,17,145,0.10493827160493827,-33.62592906172839
4410.000000049839,15,147,0.09259259259259259,-29.669937407407406
4420.000000050058,14,148,0.08641975308641975,-27.691941580246915
4430.000000050276,18,144,0.1111111111111111,-35.60392488888888
4440.000000050494,18,144,0.1111111111111111,-35.60392488888888
4450.0000000507125,18,144,0.1111111111111111,-35.60392488888888
4460.000000050931,16,146,0.09876543209876543,-31.647933234567898
4470.000000051149,15,147,0.09259259259259259,-29.669937407407406
4480.000000051367,19,143,0.11728395061728394,-37.581920716049375
4490.000000051586,19,143,0.11728395061728394,-37.581920716049375
4500.000000051804,17,145,0.10493827160493827,-33.62592906172839
4510.000000052022,18,144,0.1111111111111111,-35.60392488888888
4520.0000000522405,16,146,0.09876543209876543,-31.647933234567898
4530.000000052459,15,147,0.09259259259259259,-29.669937407407406
4540.000000052677,20,142,0.12345679012345678,-39.55991654320987
4550.000000052895,21,141,0.12962962962962962,-41.537912370370364
4560.000000053114,19,143,0.11728395061728394,-37.581920716049375
4570.000000053332,16,146,0.09876543209876543,-31.647933234567898
4580.00000005355,19,143,0.11728395061728394,-37.581920716049375
4590.000000053768,19,143,0.11728395061728394,-37.581920716049375
4600.000000053987,15,147,0.09259259259259259,-29.669937407407406
4610.000000054205,18,144,0.1111111111111111,-35.60392488888888
4620.000000054423,19,143,0.11728395061728394,-37.581920716049375
4630.0000000546415,16,146,0.09876543209876543,-31.647933234567898
4640.00000005486,19,143,0.11728395061728394,-37.581920716049375
4650.000000055078,18,144,0.1111111111111111,-35.60392488888888
4660.000000055296,20,142,0.12345679012345678,-39.55991654320987
4670.000000055515,17,145,0.10493827160493827,-33.62592906172839
4680.000000055733,18,144,0.1111111111111111,-35.60392488888888
4690.000000055951,19,143,0.11728395061728394,-37.581920716049375
4700.0000000561695,18,144,0.1111111111111111,-35.60392488888888
4710.000000056388,20,142,0.12345679012345678,-39.55991654320987
4720.000000056606,15,147,0.09259259259259259,-29.669937407407406
4730.000000056824,15,147,0.09259259259259259,-29.669937407407406
4740.000000057043,18,144,0.1111111111111111,-35.60392488888888
4750.000000057261,18,144,0.1111111111111111,-35.60392488888888
4760.000000057479,17,145,0.10493827160493827,-33.62592906172839
4770.000000057697,16,146,0.09876543209876543,-31.647933234567898
4780.000000057916,17,145,0.10493827160493827,-33.62592906172839
4790.000000058134,15,147,0.09259259259259259,-29.669937407407406
4800.000000058352,18,144,0.1111111111111111,-35.60392488888888
4810.000000058571,15,147,0.09259259259259259,-29.669937407407406
4820.000000058789,19,143,0.11728395061728394,-37.581920716049375
4830.000000059007,18,144,0.1111111111111111,-35.60392488888888
4840.000000059225,15,147,0.09259259259259259,-29.669937407407406
4850.000000059444,14,148,0.08641975308641975,-27.691941580246915
4860.000000059662,15,147,0.09259259259259259,-29.669937407407406
4870.00000005988,17,145,0.10493827160493827,-33.62592906172839
4880.0000000600985,16,146,0.09876543209876543,-31.647933234567898
4890.000000060317,16,146,0.09876543209876543,-31.647933234567898
4900.000000060535,18,144,0.1111111111111111,-35.60392488888888
4910.000000060753,15,147,0.09259259259259259,-29.669937407407406
4920.000000060972,18,144,0.1111111111111111,-35.60392488888888
4930.00000006119,20,142,0.12345679012345678,-39.55991654320987
4940.000000061408,15,147,0.09259259259259259,-29.669937407407406
4950.000000061626,16,146,0.09876543209876543,-31.647933234567898
4960.000000061845,18,144,0.1111111111111111,-35.60392488888888
4970.000000062063,22,140,0.13580246913580246,-43.51590819753087
4980.000000062281,20,142,0.12345679012345678,-39.55991654320987
4990.0000000625,20,142,0.12345679012345678,-39.55991654320987
5000.000000062718,19,143,0.11728395061728394,-37.581920716049375
5010.000000062936,18,144,0.1111111111111111,-35.60392488888888
5020.000000063154,20,142,0.12345679012345678,-39.55991654320987
5030.000000063373,22,140,0.13580246913580246,-43.51590819753087
5040.000000063591,20,142,0.12345679012345678,-39.55991654320987
5050.000000063809,21,141,0.12962962962962962,-41.537912370370364
5060.0000000640275,18,144,0.1111111111111111,-35.60392488888888
5070.000000064246,21,141,0.12962962962962962,-41.537912370370364
5080.000000064464,18,144,0.1111111111111111,-35.60392488888888
5090.000000064682,17,145,0.10493827160493827,-33.62592906172839
5100.000000064901,18,144,0.1111111111111111,-35.60392488888888
5110.000000065119,17,145,0.10493827160493827,-33.62592906172839
5120.000000065337,11,151,0.06790123456790123,-21.757954098765435
5130.0000000655555,16,146,0.09876543209876543,-31.647933234567898
5140.000000065774,17,145,0.10493827160493827,-33.62592906172839
5150.000000065992,15,147,0.09259259259259259,-29.669937407407406
5160.00000006621,19,143,0.11728395061728394,-37.581920716049375
5170.000000066429,19,143,0.11728395061728394,-37.581920716049375
5180.000000066647,15,147,0.09259259259259259,-29.669937407407406
5190.000000066865,18,144,0.1111111111111111,-35.60392488888888
5200.000000067083,17,145,0.10493827160493827,-33.62592906172839
5210.000000067302,19,143,0.11728395061728394,-37.581920716049375
5220.00000006752,16,146,0.09876543209876543,-31.647933234567898
5230.000000067738,16,146,0.09876543209876543,-31.647933234567898
5240.0000000679565,15,147,0.09259259259259259,-29.669937407407406
5250.000000068175,16,146,0.09876543209876543,-31.647933234567898
5260.000000068393,15,147,0.09259259259259259,-29.669937407407406
5270.000000068611,15,147,0.09259259259259259,-29.669937407407406
5280.00000006883,17,145,0.10493827160493827,-33.62592906172839
5290.000000069048,17,145,0.10493827160493827,-33.62592906172839
5300.000000069266,17,145,0.10493827160493827,-33.62592906172839
5310.0000000694845,17,145,0.10493827160493827,-33.62592906172839
5320.000000069703,14,148,0.08641975308641975,-27.691941580246915
5330.000000069921,14,148,0.08641975308641975,-27.691941580246915
5340.000000070139,16,146,0.09876543209876543,-31.647933234567898
5350.000000070358,13,149,0.08024691358024691,-25.71394575308642
5360.000000070576,15,147,0.09259259259259259,-29.669937407407406
5370.000000070794,15,147,0.09259259259259259,-29.669937407407406
5380.000000071012,17,145,0.10493827160493827,-33.62592906172839
5390.000000071231,17,145,0.10493827160493827,-33.62592906172839
5400.000000071449,15,147,0.09259259259259259,-29.669937407407406
5410.000000071667,15,147,0.09259259259259259,-29.669937407407406
5420.000000071886,13,149,0.08024691358024691,-25.71394575308642
5430.000000072104,19,143,0.11728395061728394,-37.581920716049375
5440.000000072322,17,145,0.10493827160493827,-33.62592906172839
5450.00000007254,17,145,0.10493827160493827,-33.62592906172839
5460.000000072759,15,147,0.09259259259259259,-29.669937407407406
5470.000000072977,16,146,0.09876543209876543,-31.647933234567898
5480.000000073195,13,149,0.08024691358024691,-25.71394575308642
5490.0000000734135,16,146,0.09876543209876543,-31.647933234567898
5500.000000073632,14,148,0.08641975308641975,-27.691941580246915
5510.00000007385,17,145,0.10493827160493827,-33.62592906172839
5520.000000074068,15,147,0.09259259259259259,-29.669937407407406
5530.000000074287,15,147,0.09259259259259259,-29.669937407407406
5540.000000074505,16,146,0.09876543209876543,-31.647933234567898
5550.000000074723,13,149,0.08024691358024691,-25.71394575308642
5560.000000074941,14,148,0.08641975308641975,-27.691941580246915
5570.00000007516,15,147,0.09259259259259259,-29.669937407407406
5580.000000075378,18,144,0.1111111111111111,-35.60392488888888
5590.000000075596,18,144,0.1111111111111111,-35.60392488888888
5600.000000075815,22,140,0.13580246913580246,-43.51590819753087
5610.000000076033,19,143,0.11728395061728394,-37.581920716049375
5620.000000076251,20,142,0.12345679012345678,-39.55991654320987
5630.000000076469,17,145,0.10493827160493827,-33.62592906172839
5640.000000076688,16,146,0.09876543209876543,-31.647933234567898
5650.000000076906,21,141,0.12962962962962962,-41.537912370370364
5660.000000077124,17,145,0.10493827160493827,-33.62592906172839
5670.0000000773425,15,147,0.09259259259259259,-29.669937407407406
5680.000000077561,17,145,0.10493827160493827,-33.62592906172839
5690.000000077779,15,147,0.09259259259259259,-29.669937407407406
5700.000000077997,15,147,0.09259259259259259,-29.669937407407406
5710.000000078216,20,142,0.12345679012345678,-39.55991654320987
5720.000000078434,16,146,0.09876543209876543,-31.647933234567898
5730.000000078652,17,145,0.10493827160493827,-33.62592906172839
5740.0000000788705,17,145,0.10493827160493827,-33.62592906172839
5750.000000079089,17,145,0.10493827160493827,-33.62592906172839
5760.000000079307,17,145,0.10493827160493827,-33.62592906172839
5770.000000079525,14,148,0.08641975308641975,-27.691941580246915
5780.000000079744,14,148,0.08641975308641975,-27.691941580246915
5790.000000079962,17,145,0.10493827160493827,-33.62592906172839
5800.00000008018,16,146,0.09876543209876543,-31.647933234567898
5810.000000080398,15,147,0.09259259259259259,-29.669937407407406
5820.000000080617,11,151,0.06790123456790123,-21.757954098765435
5830.000000080835,18,144,0.1111111111111111,-35.60392488888888
5840.000000081053,15,147,0.09259259259259259,-29.669937407407406
5850.0000000812715,14,148,0.08641975308641975,-27.691941580246915
5860.00000008149,15,147,0.09259259259259259,-29.669937407407406
5870.000000081708,17,145,0.10493827160493827,-33.62592906172839
5880.000000081926,17,145,0.10493827160493827,-33.62592906172839
5890.000000082145,20,142,0.12345679012345678,-39.55991654320987
5900.000000082363,14,148,0.08641975308641975,-27.691941580246915
5910.000000082581,17,145,0.10493827160493827,-33.62592906172839
5920.0000000827995,17,145,0.10493827160493827,-33.62592906172839
5930.000000083018,19,143,0.11728395061728394,-37.581920716049375
5940.000000083236,13,149,0.08024691358024691,-25.71394575308642
5950.000000083454,18,144,0.1111111111111111,-35.60392488888888
5960.000000083673,18,144,0.1111111111111111,-35.60392488888888
5970.000000083891,16,146,0.09876543209876543,-31.647933234567898
5980.000000084109,18,144,0.1111111111111111,-35.60392488888888
5990.000000084327,15,147,0.09259259259259259,-29.669937407407406
6000.000000084546,15,147,0.09259259259259259,-29.669937407407406
6010.000000084764,12,150,0.07407407407407407,-23.735949925925926
6020.000000084982,16,146,0.09876543209876543,-31.647933234567898
6030.000000085201,16,146,0.09876543209876543,-31.647933234567898
6040.000000085419,16,146,0.09876543209876543,-31.647933234567898
6050.000000085637,16,146,0.09876543209876543,-31.647933234567898
6060.000000085855,16,146,0.09876543209876543,-31.647933234567898
6070.000000086074,18,144,0.1111111111111111,-35.60392488888888
6080.000000086292,14,148,0.08641975308641975,-27.691941580246915
6090.00000008651,16,146,0.09876543209876543,-31.647933234567898
6100.0000000867285,15,147,0.09259259259259259,-29.669937407407406
6110.000000086947,15,147,0.09259259259259259,-29.669937407407406
6120.000000087165,18,144,0.1111111111111111,-35.60392488888888
6130.000000087383,16,146,0.09876543209876543,-31.647933234567898
6140.000000087602,19,143,0.11728395061728394,-37.581920716049375
6150.00000008782,18,144,0.1111111111111111,-35.60392488888888
6160.000000088038,19,143,0.11728395061728394,-37.581920716049375
6170.0000000882565,18,144,0.1111111111111111,-35.60392488888888
6180.000000088475,18,144,0.1111111111111111,-35.60392488888888
6190.000000088693,17,145,0.10493827160493827,-33.62592906172839
6200.000000088911,15,147,0.09259259259259259,-29.669937407407406
6210.00000008913,18,144,0.1111111111111111,-35.60392488888888
6220.000000089348,16,146,0.09876543209876543,-31.647933234567898
6230.000000089566,18,144,0.1111111111111111,-35.60392488888888
6240.000000089784,18,144,0.1111111111111111,-35.60392488888888
6250.000000090003,17,145,0.10493827160493827,-33.62592906172839
6260.000000090221,17,145,0.10493827160493827,-33.62592906172839
6270.000000090439,19,143,0.11728395061728394,-37.581920716049375
6280.0000000906575,18,144,0.1111111111111111,-35.60392488888888
6290.000000090876,19,143,0.11728395061728394,-37.581920716049375
6300.000000091094,18,144,0.1111111111111111,-35.60392488888888
6310.000000091312,17,145,0.10493827160493827,-33.62592906172839
6320.000000091531,17,145,0.10493827160493827,-33.62592906172839
6330.000000091749,17,145,0.10493827160493827,-33.62592906172839
6340.000000091967,18,144,0.1111111111111111,-35.60392488888888
6350.0000000921855,20,142,0.12345679012345678,-39.55991654320987
6360.000000092404,15,147,0.09259259259259259,-29.669937407407406
6370.000000092622,16,146,0.09876543209876543,-31.647933234567898
6380.00000009284,14,148,0.08641975308641975,-27.691941580246915
6390.000000093059,14,148,0.08641975308641975,-27.691941580246915
6400.000000093277,17,145,0.10493827160493827,-33.62592906172839
6410.000000093495,14,148,0.08641975308641975,-27.691941580246915
6420.000000093713,15,147,0.09259259259259259,-29.669937407407406
6430.000000093932,18,144,0.1111111111111111,-35.60392488888888
6440.00000009415,14,148,0.08641975308641975,-27.691941580246915
6450.000000094368,16,146,0.09876543209876543,-31.647933234567898
6460.0000000945865,17,145,0.10493827160493827,-33.62592906172839
6470.000000094805,15,147,0.09259259259259259,-29.669937407407406
6480.000000095023,14,148,0.08641975308641975,-27.691941580246915
6490.000000095241,16,146,0.09876543209876543,-31.647933234567898
6500.00000009546,17,145,0.10493827160493827,-33.62592906172839
6510.000000095678,15,147,0.09259259259259259,-29.669937407407406
6520.000000095896,15,147,0.09259259259259259,-29.669937407407406
6530.0000000961145,15,147,0.09259259259259259,-29.669937407407406
6540.000000096333,17,145,0.10493827160493827,-33.62592906172839
6550.000000096551,15,147,0.09259259259259259,-29.669937407407406
6560.000000096769,17,145,0.10493827160493827,-33.62592906172839
6570.000000096988,19,143,0.11728395061728394,-37.581920716049375
6580.000000097206,18,144,0.1111111111111111,-35.60392488888888
6590.000000097424,15,147,0.09259259259259259,-29.669937407407406
6600.000000097642,14,148,0.08641975308641975,-27.691941580246915
6610.000000097861,15,147,0.09259259259259259,-29.669937407407406
6620.000000098079,16,146,0.09876543209876543,-31.647933234567898
6630.000000098297,16,146,0.09876543209876543,-31.647933234567898
6640.000000098516,20,142,0.12345679012345678,-39.55991654320987
6650.000000098734,15,147,0.09259259259259259,-29.669937407407406
6660.000000098952,18,144,0.1111111111111111,-35.60392488888888
6670.00000009917,17,145,0.10493827160493827,-33.62592906172839
6680.000000099389,19,143,0.11728395061728394,-37.581920716049375
6690.000000099607,18,144,0.1111111111111111,-35.60392488888888
6700.000000099825,19,143,0.11728395061728394,-37.581920716049375
6710.0000001000435,21,141,0.12962962962962962,-41.537912370370364
6720.000000100262,16,146,0.09876543209876543,-31.647933234567898
6730.00000010048,17,145,0.10493827160493827,-33.62592906172839
6740.000000100698,18,144,0.1111111111111111,-35.60392488888888
6750.000000100917,21,141,0.12962962962962962,-41.537912370370364
6760.000000101135,17,145,0.10493827160493827,-33.62592906172839
6770.000000101353,15,147,0.09259259259259259,-29.669937407407406
6780.0000001015715,14,148,0.08641975308641975,-27.691941580246915
6790.00000010179,10,152,0.06172839506172839,-19.779958271604936
6800.000000102008,15,147,0.09259259259259259,-29.669937407407406
6810.000000102226,16,146,0.09876543209876543,-31.647933234567898
6820.000000102445,13,149,0.08024691358024691,-25.71394575308642
6830.000000102663,16,146,0.09876543209876543,-31.647933234567898
6840.000000102881,13,149,0.08024691358024691,-25.71394575308642
6850.000000103099,16,146,0.09876543209876543,-31.647933234567898
6860.000000103318,18,144,0.1111111111111111,-35.60392488888888
6870.000000103536,16,146,0.09876543209876543,-31.647933234567898
6880.000000103754,18,144,0.1111111111111111,-35.60392488888888
6890.0000001039725,18,144,0.1111111111111111,-35.60392488888888
6900.000000104191,16,146,0.09876543209876543,-31.647933234567898
6910.000000104409,14,148,0.08641975308641975,-27.691941580246915
6920.000000104627,16,146,0.09876543209876543,-31.647933234567898
6930.000000104846,16,146,0.09876543209876543,-31.647933234567898
6940.000000105064,19,143,0.11728395061728394,-37.581920716049375
6950.000000105282,21,141,0.12962962962962962,-41.537912370370364
6960.0000001055005,16,146,0.09876543209876543,-31.647933234567898
6970.000000105719,17,145,0.10493827160493827,-33.62592906172839
6980.000000105937,16,146,0.09876543209876543,-31.647933234567898
6990.000000106155,19,143,0.11728395061728394,-37.581920716049375
7000.000000106374,15,147,0.09259259259259259,-29.669937407407406
7010.000000106592,19,143,0.11728395061728394,-37.581920716049375
7020.00000010681,16,146,0.09876543209876543,-31.647933234567898
7030.000000107028,13,149,0.08024691358024691,-25.71394575308642
7040.000000107247,16,146,0.09876543209876543,-31.647933234567898
7050.000000107465,15,147,0.09259259259259259,-29.669937407407406
7060.000000107683,16,146,0.09876543209876543,-31.647933234567898
7070.0000001079015,15,147,0.09259259259259259,-29.669937407407406
7080.00000010812,19,143,0.11728395061728394,-37.581920716049375
7090.000000108338,17,145,0.10493827160493827,-33.62592906172839
7100.000000108556,15,147,0.09259259259259259,-29.669937407407406
7110.000000108775,13,149,0.08024691358024691,-25.71394575308642
7120.000000108993,8,154,0.04938271604938271,-15.823966617283949
7130.000000109211,12,150,0.07407407407407407,-23.735949925925926
7140.0000001094295,13,149,0.08024691358024691,-25.71394575308642
7150.000000109648,15,147,0.09259259259259259,-29.669937407407406
7160.000000109866,14,148,0.08641975308641975,-27.691941580246915
7170.000000110084,14,148,0.08641975308641975,-27.691941580246915
7180.000000110303,15,147,0.09259259259259259,-29.669937407407406
7190.000000110521,16,146,0.09876543209876543,-31.647933234567898
7200.000000110739,18,144,0.1111111111111111,-35.60392488888888
7210.000000110957,16,146,0.09876543209876543,-31.647933234567898
7220.000000111176,13,149,0.08024691358024691,-25.71394575308642
7230.000000111394,14,148,0.08641975308641975,-27.691941580246915
7240.000000111612,15,147,0.09259259259259259,-29.669937407407406
7250.000000111831,18,144,0.1111111111111111,-35.60392488888888
7260.000000112049,17,145,0.10493827160493827,-33.62592906172839
7270.000000112267,16,146,0.09876543209876543,-31.647933234567898
7280.000000112485,18,144,0.1111111111111111,-35.60392488888888
7290.000000112704,18,144,0.1111111111111111,-35.60392488888888
7300.000000112922,15,147,0.09259259259259259,-29.669937407407406
7310.00000011314,12,150,0.07407407407407407,-23.735949925925926
7320.0000001133585,16,146,0.09876543209876543,-31.647933234567898
7330.000000113577,17,145,0.10493827160493827,-33.62592906172839
7340.000000113795,14,148,0.08641975308641975,-27.691941580246915
7350.000000114013,14,148,0.08641975308641975,-27.691941580246915
7360.000000114232,16,146,0.09876543209876543,-31.647933234567898
7370.00000011445,18,144,0.1111111111111111,-35.60392488888888
7380.000000114668,13,149,0.08024691358024691,-25.71394575308642
7390.0000001148865,17,145,0.10493827160493827,-33.62592906172839
7400.000000115105,16,146,0.09876543209876543,-31.647933234567898
7410.000000115323,17,145,0.10493827160493827,-33.62592906172839
7420.000000115541,16,146,0.09876543209876543,-31.647933234567898
7430.00000011576,20,142,0.12345679012345678,-39.55991654320987
7440.000000115978,18,144,0.1111111111111111,-35.60392488888888
7450.000000116196,18,144,0.1111111111111111,-35.60392488888888
7460.000000116414,14,148,0.08641975308641975,-27.691941580246915
7470.000000116633,20,142,0.12345679012345678,-39.55991654320987
7480.000000116851,16,146,0.09876543209876543,-31.647933234567898
7490.000000117069,17,145,0.10493827160493827,-33.62592906172839
7500.0000001172875,15,147,0.09259259259259259,-29.669937407407406
7510.000000117506,16,146,0.09876543209876543,-31.647933234567898
7520.000000117724,16,146,0.09876543209876543,-31.647933234567898
7530.000000117942,15,147,0.09259259259259259,-29.669937407407406
7540.000000118161,16,146,0.09876543209876543,-31.647933234567898
7550.000000118379,13,149,0.08024691358024691,-25.71394575308642
7560.000000118597,15,147,0.09259259259259259,-29.669937407407406
7570.0000001188155,14,148,0.08641975308641975,-27.691941580246915
7580.000000119034,17,145,0.10493827160493827,-33.62592906172839
7590.000000119252,14,148,0.08641975308641975,-27.691941580246915
7600.00000011947,19,143,0.11728395061728394,-37.581920716049375
7610.000000119689,19,143,0.11728395061728394,-37.581920716049375
7620.000000119907,17,145,0.10493827160493827,-33.62592906172839
7630.000000120125,18,144,0.1111111111111111,-35.60392488888888
7640.000000120343,16,146,0.09876543209876543,-31.647933234567898
7650.000000120562,17,145,0.10493827160493827,-33.62592906172839
7660.00000012078,17,145,0.10493827160493827,-33.62592906172839
7670.000000120998,16,146,0.09876543209876543,-31.647933234567898
7680.0000001212165,14,148,0.08641975308641975,-27.691941580246915
7690.000000121435,16,146,0.09876543209876543,-31.647933234567898
7700.000000121653,18,144,0.1111111111111111,-35.60392488888888
7710.000000121871,13,149,0.08024691358024691,-25.71394575308642
7720.00000012209,15,147,0.09259259259259259,-29.669937407407406
7730.000000122308,14,148,0.08641975308641975,-27.691941580246915
7740.000000122526,14,148,0.08641975308641975,-27.691941580246915
7750.0000001227445,15,147,0.09259259259259259,-29.669937407407406
7760.000000122963,15,147,0.09259259259259259,-29.669937407407406
7770.000000123181,17,145,0.10493827160493827,-33.62592906172839
7780.000000123399,17,145,0.10493827160493827,-33.62592906172839
7790.000000123618,14,148,0.08641975308641975,-27.691941580246915
7800.000000123836,17,145,0.10493827160493827,-33.62592906172839
7810.000000124054,17,145,0.10493827160493827,-33.62592906172839
7820.000000124272,17,145,0.10493827160493827,-33.62592906172839
7830.000000124491,13,149,0.08024691358024691,-25.71394575308642
7840.000000124709,17,145,0.10493827160493827,-33.62592906172839
7850.000000124927,14,148,0.08641975308641975,-27.691941580246915
7860.000000125146,13,149,0.08024691358024691,-25.71394575308642
7870.000000125364,14,148,0.08641975308641975,-27.691941580246915
7880.000000125582,12,150,0.07407407407407407,-23.735949925925926
7890.0000001258,17,145,0.10493827160493827,-33.62592906172839
7900.000000126019,14,148,0.08641975308641975,-27.691941580246915
7910.000000126237,17,145,0.10493827160493827,-33.62592906172839
7920.000000126455,15,147,0.09259259259259259,-29.669937407407406
7930.0000001266735,17,145,0.10493827160493827,-33.62592906172839
7940.000000126892,18,144,0.1111111111111111,-35.60392488888888
7950.00000012711,19,143,0.11728395061728394,-37.581920716049375
7960.000000127328,16,146,0.09876543209876543,-31.647933234567898
7970.000000127547,16,146,0.09876543209876543,-31.647933234567898
7980.000000127765,14,148,0.08641975308641975,-27.691941580246915
7990.000000127983,13,149,0.08024691358024691,-25.71394575308642
8000.0000001282015,17,145,0.10493827160493827,-33.62592906172839
8010.00000012842,16,146,0.09876543209876543,-31.647933234567898
8020.000000128638,19,143,0.11728395061728394,-37.581920716049375
8030.000000128856,15,147,0.09259259259259259,-29.669937407407406
8040.000000129075,15,147,0.09259259259259259,-29.669937407407406
8050.000000129293,18,144,0.1111111111111111,-35.60392488888888
8060.000000129511,16,146,0.09876543209876543,-31.647933234567898
8070.000000129729,17,145,0.10493827160493827,-33.62592906172839
8080.000000129948,17,145,0.10493827160493827,-33.62592906172839
8090.000000130166,13,149,0.08024691358024691,-25.71394575308642
8100.000000130384,14,148,0.08641975308641975,-27.691941580246915
8110.0000001306025,17,145,0.10493827160493827,-33.62592906172839
8120.000000130821,16,146,0.09876543209876543,-31.647933234567898
8130.000000131039,17,145,0.10493827160493827,-33.62592906172839
8140.000000131257,15,147,0.09259259259259259,-29.669937407407406
8150.000000131476,17,145,0.10493827160493827,-33.62592906172839
8160.000000131694,17,145,0.10493827160493827,-33.62592906172839
8170.000000131912,15,147,0.09259259259259259,-29.669937407407406
8180.0000001321305,14,148,0.08641975308641975,-27.691941580246915
8190.000000132349,17,145,0.10493827160493827,-33.62592906172839
8200.000000132566,14,148,0.08641975308641975,-27.691941580246915
8210.000000132784,14,148,0.08641975308641975,-27.691941580246915
8220.000000133003,17,145,0.10493827160493827,-33.62592906172839
8230.000000133221,17,145,0.10493827160493827,-33.62592906172839
8240.00000013344,16,146,0.09876543209876543,-31.647933234567898
8250.000000133658,16,146,0.09876543209876543,-31.647933234567898
8260.000000133876,18,144,0.1111111111111111,-35.60392488888888
8270.000000134094,16,146,0.09876543209876543,-31.647933234567898
8280.000000134312,16,146,0.09876543209876543,-31.647933234567898
8290.00000013453,19,143,0.11728395061728394,-37.581920716049375
8300.000000134749,16,146,0.09876543209876543,-31.647933234567898
8310.000000134967,15,147,0.09259259259259259,-29.669937407407406
8320.000000135185,12,150,0.07407407407407407,-23.735949925925926
8330.000000135404,13,149,0.08024691358024691,-25.71394575308642
8340.000000135622,15,147,0.09259259259259259,-29.669937407407406
8350.00000013584,16,146,0.09876543209876543,-31.647933234567898
8360.000000136059,17,145,0.10493827160493827,-33.62592906172839
8370.000000136277,15,147,0.09259259259259259,-29.669937407407406
8380.000000136495,14,148,0.08641975308641975,-27.691941580246915
8390.000000136713,17,145,0.10493827160493827,-33.62592906172839
8400.000000136932,18,144,0.1111111111111111,-35.60392488888888
8410.00000013715,17,145,0.10493827160493827,-33.62592906172839
8420.000000137368,20,142,0.12345679012345678,-39.55991654320987
8430.000000137587,15,147,0.09259259259259259,-29.669937407407406
8440.000000137805,15,147,0.09259259259259259,-29.669937407407406
8450.000000138023,18,144,0.1111111111111111,-35.60392488888888
8460.000000138241,15,147,0.09259259259259259,-29.669937407407406
8470.00000013846,13,149,0.08024691358024691,-25.71394575308642
8480.000000138678,14,148,0.08641975308641975,-27.691941580246915
8490.000000138896,17,145,0.10493827160493827,-33.62592906172839
8500.000000139114,17,145,0.10493827160493827,-33.62592906172839
8510.000000139333,18,144,0.1111111111111111,-35.60392488888888
8520.000000139551,19,143,0.11728395061728394,-37.581920716049375
8530.00000013977,14,148,0.08641975308641975,-27.691941580246915
8540.000000139988,15,147,0.09259259259259259,-29.669937407407406
8550.000000140206,15,147,0.09259259259259259,-29.669937407407406
8560.000000140424,18,144,0.1111111111111111,-35.60392488888888
8570.000000140642,17,145,0.10493827160493827,-33.62592906172839
8580.00000014086,15,147,0.09259259259259259,-29.669937407407406
8590.000000141079,16,146,0.09876543209876543,-31.647933234567898
8600.000000141297,14,148,0.08641975308641975,-27.691941580246915
8610.000000141516,15,147,0.09259259259259259,-29.669937407407406
8620.000000141734,15,147,0.09259259259259259,-29.669937407407406
8630.000000141952,15,147,0.09259259259259259,-29.669937407407406
8640.00000014217,15,147,0.09259259259259259,-29.669937407407406
8650.000000142389,21,141,0.12962962962962962,-41.537912370370364
8660.000000142607,16,146,0.09876543209876543,-31.647933234567898
8670.000000142825,22,140,0.13580246913580246,-43.51590819753087
8680.000000143044,14,148,0.08641975308641975,-27.691941580246915
8690.000000143262,18,144,0.1111111111111111,-35.60392488888888
8700.00000014348,11,151,0.06790123456790123,-21.757954098765435
8710.000000143698,15,147,0.09259259259259259,-29.669937407407406
8720.000000143917,14,148,0.08641975308641975,-27.691941580246915
8730.000000144135,14,148,0.08641975308641975,-27.691941580246915
8740.000000144353,14,148,0.08641975308641975,-27.691941580246915
8750.000000144571,12,150,0.07407407407407407,-23.735949925925926
8760.00000014479,15,147,0.09259259259259259,-29.669937407407406
8770.000000145008,14,148,0.08641975308641975,-27.691941580246915
8780.000000145226,15,147,0.09259259259259259,-29.669937407407406
8790.000000145445,13,149,0.08024691358024691,-25.71394575308642
8800.000000145663,11,151,0.06790123456790123,-21.757954098765435
8810.000000145881,13,149,0.08024691358024691,-25.71394575308642
8820.0000001461,11,151,0.06790123456790123,-21.757954098765435
8830.000000146318,11,151,0.06790123456790123,-21.757954098765435
8840.000000146536,14,148,0.08641975308641975,-27.691941580246915
8850.000000146754,12,150,0.07407407407407407,-23.735949925925926
8860.000000146973,17,145,0.10493827160493827,-33.62592906172839
8870.00000014719,14,148,0.08641975308641975,-27.691941580246915
8880.000000147409,14,148,0.08641975308641975,-27.691941580246915
8890.000000147627,15,147,0.09259259259259259,-29.669937407407406
8900.000000147846,17,145,0.10493827160493827,-33.62592906172839
8910.000000148064,16,146,0.09876543209876543,-31.647933234567898
8920.000000148282,15,147,0.09259259259259259,-29.669937407407406
8930.0000001485,18,144,0.1111111111111111,-35.60392488888888
8940.000000148719,19,143,0.11728395061728394,-37.581920716049375
8950.000000148937,15,147,0.09259259259259259,-29.669937407407406
8960.000000149155,19,143,0.11728395061728394,-37.581920716049375
8970.000000149374,16,146,0.09876543209876543,-31.647933234567898
8980.000000149592,15,147,0.09259259259259259,-29.669937407407406
8990.00000014981,15,147,0.09259259259259259,-29.669937407407406
9000.000000150028,12,150,0.07407407407407407,-23.735949925925926
9010.000000150247,13,149,0.08024691358024691,-25.71394575308642
9020.000000150465,12,150,0.07407407407407407,-23.735949925925926
9030.000000150683,15,147,0.09259259259259259,-29.669937407407406
9040.000000150902,16,146,0.09876543209876543,-31.647933234567898
9050.00000015112,13,149,0.08024691358024691,-25.71394575308642
9060.000000151338,14,148,0.08641975308641975,-27.691941580246915
9070.000000151556,15,147,0.09259259259259259,-29.669937407407406
9080.000000151775,15,147,0.09259259259259259,-29.669937407407406
9090.000000151993,19,143,0.11728395061728394,-37.581920716049375
9100.000000152211,15,147,0.09259259259259259,-29.669937407407406
9110.00000015243,15,147,0.09259259259259259,-29.669937407407406
9120.000000152648,14,148,0.08641975308641975,-27.691941580246915
9130.000000152866,15,147,0.09259259259259259,-29.669937407407406
9140.000000153084,15,147,0.09259259259259259,-29.669937407407406
9150.000000153303,18,144,0.1111111111111111,-35.60392488888888
9160.00000015352,16,146,0.09876543209876543,-31.647933234567898
9170.00000015374,18,144,0.1111111111111111,-35.60392488888888
9180.000000153957,21,141,0.12962962962962962,-41.537912370370364
9190.000000154176,19,143,0.11728395061728394,-37.581920716049375
9200.000000154394,18,144,0.1111111111111111,-35.60392488888888
9210.000000154612,16,146,0.09876543209876543,-31.647933234567898
9220.00000015483,16,146,0.09876543209876543,-31.647933234567898
9230.000000155049,17,145,0.10493827160493827,-33.62592906172839
9240.000000155267,15,147,0.09259259259259259,-29.669937407407406
9250.000000155485,18,144,0.1111111111111111,-35.60392488888888
9260.000000155704,18,144,0.1111111111111111,-35.60392488888888
9270.000000155922,17,145,0.10493827160493827,-33.62592906172839
9280.00000015614,16,146,0.09876543209876543,-31.647933234567898
9290.000000156359,17,145,0.10493827160493827,-33.62592906172839
9300.000000156577,20,142,0.12345679012345678,-39.55991654320987
9310.000000156795,15,147,0.09259259259259259,-29.669937407407406
9320.000000157013,12,150,0.07407407407407407,-23.735949925925926
9330.000000157232,16,146,0.09876543209876543,-31.647933234567898
9340.00000015745,15,147,0.09259259259259259,-29.669937407407406
9350.000000157668,16,146,0.09876543209876543,-31.647933234567898
9360.000000157886,14,148,0.08641975308641975,-27.691941580246915
9370.000000158105,16,146,0.09876543209876543,-31.647933234567898
9380.000000158323,14,148,0.08641975308641975,-27.691941580246915
9390.000000158541,13,149,0.08024691358024691,-25.71394575308642
9400.00000015876,13,149,0.08024691358024691,-25.71394575308642
9410.000000158978,17,145,0.10493827160493827,-33.62592906172839
9420.000000159196,13,149,0.08024691358024691,-25.71394575308642
9430.000000159414,18,144,0.1111111111111111,-35.60392488888888
9440.000000159633,18,144,0.1111111111111111,-35.60392488888888
9450.000000159851,20,142,0.12345679012345678,-39.55991654320987
9460.00000016007,17,145,0.10493827160493827,-33.62592906172839
9470.000000160288,16,146,0.09876543209876543,-31.647933234567898
9480.000000160506,13,149,0.08024691358024691,-25.71394575308642
9490.000000160724,14,148,0.08641975308641975,-27.691941580246915
9500.000000160942,16,146,0.09876543209876543,-31.647933234567898
9510.00000016116,18,144,0.1111111111111111,-35.60392488888888
9520.000000161379,13,149,0.08024691358024691,-25.71394575308642
9530.000000161597,12,150,0.07407407407407407,-23.735949925925926
9540.000000161815,13,149,0.08024691358024691,-25.71394575308642
9550.000000162034,17,145,0.10493827160493827,-33.62592906172839
9560.000000162252,16,146,0.09876543209876543,-31.647933234567898
9570.00000016247,18,144,0.1111111111111111,-35.60392488888888
9580.000000162689,14,148,0.08641975308641975,-27.691941580246915
9590.000000162907,15,147,0.09259259259259259,-29.669937407407406
9600.000000163125,13,149,0.08024691358024691,-25.71394575308642
9610.000000163343,20,142,0.12345679012345678,-39.55991654320987
9620.000000163562,16,146,0.09876543209876543,-31.647933234567898
9630.00000016378,12,150,0.07407407407407407,-23.735949925925926
9640.000000163998,17,145,0.10493827160493827,-33.62592906172839
9650.000000164217,16,146,0.09876543209876543,-31.647933234567898
9660.000000164435,14,148,0.08641975308641975,-27.691941580246915
9670.000000164653,16,146,0.09876543209876543,-31.647933234567898
9680.000000164871,16,146,0.09876543209876543,-31.647933234567898
9690.00000016509,14,148,0.08641975308641975,-27.691941580246915
9700.000000165308,14,148,0.08641975308641975,-27.691941580246915
9710.000000165526,13,149,0.08024691358024691,-25.71394575308642
9720.000000165744,17,145,0.10493827160493827,-33.62592906172839
9730.000000165963,21,141,0.12962962962962962,-41.537912370370364
9740.000000166181,18,144,0.1111111111111111,-35.60392488888888
9750.0000001664,13,149,0.08024691358024691,-25.71394575308642
9760.000000166618,14,148,0.08641975308641975,-27.691941580246915
9770.000000166836,14,148,0.08641975308641975,-27.691941580246915
9780.000000167054,15,147,0.09259259259259259,-29.669937407407406
9790.000000167272,14,148,0.08641975308641975,-27.691941580246915
9800.00000016749,17,145,0.10493827160493827,-33.62592906172839
9810.000000167709,18,144,0.1111111111111111,-35.60392488888888
9820.000000167927,16,146,0.09876543209876543,-31.647933234567898
9830.000000168146,16,146,0.09876543209876543,-31.647933234567898
9840.000000168364,18,144,0.1111111111111111,-35.60392488888888
9850.000000168582,15,147,0.09259259259259259,-29.669937407407406
9860.0000001688,14,148,0.08641975308641975,-27.691941580246915
9870.000000169019,16,146,0.09876543209876543,-31.647933234567898
9880.000000169237,14,148,0.08641975308641975,-27.691941580246915
9890.000000169455,13,149,0.08024691358024691,-25.71394575308642
9900.000000169674,16,146,0.09876543209876543,-31.647933234567898
9910.000000169892,17,145,0.10493827160493827,-33.62592906172839
9920.00000017011,18,144,0.1111111111111111,-35.60392488888888
9930.000000170328,16,146,0.09876543209876543,-31.647933234567898
9940.000000170547,18,144,0.1111111111111111,-35.60392488888888
9950.000000170765,15,147,0.09259259259259259,-29.669937407407406
9960.000000170983,17,145,0.10493827160493827,-33.62592906172839
9970.000000171201,17,145,0.10493827160493827,-33.62592906172839
9980.00000017142,17,145,0.10493827160493827,-33.62592906172839
9990.000000171638,18,144,0.1111111111111111,-35.60392488888888
10000.000000171856,18,144,0.1111111111111111,-35.60392488888888
10010.000000172075,17,145,0.10493827160493827,-33.62592906172839
10020.000000172293,13,149,0.08024691358024691,-25.71394575308642
10030.000000172511,17,145,0.10493827160493827,-33.62592906172839
10040.00000017273,16,146,0.09876543209876543,-31.647933234567898
10050.000000172948,13,149,0.08024691358024691,-25.71394575308642
10060.000000173166,15,147,0.09259259259259259,-29.669937407407406
10070.000000173384,14,148,0.08641975308641975,-27.691941580246915
10080.000000173603,14,148,0.08641975308641975,-27.691941580246915
10090.00000017382,13,149,0.08024691358024691,-25.71394575308642
10100.000000174039,11,151,0.06790123456790123,-21.757954098765435
10110.000000174257,13,149,0.08024691358024691,-25.71394575308642
10120.000000174476,13,149,0.08024691358024691,-25.71394575308642
10130.000000174694,14,148,0.08641975308641975,-27.691941580246915
10140.000000174912,14,148,0.08641975308641975,-27.691941580246915
10150.00000017513,12,150,0.07407407407407407,-23.735949925925926
10160.000000175349,13,149,0.08024691358024691,-25.71394575308642
10170.000000175567,13,149,0.08024691358024691,-25.71394575308642
10180.000000175785,13,149,0.08024691358024691,-25.71394575308642
10190.000000176004,15,147,0.09259259259259259,-29.669937407407406
10200.000000176222,14,148,0.08641975308641975,-27.691941580246915
10210.00000017644,14,148,0.08641975308641975,-27.691941580246915
10220.000000176658,14,148,0.08641975308641975,-27.691941580246915
10230.000000176877,14,148,0.08641975308641975,-27.691941580246915
10240.000000177095,13,149,0.08024691358024691,-25.71394575308642
10250.000000177313,15,147,0.09259259259259259,-29.669937407407406
10260.000000177532,13,149,0.08024691358024691,-25.71394575308642
10270.00000017775,13,149,0.08024691358024691,-25.71394575308642
10280.000000177968,19,143,0.11728395061728394,-37.581920716049375
10290.000000178186,14,148,0.08641975308641975,-27.691941580246915
10300.000000178405,18,144,0.1111111111111111,-35.60392488888888
10310.000000178623,15,147,0.09259259259259259,-29.669937407407406
10320.000000178841,16,146,0.09876543209876543,-31.647933234567898
10330.00000017906,18,144,0.1111111111111111,-35.60392488888888
10340.000000179278,17,145,0.10493827160493827,-33.62592906172839
10350.000000179496,15,147,0.09259259259259259,-29.669937407407406
10360.000000179714,18,144,0.1111111111111111,-35.60392488888888
10370.000000179933,15,147,0.09259259259259259,-29.669937407407406
10380.00000018015,14,148,0.08641975308641975,-27.691941580246915
10390.00000018037,15,147,0.09259259259259259,-29.669937407407406
10400.000000180587,18,144,0.1111111111111111,-35.60392488888888
10410.000000180806,19,143,0.11728395061728394,-37.581920716049375
10420.000000181024,17,145,0.10493827160493827,-33.62592906172839
10430.000000181242,20,142,0.12345679012345678,-39.55991654320987
10440.00000018146,14,148,0.08641975308641975,-27.691941580246915
10450.000000181679,14,148,0.08641975308641975,-27.691941580246915
10460.000000181897,14,148,0.08641975308641975,-27.691941580246915
10470.000000182115,13,149,0.08024691358024691,-25.71394575308642
10480.000000182334,16,146,0.09876543209876543,-31.647933234567898
10490.000000182552,16,146,0.09876543209876543,-31.647933234567898
10500.00000018277,18,144,0.1111111111111111,-35.60392488888888
10510.000000182989,14,148,0.08641975308641975,-27.691941580246915
10520.000000183207,13,149,0.08024691358024691,-25.71394575308642
10530.000000183425,20,142,0.12345679012345678,-39.55991654320987
10540.000000183643,16,146,0.09876543209876543,-31.647933234567898
10550.000000183862,16,146,0.09876543209876543,-31.647933234567898
10560.00000018408,19,143,0.11728395061728394,-37.581920716049375
10570.000000184298,16,146,0.09876543209876543,-31.647933234567898
10580.000000184516,18,144,0.1111111111111111,-35.60392488888888
10590.000000184735,19,143,0.11728395061728394,-37.581920716049375
10600.000000184953,18,144,0.1111111111111111,-35.60392488888888
10610.000000185171,20,142,0.12345679012345678,-39.55991654320987
10620.00000018539,19,143,0.11728395061728394,-37.581920716049375
10630.000000185608,19,143,0.11728395061728394,-37.581920716049375
10640.000000185826,18,144,0.1111111111111111,-35.60392488888888
10650.000000186044,20,142,0.12345679012345678,-39.55991654320987
10660.000000186263,16,146,0.09876543209876543,-31.647933234567898
10670.000000186481,18,144,0.1111111111111111,-35.60392488888888
10680.0000001867,17,145,0.10493827160493827,-33.62592906172839
10690.000000186918,17,145,0.10493827160493827,-33.62592906172839
10700.000000187136,21,141,0.12962962962962962,-41.537912370370364
10710.000000187354,21,141,0.12962962962962962,-41.537912370370364
10720.000000187572,19,143,0.11728395061728394,-37.581920716049375
10730.00000018779,18,144,0.1111111111111111,-35.60392488888888
10740.000000188009,20,142,0.12345679012345678,-39.55991654320987
10750.000000188227,18,144,0.1111111111111111,-35.60392488888888
10760.000000188445,18,144,0.1111111111111111,-35.60392488888888
10770.000000188664,21,141,0.12962962962962962,-41.537912370370364
10780.000000188882,16,146,0.09876543209876543,-31.647933234567898
10790.0000001891,17,145,0.10493827160493827,-33.62592906172839
10800.000000189319,17,145,0.10493827160493827,-33.62592906172839
10810.000000189537,19,143,0.11728395061728394,-37.581920716049375
10820.000000189755,16,146,0.09876543209876543,-31.647933234567898
10830.000000189973,15,147,0.09259259259259259,-29.669937407407406
10840.000000190192,17,145,0.10493827160493827,-33.62592906172839
10850.00000019041,16,146,0.09876543209876543,-31.647933234567898
10860.000000190628,21,141,0.12962962962962962,-41.537912370370364
10870.000000190847,18,144,0.1111111111111111,-35.60392488888888
10880.000000191065,16,146,0.09876543209876543,-31.647933234567898
10890.000000191283,17,145,0.10493827160493827,-33.62592906172839
10900.000000191501,15,147,0.09259259259259259,-29.669937407407406
10910.00000019172,16,146,0.09876543209876543,-31.647933234567898
10920.000000191938,16,146,0.09876543209876543,-31.647933234567898
10930.000000192156,18,144,0.1111111111111111,-35.60392488888888
10940.000000192375,15,147,0.09259259259259259,-29.669937407407406
10950.000000192593,15,147,0.09259259259259259,-29.669937407407406
10960.000000192811,14,148,0.08641975308641975,-27.691941580246915
10970.00000019303,16,146,0.09876543209876543,-31.647933234567898
10980.000000193248,13,149,0.08024691358024691,-25.71394575308642
10990.000000193466,13,149,0.08024691358024691,-25.71394575308642
11000.000000193684,13,149,0.08024691358024691,-25.71394575308642
11010.000000193902,16,146,0.09876543209876543,-31.647933234567898
11020.00000019412,16,146,0.09876543209876543,-31.647933234567898
11030.000000194339,20,142,0.12345679012345678,-39.55991654320987
11040.000000194557,19,143,0.11728395061728394,-37.581920716049375
11050.000000194776,19,143,0.11728395061728394,-37.581920716049375
11060.000000194994,15,147,0.09259259259259259,-29.669937407407406
11070.000000195212,20,142,0.12345679012345678,-39.55991654320987
11080.00000019543,14,148,0.08641975308641975,-27.691941580246915
11090.000000195649,19,143,0.11728395061728394,-37.581920716049375
11100.000000195867,18,144,0.1111111111111111,-35.60392488888888
11110.000000196085,16,146,0.09876543209876543,-31.647933234567898
11120.000000196304,18,144,0.1111111111111111,-35.60392488888888
11130.000000196522,16,146,0.09876543209876543,-31.647933234567898
11140.00000019674,18,144,0.1111111111111111,-35.60392488888888
11150.000000196958,16,146,0.09876543209876543,-31.647933234567898
11160.000000197177,9,153,0.05555555555555555,-17.80196244444444
11170.000000197395,13,149,0.08024691358024691,-25.71394575308642
11180.000000197613,15,147,0.09259259259259259,-29.669937407407406
11190.000000197831,16,146,0.09876543209876543,-31.647933234567898
11200.00000019805,15,147,0.09259259259259259,-29.669937407407406
11210.000000198268,13,149,0.08024691358024691,-25.71394575308642
11220.000000198486,13,149,0.08024691358024691,-25.71394575308642
11230.000000198705,16,146,0.09876543209876543,-31.647933234567898
11240.000000198923,16,146,0.09876543209876543,-31.647933234567898
11250.000000199141,16,146,0.09876543209876543,-31.647933234567898
11260.00000019936,14,148,0.08641975308641975,-27.691941580246915
11270.000000199578,17,145,0.10493827160493827,-33.62592906172839
11280.000000199796,15,147,0.09259259259259259,-29.669937407407406
11290.000000200014,16,146,0.09876543209876543,-31.647933234567898
11300.000000200233,14,148,0.08641975308641975,-27.691941580246915
11310.00000020045,15,147,0.09259259259259259,-29.669937407407406
11320.00000020067,17,145,0.10493827160493827,-33.62592906172839
11330.000000200887,15,147,0.09259259259259259,-29.669937407407406
11340.000000201106,15,147,0.09259259259259259,-29.669937407407406
11350.000000201324,15,147,0.09259259259259259,-29.669937407407406
11360.000000201542,13,149,0.08024691358024691,-25.71394575308642
11370.00000020176,14,148,0.08641975308641975,-27.691941580246915
11380.000000201979,16,146,0.09876543209876543,-31.647933234567898
11390.000000202197,16,146,0.09876543209876543,-31.647933234567898
11400.000000202415,15,147,0.09259259259259259,-29.669937407407406
11410.000000202634,17,145,0.10493827160493827,-33.62592906172839
11420.000000202852,11,151,0.06790123456790123,-21.757954098765435
11430.00000020307,15,147,0.09259259259259259,-29.669937407407406
11440.000000203288,15,147,0.09259259259259259,-29.669937407407406
11450.000000203507,15,147,0.09259259259259259,-29.669937407407406
11460.000000203725,13,149,0.08024691358024691,-25.71394575308642
11470.000000203943,15,147,0.09259259259259259,-29.669937407407406
11480.000000204162,19,143,0.11728395061728394,-37.581920716049375
11490.00000020438,16,146,0.09876543209876543,-31.647933234567898
11500.000000204598,13,149,0.08024691358024691,-25.71394575308642
11510.000000204816,14,148,0.08641975308641975,-27.691941580246915
11520.000000205035,16,146,0.09876543209876543,-31.647933234567898
11530.000000205253,13,149,0.08024691358024691,-25.71394575308642
11540.000000205471,19,143,0.11728395061728394,-37.581920716049375
11550.00000020569,13,149,0.08024691358024691,-25.71394575308642
11560.000000205908,13,149,0.08024691358024691,-25.71394575308642
11570.000000206126,17,145,0.10493827160493827,-33.62592906172839
11580.000000206344,17,145,0.10493827160493827,-33.62592906172839
11590.000000206563,15,147,0.09259259259259259,-29.669937407407406
11600.00000020678,16,146,0.09876543209876543,-31.647933234567898
11610.000000207,17,145,0.10493827160493827,-33.62592906172839
11620.000000207217,18,144,0.1111111111111111,-35.60392488888888
11630.000000207436,15,147,0.09259259259259259,-29.669937407407406
11640.000000207654,13,149,0.08024691358024691,-25.71394575308642
11650.000000207872,15,147,0.09259259259259259,-29.669937407407406
11660.00000020809,11,151,0.06790123456790123,-21.757954098765435
11670.000000208309,16,146,0.09876543209876543,-31.647933234567898
11680.000000208527,13,149,0.08024691358024691,-25.71394575308642
11690.000000208745,14,148,0.08641975308641975,-27.691941580246915
11700.000000208964,14,148,0.08641975308641975,-27.691941580246915
11710.000000209182,15,147,0.09259259259259259,-29.669937407407406
11720.0000002094,14,148,0.08641975308641975,-27.691941580246915
11730.000000209619,12,150,0.07407407407407407,-23.735949925925926
11740.000000209837,17,145,0.10493827160493827,-33.62592906172839
11750.000000210055,14,148,0.08641975308641975,-27.691941580246915
11760.000000210273,14,148,0.08641975308641975,-27.691941580246915
11770.000000210492,15,147,0.09259259259259259,-29.669937407407406
11780.00000021071,17,145,0.10493827160493827,-33.62592906172839
11790.000000210928,14,148,0.08641975308641975,-27.691941580246915
11800.000000211146,13,149,0.08024691358024691,-25.71394575308642
11810.000000211365,13,149,0.08024691358024691,-25.71394575308642
11820.000000211583,12,150,0.07407407407407407,-23.735949925925926
11830.000000211801,7,155,0.043209876543209874,-13.845970790123458
11840.00000021202,15,147,0.09259259259259259,-29.669937407407406
11850.000000212238,11,151,0.06790123456790123,-21.757954098765435
11860.000000212456,13,149,0.08024691358024691,-25.71394575308642
11870.000000212674,13,149,0.08024691358024691,-25.71394575308642
11880.000000212893,12,150,0.07407407407407407,-23.735949925925926
11890.000000213111,9,153,0.05555555555555555,-17.80196244444444
11900.00000021333,15,147,0.09259259259259259,-29.669937407407406
11910.000000213548,14,148,0.08641975308641975,-27.691941580246915
11920.000000213766,15,147,0.09259259259259259,-29.669937407407406
11930.000000213984,16,146,0.09876543209876543,-31.647933234567898
11940.000000214202,16,146,0.09876543209876543,-31.647933234567898
11950.00000021442,15,147,0.09259259259259259,-29.669937407407406
11960.000000214639,16,146,0.09876543209876543,-31.647933234567898
11970.000000214857,17,145,0.10493827160493827,-33.62592906172839
11980.000000215075,17,145,0.10493827160493827,-33.62592906172839
11990.000000215294,18,144,0.1111111111111111,-35.60392488888888
12000.000000215512,17,145,0.10493827160493827,-33.62592906172839
12010.00000021573,17,145,0.10493827160493827,-33.62592906172839
12020.000000215949,14,148,0.08641975308641975,-27.691941580246915
12030.000000216167,12,150,0.07407407407407407,-23.735949925925926
12040.000000216385,18,144,0.1111111111111111,-35.60392488888888
12050.000000216603,15,147,0.09259259259259259,-29.669937407407406
12060.000000216822,19,143,0.11728395061728394,-37.581920716049375
12070.00000021704,19,143,0.11728395061728394,-37.581920716049375
12080.000000217258,18,144,0.1111111111111111,-35.60392488888888
12090.000000217477,16,146,0.09876543209876543,-31.647933234567898
12100.000000217695,15,147,0.09259259259259259,-29.669937407407406
12110.000000217913,24,138,0.14814814814814814,-47.47189985185185
12120.000000218131,16,146,0.09876543209876543,-31.647933234567898
12130.00000021835,17,145,0.10493827160493827,-33.62592906172839
12140.000000218568,16,146,0.09876543209876543,-31.647933234567898
12150.000000218786,16,146,0.09876543209876543,-31.647933234567898
12160.000000219005,17,145,0.10493827160493827,-33.62592906172839
12170.000000219223,18,144,0.1111111111111111,-35.60392488888888
12180.000000219441,16,146,0.09876543209876543,-31.647933234567898
12190.00000021966,17,145,0.10493827160493827,-33.62592906172839
12200.000000219878,15,147,0.09259259259259259,-29.669937407407406
12210.000000220096,20,142,0.12345679012345678,-39.55991654320987
12220.000000220314,18,144,0.1111111111111111,-35.60392488888888
12230.000000220532,20,142,0.12345679012345678,-39.55991654320987
12240.00000022075,19,143,0.11728395061728394,-37.581920716049375
12250.000000220969,18,144,0.1111111111111111,-35.60392488888888
12260.000000221187,11,151,0.06790123456790123,-21.757954098765435
12270.000000221406,17,145,0.10493827160493827,-33.62592906172839
12280.000000221624,14,148,0.08641975308641975,-27.691941580246915
12290.000000221842,15,147,0.09259259259259259,-29.669937407407406
12300.00000022206,17,145,0.10493827160493827,-33.62592906172839
12310.000000222279,15,147,0.09259259259259259,-29.669937407407406
12320.000000222497,15,147,0.09259259259259259,-29.669937407407406
12330.000000222715,12,150,0.07407407407407407,-23.735949925925926
12340.000000222934,17,145,0.10493827160493827,-33.62592906172839
12350.000000223152,17,145,0.10493827160493827,-33.62592906172839
12360.00000022337,17,145,0.10493827160493827,-33.62592906172839
12370.000000223588,14,148,0.08641975308641975,-27.691941580246915
12380.000000223807,19,143,0.11728395061728394,-37.581920716049375
12390.000000224025,15,147,0.09259259259259259,-29.669937407407406
12400.000000224243,16,146,0.09876543209876543,-31.647933234567898
12410.000000224461,18,144,0.1111111111111111,-35.60392488888888
12420.00000022468,17,145,0.10493827160493827,-33.62592906172839
12430.000000224898,16,146,0.09876543209876543,-31.647933234567898
12440.000000225116,16,146,0.09876543209876543,-31.647933234567898
12450.000000225335,18,144,0.1111111111111111,-35.60392488888888
12460.000000225553,15,147,0.09259259259259259,-29.669937407407406
12470.000000225771,17,145,0.10493827160493827,-33.62592906172839
12480.00000022599,14,148,0.08641975308641975,-27.691941580246915
12490.000000226208,16,146,0.09876543209876543,-31.647933234567898
12500.000000226426,13,149,0.08024691358024691,-25.71394575308642
12510.000000226644,15,147,0.09259259259259259,-29.669937407407406
12520.000000226863,13,149,0.08024691358024691,-25.71394575308642
12530.00000022708,15,147,0.09259259259259259,-29.669937407407406
12540.0000002273,12,150,0.07407407407407407,-23.735949925925926
12550.000000227517,19,143,0.11728395061728394,-37.581920716049375
12560.000000227736,16,146,0.09876543209876543,-31.647933234567898
12570.000000227954,15,147,0.09259259259259259,-29.669937407407406
12580.000000228172,15,147,0.09259259259259259,-29.669937407407406
12590.00000022839,14,148,0.08641975308641975,-27.691941580246915
12600.000000228609,18,144,0.1111111111111111,-35.60392488888888
12610.000000228827,16,146,0.09876543209876543,-31.647933234567898
12620.000000229045,16,146,0.09876543209876543,-31.647933234567898
12630.000000229264,16,146,0.09876543209876543,-31.647933234567898
12640.000000229482,16,146,0.09876543209876543,-31.647933234567898
12650.0000002297,17,145,0.10493827160493827,-33.62592906172839
12660.000000229918,14,148,0.08641975308641975,-27.691941580246915
12670.000000230137,17,145,0.10493827160493827,-33.62592906172839
12680.000000230355,21,141,0.12962962962962962,-41.537912370370364
12690.000000230573,17,145,0.10493827160493827,-33.62592906172839
12700.000000230792,19,143,0.11728395061728394,-37.581920716049375
12710.00000023101,18,144,0.1111111111111111,-35.60392488888888
12720.000000231228,17,145,0.10493827160493827,-33.62592906172839
12730.000000231446,19,143,0.11728395061728394,-37.581920716049375
12740.000000231665,17,145,0.10493827160493827,-33.62592906172839
12750.000000231883,19,143,0.11728395061728394,-37.581920716049375
12760.000000232101,15,147,0.09259259259259259,-29.669937407407406
12770.00000023232,19,143,0.11728395061728394,-37.581920716049375
12780.000000232538,16,146,0.09876543209876543,-31.647933234567898
12790.000000232756,16,146,0.09876543209876543,-31.647933234567898
12800.000000232974,12,150,0.07407407407407407,-23.735949925925926
12810.000000233193,18,144,0.1111111111111111,-35.60392488888888
12820.00000023341,16,146,0.09876543209876543,-31.647933234567898
12830.00000023363,13,149,0.08024691358024691,-25.71394575308642
12840.000000233847,17,145,0.10493827160493827,-33.62592906172839
12850.000000234066,16,146,0.09876543209876543,-31.647933234567898
12860.000000234284,16,146,0.09876543209876543,-31.647933234567898
12870.000000234502,16,146,0.09876543209876543,-31.647933234567898
12880.00000023472,18,144,0.1111111111111111,-35.60392488888888
12890.000000234939,16,146,0.09876543209876543,-31.647933234567898
12900.000000235157,15,147,0.09259259259259259,-29.669937407407406
12910.000000235375,17,145,0.10493827160493827,-33.62592906172839
12920.000000235594,19,143,0.11728395061728394,-37.581920716049375
12930.000000235812,15,147,0.09259259259259259,-29.669937407407406
12940.00000023603,15,147,0.09259259259259259,-29.669937407407406
12950.000000236249,16,146,0.09876543209876543,-31.647933234567898
12960.000000236467,15,147,0.09259259259259259,-29.669937407407406
12970.000000236685,17,145,0.10493827160493827,-33.62592906172839
12980.000000236903,17,145,0.10493827160493827,-33.62592906172839
12990.000000237122,16,146,0.09876543209876543,-31.647933234567898
13000.00000023734,14,148,0.08641975308641975,-27.691941580246915
13010.000000237558,17,145,0.10493827160493827,-33.62592906172839
13020.000000237776,16,146,0.09876543209876543,-31.647933234567898
13030.000000237995,16,146,0.09876543209876543,-31.647933234567898
13040.000000238213,15,147,0.09259259259259259,-29.669937407407406
13050.000000238431,14,148,0.08641975308641975,-27.691941580246915
13060.00000023865,13,149,0.08024691358024691,-25.71394575308642
13070.000000238868,16,146,0.09876543209876543,-31.647933234567898
13080.000000239086,13,149,0.08024691358024691,-25.71394575308642
13090.000000239304,16,146,0.09876543209876543,-31.647933234567898
13100.000000239523,14,148,0.08641975308641975,-27.691941580246915
13110.000000239741,20,142,0.12345679012345678,-39.55991654320987
13120.00000023996,19,143,0.11728395061728394,-37.581920716049375
13130.000000240178,21,141,0.12962962962962962,-41.537912370370364
13140.000000240396,15,147,0.09259259259259259,-29.669937407407406
13150.000000240614,18,144,0.1111111111111111,-35.60392488888888
13160.000000240832,18,144,0.1111111111111111,-35.60392488888888
13170.00000024105,16,146,0.09876543209876543,-31.647933234567898
13180.000000241269,19,143,0.11728395061728394,-37.581920716049375
13190.000000241487,16,146,0.09876543209876543,-31.647933234567898
13200.000000241705,16,146,0.09876543209876543,-31.647933234567898
13210.000000241924,15,147,0.09259259259259259,-29.669937407407406
13220.000000242142,16,146,0.09876543209876543,-31.647933234567898
13230.00000024236,17,145,0.10493827160493827,-33.62592906172839
13240.000000242579,17,145,0.10493827160493827,-33.62592906172839
13250.000000242797,19,143,0.11728395061728394,-37.581920716049375
13260.000000243015,18,144,0.1111111111111111,-35.60392488888888
13270.000000243233,20,142,0.12345679012345678,-39.55991654320987
13280.000000243452,18,144,0.1111111111111111,-35.60392488888888
13290.00000024367,16,146,0.09876543209876543,-31.647933234567898
13300.000000243888,15,147,0.09259259259259259,-29.669937407407406
13310.000000244107,20,142,0.12345679012345678,-39.55991654320987
13320.000000244325,20,142,0.12345679012345678,-39.55991654320987
13330.000000244543,18,144,0.1111111111111111,-35.60392488888888
13340.000000244761,19,143,0.11728395061728394,-37.581920716049375
13350.00000024498,17,145,0.10493827160493827,-33.62592906172839
13360.000000245198,17,145,0.10493827160493827,-33.62592906172839
13370.000000245416,18,144,0.1111111111111111,-35.60392488888888
13380.000000245635,18,144,0.1111111111111111,-35.60392488888888
13390.000000245853,19,143,0.11728395061728394,-37.581920716049375
13400.000000246071,15,147,0.09259259259259259,-29.669937407407406
13410.00000024629,17,145,0.10493827160493827,-33.62592906172839
13420.000000246508,14,148,0.08641975308641975,-27.691941580246915
13430.000000246726,14,148,0.08641975308641975,-27.691941580246915
13440.000000246944,14,148,0.08641975308641975,-27.691941580246915
13450.000000247162,14,148,0.08641975308641975,-27.691941580246915
13460.00000024738,16,146,0.09876543209876543,-31.647933234567898
13470.000000247599,18,144,0.1111111111111111,-35.60392488888888
13480.000000247817,19,143,0.11728395061728394,-37.581920716049375
13490.000000248036,18,144,0.1111111111111111,-35.60392488888888
13500.000000248254,17,145,0.10493827160493827,-33.62592906172839
13510.000000248472,16,146,0.09876543209876543,-31.647933234567898
13520.00000024869,20,142,0.12345679012345678,-39.55991654320987
13530.000000248909,16,146,0.09876543209876543,-31.647933234567898
13540.000000249127,18,144,0.1111111111111111,-35.60392488888888
13550.000000249345,18,144,0.1111111111111111,-35.60392488888888
13560.000000249564,16,146,0.09876543209876543,-31.647933234567898
13570.000000249782,14,148,0.08641975308641975,-27.691941580246915
13580.00000025,17,145,0.10493827160493827,-33.62592906172839
13590.000000250218,20,142,0.12345679012345678,-39.55991654320987
13600.000000250437,16,146,0.09876543209876543,-31.647933234567898
13610.000000250655,17,145,0.10493827160493827,-33.62592906172839
13620.000000250873,13,149,0.08024691358024691,-25.71394575308642
13630.000000251091,15,147,0.09259259259259259,-29.669937407407406
13640.00000025131,17,145,0.10493827160493827,-33.62592906172839
13650.000000251528,16,146,0.09876543209876543,-31.647933234567898
13660.000000251746,14,148,0.08641975308641975,-27.691941580246915
13670.000000251965,17,145,0.10493827160493827,-33.62592906172839
13680.000000252183,13,149,0.08024691358024691,-25.71394575308642
13690.000000252401,16,146,0.09876543209876543,-31.647933234567898
13700.00000025262,15,147,0.09259259259259259,-29.669937407407406
13710.000000252838,18,144,0.1111111111111111,-35.60392488888888
13720.000000253056,15,147,0.09259259259259259,-29.669937407407406
13730.000000253274,16,146,0.09876543209876543,-31.647933234567898
13740.000000253493,18,144,0.1111111111111111,-35.60392488888888
13750.00000025371,14,148,0.08641975308641975,-27.691941580246915
13760.00000025393,13,149,0.08024691358024691,-25.71394575308642
13770.000000254147,14,148,0.08641975308641975,-27.691941580246915
13780.000000254366,12,150,0.07407407407407407,-23.735949925925926
13790.000000254584,13,149,0.08024691358024691,-25.71394575308642
13800.000000254802,17,145,0.10493827160493827,-33.62592906172839
13810.00000025502,13,149,0.08024691358024691,-25.71394575308642
13820.000000255239,14,148,0.08641975308641975,-27.691941580246915
13830.000000255457,14,148,0.08641975308641975,-27.691941580246915
13840.000000255675,17,145,0.10493827160493827,-33.62592906172839
13850.000000255894,18,144,0.1111111111111111,-35.60392488888888
13860.000000256112,19,143,0.11728395061728394,-37.581920716049375
13870.00000025633,18,144,0.1111111111111111,-35.60392488888888
13880.000000256548,16,146,0.09876543209876543,-31.647933234567898
13890.000000256767,14,148,0.08641975308641975,-27.691941580246915
13900.000000256985,14,148,0.08641975308641975,-27.691941580246915
13910.000000257203,14,148,0.08641975308641975,-27.691941580246915
13920.000000257422,14,148,0.08641975308641975,-27.691941580246915
13930.00000025764,13,149,0.08024691358024691,-25.71394575308642
13940.000000257858,13,149,0.08024691358024691,-25.71394575308642
13950.000000258076,16,146,0.09876543209876543,-31.647933234567898
13960.000000258295,16,146,0.09876543209876543,-31.647933234567898
13970.000000258513,15,147,0.09259259259259259,-29.669937407407406
13980.000000258731,13,149,0.08024691358024691,-25.71394575308642
13990.00000025895,15,147,0.09259259259259259,-29.669937407407406
14000.000000259168,17,145,0.10493827160493827,-33.62592906172839
14010.000000259386,13,149,0.08024691358024691,-25.71394575308642
14020.000000259604,14,148,0.08641975308641975,-27.691941580246915
14030.000000259823,11,151,0.06790123456790123,-21.757954098765435
14040.00000026004,15,147,0.09259259259259259,-29.669937407407406
14050.00000026026,13,149,0.08024691358024691,-25.71394575308642
14060.000000260477,11,151,0.06790123456790123,-21.757954098765435
14070.000000260696,14,148,0.08641975308641975,-27.691941580246915
14080.000000260914,16,146,0.09876543209876543,-31.647933234567898
14090.000000261132,15,147,0.09259259259259259,-29.669937407407406
14100.00000026135,14,148,0.08641975308641975,-27.691941580246915
14110.000000261569,17,145,0.10493827160493827,-33.62592906172839
14120.000000261787,16,146,0.09876543209876543,-31.647933234567898
14130.000000262005,15,147,0.09259259259259259,-29.669937407407406
14140.000000262224,15,147,0.09259259259259259,-29.669937407407406
14150.000000262442,16,146,0.09876543209876543,-31.647933234567898
14160.00000026266,16,146,0.09876543209876543,-31.647933234567898
14170.000000262879,16,146,0.09876543209876543,-31.647933234567898
14180.000000263097,15,147,0.09259259259259259,-29.669937407407406
14190.000000263315,16,146,0.09876543209876543,-31.647933234567898
14200.000000263533,16,146,0.09876543209876543,-31.647933234567898
14210.000000263752,13,149,0.08024691358024691,-25.71394575308642
14220.00000026397,14,148,0.08641975308641975,-27.691941580246915
14230.000000264188,13,149,0.08024691358024691,-25.71394575308642
14240.000000264406,15,147,0.09259259259259259,-29.669937407407406
14250.000000264625,16,146,0.09876543209876543,-31.647933234567898
14260.000000264843,18,144,0.1111111111111111,-35.60392488888888
14270.000000265061,20,142,0.12345679012345678,-39.55991654320987
14280.00000026528,17,145,0.10493827160493827,-33.62592906172839
14290.000000265498,15,147,0.09259259259259259,-29.669937407407406
14300.000000265716,18,144,0.1111111111111111,-35.60392488888888
14310.000000265934,18,144,0.1111111111111111,-35.60392488888888
14320.000000266153,16,146,0.09876543209876543,-31.647933234567898
14330.000000266371,16,146,0.09876543209876543,-31.647933234567898
14340.00000026659,18,144,0.1111111111111111,-35.60392488888888
14350.000000266808,18,144,0.1111111111111111,-35.60392488888888
14360.000000267026,19,143,0.11728395061728394,-37.581920716049375
14370.000000267244,18,144,0.1111111111111111,-35.60392488888888
14380.000000267462,17,145,0.10493827160493827,-33.62592906172839
14390.00000026768,20,142,0.12345679012345678,-39.55991654320987
14400.000000267899,21,141,0.12962962962962962,-41.537912370370364
14410.000000268117,19,143,0.11728395061728394,-37.581920716049375
14420.000000268335,21,141,0.12962962962962962,-41.537912370370364
14430.000000268554,18,144,0.1111111111111111,-35.60392488888888
14440.000000268772,15,147,0.09259259259259259,-29.669937407407406
14450.00000026899,17,145,0.10493827160493827,-33.62592906172839
14460.000000269209,19,143,0.11728395061728394,-37.581920716049375
14470.000000269427,18,144,0.1111111111111111,-35.60392488888888
14480.000000269645,19,143,0.11728395061728394,-37.581920716049375
14490.000000269863,19,143,0.11728395061728394,-37.581920716049375
14500.000000270082,22,140,0.13580246913580246,-43.51590819753087
14510.0000002703,19,143,0.11728395061728394,-37.581920716049375
14520.000000270518,19,143,0.11728395061728394,-37.581920716049375
14530.000000270737,18,144,0.1111111111111111,-35.60392488888888
14540.000000270955,16,146,0.09876543209876543,-31.647933234567898
14550.000000271173,17,145,0.10493827160493827,-33.62592906172839
14560.000000271391,16,146,0.09876543209876543,-31.647933234567898
14570.00000027161,15,147,0.09259259259259259,-29.669937407407406
14580.000000271828,15,147,0.09259259259259259,-29.669937407407406
14590.000000272046,17,145,0.10493827160493827,-33.62592906172839
14600.000000272265,19,143,0.11728395061728394,-37.581920716049375
14610.000000272483,13,149,0.08024691358024691,-25.71394575308642
14620.000000272701,14,148,0.08641975308641975,-27.691941580246915
14630.00000027292,11,151,0.06790123456790123,-21.757954098765435
14640.000000273138,14,148,0.08641975308641975,-27.691941580246915
14650.000000273356,15,147,0.09259259259259259,-29.669937407407406
14660.000000273574,16,146,0.09876543209876543,-31.647933234567898
14670.000000273792,13,149,0.08024691358024691,-25.71394575308642
14680.00000027401,15,147,0.09259259259259259,-29.669937407407406
14690.000000274229,15,147,0.09259259259259259,-29.669937407407406
14700.000000274447,17,145,0.10493827160493827,-33.62592906172839
14710.000000274666,17,145,0.10493827160493827,-33.62592906172839
14720.000000274884,17,145,0.10493827160493827,-33.62592906172839
14730.000000275102,17,145,0.10493827160493827,-33.62592906172839
14740.00000027532,16,146,0.09876543209876543,-31.647933234567898
14750.000000275539,15,147,0.09259259259259259,-29.669937407407406
14760.000000275757,14,148,0.08641975308641975,-27.691941580246915
14770.000000275975,15,147,0.09259259259259259,-29.669937407407406
14780.000000276194,15,147,0.09259259259259259,-29.669937407407406
14790.000000276412,15,147,0.09259259259259259,-29.669937407407406
14800.00000027663,12,150,0.07407407407407407,-23.735949925925926
14810.000000276848,15,147,0.09259259259259259,-29.669937407407406
14820.000000277067,15,147,0.09259259259259259,-29.669937407407406
14830.000000277285,17,145,0.10493827160493827,-33.62592906172839
14840.000000277503,15,147,0.09259259259259259,-29.669937407407406
14850.000000277721,18,144,0.1111111111111111,-35.60392488888888
14860.00000027794,14,148,0.08641975308641975,-27.691941580246915
14870.000000278158,15,147,0.09259259259259259,-29.669937407407406
14880.000000278376,17,145,0.10493827160493827,-33.62592906172839
14890.000000278595,20,142,0.12345679012345678,-39.55991654320987
14900.000000278813,14,148,0.08641975308641975,-27.691941580246915
14910.000000279031,13,149,0.08024691358024691,-25.71394575308642
14920.00000027925,16,146,0.09876543209876543,-31.647933234567898
14930.000000279468,17,145,0.10493827160493827,-33.62592906172839
14940.000000279686,20,142,0.12345679012345678,-39.55991654320987
14950.000000279904,18,144,0.1111111111111111,-35.60392488888888
14960.000000280123,14,148,0.08641975308641975,-27.691941580246915
14970.00000028034,16,146,0.09876543209876543,-31.647933234567898
14980.00000028056,16,146,0.09876543209876543,-31.647933234567898
14990.000000280777,16,146,0.09876543209876543,-31.647933234567898
15000.000000280996,16,146,0.09876543209876543,-31.647933234567898
15010.000000281214,16,146,0.09876543209876543,-31.647933234567898
15020.000000281432,17,145,0.10493827160493827,-33.62592906172839
15030.00000028165,18,144,0.1111111111111111,-35.60392488888888
15040.000000281869,16,146,0.09876543209876543,-31.647933234567898
15050.000000282087,16,146,0.09876543209876543,-31.647933234567898
15060.000000282305,14,148,0.08641975308641975,-27.691941580246915
15070.000000282524,19,143,0.11728395061728394,-37.581920716049375
15080.000000282742,21,141,0.12962962962962962,-41.537912370370364
15090.00000028296,16,146,0.09876543209876543,-31.647933234567898
15100.000000283178,16,146,0.09876543209876543,-31.647933234567898
15110.000000283397,15,147,0.09259259259259259,-29.669937407407406
15120.000000283615,19,143,0.11728395061728394,-37.581920716049375
15130.000000283833,16,146,0.09876543209876543,-31.647933234567898
15140.000000284052,17,145,0.10493827160493827,-33.62592906172839
15150.00000028427,15,147,0.09259259259259259,-29.669937407407406
15160.000000284488,15,147,0.09259259259259259,-29.669937407407406
15170.000000284706,15,147,0.09259259259259259,-29.669937407407406
15180.000000284925,12,150,0.07407407407407407,-23.735949925925926
15190.000000285143,15,147,0.09259259259259259,-29.669937407407406
15200.000000285361,15,147,0.09259259259259259,-29.669937407407406
15210.00000028558,19,143,0.11728395061728394,-37.581920716049375
15220.000000285798,14,148,0.08641975308641975,-27.691941580246915
15230.000000286016,12,150,0.07407407407407407,-23.735949925925926
15240.000000286234,16,146,0.09876543209876543,-31.647933234567898
15250.000000286453,16,146,0.09876543209876543,-31.647933234567898
15260.000000286671,15,147,0.09259259259259259,-29.669937407407406
15270.00000028689,15,147,0.09259259259259259,-29.669937407407406
15280.000000287107,16,146,0.09876543209876543,-31.647933234567898
15290.000000287326,15,147,0.09259259259259259,-29.669937407407406
15300.000000287544,17,145,0.10493827160493827,-33.62592906172839
15310.000000287762,15,147,0.09259259259259259,-29.669937407407406
15320.00000028798,13,149,0.08024691358024691,-25.71394575308642
15330.000000288199,14,148,0.08641975308641975,-27.691941580246915
15340.000000288417,16,146,0.09876543209876543,-31.647933234567898
15350.000000288635,15,147,0.09259259259259259,-29.669937407407406
15360.000000288854,17,145,0.10493827160493827,-33.62592906172839
15370.000000289072,18,144,0.1111111111111111,-35.60392488888888
15380.00000028929,14,148,0.08641975308641975,-27.691941580246915
15390.000000289509,19,143,0.11728395061728394,-37.581920716049375
15400.000000289727,15,147,0.09259259259259259,-29.669937407407406
15410.000000289945,14,148,0.08641975308641975,-27.691941580246915
15420.000000290163,14,148,0.08641975308641975,-27.691941580246915
15430.000000290382,13,149,0.08024691358024691,-25.71394575308642
15440.0000002906,13,149,0.08024691358024691,-25.71394575308642
15450.000000290818,11,151,0.06790123456790123,-21.757954098765435
15460.000000291036,13,149,0.08024691358024691,-25.71394575308642
15470.000000291255,11,151,0.06790123456790123,-21.757954098765435
15480.000000291473,13,149,0.08024691358024691,-25.71394575308642
15490.000000291691,11,151,0.06790123456790123,-21.757954098765435
15500.00000029191,13,149,0.08024691358024691,-25.71394575308642
15510.000000292128,12,150,0.07407407407407407,-23.735949925925926
15520.000000292346,10,152,0.06172839506172839,-19.779958271604936
15530.000000292564,15,147,0.09259259259259259,-29.669937407407406
15540.000000292783,16,146,0.09876543209876543,-31.647933234567898
15550.000000293001,16,146,0.09876543209876543,-31.647933234567898
15560.00000029322,18,144,0.1111111111111111,-35.60392488888888
15570.000000293438,15,147,0.09259259259259259,-29.669937407407406
15580.000000293656,15,147,0.09259259259259259,-29.669937407407406
15590.000000293874,15,147,0.09259259259259259,-29.669937407407406
15600.000000294092,18,144,0.1111111111111111,-35.60392488888888
15610.00000029431,16,146,0.09876543209876543,-31.647933234567898
15620.000000294529,17,145,0.10493827160493827,-33.62592906172839
15630.000000294747,19,143,0.11728395061728394,-37.581920716049375
15640.000000294966,17,145,0.10493827160493827,-33.62592906172839
15650.000000295184,17,145,0.10493827160493827,-33.62592906172839
15660.000000295402,11,151,0.06790123456790123,-21.757954098765435
15670.00000029562,17,145,0.10493827160493827,-33.62592906172839
15680.000000295839,17,145,0.10493827160493827,-33.62592906172839
15690.000000296057,18,144,0.1111111111111111,-35.60392488888888
15700.000000296275,14,148,0.08641975308641975,-27.691941580246915
15710.000000296493,18,144,0.1111111111111111,-35.60392488888888
15720.000000296712,14,148,0.08641975308641975,-27.691941580246915
15730.00000029693,18,144,0.1111111111111111,-35.60392488888888
15740.000000297148,17,145,0.10493827160493827,-33.62592906172839
15750.000000297367,17,145,0.10493827160493827,-33.62592906172839
15760.000000297585,17,145,0.10493827160493827,-33.62592906172839
15770.000000297803,17,145,0.10493827160493827,-33.62592906172839
15780.000000298021,15,147,0.09259259259259259,-29.669937407407406
15790.00000029824,15,147,0.09259259259259259,-29.669937407407406
15800.000000298458,16,146,0.09876543209876543,-31.647933234567898
15810.000000298676,18,144,0.1111111111111111,-35.60392488888888
15820.000000298895,17,145,0.10493827160493827,-33.62592906172839
15830.000000299113,13,149,0.08024691358024691,-25.71394575308642
15840.000000299331,16,146,0.09876543209876543,-31.647933234567898
15850.00000029955,15,147,0.09259259259259259,-29.669937407407406
15860.000000299768,15,147,0.09259259259259259,-29.669937407407406
15870.000000299986,16,146,0.09876543209876543,-31.647933234567898
15880.000000300204,14,148,0.08641975308641975,-27.691941580246915
15890.000000300422,23,139,0.1419753086419753,-45.49390402469136
15900.00000030064,18,144,0.1111111111111111,-35.60392488888888
15910.000000300859,13,149,0.08024691358024691,-25.71394575308642
15920.000000301077,14,148,0.08641975308641975,-27.691941580246915
15930.000000301296,16,146,0.09876543209876543,-31.647933234567898
15940.000000301514,16,146,0.09876543209876543,-31.647933234567898
15950.000000301732,18,144,0.1111111111111111,-35.60392488888888
15960.00000030195,18,144,0.1111111111111111,-35.60392488888888
15970.000000302169,15,147,0.09259259259259259,-29.669937407407406
15980.000000302387,12,150,0.07407407407407407,-23.735949925925926
15990.000000302605,16,146,0.09876543209876543,-31.647933234567898
16000.000000302824,13,149,0.08024691358024691,-25.71394575308642
16010.000000303042,16,146,0.09876543209876543,-31.647933234567898
16020.00000030326,17,145,0.10493827160493827,-33.62592906172839
16030.000000303478,15,147,0.09259259259259259,-29.669937407407406
16040.000000303697,16,146,0.09876543209876543,-31.647933234567898
16050.000000303915,16,146,0.09876543209876543,-31.647933234567898
16060.000000304133,17,145,0.10493827160493827,-33.62592906172839
16070.000000304351,13,149,0.08024691358024691,-25.71394575308642
16080.00000030457,12,150,0.07407407407407407,-23.735949925925926
16090.000000304788,17,145,0.10493827160493827,-33.62592906172839
16100.000000305006,15,147,0.09259259259259259,-29.669937407407406
16110.000000305225,13,149,0.08024691358024691,-25.71394575308642
16120.000000305443,15,147,0.09259259259259259,-29.669937407407406
16130.000000305661,13,149,0.08024691358024691,-25.71394575308642
16140.00000030588,14,148,0.08641975308641975,-27.691941580246915
16150.000000306098,15,147,0.09259259259259259,-29.669937407407406
16160.000000306316,14,148,0.08641975308641975,-27.691941580246915
16170.000000306534,16,146,0.09876543209876543,-31.647933234567898
16180.000000306753,16,146,0.09876543209876543,-31.647933234567898
16190.00000030697,15,147,0.09259259259259259,-29.669937407407406
16200.00000030719,16,146,0.09876543209876543,-31.647933234567898
16210.000000307407,15,147,0.09259259259259259,-29.669937407407406
16220.000000307626,15,147,0.09259259259259259,-29.669937407407406
16230.000000307844,12,150,0.07407407407407407,-23.735949925925926
16240.000000308062,13,149,0.08024691358024691,-25.71394575308642
16250.00000030828,17,145,0.10493827160493827,-33.62592906172839
16260.000000308499,17,145,0.10493827160493827,-33.62592906172839
16270.000000308717,15,147,0.09259259259259259,-29.669937407407406
16280.000000308935,17,145,0.10493827160493827,-33.62592906172839
16290.000000309154,17,145,0.10493827160493827,-33.62592906172839
16300.000000309372,18,144,0.1111111111111111,-35.60392488888888
16310.00000030959,19,143,0.11728395061728394,-37.581920716049375
16320.000000309808,19,143,0.11728395061728394,-37.581920716049375
16330.000000310027,18,144,0.1111111111111111,-35.60392488888888
16340.000000310245,19,143,0.11728395061728394,-37.581920716049375
16350.000000310463,17,145,0.10493827160493827,-33.62592906172839
16360.000000310682,18,144,0.1111111111111111,-35.60392488888888
16370.0000003109,16,146,0.09876543209876543,-31.647933234567898
16380.000000311118,16,146,0.09876543209876543,-31.647933234567898
16390.000000310243,16,146,0.09876543209876543,-31.647933234567898
16400.000000308642,17,145,0.10493827160493827,-33.62592906172839
16410.00000030704,14,148,0.08641975308641975,-27.691941580246915
16420.00000030544,13,149,0.08024691358024691,-25.71394575308642
16430.00000030384,16,146,0.09876543209876543,-31.647933234567898
16440.00000030224,15,147,0.09259259259259259,-29.669937407407406
16450.00000030064,16,146,0.09876543209876543,-31.647933234567898
16460.00000029904,15,147,0.09259259259259259,-29.669937407407406
16470.000000297438,14,148,0.08641975308641975,-27.691941580246915
16480.000000295837,16,146,0.09876543209876543,-31.647933234567898
16490.000000294236,19,143,0.11728395061728394,-37.581920716049375
16500.000000292635,16,146,0.09876543209876543,-31.647933234567898
16510.000000291035,20,142,0.12345679012345678,-39.55991654320987
16520.000000289434,19,143,0.11728395061728394,-37.581920716049375
16530.000000287833,20,142,0.12345679012345678,-39.55991654320987
16540.000000286233,19,143,0.11728395061728394,-37.581920716049375
16550.000000284632,21,141,0.12962962962962962,-41.537912370370364
16560.00000028303,19,143,0.11728395061728394,-37.581920716049375
16570.00000028143,16,146,0.09876543209876543,-31.647933234567898
16580.00000027983,19,143,0.11728395061728394,-37.581920716049375
16590.00000027823,19,143,0.11728395061728394,-37.581920716049375
16600.00000027663,16,146,0.09876543209876543,-31.647933234567898
16610.000000275028,19,143,0.11728395061728394,-37.581920716049375
16620.000000273427,19,143,0.11728395061728394,-37.581920716049375
16630.000000271826,17,145,0.10493827160493827,-33.62592906172839
16640.000000270225,18,144,0.1111111111111111,-35.60392488888888
16650.000000268625,16,146,0.09876543209876543,-31.647933234567898
16660.000000267024,16,146,0.09876543209876543,-31.647933234567898
16670.000000265423,19,143,0.11728395061728394,-37.581920716049375
16680.000000263823,16,146,0.09876543209876543,-31.647933234567898
16690.000000262222,18,144,0.1111111111111111,-35.60392488888888
16700.00000026062,19,143,0.11728395061728394,-37.581920716049375
16710.00000025902,18,144,0.1111111111111111,-35.60392488888888
16720.00000025742,18,144,0.1111111111111111,-35.60392488888888
16730.00000025582,19,143,0.11728395061728394,-37.581920716049375
16740.00000025422,18,144,0.1111111111111111,-35.60392488888888
16750.000000252618,15,147,0.09259259259259259,-29.669937407407406
16760.000000251017,14,148,0.08641975308641975,-27.691941580246915
16770.000000249416,17,145,0.10493827160493827,-33.62592906172839
16780.000000247815,16,146,0.09876543209876543,-31.647933234567898
16790.000000246215,15,147,0.09259259259259259,-29.669937407407406
16800.000000244614,15,147,0.09259259259259259,-29.669937407407406
16810.000000243013,13,149,0.08024691358024691,-25.71394575308642
16820.000000241413,12,150,0.07407407407407407,-23.735949925925926
16830.000000239812,16,146,0.09876543209876543,-31.647933234567898
16840.00000023821,17,145,0.10493827160493827,-33.62592906172839
16850.00000023661,14,148,0.08641975308641975,-27.691941580246915
16860.00000023501,11,151,0.06790123456790123,-21.757954098765435
16870.00000023341,12,150,0.07407407407407407,-23.735949925925926
16880.00000023181,12,150,0.07407407407407407,-23.735949925925926
16890.000000230208,14,148,0.08641975308641975,-27.691941580246915
16900.000000228607,14,148,0.08641975308641975,-27.691941580246915
16910.000000227006,17,145,0.10493827160493827,-33.62592906172839
16920.000000225406,14,148,0.08641975308641975,-27.691941580246915
16930.000000223805,17,145,0.10493827160493827,-33.62592906172839
16940.000000222204,11,151,0.06790123456790123,-21.757954098765435
16950.000000220603,15,147,0.09259259259259259,-29.669937407407406
16960.000000219003,13,149,0.08024691358024691,-25.71394575308642
16970.000000217402,17,145,0.10493827160493827,-33.62592906172839
16980.0000002158,14,148,0.08641975308641975,-27.691941580246915
16990.0000002142,18,144,0.1111111111111111,-35.60392488888888
17000.0000002126,16,146,0.09876543209876543,-31.647933234567898
17010.000000211,18,144,0.1111111111111111,-35.60392488888888
17020.0000002094,16,146,0.09876543209876543,-31.647933234567898
17030.000000207798,17,145,0.10493827160493827,-33.62592906172839
17040.000000206197,16,146,0.09876543209876543,-31.647933234567898
17050.000000204596,16,146,0.09876543209876543,-31.647933234567898
17060.000000202996,17,145,0.10493827160493827,-33.62592906172839
17070.000000201395,19,143,0.11728395061728394,-37.581920716049375
17080.000000199794,19,143,0.11728395061728394,-37.581920716049375
17090.000000198193,18,144,0.1111111111111111,-35.60392488888888
17100.000000196593,20,142,0.12345679012345678,-39.55991654320987
17110.000000194992,19,143,0.11728395061728394,-37.581920716049375
17120.00000019339,20,142,0.12345679012345678,-39.55991654320987
17130.00000019179,23,139,0.1419753086419753,-45.49390402469136
17140.00000019019,22,140,0.13580246913580246,-43.51590819753087
17150.00000018859,17,145,0.10493827160493827,-33.62592906172839
17160.00000018699,21,141,0.12962962962962962,-41.537912370370364
17170.000000185388,20,142,0.12345679012345678,-39.55991654320987
17180.000000183787,20,142,0.12345679012345678,-39.55991654320987
17190.000000182186,21,141,0.12962962962962962,-41.537912370370364
17200.000000180586,19,143,0.11728395061728394,-37.581920716049375
17210.000000178985,17,145,0.10493827160493827,-33.62592906172839
17220.000000177384,18,144,0.1111111111111111,-35.60392488888888
17230.000000175783,18,144,0.1111111111111111,-35.60392488888888
17240.000000174183,18,144,0.1111111111111111,-35.60392488888888
17250.000000172582,21,141,0.12962962962962962,-41.537912370370364
17260.00000017098,12,150,0.07407407407407407,-23.735949925925926
17270.00000016938,15,147,0.09259259259259259,-29.669937407407406
17280.00000016778,13,149,0.08024691358024691,-25.71394575308642
17290.00000016618,17,145,0.10493827160493827,-33.62592906172839
17300.00000016458,17,145,0.10493827160493827,-33.62592906172839
17310.000000162978,15,147,0.09259259259259259,-29.669937407407406
17320.000000161377,17,145,0.10493827160493827,-33.62592906172839
17330.000000159776,19,143,0.11728395061728394,-37.581920716049375
17340.000000158176,14,148,0.08641975308641975,-27.691941580246915
17350.000000156575,14,148,0.08641975308641975,-27.691941580246915
17360.000000154974,15,147,0.09259259259259259,-29.669937407407406
17370.000000153374,20,142,0.12345679012345678,-39.55991654320987
17380.000000151773,15,147,0.09259259259259259,-29.669937407407406
17390.000000150172,18,144,0.1111111111111111,-35.60392488888888
17400.00000014857,18,144,0.1111111111111111,-35.60392488888888
17410.00000014697,17,145,0.10493827160493827,-33.62592906172839
17420.00000014537,17,145,0.10493827160493827,-33.62592906172839
17430.00000014377,18,144,0.1111111111111111,-35.60392488888888
17440.00000014217,19,143,0.11728395061728394,-37.581920716049375
17450.000000140568,16,146,0.09876543209876543,-31.647933234567898
17460.000000138967,15,147,0.09259259259259259,-29.669937407407406
17470.000000137366,15,147,0.09259259259259259,-29.669937407407406
17480.000000135766,13,149,0.08024691358024691,-25.71394575308642
17490.000000134165,19,143,0.11728395061728394,-37.581920716049375
17500.000000132564,14,148,0.08641975308641975,-27.691941580246915
17510.000000130964,16,146,0.09876543209876543,-31.647933234567898
17520.000000129363,16,146,0.09876543209876543,-31.647933234567898
17530.000000127762,18,144,0.1111111111111111,-35.60392488888888
17540.00000012616,18,144,0.1111111111111111,-35.60392488888888
17550.00000012456,16,146,0.09876543209876543,-31.647933234567898
17560.00000012296,14,148,0.08641975308641975,-27.691941580246915
17570.00000012136,18,144,0.1111111111111111,-35.60392488888888
17580.00000011976,17,145,0.10493827160493827,-33.62592906172839
17590.000000118158,18,144,0.1111111111111111,-35.60392488888888
17600.000000116557,14,148,0.08641975308641975,-27.691941580246915
17610.000000114956,15,147,0.09259259259259259,-29.669937407407406
17620.000000113356,15,147,0.09259259259259259,-29.669937407407406
17630.000000111755,13,149,0.08024691358024691,-25.71394575308642
17640.000000110154,14,148,0.08641975308641975,-27.691941580246915
17650.000000108554,17,145,0.10493827160493827,-33.62592906172839
17660.000000106953,14,148,0.08641975308641975,-27.691941580246915
17670.000000105352,16,146,0.09876543209876543,-31.647933234567898
17680.00000010375,16,146,0.09876543209876543,-31.647933234567898
17690.00000010215,18,144,0.1111111111111111,-35.60392488888888
17700.00000010055,15,147,0.09259259259259259,-29.669937407407406
17710.00000009895,17,145,0.10493827160493827,-33.62592906172839
17720.00000009735,14,148,0.08641975308641975,-27.691941580246915
17730.000000095748,14,148,0.08641975308641975,-27.691941580246915
17740.000000094147,17,145,0.10493827160493827,-33.62592906172839
17750.000000092547,13,149,0.08024691358024691,-25.71394575308642
17760.000000090946,13,149,0.08024691358024691,-25.71394575308642
17770.000000089345,16,146,0.09876543209876543,-31.647933234567898
17780.000000087744,16,146,0.09876543209876543,-31.647933234567898
17790.000000086144,17,145,0.10493827160493827,-33.62592906172839
17800.000000084543,16,146,0.09876543209876543,-31.647933234567898
17810.000000082942,18,144,0.1111111111111111,-35.60392488888888
17820.00000008134,17,145,0.10493827160493827,-33.62592906172839
17830.00000007974,18,144,0.1111111111111111,-35.60392488888888
17840.00000007814,15,147,0.09259259259259259,-29.669937407407406
17850.00000007654,15,147,0.09259259259259259,-29.669937407407406
17860.00000007494,18,144,0.1111111111111111,-35.60392488888888
17870.000000073338,14,148,0.08641975308641975,-27.691941580246915
17880.000000071737,15,147,0.09259259259259259,-29.669937407407406
17890.000000070137,12,150,0.07407407407407407,-23.735949925925926
17900.000000068536,13,149,0.08024691358024691,-25.71394575308642
17910.000000066935,17,145,0.10493827160493827,-33.62592906172839
17920.000000065334,12,150,0.07407407407407407,-23.735949925925926
17930.000000063734,15,147,0.09259259259259259,-29.669937407407406
17940.000000062133,12,150,0.07407407407407407,-23.735949925925926
17950.000000060532,13,149,0.08024691358024691,-25.71394575308642
17960.00000005893,15,147,0.09259259259259259,-29.669937407407406
17970.00000005733,19,143,0.11728395061728394,-37.581920716049375
17980.00000005573,16,146,0.09876543209876543,-31.647933234567898
17990.00000005413,17,145,0.10493827160493827,-33.62592906172839
18000.00000005253,12,150,0.07407407407407407,-23.735949925925926
18010.000000050928,16,146,0.09876543209876543,-31.647933234567898
18020.000000049327,17,145,0.10493827160493827,-33.62592906172839
18030.000000047727,16,146,0.09876543209876543,-31.647933234567898
18040.000000046126,18,144,0.1111111111111111,-35.60392488888888
18050.000000044525,14,148,0.08641975308641975,-27.691941580246915
18060.000000042925,14,148,0.08641975308641975,-27.691941580246915
18070.000000041324,16,146,0.09876543209876543,-31.647933234567898
18080.000000039723,16,146,0.09876543209876543,-31.647933234567898
18090.000000038122,16,146,0.09876543209876543,-31.647933234567898
18100.00000003652,15,147,0.09259259259259259,-29.669937407407406
18110.00000003492,16,146,0.09876543209876543,-31.647933234567898
18120.00000003332,16,146,0.09876543209876543,-31.647933234567898
18130.00000003172,16,146,0.09876543209876543,-31.647933234567898
18140.00000003012,11,151,0.06790123456790123,-21.757954098765435
18150.000000028518,14,148,0.08641975308641975,-27.691941580246915
18160.000000026917,17,145,0.10493827160493827,-33.62592906172839
18170.000000025317,16,146,0.09876543209876543,-31.647933234567898
18180.000000023716,17,145,0.10493827160493827,-33.62592906172839
18190.000000022115,14,148,0.08641975308641975,-27.691941580246915
18200.000000020515,17,145,0.10493827160493827,-33.62592906172839
18210.000000018914,17,145,0.10493827160493827,-33.62592906172839
18220.000000017313,13,149,0.08024691358024691,-25.71394575308642
18230.000000015712,16,146,0.09876543209876543,-31.647933234567898
18240.00000001411,13,149,0.08024691358024691,-25.71394575308642
18250.00000001251,17,145,0.10493827160493827,-33.62592906172839
18260.00000001091,17,145,0.10493827160493827,-33.62592906172839
18270.00000000931,16,146,0.09876543209876543,-31.647933234567898
18280.00000000771,17,145,0.10493827160493827,-33.62592906172839
18290.000000006108,18,144,0.1111111111111111,-35.60392488888888
18300.000000004507,15,147,0.09259259259259259,-29.669937407407406
18310.000000002907,17,145,0.10493827160493827,-33.62592906172839
18320.000000001306,14,148,0.08641975308641975,-27.691941580246915
18329.999999999705,16,146,0.09876543209876543,-31.647933234567898
18339.999999998105,18,144,0.1111111111111111,-35.60392488888888
18349.999999996504,17,145,0.10493827160493827,-33.62592906172839
18359.999999994903,16,146,0.09876543209876543,-31.647933234567898
18369.999999993302,16,146,0.09876543209876543,-31.647933234567898
18379.9999999917,15,147,0.09259259259259259,-29.669937407407406
18389.9999999901,11,151,0.06790123456790123,-21.757954098765435
18399.9999999885,14,148,0.08641975308641975,-27.691941580246915
18409.9999999869,16,146,0.09876543209876543,-31.647933234567898
18419.9999999853,16,146,0.09876543209876543,-31.647933234567898
18429.9999999837,15,147,0.09259259259259259,-29.669937407407406
18439.999999982098,17,145,0.10493827160493827,-33.62592906172839
18449.999999980497,18,144,0.1111111111111111,-35.60392488888888
18459.999999978896,14,148,0.08641975308641975,-27.691941580246915
18469.999999977295,17,145,0.10493827160493827,-33.62592906172839
18479.999999975695,16,146,0.09876543209876543,-31.647933234567898
18489.999999974094,14,148,0.08641975308641975,-27.691941580246915
18499.999999972493,16,146,0.09876543209876543,-31.647933234567898
18509.999999970893,18,144,0.1111111111111111,-35.60392488888888
18519.999999969292,14,148,0.08641975308641975,-27.691941580246915
18529.99999996769,19,143,0.11728395061728394,-37.581920716049375
18539.99999996609,14,148,0.08641975308641975,-27.691941580246915
18549.99999996449,15,147,0.09259259259259259,-29.669937407407406
18559.99999996289,15,147,0.09259259259259259,-29.669937407407406
18569.99999996129,15,147,0.09259259259259259,-29.669937407407406
18579.999999959688,16,146,0.09876543209876543,-31.647933234567898
18589.999999958087,16,146,0.09876543209876543,-31.647933234567898
18599.999999956486,16,146,0.09876543209876543,-31.647933234567898
18609.999999954885,17,145,0.10493827160493827,-33.62592906172839
18619.999999953285,18,144,0.1111111111111111,-35.60392488888888
18629.999999951684,17,145,0.10493827160493827,-33.62592906172839
18639.999999950083,16,146,0.09876543209876543,-31.647933234567898
18649.999999948483,17,145,0.10493827160493827,-33.62592906172839
18659.999999946882,17,145,0.10493827160493827,-33.62592906172839
18669.99999994528,16,146,0.09876543209876543,-31.647933234567898
18679.99999994368,17,145,0.10493827160493827,-33.62592906172839
18689.99999994208,19,143,0.11728395061728394,-37.581920716049375
18699.99999994048,16,146,0.09876543209876543,-31.647933234567898
18709.99999993888,18,144,0.1111111111111111,-35.60392488888888
18719.999999937278,15,147,0.09259259259259259,-29.669937407407406
18729.999999935677,15,147,0.09259259259259259,-29.669937407407406
18739.999999934076,19,143,0.11728395061728394,-37.581920716049375
18749.999999932475,18,144,0.1111111111111111,-35.60392488888888
18759.999999930875,19,143,0.11728395061728394,-37.581920716049375
18769.999999929274,17,145,0.10493827160493827,-33.62592906172839
18779.999999927673,19,143,0.11728395061728394,-37.581920716049375
18789.999999926073,15,147,0.09259259259259259,-29.669937407407406
18799.999999924472,17,145,0.10493827160493827,-33.62592906172839
18809.99999992287,14,148,0.08641975308641975,-27.691941580246915
18819.99999992127,20,142,0.12345679012345678,-39.55991654320987
18829.99999991967,19,143,0.11728395061728394,-37.581920716049375
18839.99999991807,16,146,0.09876543209876543,-31.647933234567898
18849.99999991647,15,147,0.09259259259259259,-29.669937407407406
18859.999999914868,16,146,0.09876543209876543,-31.647933234567898
18869.999999913267,18,144,0.1111111111111111,-35.60392488888888
18879.999999911666,14,148,0.08641975308641975,-27.691941580246915
18889.999999910066,16,146,0.09876543209876543,-31.647933234567898
18899.999999908465,17,145,0.10493827160493827,-33.62592906172839
18909.999999906864,19,143,0.11728395061728394,-37.581920716049375
18919.999999905263,16,146,0.09876543209876543,-31.647933234567898
18929.999999903663,16,146,0.09876543209876543,-31.647933234567898
18939.999999902062,16,146,0.09876543209876543,-31.647933234567898
18949.99999990046,18,144,0.1111111111111111,-35.60392488888888
18959.99999989886,14,148,0.08641975308641975,-27.691941580246915
18969.99999989726,21,141,0.12962962962962962,-41.537912370370364
18979.99999989566,15,147,0.09259259259259259,-29.669937407407406
18989.99999989406,16,146,0.09876543209876543,-31.647933234567898
18999.999999892458,17,145,0.10493827160493827,-33.62592906172839
19009.999999890857,15,147,0.09259259259259259,-29.669937407407406
19019.999999889256,17,145,0.10493827160493827,-33.62592906172839
19029.999999887656,15,147,0.09259259259259259,-29.669937407407406
19039.999999886055,16,146,0.09876543209876543,-31.647933234567898
19049.999999884454,16,146,0.09876543209876543,-31.647933234567898
19059.999999882853,17,145,0.10493827160493827,-33.62592906172839
19069.999999881253,17,145,0.10493827160493827,-33.62592906172839
19079.999999879652,18,144,0.1111111111111111,-35.60392488888888
19089.99999987805,17,145,0.10493827160493827,-33.62592906172839
19099.99999987645,17,145,0.10493827160493827,-33.62592906172839
19109.99999987485,17,145,0.10493827160493827,-33.62592906172839
19119.99999987325,17,145,0.10493827160493827,-33.62592906172839
19129.99999987165,19,143,0.11728395061728394,-37.581920716049375
19139.999999870048,18,144,0.1111111111111111,-35.60392488888888
19149.999999868447,18,144,0.1111111111111111,-35.60392488888888
19159.999999866846,19,143,0.11728395061728394,-37.581920716049375
19169.999999865246,21,141,0.12962962962962962,-41.537912370370364
19179.999999863645,19,143,0.11728395061728394,-37.581920716049375
19189.999999862044,17,145,0.10493827160493827,-33.62592906172839
19199.999999860443,17,145,0.10493827160493827,-33.62592906172839
19209.999999858843,14,148,0.08641975308641975,-27.691941580246915
19219.999999857242,18,144,0.1111111111111111,-35.60392488888888
19229.99999985564,17,145,0.10493827160493827,-33.62592906172839
19239.99999985404,17,145,0.10493827160493827,-33.62592906172839
19249.99999985244,14,148,0.08641975308641975,-27.691941580246915
19259.99999985084,15,147,0.09259259259259259,-29.669937407407406
19269.99999984924,16,146,0.09876543209876543,-31.647933234567898
19279.999999847638,17,145,0.10493827160493827,-33.62592906172839
19289.999999846037,19,143,0.11728395061728394,-37.581920716049375
19299.999999844436,19,143,0.11728395061728394,-37.581920716049375
19309.999999842836,19,143,0.11728395061728394,-37.581920716049375
19319.999999841235,16,146,0.09876543209876543,-31.647933234567898
19329.999999839634,18,144,0.1111111111111111,-35.60392488888888
19339.999999838034,19,143,0.11728395061728394,-37.581920716049375
19349.999999836433,16,146,0.09876543209876543,-31.647933234567898
19359.999999834832,17,145,0.10493827160493827,-33.62592906172839
19369.99999983323,17,145,0.10493827160493827,-33.62592906172839
19379.99999983163,13,149,0.08024691358024691,-25.71394575308642
19389.99999983003,15,147,0.09259259259259259,-29.669937407407406
19399.99999982843,16,146,0.09876543209876543,-31.647933234567898
19409.99999982683,13,149,0.08024691358024691,-25.71394575308642
19419.999999825228,12,150,0.07407407407407407,-23.735949925925926
19429.999999823627,15,147,0.09259259259259259,-29.669937407407406
19439.999999822026,12,150,0.07407407407407407,-23.735949925925926
19449.999999820426,17,145,0.10493827160493827,-33.62592906172839
19459.999999818825,20,142,0.12345679012345678,-39.55991654320987
19469.999999817224,18,144,0.1111111111111111,-35.60392488888888
19479.999999815624,20,142,0.12345679012345678,-39.55991654320987
19489.999999814023,18,144,0.1111111111111111,-35.60392488888888
19499.999999812422,17,145,0.10493827160493827,-33.62592906172839
19509.99999981082,13,149,0.08024691358024691,-25.71394575308642
19519.99999980922,19,143,0.11728395061728394,-37.581920716049375
19529.99999980762,19,143,0.11728395061728394,-37.581920716049375
19539.99999980602,16,146,0.09876543209876543,-31.647933234567898
19549.99999980442,19,143,0.11728395061728394,-37.581920716049375
19559.999999802818,16,146,0.09876543209876543,-31.647933234567898
19569.999999801217,17,145,0.10493827160493827,-33.62592906172839
19579.999999799616,16,146,0.09876543209876543,-31.647933234567898
19589.999999798016,16,146,0.09876543209876543,-31.647933234567898
19599.999999796415,17,145,0.10493827160493827,-33.62592906172839
19609.999999794814,15,147,0.09259259259259259,-29.669937407407406
19619.999999793214,17,145,0.10493827160493827,-33.62592906172839
19629.999999791613,21,141,0.12962962962962962,-41.537912370370364
19639.999999790012,17,145,0.10493827160493827,-33.62592906172839
19649.99999978841,14,148,0.08641975308641975,-27.691941580246915
19659.99999978681,14,148,0.08641975308641975,-27.691941580246915
19669.99999978521,17,145,0.10493827160493827,-33.62592906172839
19679.99999978361,17,145,0.10493827160493827,-33.62592906172839
19689.99999978201,17,145,0.10493827160493827,-33.62592906172839
19699.999999780408,18,144,0.1111111111111111,-35.60392488888888
19709.999999778807,20,142,0.12345679012345678,-39.55991654320987
19719.999999777207,16,146,0.09876543209876543,-31.647933234567898
19729.999999775606,19,143,0.11728395061728394,-37.581920716049375
19739.999999774005,17,145,0.10493827160493827,-33.62592906172839
19749.999999772404,18,144,0.1111111111111111,-35.60392488888888
19759.999999770804,16,146,0.09876543209876543,-31.647933234567898
19769.999999769203,16,146,0.09876543209876543,-31.647933234567898
19779.999999767602,17,145,0.10493827160493827,-33.62592906172839
19789.999999766,17,145,0.10493827160493827,-33.62592906172839
19799.9999997644,18,144,0.1111111111111111,-35.60392488888888
19809.9999997628,16,146,0.09876543209876543,-31.647933234567898
19819.9999997612,14,148,0.08641975308641975,-27.691941580246915
19829.9999997596,14,148,0.08641975308641975,-27.691941580246915
19839.999999757998,17,145,0.10493827160493827,-33.62592906172839
19849.999999756397,20,142,0.12345679012345678,-39.55991654320987
19859.999999754797,19,143,0.11728395061728394,-37.581920716049375
19869.999999753196,20,142,0.12345679012345678,-39.55991654320987
19879.999999751595,21,141,0.12962962962962962,-41.537912370370364
19889.999999749994,20,142,0.12345679012345678,-39.55991654320987
19899.999999748394,20,142,0.12345679012345678,-39.55991654320987
19909.999999746793,20,142,0.12345679012345678,-39.55991654320987
19919.999999745192,18,144,0.1111111111111111,-35.60392488888888
19929.99999974359,20,142,0.12345679012345678,-39.55991654320987
19939.99999974199,19,143,0.11728395061728394,-37.581920716049375
19949.99999974039,19,143,0.11728395061728394,-37.581920716049375
19959.99999973879,18,144,0.1111111111111111,-35.60392488888888
19969.99999973719,20,142,0.12345679012345678,-39.55991654320987
19979.999999735588,20,142,0.12345679012345678,-39.55991654320987
19989.999999733987,21,141,0.12962962962962962,-41.537912370370364
19999.999999732387,17,145,0.10493827160493827,-33.62592906172839
20009.999999730786,19,143,0.11728395061728394,-37.581920716049375
20019.999999729185,14,148,0.08641975308641975,-27.691941580246915
20029.999999727585,17,145,0.10493827160493827,-33.62592906172839
20039.999999725984,17,145,0.10493827160493827,-33.62592906172839
20049.999999724383,18,144,0.1111111111111111,-35.60392488888888
20059.999999722782,14,148,0.08641975308641975,-27.691941580246915
20069.99999972118,15,147,0.09259259259259259,-29.669937407407406
20079.99999971958,17,145,0.10493827160493827,-33.62592906172839
20089.99999971798,16,146,0.09876543209876543,-31.647933234567898
20099.99999971638,15,147,0.09259259259259259,-29.669937407407406
20109.99999971478,18,144,0.1111111111111111,-35.60392488888888
20119.999999713178,16,146,0.09876543209876543,-31.647933234567898
20129.999999711577,15,147,0.09259259259259259,-29.669937407407406
20139.999999709977,15,147,0.09259259259259259,-29.669937407407406
20149.999999708376,14,148,0.08641975308641975,-27.691941580246915
20159.999999706775,13,149,0.08024691358024691,-25.71394575308642
20169.999999705175,14,148,0.08641975308641975,-27.691941580246915
20179.999999703574,16,146,0.09876543209876543,-31.647933234567898
20189.999999701973,19,143,0.11728395061728394,-37.581920716049375
20199.999999700372,18,144,0.1111111111111111,-35.60392488888888
20209.99999969877,16,146,0.09876543209876543,-31.647933234567898
20219.99999969717,17,145,0.10493827160493827,-33.62592906172839
20229.99999969557,22,140,0.13580246913580246,-43.51590819753087
20239.99999969397,19,143,0.11728395061728394,-37.581920716049375
20249.99999969237,19,143,0.11728395061728394,-37.581920716049375
20259.999999690768,18,144,0.1111111111111111,-35.60392488888888
20269.999999689167,15,147,0.09259259259259259,-29.669937407407406
20279.999999687567,16,146,0.09876543209876543,-31.647933234567898
20289.999999685966,15,147,0.09259259259259259,-29.669937407407406
20299.999999684365,14,148,0.08641975308641975,-27.691941580246915
20309.999999682765,18,144,0.1111111111111111,-35.60392488888888
20319.999999681164,12,150,0.07407407407407407,-23.735949925925926
20329.999999679563,15,147,0.09259259259259259,-29.669937407407406
20339.999999677962,15,147,0.09259259259259259,-29.669937407407406
20349.99999967636,17,145,0.10493827160493827,-33.62592906172839
20359.99999967476,16,146,0.09876543209876543,-31.647933234567898
20369.99999967316,17,145,0.10493827160493827,-33.62592906172839
20379.99999967156,12,150,0.07407407407407407,-23.735949925925926
20389.99999966996,11,151,0.06790123456790123,-21.757954098765435
20399.99999966836,14,148,0.08641975308641975,-27.691941580246915
20409.999999666758,17,145,0.10493827160493827,-33.62592906172839
20419.999999665157,14,148,0.08641975308641975,-27.691941580246915
20429.999999663556,15,147,0.09259259259259259,-29.669937407407406
20439.999999661955,12,150,0.07407407407407407,-23.735949925925926
20449.999999660355,18,144,0.1111111111111111,-35.60392488888888
20459.999999658754,16,146,0.09876543209876543,-31.647933234567898
20469.999999657153,15,147,0.09259259259259259,-29.669937407407406
20479.999999655553,17,145,0.10493827160493827,-33.62592906172839
20489.99999965395,16,146,0.09876543209876543,-31.647933234567898
20499.99999965235,16,146,0.09876543209876543,-31.647933234567898
20509.99999965075,16,146,0.09876543209876543,-31.647933234567898
20519.99999964915,17,145,0.10493827160493827,-33.62592906172839
20529.99999964755,16,146,0.09876543209876543,-31.647933234567898
20539.99999964595,18,144,0.1111111111111111,-35.60392488888888
20549.999999644348,18,144,0.1111111111111111,-35.60392488888888
20559.999999642747,17,145,0.10493827160493827,-33.62592906172839
20569.999999641146,13,149,0.08024691358024691,-25.71394575308642
20579.999999639545,18,144,0.1111111111111111,-35.60392488888888
20589.999999637945,15,147,0.09259259259259259,-29.669937407407406
20599.999999636344,15,147,0.09259259259259259,-29.669937407407406
20609.999999634743,15,147,0.09259259259259259,-29.669937407407406
20619.999999633143,14,148,0.08641975308641975,-27.691941580246915
20629.999999631542,16,146,0.09876543209876543,-31.647933234567898
20639.99999962994,17,145,0.10493827160493827,-33.62592906172839
20649.99999962834,13,149,0.08024691358024691,-25.71394575308642
20659.99999962674,17,145,0.10493827160493827,-33.62592906172839
20669.99999962514,17,145,0.10493827160493827,-33.62592906172839
20679.99999962354,15,147,0.09259259259259259,-29.669937407407406
20689.999999621938,19,143,0.11728395061728394,-37.581920716049375
20699.999999620337,19,143,0.11728395061728394,-37.581920716049375
20709.999999618736,21,141,0.12962962962962962,-41.537912370370364
20719.999999617135,17,145,0.10493827160493827,-33.62592906172839
20729.999999615535,17,145,0.10493827160493827,-33.62592906172839
20739.999999613934,19,143,0.11728395061728394,-37.581920716049375
20749.999999612333,18,144,0.1111111111111111,-35.60392488888888
20759.999999610733,16,146,0.09876543209876543,-31.647933234567898
20769.999999609132,17,145,0.10493827160493827,-33.62592906172839
20779.99999960753,17,145,0.10493827160493827,-33.62592906172839
20789.99999960593,15,147,0.09259259259259259,-29.669937407407406
20799.99999960433,16,146,0.09876543209876543,-31.647933234567898
20809.99999960273,16,146,0.09876543209876543,-31.647933234567898
20819.99999960113,15,147,0.09259259259259259,-29.669937407407406
20829.999999599528,15,147,0.09259259259259259,-29.669937407407406
20839.999999597927,15,147,0.09259259259259259,-29.669937407407406
20849.999999596326,21,141,0.12962962962962962,-41.537912370370364
20859.999999594726,17,145,0.10493827160493827,-33.62592906172839
20869.999999593125,17,145,0.10493827160493827,-33.62592906172839
20879.999999591524,18,144,0.1111111111111111,-35.60392488888888
20889.999999589923,17,145,0.10493827160493827,-33.62592906172839
20899.999999588323,18,144,0.1111111111111111,-35.60392488888888
20909.999999586722,16,146,0.09876543209876543,-31.647933234567898
20919.99999958512,14,148,0.08641975308641975,-27.691941580246915
20929.99999958352,16,146,0.09876543209876543,-31.647933234567898
20939.99999958192,14,148,0.08641975308641975,-27.691941580246915
20949.99999958032,18,144,0.1111111111111111,-35.60392488888888
20959.99999957872,16,146,0.09876543209876543,-31.647933234567898
20969.999999577118,14,148,0.08641975308641975,-27.691941580246915
20979.999999575517,19,143,0.11728395061728394,-37.581920716049375
20989.999999573916,14,148,0.08641975308641975,-27.691941580246915
20999.999999572316,18,144,0.1111111111111111,-35.60392488888888
21009.999999570715,17,145,0.10493827160493827,-33.62592906172839
21019.999999569114,18,144,0.1111111111111111,-35.60392488888888
21029.999999567513,15,147,0.09259259259259259,-29.669937407407406
21039.999999565913,21,141,0.12962962962962962,-41.537912370370364
21049.999999564312,22,140,0.13580246913580246,-43.51590819753087
21059.99999956271,19,143,0.11728395061728394,-37.581920716049375
21069.99999956111,21,141,0.12962962962962962,-41.537912370370364
21079.99999955951,20,142,0.12345679012345678,-39.55991654320987
21089.99999955791,22,140,0.13580246913580246,-43.51590819753087
21099.99999955631,18,144,0.1111111111111111,-35.60392488888888
21109.999999554708,21,141,0.12962962962962962,-41.537912370370364
21119.999999553107,21,141,0.12962962962962962,-41.537912370370364
21129.999999551506,19,143,0.11728395061728394,-37.581920716049375
21139.999999549906,15,147,0.09259259259259259,-29.669937407407406
21149.999999548305,17,145,0.10493827160493827,-33.62592906172839
21159.999999546704,15,147,0.09259259259259259,-29.669937407407406
21169.999999545103,19,143,0.11728395061728394,-37.581920716049375
21179.999999543503,18,144,0.1111111111111111,-35.60392488888888
21189.999999541902,16,146,0.09876543209876543,-31.647933234567898
21199.9999995403,14,148,0.08641975308641975,-27.691941580246915
21209.9999995387,17,145,0.10493827160493827,-33.62592906172839
21219.9999995371,14,148,0.08641975308641975,-27.691941580246915
21229.9999995355,15,147,0.09259259259259259,-29.669937407407406
21239.9999995339,16,146,0.09876543209876543,-31.647933234567898
21249.999999532298,17,145,0.10493827160493827,-33.62592906172839
21259.999999530697,15,147,0.09259259259259259,-29.669937407407406
21269.999999529096,17,145,0.10493827160493827,-33.62592906172839
21279.999999527496,19,143,0.11728395061728394,-37.581920716049375
21289.999999525895,15,147,0.09259259259259259,-29.669937407407406
21299.999999524294,20,142,0.12345679012345678,-39.55991654320987
21309.999999522694,17,145,0.10493827160493827,-33.62592906172839
21319.999999521093,19,143,0.11728395061728394,-37.581920716049375
21329.999999519492,19,143,0.11728395061728394,-37.581920716049375
21339.99999951789,18,144,0.1111111111111111,-35.60392488888888
21349.99999951629,17,145,0.10493827160493827,-33.62592906172839
21359.99999951469,22,140,0.13580246913580246,-43.51590819753087
21369.99999951309,19,143,0.11728395061728394,-37.581920716049375
21379.99999951149,21,141,0.12962962962962962,-41.537912370370364
21389.999999509888,16,146,0.09876543209876543,-31.647933234567898
21399.999999508287,20,142,0.12345679012345678,-39.55991654320987
21409.999999506686,16,146,0.09876543209876543,-31.647933234567898
21419.999999505086,18,144,0.1111111111111111,-35.60392488888888
21429.999999503485,15,147,0.09259259259259259,-29.669937407407406
21439.999999501884,16,146,0.09876543209876543,-31.647933234567898
21449.999999500284,14,148,0.08641975308641975,-27.691941580246915
21459.999999498683,16,146,0.09876543209876543,-31.647933234567898
21469.999999497082,16,146,0.09876543209876543,-31.647933234567898
21479.99999949548,17,145,0.10493827160493827,-33.62592906172839
21489.99999949388,20,142,0.12345679012345678,-39.55991654320987
21499.99999949228,20,142,0.12345679012345678,-39.55991654320987
21509.99999949068,17,145,0.10493827160493827,-33.62592906172839
21519.99999948908,19,143,0.11728395061728394,-37.581920716049375
21529.999999487478,21,141,0.12962962962962962,-41.537912370370364
21539.999999485877,23,139,0.1419753086419753,-45.49390402469136
21549.999999484276,19,143,0.11728395061728394,-37.581920716049375
21559.999999482676,19,143,0.11728395061728394,-37.581920716049375
21569.999999481075,20,142,0.12345679012345678,-39.55991654320987
21579.999999479474,21,141,0.12962962962962962,-41.537912370370364
21589.999999477874,19,143,0.11728395061728394,-37.581920716049375
21599.999999476273,17,145,0.10493827160493827,-33.62592906172839
21609.999999474672,16,146,0.09876543209876543,-31.647933234567898
21619.99999947307,17,145,0.10493827160493827,-33.62592906172839
21629.99999947147,16,146,0.09876543209876543,-31.647933234567898
21639.99999946987,17,145,0.10493827160493827,-33.62592906172839
21649.99999946827,17,145,0.10493827160493827,-33.62592906172839
21659.99999946667,16,146,0.09876543209876543,-31.647933234567898
21669.999999465068,17,145,0.10493827160493827,-33.62592906172839
21679.999999463467,17,145,0.10493827160493827,-33.62592906172839
21689.999999461867,15,147,0.09259259259259259,-29.669937407407406
21699.999999460266,14,148,0.08641975308641975,-27.691941580246915
21709.999999458665,14,148,0.08641975308641975,-27.691941580246915
21719.999999457064,15,147,0.09259259259259259,-29.669937407407406
21729.999999455464,18,144,0.1111111111111111,-35.60392488888888
21739.999999453863,19,143,0.11728395061728394,-37.581920716049375
21749.999999452262,20,142,0.12345679012345678,-39.55991654320987
21759.99999945066,13,149,0.08024691358024691,-25.71394575308642
21769.99999944906,18,144,0.1111111111111111,-35.60392488888888
21779.99999944746,20,142,0.12345679012345678,-39.55991654320987
21789.99999944586,20,142,0.12345679012345678,-39.55991654320987
21799.99999944426,19,143,0.11728395061728394,-37.581920716049375
21809.999999442658,20,142,0.12345679012345678,-39.55991654320987
21819.999999441057,21,141,0.12962962962962962,-41.537912370370364
21829.999999439457,19,143,0.11728395061728394,-37.581920716049375
21839.999999437856,19,143,0.11728395061728394,-37.581920716049375
21849.999999436255,18,144,0.1111111111111111,-35.60392488888888
21859.999999434654,18,144,0.1111111111111111,-35.60392488888888
21869.999999433054,19,143,0.11728395061728394,-37.581920716049375
21879.999999431453,15,147,0.09259259259259259,-29.669937407407406
21889.999999429852,18,144,0.1111111111111111,-35.60392488888888
21899.99999942825,15,147,0.09259259259259259,-29.669937407407406
21909.99999942665,17,145,0.10493827160493827,-33.62592906172839
21919.99999942505,20,142,0.12345679012345678,-39.55991654320987
21929.99999942345,15,147,0.09259259259259259,-29.669937407407406
21939.99999942185,16,146,0.09876543209876543,-31.647933234567898
21949.999999420248,16,146,0.09876543209876543,-31.647933234567898
21959.999999418647,21,141,0.12962962962962962,-41.537912370370364
21969.999999417047,17,145,0.10493827160493827,-33.62592906172839
21979.999999415446,17,145,0.10493827160493827,-33.62592906172839
21989.999999413845,19,143,0.11728395061728394,-37.581920716049375
21999.999999412245,18,144,0.1111111111111111,-35.60392488888888
22009.999999410644,16,146,0.09876543209876543,-31.647933234567898
22019.999999409043,19,143,0.11728395061728394,-37.581920716049375
22029.999999407442,14,148,0.08641975308641975,-27.691941580246915
22039.99999940584,14,148,0.08641975308641975,-27.691941580246915
22049.99999940424,15,147,0.09259259259259259,-29.669937407407406
22059.99999940264,18,144,0.1111111111111111,-35.60392488888888
22069.99999940104,18,144,0.1111111111111111,-35.60392488888888
22079.99999939944,19,143,0.11728395061728394,-37.581920716049375
22089.999999397838,16,146,0.09876543209876543,-31.647933234567898
22099.999999396237,18,144,0.1111111111111111,-35.60392488888888
22109.999999394637,19,143,0.11728395061728394,-37.581920716049375
22119.999999393036,18,144,0.1111111111111111,-35.60392488888888
22129.999999391435,17,145,0.10493827160493827,-33.62592906172839
22139.999999389835,17,145,0.10493827160493827,-33.62592906172839
22149.999999388234,15,147,0.09259259259259259,-29.669937407407406
22159.999999386633,16,146,0.09876543209876543,-31.647933234567898
22169.999999385032,20,142,0.12345679012345678,-39.55991654320987
22179.99999938343,19,143,0.11728395061728394,-37.581920716049375
22189.99999938183,17,145,0.10493827160493827,-33.62592906172839
22199.99999938023,16,146,0.09876543209876543,-31.647933234567898
22209.99999937863,16,146,0.09876543209876543,-31.647933234567898
22219.99999937703,17,145,0.10493827160493827,-33.62592906172839
22229.999999375428,18,144,0.1111111111111111,-35.60392488888888
22239.999999373827,18,144,0.1111111111111111,-35.60392488888888
22249.999999372227,16,146,0.09876543209876543,-31.647933234567898
22259.999999370626,17,145,0.10493827160493827,-33.62592906172839
22269.999999369025,14,148,0.08641975308641975,-27.691941580246915
22279.999999367425,16,146,0.09876543209876543,-31.647933234567898
22289.999999365824,17,145,0.10493827160493827,-33.62592906172839
22299.999999364223,16,146,0.09876543209876543,-31.647933234567898
22309.999999362622,15,147,0.09259259259259259,-29.669937407407406
22319.99999936102,16,146,0.09876543209876543,-31.647933234567898
22329.99999935942,15,147,0.09259259259259259,-29.669937407407406
22339.99999935782,14,148,0.08641975308641975,-27.691941580246915
22349.99999935622,15,147,0.09259259259259259,-29.669937407407406
22359.99999935462,18,144,0.1111111111111111,-35.60392488888888
22369.99999935302,14,148,0.08641975308641975,-27.691941580246915
22379.999999351418,18,144,0.1111111111111111,-35.60392488888888
22389.999999349817,17,145,0.10493827160493827,-33.62592906172839
22399.999999348216,16,146,0.09876543209876543,-31.647933234567898
22409.999999346615,19,143,0.11728395061728394,-37.581920716049375
22419.999999345015,17,145,0.10493827160493827,-33.62592906172839
22429.999999343414,13,149,0.08024691358024691,-25.71394575308642
22439.999999341813,13,149,0.08024691358024691,-25.71394575308642
22449.999999340213,18,144,0.1111111111111111,-35.60392488888888
22459.99999933861,18,144,0.1111111111111111,-35.60392488888888
22469.99999933701,17,145,0.10493827160493827,-33.62592906172839
22479.99999933541,19,143,0.11728395061728394,-37.581920716049375
22489.99999933381,19,143,0.11728395061728394,-37.581920716049375
22499.99999933221,19,143,0.11728395061728394,-37.581920716049375
22509.99999933061,17,145,0.10493827160493827,-33.62592906172839
22519.999999329008,19,143,0.11728395061728394,-37.581920716049375
22529.999999327407,19,143,0.11728395061728394,-37.581920716049375
22539.999999325806,22,140,0.13580246913580246,-43.51590819753087
22549.999999324205,18,144,0.1111111111111111,-35.60392488888888
22559.999999322605,17,145,0.10493827160493827,-33.62592906172839
22569.999999321004,19,143,0.11728395061728394,-37.581920716049375
22579.999999319403,15,147,0.09259259259259259,-29.669937407407406
22589.999999317803,18,144,0.1111111111111111,-35.60392488888888
22599.999999316202,17,145,0.10493827160493827,-33.62592906172839
22609.9999993146,15,147,0.09259259259259259,-29.669937407407406
22619.999999313,17,145,0.10493827160493827,-33.62592906172839
22629.9999993114,15,147,0.09259259259259259,-29.669937407407406
22639.9999993098,14,148,0.08641975308641975,-27.691941580246915
22649.9999993082,14,148,0.08641975308641975,-27.691941580246915
22659.999999306598,17,145,0.10493827160493827,-33.62592906172839
22669.999999304997,15,147,0.09259259259259259,-29.669937407407406
22679.999999303396,15,147,0.09259259259259259,-29.669937407407406
22689.999999301795,17,145,0.10493827160493827,-33.62592906172839
22699.999999300195,12,150,0.07407407407407407,-23.735949925925926
22709.999999298594,16,146,0.09876543209876543,-31.647933234567898
22719.999999296993,15,147,0.09259259259259259,-29.669937407407406
22729.999999295393,16,146,0.09876543209876543,-31.647933234567898
22739.999999293792,14,148,0.08641975308641975,-27.691941580246915
22749.99999929219,16,146,0.09876543209876543,-31.647933234567898
22759.99999929059,13,149,0.08024691358024691,-25.71394575308642
22769.99999928899,15,147,0.09259259259259259,-29.669937407407406
22779.99999928739,15,147,0.09259259259259259,-29.669937407407406
22789.99999928579,16,146,0.09876543209876543,-31.647933234567898
22799.999999284188,15,147,0.09259259259259259,-29.669937407407406
22809.999999282587,13,149,0.08024691358024691,-25.71394575308642
22819.999999280986,16,146,0.09876543209876543,-31.647933234567898
22829.999999279386,12,150,0.07407407407407407,-23.735949925925926
22839.999999277785,13,149,0.08024691358024691,-25.71394575308642
22849.999999276184,12,150,0.07407407407407407,-23.735949925925926
22859.999999274583,16,146,0.09876543209876543,-31.647933234567898
22869.999999272983,16,146,0.09876543209876543,-31.647933234567898
22879.999999271382,13,149,0.08024691358024691,-25.71394575308642
22889.99999926978,18,144,0.1111111111111111,-35.60392488888888
22899.99999926818,14,148,0.08641975308641975,-27.691941580246915
22909.99999926658,19,143,0.11728395061728394,-37.581920716049375
22919.99999926498,16,146,0.09876543209876543,-31.647933234567898
22929.99999926338,17,145,0.10493827160493827,-33.62592906172839
22939.999999261778,17,145,0.10493827160493827,-33.62592906172839
22949.999999260177,18,144,0.1111111111111111,-35.60392488888888
22959.999999258576,19,143,0.11728395061728394,-37.581920716049375
22969.999999256976,20,142,0.12345679012345678,-39.55991654320987
22979.999999255375,18,144,0.1111111111111111,-35.60392488888888
22989.999999253774,21,141,0.12962962962962962,-41.537912370370364
22999.999999252173,20,142,0.12345679012345678,-39.55991654320987
23009.999999250573,21,141,0.12962962962962962,-41.537912370370364
23019.999999248972,20,142,0.12345679012345678,-39.55991654320987
23029.99999924737,19,143,0.11728395061728394,-37.581920716049375
23039.99999924577,17,145,0.10493827160493827,-33.62592906172839
23049.99999924417,16,146,0.09876543209876543,-31.647933234567898
23059.99999924257,18,144,0.1111111111111111,-35.60392488888888
23069.99999924097,17,145,0.10493827160493827,-33.62592906172839
23079.999999239368,16,146,0.09876543209876543,-31.647933234567898
23089.999999237767,16,146,0.09876543209876543,-31.647933234567898
23099.999999236166,15,147,0.09259259259259259,-29.669937407407406
23109.999999234566,17,145,0.10493827160493827,-33.62592906172839
23119.999999232965,22,140,0.13580246913580246,-43.51590819753087
23129.999999231364,19,143,0.11728395061728394,-37.581920716049375
23139.999999229763,21,141,0.12962962962962962,-41.537912370370364
23149.999999228163,20,142,0.12345679012345678,-39.55991654320987
23159.999999226562,20,142,0.12345679012345678,-39.55991654320987
23169.99999922496,19,143,0.11728395061728394,-37.581920716049375
23179.99999922336,18,144,0.1111111111111111,-35.60392488888888
23189.99999922176,17,145,0.10493827160493827,-33.62592906172839
23199.99999922016,18,144,0.1111111111111111,-35.60392488888888
23209.99999921856,20,142,0.12345679012345678,-39.55991654320987
23219.999999216958,17,145,0.10493827160493827,-33.62592906172839
23229.999999215357,18,144,0.1111111111111111,-35.60392488888888
23239.999999213756,20,142,0.12345679012345678,-39.55991654320987
23249.999999212156,19,143,0.11728395061728394,-37.581920716049375
23259.999999210555,19,143,0.11728395061728394,-37.581920716049375
23269.999999208954,19,143,0.11728395061728394,-37.581920716049375
23279.999999207354,20,142,0.12345679012345678,-39.55991654320987
23289.999999205753,19,143,0.11728395061728394,-37.581920716049375
23299.999999204152,17,145,0.10493827160493827,-33.62592906172839
23309.99999920255,18,144,0.1111111111111111,-35.60392488888888
23319.99999920095,17,145,0.10493827160493827,-33.62592906172839
23329.99999919935,19,143,0.11728395061728394,-37.581920716049375
23339.99999919775,20,142,0.12345679012345678,-39.55991654320987
23349.99999919615,17,145,0.10493827160493827,-33.62592906172839
23359.999999194548,18,144,0.1111111111111111,-35.60392488888888
23369.999999192947,16,146,0.09876543209876543,-31.647933234567898
23379.999999191346,20,142,0.12345679012345678,-39.55991654320987
23389.999999189746,16,146,0.09876543209876543,-31.647933234567898
23399.999999188145,16,146,0.09876543209876543,-31.647933234567898
23409.999999186544,16,146,0.09876543209876543,-31.647933234567898
23419.999999184944,19,143,0.11728395061728394,-37.581920716049375
23429.999999183343,18,144,0.1111111111111111,-35.60392488888888
23439.999999181742,16,146,0.09876543209876543,-31.647933234567898
23449.99999918014,16,146,0.09876543209876543,-31.647933234567898
23459.99999917854,16,146,0.09876543209876543,-31.647933234567898
23469.99999917694,16,146,0.09876543209876543,-31.647933234567898
23479.99999917534,16,146,0.09876543209876543,-31.647933234567898
23489.99999917374,14,148,0.08641975308641975,-27.691941580246915
23499.999999172138,20,142,0.12345679012345678,-39.55991654320987
23509.999999170537,18,144,0.1111111111111111,-35.60392488888888
23519.999999168936,22,140,0.13580246913580246,-43.51590819753087
23529.999999167336,18,144,0.1111111111111111,-35.60392488888888
23539.999999165735,19,143,0.11728395061728394,-37.581920716049375
23549.999999164134,18,144,0.1111111111111111,-35.60392488888888
23559.999999162534,16,146,0.09876543209876543,-31.647933234567898
23569.999999160933,15,147,0.09259259259259259,-29.669937407407406
23579.999999159332,11,151,0.06790123456790123,-21.757954098765435
23589.99999915773,12,150,0.07407407407407407,-23.735949925925926
23599.99999915613,15,147,0.09259259259259259,-29.669937407407406
23609.99999915453,15,147,0.09259259259259259,-29.669937407407406
23619.99999915293,15,147,0.09259259259259259,-29.669937407407406
23629.99999915133,17,145,0.10493827160493827,-33.62592906172839
23639.999999149728,16,146,0.09876543209876543,-31.647933234567898
23649.999999148127,18,144,0.1111111111111111,-35.60392488888888
23659.999999146527,15,147,0.09259259259259259,-29.669937407407406
23669.999999144926,17,145,0.10493827160493827,-33.62592906172839
23679.999999143325,13,149,0.08024691358024691,-25.71394575308642
23689.999999141724,16,146,0.09876543209876543,-31.647933234567898
23699.999999140124,14,148,0.08641975308641975,-27.691941580246915
23709.999999138523,15,147,0.09259259259259259,-29.669937407407406
23719.999999136922,16,146,0.09876543209876543,-31.647933234567898
23729.99999913532,14,148,0.08641975308641975,-27.691941580246915
23739.99999913372,12,150,0.07407407407407407,-23.735949925925926
23749.99999913212,12,150,0.07407407407407407,-23.735949925925926
23759.99999913052,16,146,0.09876543209876543,-31.647933234567898
23769.99999912892,18,144,0.1111111111111111,-35.60392488888888
23779.999999127318,17,145,0.10493827160493827,-33.62592906172839
23789.999999125717,20,142,0.12345679012345678,-39.55991654320987
23799.999999124117,18,144,0.1111111111111111,-35.60392488888888
23809.999999122516,17,145,0.10493827160493827,-33.62592906172839
23819.999999120915,17,145,0.10493827160493827,-33.62592906172839
23829.999999119314,16,146,0.09876543209876543,-31.647933234567898
23839.999999117714,16,146,0.09876543209876543,-31.647933234567898
23849.999999116113,14,148,0.08641975308641975,-27.691941580246915
23859.999999114512,14,148,0.08641975308641975,-27.691941580246915
23869.99999911291,16,146,0.09876543209876543,-31.647933234567898
23879.99999911131,15,147,0.09259259259259259,-29.669937407407406
23889.99999910971,15,147,0.09259259259259259,-29.669937407407406
23899.99999910811,18,144,0.1111111111111111,-35.60392488888888
23909.99999910651,17,145,0.10493827160493827,-33.62592906172839
23919.999999104908,18,144,0.1111111111111111,-35.60392488888888
23929.999999103307,16,146,0.09876543209876543,-31.647933234567898
23939.999999101707,17,145,0.10493827160493827,-33.62592906172839
23949.999999100106,17,145,0.10493827160493827,-33.62592906172839
23959.999999098505,15,147,0.09259259259259259,-29.669937407407406
23969.999999096905,20,142,0.12345679012345678,-39.55991654320987
23979.999999095304,15,147,0.09259259259259259,-29.669937407407406
23989.999999093703,17,145,0.10493827160493827,-33.62592906172839
23999.999999092102,18,144,0.1111111111111111,-35.60392488888888
24009.9999990905,16,146,0.09876543209876543,-31.647933234567898
24019.9999990889,15,147,0.09259259259259259,-29.669937407407406
24029.9999990873,15,147,0.09259259259259259,-29.669937407407406
24039.9999990857,17,145,0.10493827160493827,-33.62592906172839
24049.9999990841,16,146,0.09876543209876543,-31.647933234567898
24059.999999082498,17,145,0.10493827160493827,-33.62592906172839
24069.999999080897,17,145,0.10493827160493827,-33.62592906172839
24079.999999079297,14,148,0.08641975308641975,-27.691941580246915
24089.999999077696,15,147,0.09259259259259259,-29.669937407407406
24099.999999076095,15,147,0.09259259259259259,-29.669937407407406
24109.999999074495,15,147,0.09259259259259259,-29.669937407407406
24119.999999072894,18,144,0.1111111111111111,-35.60392488888888
24129.999999071293,18,144,0.1111111111111111,-35.60392488888888
