time,number_A,number_HA,alpha,surf_ch_dens
140.00000000001765,100,62,0.6172839506172839,-98.89979135802469
150.00000000000855,53,109,0.3271604938271605,-52.41688941975308
159.99999999999946,31,131,0.19135802469135801,-30.658935320987652
169.99999999999037,21,141,0.12962962962962962,-20.768956185185182
179.99999999998127,21,141,0.12962962962962962,-20.768956185185182
189.99999999997218,14,148,0.08641975308641975,-13.845970790123458
199.99999999996308,10,152,0.06172839506172839,-9.889979135802468
209.99999999995399,9,153,0.05555555555555555,-8.90098122222222
219.9999999999449,10,152,0.06172839506172839,-9.889979135802468
229.9999999999358,8,154,0.04938271604938271,-7.911983308641974
239.9999999999267,7,155,0.043209876543209874,-6.922985395061729
249.9999999999176,9,153,0.05555555555555555,-8.90098122222222
259.99999999990854,12,150,0.07407407407407407,-11.867974962962963
269.99999999989944,10,152,0.06172839506172839,-9.889979135802468
279.99999999989035,15,147,0.09259259259259259,-14.834968703703703
289.99999999988125,13,149,0.08024691358024691,-12.85697287654321
299.99999999987216,11,151,0.06790123456790123,-10.878977049382717
309.99999999986306,9,153,0.05555555555555555,-8.90098122222222
319.99999999985397,10,152,0.06172839506172839,-9.889979135802468
329.9999999998449,15,147,0.09259259259259259,-14.834968703703703
339.9999999998358,12,150,0.07407407407407407,-11.867974962962963
349.9999999998267,13,149,0.08024691358024691,-12.85697287654321
359.9999999998176,14,148,0.08641975308641975,-13.845970790123458
369.9999999998085,13,149,0.08024691358024691,-12.85697287654321
379.9999999997994,13,149,0.08024691358024691,-12.85697287654321
389.9999999997903,15,147,0.09259259259259259,-14.834968703703703
399.9999999997812,15,147,0.09259259259259259,-14.834968703703703
409.9999999997721,13,149,0.08024691358024691,-12.85697287654321
419.999999999763,14,148,0.08641975308641975,-13.845970790123458
429.9999999997539,10,152,0.06172839506172839,-9.889979135802468
439.99999999974483,8,154,0.04938271604938271,-7.911983308641974
449.99999999973573,11,151,0.06790123456790123,-10.878977049382717
459.99999999972664,5,157,0.030864197530864196,-4.944989567901234
469.99999999971755,9,153,0.05555555555555555,-8.90098122222222
479.99999999970845,8,154,0.04938271604938271,-7.911983308641974
489.99999999969936,9,153,0.05555555555555555,-8.90098122222222
499.99999999969026,15,147,0.09259259259259259,-14.834968703703703
509.99999999968117,14,148,0.08641975308641975,-13.845970790123458
519.9999999996721,11,151,0.06790123456790123,-10.878977049382717
529.999999999663,9,153,0.05555555555555555,-8.90098122222222
539.9999999996539,12,150,0.07407407407407407,-11.867974962962963
549.9999999996448,12,150,0.07407407407407407,-11.867974962962963
559.9999999996357,10,152,0.06172839506172839,-9.889979135802468
569.9999999996267,11,151,0.06790123456790123,-10.878977049382717
579.9999999996176,10,152,0.06172839506172839,-9.889979135802468
589.9999999996085,12,150,0.07407407407407407,-11.867974962962963
599.9999999995994,8,154,0.04938271604938271,-7.911983308641974
609.9999999995903,10,152,0.06172839506172839,-9.889979135802468
619.9999999995812,14,148,0.08641975308641975,-13.845970790123458
629.9999999995721,11,151,0.06790123456790123,-10.878977049382717
639.999999999563,13,149,0.08024691358024691,-12.85697287654321
649.9999999995539,12,150,0.07407407407407407,-11.867974962962963
659.9999999995448,10,152,0.06172839506172839,-9.889979135802468
669.9999999995357,13,149,0.08024691358024691,-12.85697287654321
679.9999999995266,12,150,0.07407407407407407,-11.867974962962963
689.9999999995175,10,152,0.06172839506172839,-9.889979135802468
699.9999999995084,14,148,0.08641975308641975,-13.845970790123458
709.9999999994993,10,152,0.06172839506172839,-9.889979135802468
719.9999999994902,11,151,0.06790123456790123,-10.878977049382717
729.9999999994811,9,153,0.05555555555555555,-8.90098122222222
739.999999999472,11,151,0.06790123456790123,-10.878977049382717
749.999999999463,10,152,0.06172839506172839,-9.889979135802468
759.9999999994538,14,148,0.08641975308641975,-13.845970790123458
769.9999999994448,11,151,0.06790123456790123,-10.878977049382717
779.9999999994357,10,152,0.06172839506172839,-9.889979135802468
789.9999999994266,12,150,0.07407407407407407,-11.867974962962963
799.9999999994175,8,154,0.04938271604938271,-7.911983308641974
809.9999999994084,9,153,0.05555555555555555,-8.90098122222222
819.9999999993993,7,155,0.043209876543209874,-6.922985395061729
829.9999999993902,11,151,0.06790123456790123,-10.878977049382717
839.9999999993811,9,153,0.05555555555555555,-8.90098122222222
849.999999999372,7,155,0.043209876543209874,-6.922985395061729
859.9999999993629,11,151,0.06790123456790123,-10.878977049382717
869.9999999993538,7,155,0.043209876543209874,-6.922985395061729
879.9999999993447,12,150,0.07407407407407407,-11.867974962962963
889.9999999993356,15,147,0.09259259259259259,-14.834968703703703
899.9999999993265,12,150,0.07407407407407407,-11.867974962962963
909.9999999993174,13,149,0.08024691358024691,-12.85697287654321
919.9999999993083,11,151,0.06790123456790123,-10.878977049382717
929.9999999992992,13,149,0.08024691358024691,-12.85697287654321
939.9999999992901,10,152,0.06172839506172839,-9.889979135802468
949.999999999281,12,150,0.07407407407407407,-11.867974962962963
959.999999999272,11,151,0.06790123456790123,-10.878977049382717
969.9999999992629,12,150,0.07407407407407407,-11.867974962962963
979.9999999992538,9,153,0.05555555555555555,-8.90098122222222
989.9999999992447,9,153,0.05555555555555555,-8.90098122222222
999.9999999992356,5,157,0.030864197530864196,-4.944989567901234
1009.9999999992265,8,154,0.04938271604938271,-7.911983308641974
1019.9999999992174,11,151,0.06790123456790123,-10.878977049382717
1029.9999999992083,11,151,0.06790123456790123,-10.878977049382717
1039.9999999991992,10,152,0.06172839506172839,-9.889979135802468
1049.99999999919,8,154,0.04938271604938271,-7.911983308641974
1059.999999999181,5,157,0.030864197530864196,-4.944989567901234
1069.999999999172,6,156,0.037037037037037035,-5.9339874814814815
1079.9999999991628,8,154,0.04938271604938271,-7.911983308641974
1089.9999999991537,9,153,0.05555555555555555,-8.90098122222222
1099.9999999991446,8,154,0.04938271604938271,-7.911983308641974
1109.9999999991355,9,153,0.05555555555555555,-8.90098122222222
1119.9999999991264,9,153,0.05555555555555555,-8.90098122222222
1129.9999999991173,10,152,0.06172839506172839,-9.889979135802468
1139.9999999991082,11,151,0.06790123456790123,-10.878977049382717
1149.9999999990991,10,152,0.06172839506172839,-9.889979135802468
1159.99999999909,10,152,0.06172839506172839,-9.889979135802468
1169.999999999081,10,152,0.06172839506172839,-9.889979135802468
1179.9999999990719,8,154,0.04938271604938271,-7.911983308641974
1189.9999999990628,8,154,0.04938271604938271,-7.911983308641974
1199.9999999990537,10,152,0.06172839506172839,-9.889979135802468
1209.9999999990446,12,150,0.07407407407407407,-11.867974962962963
1219.9999999990355,11,151,0.06790123456790123,-10.878977049382717
1229.9999999990264,10,152,0.06172839506172839,-9.889979135802468
1239.9999999990173,7,155,0.043209876543209874,-6.922985395061729
1249.9999999990082,10,152,0.06172839506172839,-9.889979135802468
1259.999999998999,9,153,0.05555555555555555,-8.90098122222222
1269.99999999899,7,155,0.043209876543209874,-6.922985395061729
1279.999999998981,5,157,0.030864197530864196,-4.944989567901234
1289.9999999989718,9,153,0.05555555555555555,-8.90098122222222
1299.9999999989627,8,154,0.04938271604938271,-7.911983308641974
1309.9999999989536,11,151,0.06790123456790123,-10.878977049382717
1319.9999999989445,9,153,0.05555555555555555,-8.90098122222222
1329.9999999989354,15,147,0.09259259259259259,-14.834968703703703
1339.9999999989263,10,152,0.06172839506172839,-9.889979135802468
1349.9999999989172,5,157,0.030864197530864196,-4.944989567901234
1359.9999999989082,7,155,0.043209876543209874,-6.922985395061729
1369.999999998899,8,154,0.04938271604938271,-7.911983308641974
1379.99999999889,11,151,0.06790123456790123,-10.878977049382717
1389.9999999988809,10,152,0.06172839506172839,-9.889979135802468
1399.9999999988718,6,156,0.037037037037037035,-5.9339874814814815
1409.9999999988627,11,151,0.06790123456790123,-10.878977049382717
1419.9999999988536,11,151,0.06790123456790123,-10.878977049382717
1429.9999999988445,7,155,0.043209876543209874,-6.922985395061729
1439.9999999988354,6,156,0.037037037037037035,-5.9339874814814815
1449.9999999988263,6,156,0.037037037037037035,-5.9339874814814815
1459.9999999988172,8,154,0.04938271604938271,-7.911983308641974
1469.999999998808,8,154,0.04938271604938271,-7.911983308641974
1479.999999998799,7,155,0.043209876543209874,-6.922985395061729
1489.99999999879,8,154,0.04938271604938271,-7.911983308641974
1499.9999999987808,7,155,0.043209876543209874,-6.922985395061729
1509.9999999987717,8,154,0.04938271604938271,-7.911983308641974
1519.9999999987626,10,152,0.06172839506172839,-9.889979135802468
1529.9999999987535,5,157,0.030864197530864196,-4.944989567901234
1539.9999999987444,10,152,0.06172839506172839,-9.889979135802468
1549.9999999987353,9,153,0.05555555555555555,-8.90098122222222
1559.9999999987263,8,154,0.04938271604938271,-7.911983308641974
1569.9999999987172,7,155,0.043209876543209874,-6.922985395061729
1579.999999998708,9,153,0.05555555555555555,-8.90098122222222
1589.999999998699,10,152,0.06172839506172839,-9.889979135802468
1599.9999999986899,7,155,0.043209876543209874,-6.922985395061729
1609.9999999986808,8,154,0.04938271604938271,-7.911983308641974
1619.9999999986717,13,149,0.08024691358024691,-12.85697287654321
1629.9999999986626,5,157,0.030864197530864196,-4.944989567901234
1639.9999999986535,6,156,0.037037037037037035,-5.9339874814814815
1649.9999999986444,9,153,0.05555555555555555,-8.90098122222222
1659.9999999986353,11,151,0.06790123456790123,-10.878977049382717
1669.9999999986262,9,153,0.05555555555555555,-8.90098122222222
1679.999999998617,10,152,0.06172839506172839,-9.889979135802468
1689.999999998608,7,155,0.043209876543209874,-6.922985395061729
1699.999999998599,7,155,0.043209876543209874,-6.922985395061729
1709.9999999985898,10,152,0.06172839506172839,-9.889979135802468
1719.9999999985807,7,155,0.043209876543209874,-6.922985395061729
1729.9999999985716,8,154,0.04938271604938271,-7.911983308641974
1739.9999999985625,10,152,0.06172839506172839,-9.889979135802468
1749.9999999985534,9,153,0.05555555555555555,-8.90098122222222
1759.9999999985444,8,154,0.04938271604938271,-7.911983308641974
1769.9999999985353,11,151,0.06790123456790123,-10.878977049382717
1779.9999999985262,8,154,0.04938271604938271,-7.911983308641974
1789.999999998517,9,153,0.05555555555555555,-8.90098122222222
1799.999999998508,12,150,0.07407407407407407,-11.867974962962963
1809.9999999984989,10,152,0.06172839506172839,-9.889979135802468
1819.9999999984898,11,151,0.06790123456790123,-10.878977049382717
1829.9999999984807,9,153,0.05555555555555555,-8.90098122222222
1839.9999999984716,4,158,0.024691358024691357,-3.955991654320987
1849.9999999984625,8,154,0.04938271604938271,-7.911983308641974
1859.9999999984534,9,153,0.05555555555555555,-8.90098122222222
1869.9999999984443,8,154,0.04938271604938271,-7.911983308641974
1879.9999999984352,4,158,0.024691358024691357,-3.955991654320987
1889.9999999984261,6,156,0.037037037037037035,-5.9339874814814815
1899.999999998417,9,153,0.05555555555555555,-8.90098122222222
1909.999999998408,12,150,0.07407407407407407,-11.867974962962963
1919.9999999983988,11,151,0.06790123456790123,-10.878977049382717
1929.9999999983897,8,154,0.04938271604938271,-7.911983308641974
1939.9999999983806,9,153,0.05555555555555555,-8.90098122222222
1949.9999999983715,7,155,0.043209876543209874,-6.922985395061729
1959.9999999983625,7,155,0.043209876543209874,-6.922985395061729
1969.9999999983534,7,155,0.043209876543209874,-6.922985395061729
1979.9999999983443,7,155,0.043209876543209874,-6.922985395061729
1989.9999999983352,10,152,0.06172839506172839,-9.889979135802468
1999.999999998326,8,154,0.04938271604938271,-7.911983308641974
2009.999999998317,8,154,0.04938271604938271,-7.911983308641974
2019.9999999983079,5,157,0.030864197530864196,-4.944989567901234
2029.9999999982988,10,152,0.06172839506172839,-9.889979135802468
2039.9999999982897,9,153,0.05555555555555555,-8.90098122222222
2049.999999998326,9,153,0.05555555555555555,-8.90098122222222
2059.9999999985444,10,152,0.06172839506172839,-9.889979135802468
2069.9999999987626,9,153,0.05555555555555555,-8.90098122222222
2079.999999998981,11,151,0.06790123456790123,-10.878977049382717
2089.999999999199,8,154,0.04938271604938271,-7.911983308641974
2099.9999999994175,6,156,0.037037037037037035,-5.9339874814814815
2109.9999999996357,11,151,0.06790123456790123,-10.878977049382717
2119.999999999854,9,153,0.05555555555555555,-8.90098122222222
2130.0000000000723,11,151,0.06790123456790123,-10.878977049382717
2140.0000000002906,11,151,0.06790123456790123,-10.878977049382717
2150.000000000509,10,152,0.06172839506172839,-9.889979135802468
2160.000000000727,6,156,0.037037037037037035,-5.9339874814814815
2170.0000000009454,8,154,0.04938271604938271,-7.911983308641974
2180.0000000011637,7,155,0.043209876543209874,-6.922985395061729
2190.000000001382,6,156,0.037037037037037035,-5.9339874814814815
2200.0000000016003,12,150,0.07407407407407407,-11.867974962962963
2210.0000000018185,10,152,0.06172839506172839,-9.889979135802468
2220.000000002037,10,152,0.06172839506172839,-9.889979135802468
2230.000000002255,8,154,0.04938271604938271,-7.911983308641974
2240.0000000024734,7,155,0.043209876543209874,-6.922985395061729
2250.0000000026916,6,156,0.037037037037037035,-5.9339874814814815
2260.00000000291,2,160,0.012345679012345678,-1.9779958271604936
2270.000000003128,7,155,0.043209876543209874,-6.922985395061729
2280.0000000033465,9,153,0.05555555555555555,-8.90098122222222
2290.0000000035648,9,153,0.05555555555555555,-8.90098122222222
2300.000000003783,8,154,0.04938271604938271,-7.911983308641974
2310.0000000040013,10,152,0.06172839506172839,-9.889979135802468
2320.0000000042196,11,151,0.06790123456790123,-10.878977049382717
2330.000000004438,10,152,0.06172839506172839,-9.889979135802468
2340.000000004656,9,153,0.05555555555555555,-8.90098122222222
2350.0000000048744,4,158,0.024691358024691357,-3.955991654320987
2360.0000000050927,4,158,0.024691358024691357,-3.955991654320987
2370.000000005311,9,153,0.05555555555555555,-8.90098122222222
2380.0000000055293,10,152,0.06172839506172839,-9.889979135802468
2390.0000000057476,8,154,0.04938271604938271,-7.911983308641974
2400.000000005966,11,151,0.06790123456790123,-10.878977049382717
2410.000000006184,7,155,0.043209876543209874,-6.922985395061729
2420.0000000064024,9,153,0.05555555555555555,-8.90098122222222
2430.0000000066207,12,150,0.07407407407407407,-11.867974962962963
2440.000000006839,7,155,0.043209876543209874,-6.922985395061729
2450.000000007057,12,150,0.07407407407407407,-11.867974962962963
2460.0000000072755,6,156,0.037037037037037035,-5.9339874814814815
2470.000000007494,10,152,0.06172839506172839,-9.889979135802468
2480.000000007712,4,158,0.024691358024691357,-3.955991654320987
2490.0000000079303,7,155,0.043209876543209874,-6.922985395061729
2500.0000000081486,7,155,0.043209876543209874,-6.922985395061729
2510.000000008367,9,153,0.05555555555555555,-8.90098122222222
2520.000000008585,9,153,0.05555555555555555,-8.90098122222222
2530.0000000088035,7,155,0.043209876543209874,-6.922985395061729
2540.0000000090217,9,153,0.05555555555555555,-8.90098122222222
2550.00000000924,7,155,0.043209876543209874,-6.922985395061729
2560.0000000094583,8,154,0.04938271604938271,-7.911983308641974
2570.0000000096766,11,151,0.06790123456790123,-10.878977049382717
2580.000000009895,8,154,0.04938271604938271,-7.911983308641974
2590.000000010113,7,155,0.043209876543209874,-6.922985395061729
2600.0000000103314,10,152,0.06172839506172839,-9.889979135802468
2610.0000000105497,6,156,0.037037037037037035,-5.9339874814814815
2620.000000010768,6,156,0.037037037037037035,-5.9339874814814815
2630.0000000109862,8,154,0.04938271604938271,-7.911983308641974
2640.0000000112045,9,153,0.05555555555555555,-8.90098122222222
2650.000000011423,6,156,0.037037037037037035,-5.9339874814814815
2660.000000011641,8,154,0.04938271604938271,-7.911983308641974
2670.0000000118594,7,155,0.043209876543209874,-6.922985395061729
2680.0000000120776,12,150,0.07407407407407407,-11.867974962962963
2690.000000012296,12,150,0.07407407407407407,-11.867974962962963
2700.000000012514,7,155,0.043209876543209874,-6.922985395061729
2710.0000000127325,9,153,0.05555555555555555,-8.90098122222222
2720.0000000129507,7,155,0.043209876543209874,-6.922985395061729
2730.000000013169,9,153,0.05555555555555555,-8.90098122222222
2740.0000000133873,9,153,0.05555555555555555,-8.90098122222222
2750.0000000136056,7,155,0.043209876543209874,-6.922985395061729
2760.000000013824,9,153,0.05555555555555555,-8.90098122222222
2770.000000014042,8,154,0.04938271604938271,-7.911983308641974
2780.0000000142604,5,157,0.030864197530864196,-4.944989567901234
2790.0000000144787,12,150,0.07407407407407407,-11.867974962962963
2800.000000014697,6,156,0.037037037037037035,-5.9339874814814815
2810.0000000149153,5,157,0.030864197530864196,-4.944989567901234
2820.0000000151335,3,159,0.018518518518518517,-2.9669937407407407
2830.000000015352,8,154,0.04938271604938271,-7.911983308641974
2840.00000001557,13,149,0.08024691358024691,-12.85697287654321
2850.0000000157884,6,156,0.037037037037037035,-5.9339874814814815
2860.0000000160067,5,157,0.030864197530864196,-4.944989567901234
2870.000000016225,9,153,0.05555555555555555,-8.90098122222222
2880.000000016443,11,151,0.06790123456790123,-10.878977049382717
2890.0000000166615,9,153,0.05555555555555555,-8.90098122222222
2900.0000000168798,11,151,0.06790123456790123,-10.878977049382717
2910.000000017098,8,154,0.04938271604938271,-7.911983308641974
2920.0000000173163,11,151,0.06790123456790123,-10.878977049382717
2930.0000000175346,11,151,0.06790123456790123,-10.878977049382717
2940.000000017753,6,156,0.037037037037037035,-5.9339874814814815
2950.000000017971,14,148,0.08641975308641975,-13.845970790123458
2960.0000000181894,10,152,0.06172839506172839,-9.889979135802468
2970.0000000184077,8,154,0.04938271604938271,-7.911983308641974
2980.000000018626,9,153,0.05555555555555555,-8.90098122222222
2990.0000000188443,7,155,0.043209876543209874,-6.922985395061729
3000.0000000190626,10,152,0.06172839506172839,-9.889979135802468
3010.000000019281,10,152,0.06172839506172839,-9.889979135802468
3020.000000019499,10,152,0.06172839506172839,-9.889979135802468
3030.0000000197174,12,150,0.07407407407407407,-11.867974962962963
3040.0000000199357,12,150,0.07407407407407407,-11.867974962962963
3050.000000020154,11,151,0.06790123456790123,-10.878977049382717
3060.000000020372,8,154,0.04938271604938271,-7.911983308641974
3070.0000000205905,12,150,0.07407407407407407,-11.867974962962963
3080.000000020809,11,151,0.06790123456790123,-10.878977049382717
3090.000000021027,9,153,0.05555555555555555,-8.90098122222222
3100.0000000212453,9,153,0.05555555555555555,-8.90098122222222
3110.0000000214636,9,153,0.05555555555555555,-8.90098122222222
3120.000000021682,9,153,0.05555555555555555,-8.90098122222222
3130.0000000219,6,156,0.037037037037037035,-5.9339874814814815
3140.0000000221185,6,156,0.037037037037037035,-5.9339874814814815
3150.0000000223367,6,156,0.037037037037037035,-5.9339874814814815
3160.000000022555,9,153,0.05555555555555555,-8.90098122222222
3170.0000000227733,11,151,0.06790123456790123,-10.878977049382717
3180.0000000229916,11,151,0.06790123456790123,-10.878977049382717
3190.00000002321,4,158,0.024691358024691357,-3.955991654320987
3200.000000023428,9,153,0.05555555555555555,-8.90098122222222
3210.0000000236464,7,155,0.043209876543209874,-6.922985395061729
3220.0000000238647,6,156,0.037037037037037035,-5.9339874814814815
3230.000000024083,8,154,0.04938271604938271,-7.911983308641974
3240.0000000243012,10,152,0.06172839506172839,-9.889979135802468
3250.0000000245195,11,151,0.06790123456790123,-10.878977049382717
3260.000000024738,9,153,0.05555555555555555,-8.90098122222222
3270.000000024956,7,155,0.043209876543209874,-6.922985395061729
3280.0000000251744,10,152,0.06172839506172839,-9.889979135802468
3290.0000000253926,8,154,0.04938271604938271,-7.911983308641974
3300.000000025611,8,154,0.04938271604938271,-7.911983308641974
3310.000000025829,8,154,0.04938271604938271,-7.911983308641974
3320.0000000260475,9,153,0.05555555555555555,-8.90098122222222
3330.0000000262658,8,154,0.04938271604938271,-7.911983308641974
3340.000000026484,6,156,0.037037037037037035,-5.9339874814814815
3350.0000000267023,7,155,0.043209876543209874,-6.922985395061729
3360.0000000269206,7,155,0.043209876543209874,-6.922985395061729
3370.000000027139,8,154,0.04938271604938271,-7.911983308641974
3380.000000027357,9,153,0.05555555555555555,-8.90098122222222
3390.0000000275754,10,152,0.06172839506172839,-9.889979135802468
3400.0000000277937,14,148,0.08641975308641975,-13.845970790123458
3410.000000028012,10,152,0.06172839506172839,-9.889979135802468
3420.0000000282303,7,155,0.043209876543209874,-6.922985395061729
3430.0000000284485,7,155,0.043209876543209874,-6.922985395061729
3440.000000028667,8,154,0.04938271604938271,-7.911983308641974
3450.000000028885,9,153,0.05555555555555555,-8.90098122222222
3460.0000000291034,10,152,0.06172839506172839,-9.889979135802468
3470.0000000293217,7,155,0.043209876543209874,-6.922985395061729
3480.00000002954,10,152,0.06172839506172839,-9.889979135802468
3490.000000029758,11,151,0.06790123456790123,-10.878977049382717
3500.0000000299765,10,152,0.06172839506172839,-9.889979135802468
3510.0000000301948,9,153,0.05555555555555555,-8.90098122222222
3520.000000030413,10,152,0.06172839506172839,-9.889979135802468
3530.0000000306313,9,153,0.05555555555555555,-8.90098122222222
3540.0000000308496,10,152,0.06172839506172839,-9.889979135802468
3550.000000031068,9,153,0.05555555555555555,-8.90098122222222
3560.000000031286,8,154,0.04938271604938271,-7.911983308641974
3570.0000000315044,8,154,0.04938271604938271,-7.911983308641974
3580.0000000317227,8,154,0.04938271604938271,-7.911983308641974
3590.000000031941,8,154,0.04938271604938271,-7.911983308641974
3600.0000000321593,14,148,0.08641975308641975,-13.845970790123458
3610.0000000323776,10,152,0.06172839506172839,-9.889979135802468
3620.000000032596,9,153,0.05555555555555555,-8.90098122222222
3630.000000032814,10,152,0.06172839506172839,-9.889979135802468
3640.0000000330324,8,154,0.04938271604938271,-7.911983308641974
3650.0000000332507,12,150,0.07407407407407407,-11.867974962962963
3660.000000033469,11,151,0.06790123456790123,-10.878977049382717
3670.0000000336872,8,154,0.04938271604938271,-7.911983308641974
3680.0000000339055,9,153,0.05555555555555555,-8.90098122222222
3690.000000034124,5,157,0.030864197530864196,-4.944989567901234
3700.000000034342,6,156,0.037037037037037035,-5.9339874814814815
3710.0000000345603,8,154,0.04938271604938271,-7.911983308641974
3720.0000000347786,8,154,0.04938271604938271,-7.911983308641974
3730.000000034997,10,152,0.06172839506172839,-9.889979135802468
3740.000000035215,8,154,0.04938271604938271,-7.911983308641974
3750.0000000354335,9,153,0.05555555555555555,-8.90098122222222
3760.0000000356517,12,150,0.07407407407407407,-11.867974962962963
3770.00000003587,11,151,0.06790123456790123,-10.878977049382717
3780.0000000360883,8,154,0.04938271604938271,-7.911983308641974
3790.0000000363066,11,151,0.06790123456790123,-10.878977049382717
3800.000000036525,9,153,0.05555555555555555,-8.90098122222222
3810.000000036743,11,151,0.06790123456790123,-10.878977049382717
3820.0000000369614,8,154,0.04938271604938271,-7.911983308641974
3830.0000000371797,6,156,0.037037037037037035,-5.9339874814814815
3840.000000037398,7,155,0.043209876543209874,-6.922985395061729
3850.0000000376162,10,152,0.06172839506172839,-9.889979135802468
3860.0000000378345,7,155,0.043209876543209874,-6.922985395061729
3870.000000038053,8,154,0.04938271604938271,-7.911983308641974
3880.000000038271,13,149,0.08024691358024691,-12.85697287654321
3890.0000000384894,8,154,0.04938271604938271,-7.911983308641974
3900.0000000387076,5,157,0.030864197530864196,-4.944989567901234
3910.000000038926,7,155,0.043209876543209874,-6.922985395061729
3920.000000039144,3,159,0.018518518518518517,-2.9669937407407407
3930.0000000393625,7,155,0.043209876543209874,-6.922985395061729
3940.0000000395808,6,156,0.037037037037037035,-5.9339874814814815
3950.000000039799,6,156,0.037037037037037035,-5.9339874814814815
3960.0000000400173,3,159,0.018518518518518517,-2.9669937407407407
3970.0000000402356,7,155,0.043209876543209874,-6.922985395061729
3980.000000040454,5,157,0.030864197530864196,-4.944989567901234
3990.000000040672,8,154,0.04938271604938271,-7.911983308641974
4000.0000000408904,6,156,0.037037037037037035,-5.9339874814814815
4010.0000000411087,11,151,0.06790123456790123,-10.878977049382717
4020.000000041327,5,157,0.030864197530864196,-4.944989567901234
4030.0000000415453,5,157,0.030864197530864196,-4.944989567901234
4040.0000000417635,8,154,0.04938271604938271,-7.911983308641974
4050.000000041982,6,156,0.037037037037037035,-5.9339874814814815
4060.0000000422,5,157,0.030864197530864196,-4.944989567901234
4070.0000000424184,10,152,0.06172839506172839,-9.889979135802468
4080.0000000426367,4,158,0.024691358024691357,-3.955991654320987
4090.000000042855,6,156,0.037037037037037035,-5.9339874814814815
4100.000000043073,11,151,0.06790123456790123,-10.878977049382717
4110.000000043291,10,152,0.06172839506172839,-9.889979135802468
4120.000000043509,7,155,0.043209876543209874,-6.922985395061729
4130.000000043728,10,152,0.06172839506172839,-9.889979135802468
4140.000000043946,8,154,0.04938271604938271,-7.911983308641974
4150.000000044164,10,152,0.06172839506172839,-9.889979135802468
4160.000000044382,9,153,0.05555555555555555,-8.90098122222222
4170.000000044601,7,155,0.043209876543209874,-6.922985395061729
4180.000000044819,3,159,0.018518518518518517,-2.9669937407407407
4190.000000045037,7,155,0.043209876543209874,-6.922985395061729
4200.000000045256,8,154,0.04938271604938271,-7.911983308641974
4210.000000045474,6,156,0.037037037037037035,-5.9339874814814815
4220.000000045692,8,154,0.04938271604938271,-7.911983308641974
4230.00000004591,10,152,0.06172839506172839,-9.889979135802468
4240.000000046129,11,151,0.06790123456790123,-10.878977049382717
4250.000000046347,8,154,0.04938271604938271,-7.911983308641974
4260.000000046565,3,159,0.018518518518518517,-2.9669937407407407
4270.0000000467835,5,157,0.030864197530864196,-4.944989567901234
4280.000000047002,7,155,0.043209876543209874,-6.922985395061729
4290.00000004722,4,158,0.024691358024691357,-3.955991654320987
4300.000000047438,8,154,0.04938271604938271,-7.911983308641974
4310.000000047657,8,154,0.04938271604938271,-7.911983308641974
4320.000000047875,7,155,0.043209876543209874,-6.922985395061729
4330.000000048093,9,153,0.05555555555555555,-8.90098122222222
4340.000000048311,7,155,0.043209876543209874,-6.922985395061729
4350.00000004853,5,157,0.030864197530864196,-4.944989567901234
4360.000000048748,7,155,0.043209876543209874,-6.922985395061729
4370.000000048966,9,153,0.05555555555555555,-8.90098122222222
4380.000000049185,11,151,0.06790123456790123,-10.878977049382717
4390.000000049403,12,150,0.07407407407407407,-11.867974962962963
4400.000000049621,8,154,0.04938271604938271,-7.911983308641974
4410.000000049839,6,156,0.037037037037037035,-5.9339874814814815
4420.000000050058,8,154,0.04938271604938271,-7.911983308641974
4430.000000050276,10,152,0.06172839506172839,-9.889979135802468
4440.000000050494,3,159,0.018518518518518517,-2.9669937407407407
4450.0000000507125,6,156,0.037037037037037035,-5.9339874814814815
4460.000000050931,7,155,0.043209876543209874,-6.922985395061729
4470.000000051149,5,157,0.030864197530864196,-4.944989567901234
4480.000000051367,7,155,0.043209876543209874,-6.922985395061729
4490.000000051586,10,152,0.06172839506172839,-9.889979135802468
4500.000000051804,6,156,0.037037037037037035,-5.9339874814814815
4510.000000052022,9,153,0.05555555555555555,-8.90098122222222
4520.0000000522405,11,151,0.06790123456790123,-10.878977049382717
4530.000000052459,9,153,0.05555555555555555,-8.90098122222222
4540.000000052677,11,151,0.06790123456790123,-10.878977049382717
4550.000000052895,10,152,0.06172839506172839,-9.889979135802468
4560.000000053114,10,152,0.06172839506172839,-9.889979135802468
4570.000000053332,7,155,0.043209876543209874,-6.922985395061729
4580.00000005355,8,154,0.04938271604938271,-7.911983308641974
4590.000000053768,10,152,0.06172839506172839,-9.889979135802468
4600.000000053987,8,154,0.04938271604938271,-7.911983308641974
4610.000000054205,8,154,0.04938271604938271,-7.911983308641974
4620.000000054423,8,154,0.04938271604938271,-7.911983308641974
4630.0000000546415,9,153,0.05555555555555555,-8.90098122222222
4640.00000005486,9,153,0.05555555555555555,-8.90098122222222
4650.000000055078,11,151,0.06790123456790123,-10.878977049382717
4660.000000055296,8,154,0.04938271604938271,-7.911983308641974
4670.000000055515,9,153,0.05555555555555555,-8.90098122222222
4680.000000055733,7,155,0.043209876543209874,-6.922985395061729
4690.000000055951,9,153,0.05555555555555555,-8.90098122222222
4700.0000000561695,8,154,0.04938271604938271,-7.911983308641974
4710.000000056388,9,153,0.05555555555555555,-8.90098122222222
4720.000000056606,6,156,0.037037037037037035,-5.9339874814814815
4730.000000056824,7,155,0.043209876543209874,-6.922985395061729
4740.000000057043,9,153,0.05555555555555555,-8.90098122222222
4750.000000057261,7,155,0.043209876543209874,-6.922985395061729
4760.000000057479,6,156,0.037037037037037035,-5.9339874814814815
4770.000000057697,11,151,0.06790123456790123,-10.878977049382717
4780.000000057916,7,155,0.043209876543209874,-6.922985395061729
4790.000000058134,5,157,0.030864197530864196,-4.944989567901234
4800.000000058352,8,154,0.04938271604938271,-7.911983308641974
4810.000000058571,8,154,0.04938271604938271,-7.911983308641974
4820.000000058789,12,150,0.07407407407407407,-11.867974962962963
4830.000000059007,10,152,0.06172839506172839,-9.889979135802468
4840.000000059225,9,153,0.05555555555555555,-8.90098122222222
4850.000000059444,7,155,0.043209876543209874,-6.922985395061729
4860.000000059662,10,152,0.06172839506172839,-9.889979135802468
4870.00000005988,8,154,0.04938271604938271,-7.911983308641974
4880.0000000600985,9,153,0.05555555555555555,-8.90098122222222
4890.000000060317,6,156,0.037037037037037035,-5.9339874814814815
4900.000000060535,9,153,0.05555555555555555,-8.90098122222222
4910.000000060753,12,150,0.07407407407407407,-11.867974962962963
4920.000000060972,9,153,0.05555555555555555,-8.90098122222222
4930.00000006119,10,152,0.06172839506172839,-9.889979135802468
4940.000000061408,8,154,0.04938271604938271,-7.911983308641974
4950.000000061626,6,156,0.037037037037037035,-5.9339874814814815
4960.000000061845,8,154,0.04938271604938271,-7.911983308641974
4970.000000062063,6,156,0.037037037037037035,-5.9339874814814815
4980.000000062281,10,152,0.06172839506172839,-9.889979135802468
4990.0000000625,9,153,0.05555555555555555,-8.90098122222222
5000.000000062718,9,153,0.05555555555555555,-8.90098122222222
5010.000000062936,7,155,0.043209876543209874,-6.922985395061729
5020.000000063154,12,150,0.07407407407407407,-11.867974962962963
5030.000000063373,11,151,0.06790123456790123,-10.878977049382717
5040.000000063591,9,153,0.05555555555555555,-8.90098122222222
5050.000000063809,8,154,0.04938271604938271,-7.911983308641974
5060.0000000640275,9,153,0.05555555555555555,-8.90098122222222
5070.000000064246,14,148,0.08641975308641975,-13.845970790123458
5080.000000064464,11,151,0.06790123456790123,-10.878977049382717
5090.000000064682,15,147,0.09259259259259259,-14.834968703703703
5100.000000064901,8,154,0.04938271604938271,-7.911983308641974
5110.000000065119,6,156,0.037037037037037035,-5.9339874814814815
5120.000000065337,8,154,0.04938271604938271,-7.911983308641974
5130.0000000655555,12,150,0.07407407407407407,-11.867974962962963
5140.000000065774,9,153,0.05555555555555555,-8.90098122222222
5150.000000065992,8,154,0.04938271604938271,-7.911983308641974
5160.00000006621,9,153,0.05555555555555555,-8.90098122222222
5170.000000066429,8,154,0.04938271604938271,-7.911983308641974
5180.000000066647,7,155,0.043209876543209874,-6.922985395061729
5190.000000066865,9,153,0.05555555555555555,-8.90098122222222
5200.000000067083,9,153,0.05555555555555555,-8.90098122222222
5210.000000067302,8,154,0.04938271604938271,-7.911983308641974
5220.00000006752,9,153,0.05555555555555555,-8.90098122222222
5230.000000067738,3,159,0.018518518518518517,-2.9669937407407407
5240.0000000679565,8,154,0.04938271604938271,-7.911983308641974
5250.000000068175,6,156,0.037037037037037035,-5.9339874814814815
5260.000000068393,10,152,0.06172839506172839,-9.889979135802468
5270.000000068611,9,153,0.05555555555555555,-8.90098122222222
5280.00000006883,6,156,0.037037037037037035,-5.9339874814814815
5290.000000069048,14,148,0.08641975308641975,-13.845970790123458
5300.000000069266,11,151,0.06790123456790123,-10.878977049382717
5310.0000000694845,8,154,0.04938271604938271,-7.911983308641974
5320.000000069703,9,153,0.05555555555555555,-8.90098122222222
5330.000000069921,10,152,0.06172839506172839,-9.889979135802468
5340.000000070139,5,157,0.030864197530864196,-4.944989567901234
5350.000000070358,13,149,0.08024691358024691,-12.85697287654321
5360.000000070576,10,152,0.06172839506172839,-9.889979135802468
5370.000000070794,7,155,0.043209876543209874,-6.922985395061729
5380.000000071012,6,156,0.037037037037037035,-5.9339874814814815
5390.000000071231,6,156,0.037037037037037035,-5.9339874814814815
5400.000000071449,7,155,0.043209876543209874,-6.922985395061729
5410.000000071667,11,151,0.06790123456790123,-10.878977049382717
5420.000000071886,5,157,0.030864197530864196,-4.944989567901234
5430.000000072104,8,154,0.04938271604938271,-7.911983308641974
5440.000000072322,7,155,0.043209876543209874,-6.922985395061729
5450.00000007254,11,151,0.06790123456790123,-10.878977049382717
5460.000000072759,10,152,0.06172839506172839,-9.889979135802468
5470.000000072977,11,151,0.06790123456790123,-10.878977049382717
5480.000000073195,10,152,0.06172839506172839,-9.889979135802468
5490.0000000734135,7,155,0.043209876543209874,-6.922985395061729
5500.000000073632,5,157,0.030864197530864196,-4.944989567901234
5510.00000007385,9,153,0.05555555555555555,-8.90098122222222
5520.000000074068,8,154,0.04938271604938271,-7.911983308641974
5530.000000074287,10,152,0.06172839506172839,-9.889979135802468
5540.000000074505,8,154,0.04938271604938271,-7.911983308641974
5550.000000074723,10,152,0.06172839506172839,-9.889979135802468
5560.000000074941,7,155,0.043209876543209874,-6.922985395061729
5570.00000007516,7,155,0.043209876543209874,-6.922985395061729
5580.000000075378,9,153,0.05555555555555555,-8.90098122222222
5590.000000075596,8,154,0.04938271604938271,-7.911983308641974
5600.000000075815,5,157,0.030864197530864196,-4.944989567901234
5610.000000076033,9,153,0.05555555555555555,-8.90098122222222
5620.000000076251,9,153,0.05555555555555555,-8.90098122222222
5630.000000076469,8,154,0.04938271604938271,-7.911983308641974
5640.000000076688,9,153,0.05555555555555555,-8.90098122222222
5650.000000076906,12,150,0.07407407407407407,-11.867974962962963
5660.000000077124,11,151,0.06790123456790123,-10.878977049382717
5670.0000000773425,7,155,0.043209876543209874,-6.922985395061729
5680.000000077561,13,149,0.08024691358024691,-12.85697287654321
5690.000000077779,11,151,0.06790123456790123,-10.878977049382717
5700.000000077997,13,149,0.08024691358024691,-12.85697287654321
5710.000000078216,9,153,0.05555555555555555,-8.90098122222222
5720.000000078434,7,155,0.043209876543209874,-6.922985395061729
5730.000000078652,9,153,0.05555555555555555,-8.90098122222222
5740.0000000788705,10,152,0.06172839506172839,-9.889979135802468
5750.000000079089,10,152,0.06172839506172839,-9.889979135802468
5760.000000079307,9,153,0.05555555555555555,-8.90098122222222
5770.000000079525,7,155,0.043209876543209874,-6.922985395061729
5780.000000079744,11,151,0.06790123456790123,-10.878977049382717
5790.000000079962,12,150,0.07407407407407407,-11.867974962962963
5800.00000008018,9,153,0.05555555555555555,-8.90098122222222
5810.000000080398,6,156,0.037037037037037035,-5.9339874814814815
5820.000000080617,5,157,0.030864197530864196,-4.944989567901234
5830.000000080835,11,151,0.06790123456790123,-10.878977049382717
5840.000000081053,5,157,0.030864197530864196,-4.944989567901234
5850.0000000812715,7,155,0.043209876543209874,-6.922985395061729
5860.00000008149,7,155,0.043209876543209874,-6.922985395061729
5870.000000081708,9,153,0.05555555555555555,-8.90098122222222
5880.000000081926,11,151,0.06790123456790123,-10.878977049382717
5890.000000082145,9,153,0.05555555555555555,-8.90098122222222
5900.000000082363,6,156,0.037037037037037035,-5.9339874814814815
5910.000000082581,8,154,0.04938271604938271,-7.911983308641974
5920.0000000827995,8,154,0.04938271604938271,-7.911983308641974
5930.000000083018,5,157,0.030864197530864196,-4.944989567901234
5940.000000083236,8,154,0.04938271604938271,-7.911983308641974
5950.000000083454,10,152,0.06172839506172839,-9.889979135802468
5960.000000083673,7,155,0.043209876543209874,-6.922985395061729
5970.000000083891,8,154,0.04938271604938271,-7.911983308641974
5980.000000084109,9,153,0.05555555555555555,-8.90098122222222
5990.000000084327,6,156,0.037037037037037035,-5.9339874814814815
6000.000000084546,5,157,0.030864197530864196,-4.944989567901234
6010.000000084764,8,154,0.04938271604938271,-7.911983308641974
6020.000000084982,6,156,0.037037037037037035,-5.9339874814814815
6030.000000085201,5,157,0.030864197530864196,-4.944989567901234
6040.000000085419,7,155,0.043209876543209874,-6.922985395061729
6050.000000085637,9,153,0.05555555555555555,-8.90098122222222
6060.000000085855,9,153,0.05555555555555555,-8.90098122222222
6070.000000086074,7,155,0.043209876543209874,-6.922985395061729
6080.000000086292,7,155,0.043209876543209874,-6.922985395061729
6090.00000008651,8,154,0.04938271604938271,-7.911983308641974
6100.0000000867285,6,156,0.037037037037037035,-5.9339874814814815
6110.000000086947,9,153,0.05555555555555555,-8.90098122222222
6120.000000087165,10,152,0.06172839506172839,-9.889979135802468
6130.000000087383,8,154,0.04938271604938271,-7.911983308641974
6140.000000087602,8,154,0.04938271604938271,-7.911983308641974
6150.00000008782,13,149,0.08024691358024691,-12.85697287654321
6160.000000088038,9,153,0.05555555555555555,-8.90098122222222
6170.0000000882565,9,153,0.05555555555555555,-8.90098122222222
6180.000000088475,9,153,0.05555555555555555,-8.90098122222222
6190.000000088693,5,157,0.030864197530864196,-4.944989567901234
6200.000000088911,5,157,0.030864197530864196,-4.944989567901234
6210.00000008913,12,150,0.07407407407407407,-11.867974962962963
6220.000000089348,6,156,0.037037037037037035,-5.9339874814814815
6230.000000089566,13,149,0.08024691358024691,-12.85697287654321
6240.000000089784,9,153,0.05555555555555555,-8.90098122222222
6250.000000090003,10,152,0.06172839506172839,-9.889979135802468
6260.000000090221,9,153,0.05555555555555555,-8.90098122222222
6270.000000090439,8,154,0.04938271604938271,-7.911983308641974
6280.0000000906575,10,152,0.06172839506172839,-9.889979135802468
6290.000000090876,12,150,0.07407407407407407,-11.867974962962963
6300.000000091094,8,154,0.04938271604938271,-7.911983308641974
6310.000000091312,14,148,0.08641975308641975,-13.845970790123458
6320.000000091531,7,155,0.043209876543209874,-6.922985395061729
6330.000000091749,4,158,0.024691358024691357,-3.955991654320987
6340.000000091967,9,153,0.05555555555555555,-8.90098122222222
6350.0000000921855,6,156,0.037037037037037035,-5.9339874814814815
6360.000000092404,9,153,0.05555555555555555,-8.90098122222222
6370.000000092622,7,155,0.043209876543209874,-6.922985395061729
6380.00000009284,6,156,0.037037037037037035,-5.9339874814814815
6390.000000093059,8,154,0.04938271604938271,-7.911983308641974
6400.000000093277,12,150,0.07407407407407407,-11.867974962962963
6410.000000093495,7,155,0.043209876543209874,-6.922985395061729
6420.000000093713,8,154,0.04938271604938271,-7.911983308641974
6430.000000093932,8,154,0.04938271604938271,-7.911983308641974
6440.00000009415,8,154,0.04938271604938271,-7.911983308641974
6450.000000094368,9,153,0.05555555555555555,-8.90098122222222
6460.0000000945865,6,156,0.037037037037037035,-5.9339874814814815
6470.000000094805,6,156,0.037037037037037035,-5.9339874814814815
6480.000000095023,5,157,0.030864197530864196,-4.944989567901234
6490.000000095241,7,155,0.043209876543209874,-6.922985395061729
6500.00000009546,3,159,0.018518518518518517,-2.9669937407407407
6510.000000095678,7,155,0.043209876543209874,-6.922985395061729
6520.000000095896,5,157,0.030864197530864196,-4.944989567901234
6530.0000000961145,7,155,0.043209876543209874,-6.922985395061729
6540.000000096333,5,157,0.030864197530864196,-4.944989567901234
6550.000000096551,5,157,0.030864197530864196,-4.944989567901234
6560.000000096769,7,155,0.043209876543209874,-6.922985395061729
6570.000000096988,10,152,0.06172839506172839,-9.889979135802468
6580.000000097206,9,153,0.05555555555555555,-8.90098122222222
6590.000000097424,7,155,0.043209876543209874,-6.922985395061729
6600.000000097642,9,153,0.05555555555555555,-8.90098122222222
6610.000000097861,7,155,0.043209876543209874,-6.922985395061729
6620.000000098079,7,155,0.043209876543209874,-6.922985395061729
6630.000000098297,4,158,0.024691358024691357,-3.955991654320987
6640.000000098516,7,155,0.043209876543209874,-6.922985395061729
6650.000000098734,9,153,0.05555555555555555,-8.90098122222222
6660.000000098952,4,158,0.024691358024691357,-3.955991654320987
6670.00000009917,3,159,0.018518518518518517,-2.9669937407407407
6680.000000099389,2,160,0.012345679012345678,-1.9779958271604936
6690.000000099607,6,156,0.037037037037037035,-5.9339874814814815
6700.000000099825,2,160,0.012345679012345678,-1.9779958271604936
6710.0000001000435,10,152,0.06172839506172839,-9.889979135802468
6720.000000100262,6,156,0.037037037037037035,-5.9339874814814815
6730.00000010048,8,154,0.04938271604938271,-7.911983308641974
6740.000000100698,10,152,0.06172839506172839,-9.889979135802468
6750.000000100917,9,153,0.05555555555555555,-8.90098122222222
6760.000000101135,11,151,0.06790123456790123,-10.878977049382717
6770.000000101353,12,150,0.07407407407407407,-11.867974962962963
6780.0000001015715,8,154,0.04938271604938271,-7.911983308641974
6790.00000010179,10,152,0.06172839506172839,-9.889979135802468
6800.000000102008,9,153,0.05555555555555555,-8.90098122222222
6810.000000102226,8,154,0.04938271604938271,-7.911983308641974
6820.000000102445,7,155,0.043209876543209874,-6.922985395061729
6830.000000102663,9,153,0.05555555555555555,-8.90098122222222
6840.000000102881,8,154,0.04938271604938271,-7.911983308641974
6850.000000103099,5,157,0.030864197530864196,-4.944989567901234
6860.000000103318,6,156,0.037037037037037035,-5.9339874814814815
6870.000000103536,9,153,0.05555555555555555,-8.90098122222222
6880.000000103754,10,152,0.06172839506172839,-9.889979135802468
6890.0000001039725,4,158,0.024691358024691357,-3.955991654320987
6900.000000104191,9,153,0.05555555555555555,-8.90098122222222
6910.000000104409,6,156,0.037037037037037035,-5.9339874814814815
6920.000000104627,6,156,0.037037037037037035,-5.9339874814814815
6930.000000104846,7,155,0.043209876543209874,-6.922985395061729
6940.000000105064,9,153,0.05555555555555555,-8.90098122222222
6950.000000105282,9,153,0.05555555555555555,-8.90098122222222
6960.0000001055005,10,152,0.06172839506172839,-9.889979135802468
6970.000000105719,9,153,0.05555555555555555,-8.90098122222222
6980.000000105937,10,152,0.06172839506172839,-9.889979135802468
6990.000000106155,11,151,0.06790123456790123,-10.878977049382717
7000.000000106374,6,156,0.037037037037037035,-5.9339874814814815
7010.000000106592,8,154,0.04938271604938271,-7.911983308641974
7020.00000010681,10,152,0.06172839506172839,-9.889979135802468
7030.000000107028,4,158,0.024691358024691357,-3.955991654320987
7040.000000107247,3,159,0.018518518518518517,-2.9669937407407407
7050.000000107465,7,155,0.043209876543209874,-6.922985395061729
7060.000000107683,9,153,0.05555555555555555,-8.90098122222222
7070.0000001079015,5,157,0.030864197530864196,-4.944989567901234
7080.00000010812,8,154,0.04938271604938271,-7.911983308641974
7090.000000108338,8,154,0.04938271604938271,-7.911983308641974
7100.000000108556,8,154,0.04938271604938271,-7.911983308641974
7110.000000108775,5,157,0.030864197530864196,-4.944989567901234
7120.000000108993,5,157,0.030864197530864196,-4.944989567901234
7130.000000109211,10,152,0.06172839506172839,-9.889979135802468
7140.0000001094295,8,154,0.04938271604938271,-7.911983308641974
7150.000000109648,7,155,0.043209876543209874,-6.922985395061729
7160.000000109866,9,153,0.05555555555555555,-8.90098122222222
7170.000000110084,9,153,0.05555555555555555,-8.90098122222222
7180.000000110303,7,155,0.043209876543209874,-6.922985395061729
7190.000000110521,8,154,0.04938271604938271,-7.911983308641974
7200.000000110739,8,154,0.04938271604938271,-7.911983308641974
7210.000000110957,7,155,0.043209876543209874,-6.922985395061729
7220.000000111176,4,158,0.024691358024691357,-3.955991654320987
7230.000000111394,8,154,0.04938271604938271,-7.911983308641974
7240.000000111612,7,155,0.043209876543209874,-6.922985395061729
7250.000000111831,9,153,0.05555555555555555,-8.90098122222222
7260.000000112049,3,159,0.018518518518518517,-2.9669937407407407
7270.000000112267,8,154,0.04938271604938271,-7.911983308641974
7280.000000112485,7,155,0.043209876543209874,-6.922985395061729
7290.000000112704,7,155,0.043209876543209874,-6.922985395061729
7300.000000112922,7,155,0.043209876543209874,-6.922985395061729
7310.00000011314,8,154,0.04938271604938271,-7.911983308641974
7320.0000001133585,13,149,0.08024691358024691,-12.85697287654321
7330.000000113577,11,151,0.06790123456790123,-10.878977049382717
7340.000000113795,6,156,0.037037037037037035,-5.9339874814814815
7350.000000114013,8,154,0.04938271604938271,-7.911983308641974
7360.000000114232,10,152,0.06172839506172839,-9.889979135802468
7370.00000011445,14,148,0.08641975308641975,-13.845970790123458
7380.000000114668,9,153,0.05555555555555555,-8.90098122222222
7390.0000001148865,11,151,0.06790123456790123,-10.878977049382717
7400.000000115105,7,155,0.043209876543209874,-6.922985395061729
7410.000000115323,9,153,0.05555555555555555,-8.90098122222222
7420.000000115541,9,153,0.05555555555555555,-8.90098122222222
7430.00000011576,7,155,0.043209876543209874,-6.922985395061729
7440.000000115978,8,154,0.04938271604938271,-7.911983308641974
7450.000000116196,8,154,0.04938271604938271,-7.911983308641974
7460.000000116414,8,154,0.04938271604938271,-7.911983308641974
7470.000000116633,8,154,0.04938271604938271,-7.911983308641974
7480.000000116851,6,156,0.037037037037037035,-5.9339874814814815
7490.000000117069,8,154,0.04938271604938271,-7.911983308641974
7500.0000001172875,8,154,0.04938271604938271,-7.911983308641974
7510.000000117506,7,155,0.043209876543209874,-6.922985395061729
7520.000000117724,8,154,0.04938271604938271,-7.911983308641974
7530.000000117942,7,155,0.043209876543209874,-6.922985395061729
7540.000000118161,11,151,0.06790123456790123,-10.878977049382717
7550.000000118379,3,159,0.018518518518518517,-2.9669937407407407
7560.000000118597,6,156,0.037037037037037035,-5.9339874814814815
7570.0000001188155,9,153,0.05555555555555555,-8.90098122222222
7580.000000119034,10,152,0.06172839506172839,-9.889979135802468
7590.000000119252,11,151,0.06790123456790123,-10.878977049382717
7600.00000011947,8,154,0.04938271604938271,-7.911983308641974
7610.000000119689,10,152,0.06172839506172839,-9.889979135802468
7620.000000119907,5,157,0.030864197530864196,-4.944989567901234
7630.000000120125,11,151,0.06790123456790123,-10.878977049382717
7640.000000120343,6,156,0.037037037037037035,-5.9339874814814815
7650.000000120562,8,154,0.04938271604938271,-7.911983308641974
7660.00000012078,6,156,0.037037037037037035,-5.9339874814814815
7670.000000120998,11,151,0.06790123456790123,-10.878977049382717
7680.0000001212165,11,151,0.06790123456790123,-10.878977049382717
7690.000000121435,8,154,0.04938271604938271,-7.911983308641974
7700.000000121653,10,152,0.06172839506172839,-9.889979135802468
7710.000000121871,5,157,0.030864197530864196,-4.944989567901234
7720.00000012209,9,153,0.05555555555555555,-8.90098122222222
7730.000000122308,10,152,0.06172839506172839,-9.889979135802468
7740.000000122526,9,153,0.05555555555555555,-8.90098122222222
7750.0000001227445,14,148,0.08641975308641975,-13.845970790123458
7760.000000122963,9,153,0.05555555555555555,-8.90098122222222
7770.000000123181,6,156,0.037037037037037035,-5.9339874814814815
7780.000000123399,8,154,0.04938271604938271,-7.911983308641974
7790.000000123618,6,156,0.037037037037037035,-5.9339874814814815
7800.000000123836,8,154,0.04938271604938271,-7.911983308641974
7810.000000124054,8,154,0.04938271604938271,-7.911983308641974
7820.000000124272,11,151,0.06790123456790123,-10.878977049382717
7830.000000124491,9,153,0.05555555555555555,-8.90098122222222
7840.000000124709,12,150,0.07407407407407407,-11.867974962962963
7850.000000124927,8,154,0.04938271604938271,-7.911983308641974
7860.000000125146,10,152,0.06172839506172839,-9.889979135802468
7870.000000125364,8,154,0.04938271604938271,-7.911983308641974
7880.000000125582,8,154,0.04938271604938271,-7.911983308641974
7890.0000001258,4,158,0.024691358024691357,-3.955991654320987
7900.000000126019,10,152,0.06172839506172839,-9.889979135802468
7910.000000126237,5,157,0.030864197530864196,-4.944989567901234
7920.000000126455,8,154,0.04938271604938271,-7.911983308641974
7930.0000001266735,6,156,0.037037037037037035,-5.9339874814814815
7940.000000126892,9,153,0.05555555555555555,-8.90098122222222
7950.00000012711,6,156,0.037037037037037035,-5.9339874814814815
7960.000000127328,6,156,0.037037037037037035,-5.9339874814814815
7970.000000127547,8,154,0.04938271604938271,-7.911983308641974
7980.000000127765,7,155,0.043209876543209874,-6.922985395061729
7990.000000127983,3,159,0.018518518518518517,-2.9669937407407407
8000.0000001282015,5,157,0.030864197530864196,-4.944989567901234
8010.00000012842,5,157,0.030864197530864196,-4.944989567901234
8020.000000128638,7,155,0.043209876543209874,-6.922985395061729
8030.000000128856,8,154,0.04938271604938271,-7.911983308641974
8040.000000129075,4,158,0.024691358024691357,-3.955991654320987
8050.000000129293,9,153,0.05555555555555555,-8.90098122222222
8060.000000129511,3,159,0.018518518518518517,-2.9669937407407407
8070.000000129729,7,155,0.043209876543209874,-6.922985395061729
8080.000000129948,7,155,0.043209876543209874,-6.922985395061729
8090.000000130166,7,155,0.043209876543209874,-6.922985395061729
8100.000000130384,6,156,0.037037037037037035,-5.9339874814814815
8110.0000001306025,6,156,0.037037037037037035,-5.9339874814814815
8120.000000130821,6,156,0.037037037037037035,-5.9339874814814815
8130.000000131039,5,157,0.030864197530864196,-4.944989567901234
8140.000000131257,10,152,0.06172839506172839,-9.889979135802468
8150.000000131476,12,150,0.07407407407407407,-11.867974962962963
8160.000000131694,12,150,0.07407407407407407,-11.867974962962963
8170.000000131912,7,155,0.043209876543209874,-6.922985395061729
8180.0000001321305,8,154,0.04938271604938271,-7.911983308641974
8190.000000132349,8,154,0.04938271604938271,-7.911983308641974
8200.000000132566,6,156,0.037037037037037035,-5.9339874814814815
8210.000000132784,8,154,0.04938271604938271,-7.911983308641974
8220.000000133003,11,151,0.06790123456790123,-10.878977049382717
8230.000000133221,10,152,0.06172839506172839,-9.889979135802468
8240.00000013344,7,155,0.043209876543209874,-6.922985395061729
8250.000000133658,11,151,0.06790123456790123,-10.878977049382717
8260.000000133876,9,153,0.05555555555555555,-8.90098122222222
8270.000000134094,9,153,0.05555555555555555,-8.90098122222222
8280.000000134312,8,154,0.04938271604938271,-7.911983308641974
8290.00000013453,7,155,0.043209876543209874,-6.922985395061729
8300.000000134749,5,157,0.030864197530864196,-4.944989567901234
8310.000000134967,8,154,0.04938271604938271,-7.911983308641974
8320.000000135185,5,157,0.030864197530864196,-4.944989567901234
8330.000000135404,9,153,0.05555555555555555,-8.90098122222222
8340.000000135622,8,154,0.04938271604938271,-7.911983308641974
8350.00000013584,5,157,0.030864197530864196,-4.944989567901234
8360.000000136059,8,154,0.04938271604938271,-7.911983308641974
8370.000000136277,8,154,0.04938271604938271,-7.911983308641974
8380.000000136495,6,156,0.037037037037037035,-5.9339874814814815
8390.000000136713,8,154,0.04938271604938271,-7.911983308641974
8400.000000136932,8,154,0.04938271604938271,-7.911983308641974
8410.00000013715,6,156,0.037037037037037035,-5.9339874814814815
8420.000000137368,8,154,0.04938271604938271,-7.911983308641974
8430.000000137587,9,153,0.05555555555555555,-8.90098122222222
8440.000000137805,10,152,0.06172839506172839,-9.889979135802468
8450.000000138023,9,153,0.05555555555555555,-8.90098122222222
8460.000000138241,7,155,0.043209876543209874,-6.922985395061729
8470.00000013846,11,151,0.06790123456790123,-10.878977049382717
8480.000000138678,7,155,0.043209876543209874,-6.922985395061729
8490.000000138896,8,154,0.04938271604938271,-7.911983308641974
8500.000000139114,11,151,0.06790123456790123,-10.878977049382717
8510.000000139333,8,154,0.04938271604938271,-7.911983308641974
8520.000000139551,7,155,0.043209876543209874,-6.922985395061729
8530.00000013977,7,155,0.043209876543209874,-6.922985395061729
8540.000000139988,9,153,0.05555555555555555,-8.90098122222222
8550.000000140206,8,154,0.04938271604938271,-7.911983308641974
8560.000000140424,9,153,0.05555555555555555,-8.90098122222222
8570.000000140642,13,149,0.08024691358024691,-12.85697287654321
8580.00000014086,9,153,0.05555555555555555,-8.90098122222222
8590.000000141079,7,155,0.043209876543209874,-6.922985395061729
8600.000000141297,7,155,0.043209876543209874,-6.922985395061729
8610.000000141516,6,156,0.037037037037037035,-5.9339874814814815
8620.000000141734,9,153,0.05555555555555555,-8.90098122222222
8630.000000141952,7,155,0.043209876543209874,-6.922985395061729
8640.00000014217,7,155,0.043209876543209874,-6.922985395061729
8650.000000142389,5,157,0.030864197530864196,-4.944989567901234
8660.000000142607,8,154,0.04938271604938271,-7.911983308641974
8670.000000142825,5,157,0.030864197530864196,-4.944989567901234
8680.000000143044,4,158,0.024691358024691357,-3.955991654320987
8690.000000143262,5,157,0.030864197530864196,-4.944989567901234
8700.00000014348,3,159,0.018518518518518517,-2.9669937407407407
8710.000000143698,6,156,0.037037037037037035,-5.9339874814814815
8720.000000143917,9,153,0.05555555555555555,-8.90098122222222
8730.000000144135,7,155,0.043209876543209874,-6.922985395061729
8740.000000144353,7,155,0.043209876543209874,-6.922985395061729
8750.000000144571,10,152,0.06172839506172839,-9.889979135802468
8760.00000014479,4,158,0.024691358024691357,-3.955991654320987
8770.000000145008,6,156,0.037037037037037035,-5.9339874814814815
8780.000000145226,8,154,0.04938271604938271,-7.911983308641974
8790.000000145445,5,157,0.030864197530864196,-4.944989567901234
8800.000000145663,7,155,0.043209876543209874,-6.922985395061729
8810.000000145881,5,157,0.030864197530864196,-4.944989567901234
8820.0000001461,7,155,0.043209876543209874,-6.922985395061729
8830.000000146318,6,156,0.037037037037037035,-5.9339874814814815
8840.000000146536,9,153,0.05555555555555555,-8.90098122222222
8850.000000146754,10,152,0.06172839506172839,-9.889979135802468
8860.000000146973,9,153,0.05555555555555555,-8.90098122222222
8870.00000014719,10,152,0.06172839506172839,-9.889979135802468
8880.000000147409,8,154,0.04938271604938271,-7.911983308641974
8890.000000147627,8,154,0.04938271604938271,-7.911983308641974
8900.000000147846,7,155,0.043209876543209874,-6.922985395061729
8910.000000148064,9,153,0.05555555555555555,-8.90098122222222
8920.000000148282,7,155,0.043209876543209874,-6.922985395061729
8930.0000001485,7,155,0.043209876543209874,-6.922985395061729
8940.000000148719,8,154,0.04938271604938271,-7.911983308641974
8950.000000148937,11,151,0.06790123456790123,-10.878977049382717
8960.000000149155,8,154,0.04938271604938271,-7.911983308641974
8970.000000149374,9,153,0.05555555555555555,-8.90098122222222
8980.000000149592,8,154,0.04938271604938271,-7.911983308641974
8990.00000014981,7,155,0.043209876543209874,-6.922985395061729
9000.000000150028,8,154,0.04938271604938271,-7.911983308641974
9010.000000150247,4,158,0.024691358024691357,-3.955991654320987
9020.000000150465,5,157,0.030864197530864196,-4.944989567901234
9030.000000150683,10,152,0.06172839506172839,-9.889979135802468
9040.000000150902,12,150,0.07407407407407407,-11.867974962962963
9050.00000015112,9,153,0.05555555555555555,-8.90098122222222
9060.000000151338,8,154,0.04938271604938271,-7.911983308641974
9070.000000151556,6,156,0.037037037037037035,-5.9339874814814815
9080.000000151775,9,153,0.05555555555555555,-8.90098122222222
9090.000000151993,10,152,0.06172839506172839,-9.889979135802468
9100.000000152211,8,154,0.04938271604938271,-7.911983308641974
9110.00000015243,7,155,0.043209876543209874,-6.922985395061729
9120.000000152648,9,153,0.05555555555555555,-8.90098122222222
9130.000000152866,8,154,0.04938271604938271,-7.911983308641974
9140.000000153084,11,151,0.06790123456790123,-10.878977049382717
9150.000000153303,12,150,0.07407407407407407,-11.867974962962963
9160.00000015352,5,157,0.030864197530864196,-4.944989567901234
9170.00000015374,9,153,0.05555555555555555,-8.90098122222222
9180.000000153957,8,154,0.04938271604938271,-7.911983308641974
9190.000000154176,8,154,0.04938271604938271,-7.911983308641974
9200.000000154394,8,154,0.04938271604938271,-7.911983308641974
9210.000000154612,7,155,0.043209876543209874,-6.922985395061729
9220.00000015483,5,157,0.030864197530864196,-4.944989567901234
9230.000000155049,4,158,0.024691358024691357,-3.955991654320987
9240.000000155267,6,156,0.037037037037037035,-5.9339874814814815
9250.000000155485,8,154,0.04938271604938271,-7.911983308641974
9260.000000155704,8,154,0.04938271604938271,-7.911983308641974
9270.000000155922,6,156,0.037037037037037035,-5.9339874814814815
9280.00000015614,7,155,0.043209876543209874,-6.922985395061729
9290.000000156359,10,152,0.06172839506172839,-9.889979135802468
9300.000000156577,11,151,0.06790123456790123,-10.878977049382717
9310.000000156795,8,154,0.04938271604938271,-7.911983308641974
9320.000000157013,10,152,0.06172839506172839,-9.889979135802468
9330.000000157232,5,157,0.030864197530864196,-4.944989567901234
9340.00000015745,3,159,0.018518518518518517,-2.9669937407407407
9350.000000157668,4,158,0.024691358024691357,-3.955991654320987
9360.000000157886,9,153,0.05555555555555555,-8.90098122222222
9370.000000158105,7,155,0.043209876543209874,-6.922985395061729
9380.000000158323,8,154,0.04938271604938271,-7.911983308641974
9390.000000158541,5,157,0.030864197530864196,-4.944989567901234
9400.00000015876,6,156,0.037037037037037035,-5.9339874814814815
9410.000000158978,6,156,0.037037037037037035,-5.9339874814814815
9420.000000159196,8,154,0.04938271604938271,-7.911983308641974
9430.000000159414,10,152,0.06172839506172839,-9.889979135802468
9440.000000159633,8,154,0.04938271604938271,-7.911983308641974
9450.000000159851,6,156,0.037037037037037035,-5.9339874814814815
9460.00000016007,9,153,0.05555555555555555,-8.90098122222222
9470.000000160288,10,152,0.06172839506172839,-9.889979135802468
9480.000000160506,10,152,0.06172839506172839,-9.889979135802468
9490.000000160724,8,154,0.04938271604938271,-7.911983308641974
9500.000000160942,12,150,0.07407407407407407,-11.867974962962963
9510.00000016116,8,154,0.04938271604938271,-7.911983308641974
9520.000000161379,6,156,0.037037037037037035,-5.9339874814814815
9530.000000161597,4,158,0.024691358024691357,-3.955991654320987
9540.000000161815,5,157,0.030864197530864196,-4.944989567901234
9550.000000162034,7,155,0.043209876543209874,-6.922985395061729
9560.000000162252,5,157,0.030864197530864196,-4.944989567901234
9570.00000016247,7,155,0.043209876543209874,-6.922985395061729
9580.000000162689,5,157,0.030864197530864196,-4.944989567901234
9590.000000162907,8,154,0.04938271604938271,-7.911983308641974
9600.000000163125,9,153,0.05555555555555555,-8.90098122222222
9610.000000163343,9,153,0.05555555555555555,-8.90098122222222
9620.000000163562,6,156,0.037037037037037035,-5.9339874814814815
9630.00000016378,11,151,0.06790123456790123,-10.878977049382717
9640.000000163998,13,149,0.08024691358024691,-12.85697287654321
9650.000000164217,11,151,0.06790123456790123,-10.878977049382717
9660.000000164435,9,153,0.05555555555555555,-8.90098122222222
9670.000000164653,9,153,0.05555555555555555,-8.90098122222222
9680.000000164871,11,151,0.06790123456790123,-10.878977049382717
9690.00000016509,9,153,0.05555555555555555,-8.90098122222222
9700.000000165308,3,159,0.018518518518518517,-2.9669937407407407
9710.000000165526,7,155,0.043209876543209874,-6.922985395061729
9720.000000165744,7,155,0.043209876543209874,-6.922985395061729
9730.000000165963,12,150,0.07407407407407407,-11.867974962962963
9740.000000166181,7,155,0.043209876543209874,-6.922985395061729
9750.0000001664,7,155,0.043209876543209874,-6.922985395061729
9760.000000166618,8,154,0.04938271604938271,-7.911983308641974
9770.000000166836,8,154,0.04938271604938271,-7.911983308641974
9780.000000167054,8,154,0.04938271604938271,-7.911983308641974
9790.000000167272,8,154,0.04938271604938271,-7.911983308641974
9800.00000016749,8,154,0.04938271604938271,-7.911983308641974
9810.000000167709,7,155,0.043209876543209874,-6.922985395061729
9820.000000167927,12,150,0.07407407407407407,-11.867974962962963
9830.000000168146,11,151,0.06790123456790123,-10.878977049382717
9840.000000168364,7,155,0.043209876543209874,-6.922985395061729
9850.000000168582,5,157,0.030864197530864196,-4.944989567901234
9860.0000001688,3,159,0.018518518518518517,-2.9669937407407407
9870.000000169019,7,155,0.043209876543209874,-6.922985395061729
9880.000000169237,9,153,0.05555555555555555,-8.90098122222222
9890.000000169455,4,158,0.024691358024691357,-3.955991654320987
9900.000000169674,7,155,0.043209876543209874,-6.922985395061729
9910.000000169892,9,153,0.05555555555555555,-8.90098122222222
9920.00000017011,7,155,0.043209876543209874,-6.922985395061729
9930.000000170328,10,152,0.06172839506172839,-9.889979135802468
9940.000000170547,9,153,0.05555555555555555,-8.90098122222222
9950.000000170765,6,156,0.037037037037037035,-5.9339874814814815
9960.000000170983,7,155,0.043209876543209874,-6.922985395061729
9970.000000171201,8,154,0.04938271604938271,-7.911983308641974
9980.00000017142,10,152,0.06172839506172839,-9.889979135802468
9990.000000171638,6,156,0.037037037037037035,-5.9339874814814815
10000.000000171856,12,150,0.07407407407407407,-11.867974962962963
10010.000000172075,6,156,0.037037037037037035,-5.9339874814814815
10020.000000172293,9,153,0.05555555555555555,-8.90098122222222
10030.000000172511,9,153,0.05555555555555555,-8.90098122222222
10040.00000017273,7,155,0.043209876543209874,-6.922985395061729
10050.000000172948,8,154,0.04938271604938271,-7.911983308641974
10060.000000173166,6,156,0.037037037037037035,-5.9339874814814815
10070.000000173384,7,155,0.043209876543209874,-6.922985395061729
10080.000000173603,11,151,0.06790123456790123,-10.878977049382717
10090.00000017382,7,155,0.043209876543209874,-6.922985395061729
10100.000000174039,8,154,0.04938271604938271,-7.911983308641974
10110.000000174257,6,156,0.037037037037037035,-5.9339874814814815
10120.000000174476,8,154,0.04938271604938271,-7.911983308641974
10130.000000174694,6,156,0.037037037037037035,-5.9339874814814815
10140.000000174912,10,152,0.06172839506172839,-9.889979135802468
10150.00000017513,7,155,0.043209876543209874,-6.922985395061729
10160.000000175349,9,153,0.05555555555555555,-8.90098122222222
10170.000000175567,8,154,0.04938271604938271,-7.911983308641974
10180.000000175785,7,155,0.043209876543209874,-6.922985395061729
10190.000000176004,7,155,0.043209876543209874,-6.922985395061729
10200.000000176222,9,153,0.05555555555555555,-8.90098122222222
10210.00000017644,11,151,0.06790123456790123,-10.878977049382717
10220.000000176658,10,152,0.06172839506172839,-9.889979135802468
10230.000000176877,9,153,0.05555555555555555,-8.90098122222222
10240.000000177095,12,150,0.07407407407407407,-11.867974962962963
10250.000000177313,11,151,0.06790123456790123,-10.878977049382717
10260.000000177532,8,154,0.04938271604938271,-7.911983308641974
10270.00000017775,9,153,0.05555555555555555,-8.90098122222222
10280.000000177968,14,148,0.08641975308641975,-13.845970790123458
10290.000000178186,9,153,0.05555555555555555,-8.90098122222222
10300.000000178405,12,150,0.07407407407407407,-11.867974962962963
10310.000000178623,9,153,0.05555555555555555,-8.90098122222222
10320.000000178841,9,153,0.05555555555555555,-8.90098122222222
10330.00000017906,9,153,0.05555555555555555,-8.90098122222222
10340.000000179278,11,151,0.06790123456790123,-10.878977049382717
10350.000000179496,14,148,0.08641975308641975,-13.845970790123458
10360.000000179714,8,154,0.04938271604938271,-7.911983308641974
10370.000000179933,8,154,0.04938271604938271,-7.911983308641974
10380.00000018015,6,156,0.037037037037037035,-5.9339874814814815
10390.00000018037,8,154,0.04938271604938271,-7.911983308641974
10400.000000180587,11,151,0.06790123456790123,-10.878977049382717
10410.000000180806,7,155,0.043209876543209874,-6.922985395061729
10420.000000181024,10,152,0.06172839506172839,-9.889979135802468
10430.000000181242,9,153,0.05555555555555555,-8.90098122222222
10440.00000018146,8,154,0.04938271604938271,-7.911983308641974
10450.000000181679,4,158,0.024691358024691357,-3.955991654320987
10460.000000181897,9,153,0.05555555555555555,-8.90098122222222
10470.000000182115,9,153,0.05555555555555555,-8.90098122222222
10480.000000182334,6,156,0.037037037037037035,-5.9339874814814815
10490.000000182552,9,153,0.05555555555555555,-8.90098122222222
10500.00000018277,11,151,0.06790123456790123,-10.878977049382717
10510.000000182989,8,154,0.04938271604938271,-7.911983308641974
10520.000000183207,8,154,0.04938271604938271,-7.911983308641974
10530.000000183425,8,154,0.04938271604938271,-7.911983308641974
10540.000000183643,6,156,0.037037037037037035,-5.9339874814814815
10550.000000183862,12,150,0.07407407407407407,-11.867974962962963
10560.00000018408,8,154,0.04938271604938271,-7.911983308641974
10570.000000184298,10,152,0.06172839506172839,-9.889979135802468
10580.000000184516,7,155,0.043209876543209874,-6.922985395061729
10590.000000184735,11,151,0.06790123456790123,-10.878977049382717
10600.000000184953,10,152,0.06172839506172839,-9.889979135802468
10610.000000185171,10,152,0.06172839506172839,-9.889979135802468
10620.00000018539,9,153,0.05555555555555555,-8.90098122222222
10630.000000185608,9,153,0.05555555555555555,-8.90098122222222
10640.000000185826,9,153,0.05555555555555555,-8.90098122222222
10650.000000186044,9,153,0.05555555555555555,-8.90098122222222
10660.000000186263,8,154,0.04938271604938271,-7.911983308641974
10670.000000186481,9,153,0.05555555555555555,-8.90098122222222
10680.0000001867,7,155,0.043209876543209874,-6.922985395061729
10690.000000186918,6,156,0.037037037037037035,-5.9339874814814815
10700.000000187136,9,153,0.05555555555555555,-8.90098122222222
10710.000000187354,6,156,0.037037037037037035,-5.9339874814814815
10720.000000187572,8,154,0.04938271604938271,-7.911983308641974
10730.00000018779,10,152,0.06172839506172839,-9.889979135802468
10740.000000188009,10,152,0.06172839506172839,-9.889979135802468
10750.000000188227,9,153,0.05555555555555555,-8.90098122222222
10760.000000188445,8,154,0.04938271604938271,-7.911983308641974
10770.000000188664,10,152,0.06172839506172839,-9.889979135802468
10780.000000188882,8,154,0.04938271604938271,-7.911983308641974
10790.0000001891,8,154,0.04938271604938271,-7.911983308641974
10800.000000189319,6,156,0.037037037037037035,-5.9339874814814815
10810.000000189537,9,153,0.05555555555555555,-8.90098122222222
10820.000000189755,7,155,0.043209876543209874,-6.922985395061729
10830.000000189973,10,152,0.06172839506172839,-9.889979135802468
10840.000000190192,5,157,0.030864197530864196,-4.944989567901234
10850.00000019041,7,155,0.043209876543209874,-6.922985395061729
10860.000000190628,11,151,0.06790123456790123,-10.878977049382717
10870.000000190847,12,150,0.07407407407407407,-11.867974962962963
10880.000000191065,10,152,0.06172839506172839,-9.889979135802468
10890.000000191283,7,155,0.043209876543209874,-6.922985395061729
10900.000000191501,7,155,0.043209876543209874,-6.922985395061729
10910.00000019172,6,156,0.037037037037037035,-5.9339874814814815
10920.000000191938,6,156,0.037037037037037035,-5.9339874814814815
10930.000000192156,8,154,0.04938271604938271,-7.911983308641974
10940.000000192375,9,153,0.05555555555555555,-8.90098122222222
10950.000000192593,6,156,0.037037037037037035,-5.9339874814814815
10960.000000192811,12,150,0.07407407407407407,-11.867974962962963
10970.00000019303,8,154,0.04938271604938271,-7.911983308641974
10980.000000193248,8,154,0.04938271604938271,-7.911983308641974
10990.000000193466,8,154,0.04938271604938271,-7.911983308641974
11000.000000193684,5,157,0.030864197530864196,-4.944989567901234
11010.000000193902,8,154,0.04938271604938271,-7.911983308641974
11020.00000019412,6,156,0.037037037037037035,-5.9339874814814815
11030.000000194339,11,151,0.06790123456790123,-10.878977049382717
11040.000000194557,10,152,0.06172839506172839,-9.889979135802468
11050.000000194776,8,154,0.04938271604938271,-7.911983308641974
11060.000000194994,11,151,0.06790123456790123,-10.878977049382717
11070.000000195212,9,153,0.05555555555555555,-8.90098122222222
11080.00000019543,11,151,0.06790123456790123,-10.878977049382717
11090.000000195649,13,149,0.08024691358024691,-12.85697287654321
11100.000000195867,9,153,0.05555555555555555,-8.90098122222222
11110.000000196085,8,154,0.04938271604938271,-7.911983308641974
11120.000000196304,10,152,0.06172839506172839,-9.889979135802468
11130.000000196522,10,152,0.06172839506172839,-9.889979135802468
11140.00000019674,8,154,0.04938271604938271,-7.911983308641974
11150.000000196958,7,155,0.043209876543209874,-6.922985395061729
11160.000000197177,6,156,0.037037037037037035,-5.9339874814814815
11170.000000197395,7,155,0.043209876543209874,-6.922985395061729
11180.000000197613,8,154,0.04938271604938271,-7.911983308641974
11190.000000197831,8,154,0.04938271604938271,-7.911983308641974
11200.00000019805,6,156,0.037037037037037035,-5.9339874814814815
11210.000000198268,6,156,0.037037037037037035,-5.9339874814814815
11220.000000198486,9,153,0.05555555555555555,-8.90098122222222
11230.000000198705,5,157,0.030864197530864196,-4.944989567901234
11240.000000198923,8,154,0.04938271604938271,-7.911983308641974
11250.000000199141,8,154,0.04938271604938271,-7.911983308641974
11260.00000019936,6,156,0.037037037037037035,-5.9339874814814815
11270.000000199578,6,156,0.037037037037037035,-5.9339874814814815
11280.000000199796,6,156,0.037037037037037035,-5.9339874814814815
11290.000000200014,8,154,0.04938271604938271,-7.911983308641974
11300.000000200233,8,154,0.04938271604938271,-7.911983308641974
11310.00000020045,8,154,0.04938271604938271,-7.911983308641974
11320.00000020067,5,157,0.030864197530864196,-4.944989567901234
11330.000000200887,8,154,0.04938271604938271,-7.911983308641974
11340.000000201106,7,155,0.043209876543209874,-6.922985395061729
11350.000000201324,8,154,0.04938271604938271,-7.911983308641974
11360.000000201542,7,155,0.043209876543209874,-6.922985395061729
11370.00000020176,7,155,0.043209876543209874,-6.922985395061729
11380.000000201979,7,155,0.043209876543209874,-6.922985395061729
11390.000000202197,8,154,0.04938271604938271,-7.911983308641974
11400.000000202415,10,152,0.06172839506172839,-9.889979135802468
11410.000000202634,8,154,0.04938271604938271,-7.911983308641974
11420.000000202852,8,154,0.04938271604938271,-7.911983308641974
11430.00000020307,9,153,0.05555555555555555,-8.90098122222222
11440.000000203288,9,153,0.05555555555555555,-8.90098122222222
11450.000000203507,10,152,0.06172839506172839,-9.889979135802468
11460.000000203725,9,153,0.05555555555555555,-8.90098122222222
11470.000000203943,4,158,0.024691358024691357,-3.955991654320987
11480.000000204162,11,151,0.06790123456790123,-10.878977049382717
11490.00000020438,7,155,0.043209876543209874,-6.922985395061729
11500.000000204598,8,154,0.04938271604938271,-7.911983308641974
11510.000000204816,8,154,0.04938271604938271,-7.911983308641974
11520.000000205035,8,154,0.04938271604938271,-7.911983308641974
11530.000000205253,6,156,0.037037037037037035,-5.9339874814814815
11540.000000205471,10,152,0.06172839506172839,-9.889979135802468
11550.00000020569,9,153,0.05555555555555555,-8.90098122222222
11560.000000205908,8,154,0.04938271604938271,-7.911983308641974
11570.000000206126,9,153,0.05555555555555555,-8.90098122222222
11580.000000206344,3,159,0.018518518518518517,-2.9669937407407407
11590.000000206563,6,156,0.037037037037037035,-5.9339874814814815
11600.00000020678,7,155,0.043209876543209874,-6.922985395061729
11610.000000207,3,159,0.018518518518518517,-2.9669937407407407
11620.000000207217,6,156,0.037037037037037035,-5.9339874814814815
11630.000000207436,9,153,0.05555555555555555,-8.90098122222222
11640.000000207654,8,154,0.04938271604938271,-7.911983308641974
11650.000000207872,6,156,0.037037037037037035,-5.9339874814814815
11660.00000020809,8,154,0.04938271604938271,-7.911983308641974
11670.000000208309,7,155,0.043209876543209874,-6.922985395061729
11680.000000208527,7,155,0.043209876543209874,-6.922985395061729
11690.000000208745,5,157,0.030864197530864196,-4.944989567901234
11700.000000208964,5,157,0.030864197530864196,-4.944989567901234
11710.000000209182,9,153,0.05555555555555555,-8.90098122222222
11720.0000002094,8,154,0.04938271604938271,-7.911983308641974
11730.000000209619,5,157,0.030864197530864196,-4.944989567901234
11740.000000209837,5,157,0.030864197530864196,-4.944989567901234
11750.000000210055,8,154,0.04938271604938271,-7.911983308641974
11760.000000210273,9,153,0.05555555555555555,-8.90098122222222
11770.000000210492,6,156,0.037037037037037035,-5.9339874814814815
11780.00000021071,3,159,0.018518518518518517,-2.9669937407407407
11790.000000210928,7,155,0.043209876543209874,-6.922985395061729
11800.000000211146,7,155,0.043209876543209874,-6.922985395061729
11810.000000211365,6,156,0.037037037037037035,-5.9339874814814815
11820.000000211583,5,157,0.030864197530864196,-4.944989567901234
11830.000000211801,4,158,0.024691358024691357,-3.955991654320987
11840.00000021202,9,153,0.05555555555555555,-8.90098122222222
11850.000000212238,5,157,0.030864197530864196,-4.944989567901234
11860.000000212456,9,153,0.05555555555555555,-8.90098122222222
11870.000000212674,8,154,0.04938271604938271,-7.911983308641974
11880.000000212893,9,153,0.05555555555555555,-8.90098122222222
11890.000000213111,11,151,0.06790123456790123,-10.878977049382717
11900.00000021333,8,154,0.04938271604938271,-7.911983308641974
11910.000000213548,6,156,0.037037037037037035,-5.9339874814814815
11920.000000213766,8,154,0.04938271604938271,-7.911983308641974
11930.000000213984,10,152,0.06172839506172839,-9.889979135802468
11940.000000214202,10,152,0.06172839506172839,-9.889979135802468
11950.00000021442,7,155,0.043209876543209874,-6.922985395061729
11960.000000214639,9,153,0.05555555555555555,-8.90098122222222
11970.000000214857,8,154,0.04938271604938271,-7.911983308641974
11980.000000215075,7,155,0.043209876543209874,-6.922985395061729
11990.000000215294,7,155,0.043209876543209874,-6.922985395061729
12000.000000215512,9,153,0.05555555555555555,-8.90098122222222
12010.00000021573,12,150,0.07407407407407407,-11.867974962962963
12020.000000215949,9,153,0.05555555555555555,-8.90098122222222
12030.000000216167,6,156,0.037037037037037035,-5.9339874814814815
12040.000000216385,10,152,0.06172839506172839,-9.889979135802468
12050.000000216603,7,155,0.043209876543209874,-6.922985395061729
12060.000000216822,10,152,0.06172839506172839,-9.889979135802468
12070.00000021704,6,156,0.037037037037037035,-5.9339874814814815
12080.000000217258,9,153,0.05555555555555555,-8.90098122222222
12090.000000217477,8,154,0.04938271604938271,-7.911983308641974
12100.000000217695,4,158,0.024691358024691357,-3.955991654320987
12110.000000217913,6,156,0.037037037037037035,-5.9339874814814815
12120.000000218131,4,158,0.024691358024691357,-3.955991654320987
12130.00000021835,6,156,0.037037037037037035,-5.9339874814814815
12140.000000218568,6,156,0.037037037037037035,-5.9339874814814815
12150.000000218786,9,153,0.05555555555555555,-8.90098122222222
12160.000000219005,6,156,0.037037037037037035,-5.9339874814814815
12170.000000219223,7,155,0.043209876543209874,-6.922985395061729
12180.000000219441,9,153,0.05555555555555555,-8.90098122222222
12190.00000021966,7,155,0.043209876543209874,-6.922985395061729
12200.000000219878,6,156,0.037037037037037035,-5.9339874814814815
12210.000000220096,7,155,0.043209876543209874,-6.922985395061729
12220.000000220314,6,156,0.037037037037037035,-5.9339874814814815
12230.000000220532,3,159,0.018518518518518517,-2.9669937407407407
12240.00000022075,7,155,0.043209876543209874,-6.922985395061729
12250.000000220969,8,154,0.04938271604938271,-7.911983308641974
12260.000000221187,7,155,0.043209876543209874,-6.922985395061729
12270.000000221406,11,151,0.06790123456790123,-10.878977049382717
12280.000000221624,7,155,0.043209876543209874,-6.922985395061729
12290.000000221842,11,151,0.06790123456790123,-10.878977049382717
12300.00000022206,9,153,0.05555555555555555,-8.90098122222222
12310.000000222279,8,154,0.04938271604938271,-7.911983308641974
12320.000000222497,10,152,0.06172839506172839,-9.889979135802468
12330.000000222715,5,157,0.030864197530864196,-4.944989567901234
12340.000000222934,10,152,0.06172839506172839,-9.889979135802468
12350.000000223152,7,155,0.043209876543209874,-6.922985395061729
12360.00000022337,8,154,0.04938271604938271,-7.911983308641974
12370.000000223588,10,152,0.06172839506172839,-9.889979135802468
12380.000000223807,8,154,0.04938271604938271,-7.911983308641974
12390.000000224025,7,155,0.043209876543209874,-6.922985395061729
12400.000000224243,6,156,0.037037037037037035,-5.9339874814814815
12410.000000224461,8,154,0.04938271604938271,-7.911983308641974
12420.00000022468,8,154,0.04938271604938271,-7.911983308641974
12430.000000224898,9,153,0.05555555555555555,-8.90098122222222
12440.000000225116,10,152,0.06172839506172839,-9.889979135802468
12450.000000225335,11,151,0.06790123456790123,-10.878977049382717
12460.000000225553,7,155,0.043209876543209874,-6.922985395061729
12470.000000225771,9,153,0.05555555555555555,-8.90098122222222
12480.00000022599,6,156,0.037037037037037035,-5.9339874814814815
12490.000000226208,8,154,0.04938271604938271,-7.911983308641974
12500.000000226426,11,151,0.06790123456790123,-10.878977049382717
12510.000000226644,9,153,0.05555555555555555,-8.90098122222222
12520.000000226863,10,152,0.06172839506172839,-9.889979135802468
12530.00000022708,10,152,0.06172839506172839,-9.889979135802468
12540.0000002273,8,154,0.04938271604938271,-7.911983308641974
12550.000000227517,10,152,0.06172839506172839,-9.889979135802468
12560.000000227736,11,151,0.06790123456790123,-10.878977049382717
12570.000000227954,7,155,0.043209876543209874,-6.922985395061729
12580.000000228172,11,151,0.06790123456790123,-10.878977049382717
12590.00000022839,10,152,0.06172839506172839,-9.889979135802468
12600.000000228609,11,151,0.06790123456790123,-10.878977049382717
12610.000000228827,13,149,0.08024691358024691,-12.85697287654321
12620.000000229045,9,153,0.05555555555555555,-8.90098122222222
12630.000000229264,10,152,0.06172839506172839,-9.889979135802468
12640.000000229482,6,156,0.037037037037037035,-5.9339874814814815
12650.0000002297,9,153,0.05555555555555555,-8.90098122222222
12660.000000229918,5,157,0.030864197530864196,-4.944989567901234
12670.000000230137,6,156,0.037037037037037035,-5.9339874814814815
12680.000000230355,8,154,0.04938271604938271,-7.911983308641974
12690.000000230573,4,158,0.024691358024691357,-3.955991654320987
12700.000000230792,6,156,0.037037037037037035,-5.9339874814814815
12710.00000023101,5,157,0.030864197530864196,-4.944989567901234
12720.000000231228,6,156,0.037037037037037035,-5.9339874814814815
12730.000000231446,4,158,0.024691358024691357,-3.955991654320987
12740.000000231665,6,156,0.037037037037037035,-5.9339874814814815
12750.000000231883,7,155,0.043209876543209874,-6.922985395061729
12760.000000232101,10,152,0.06172839506172839,-9.889979135802468
12770.00000023232,7,155,0.043209876543209874,-6.922985395061729
12780.000000232538,7,155,0.043209876543209874,-6.922985395061729
12790.000000232756,6,156,0.037037037037037035,-5.9339874814814815
12800.000000232974,3,159,0.018518518518518517,-2.9669937407407407
12810.000000233193,6,156,0.037037037037037035,-5.9339874814814815
12820.00000023341,4,158,0.024691358024691357,-3.955991654320987
12830.00000023363,6,156,0.037037037037037035,-5.9339874814814815
12840.000000233847,6,156,0.037037037037037035,-5.9339874814814815
12850.000000234066,4,158,0.024691358024691357,-3.955991654320987
12860.000000234284,7,155,0.043209876543209874,-6.922985395061729
12870.000000234502,7,155,0.043209876543209874,-6.922985395061729
12880.00000023472,6,156,0.037037037037037035,-5.9339874814814815
12890.000000234939,6,156,0.037037037037037035,-5.9339874814814815
12900.000000235157,7,155,0.043209876543209874,-6.922985395061729
12910.000000235375,5,157,0.030864197530864196,-4.944989567901234
12920.000000235594,6,156,0.037037037037037035,-5.9339874814814815
12930.000000235812,6,156,0.037037037037037035,-5.9339874814814815
12940.00000023603,4,158,0.024691358024691357,-3.955991654320987
12950.000000236249,9,153,0.05555555555555555,-8.90098122222222
12960.000000236467,5,157,0.030864197530864196,-4.944989567901234
12970.000000236685,4,158,0.024691358024691357,-3.955991654320987
12980.000000236903,9,153,0.05555555555555555,-8.90098122222222
12990.000000237122,10,152,0.06172839506172839,-9.889979135802468
13000.00000023734,11,151,0.06790123456790123,-10.878977049382717
13010.000000237558,5,157,0.030864197530864196,-4.944989567901234
13020.000000237776,6,156,0.037037037037037035,-5.9339874814814815
13030.000000237995,7,155,0.043209876543209874,-6.922985395061729
13040.000000238213,5,157,0.030864197530864196,-4.944989567901234
13050.000000238431,3,159,0.018518518518518517,-2.9669937407407407
13060.00000023865,7,155,0.043209876543209874,-6.922985395061729
13070.000000238868,7,155,0.043209876543209874,-6.922985395061729
13080.000000239086,6,156,0.037037037037037035,-5.9339874814814815
13090.000000239304,8,154,0.04938271604938271,-7.911983308641974
13100.000000239523,10,152,0.06172839506172839,-9.889979135802468
13110.000000239741,9,153,0.05555555555555555,-8.90098122222222
13120.00000023996,7,155,0.043209876543209874,-6.922985395061729
13130.000000240178,7,155,0.043209876543209874,-6.922985395061729
13140.000000240396,7,155,0.043209876543209874,-6.922985395061729
13150.000000240614,6,156,0.037037037037037035,-5.9339874814814815
13160.000000240832,5,157,0.030864197530864196,-4.944989567901234
13170.00000024105,5,157,0.030864197530864196,-4.944989567901234
13180.000000241269,9,153,0.05555555555555555,-8.90098122222222
13190.000000241487,11,151,0.06790123456790123,-10.878977049382717
13200.000000241705,7,155,0.043209876543209874,-6.922985395061729
13210.000000241924,7,155,0.043209876543209874,-6.922985395061729
13220.000000242142,14,148,0.08641975308641975,-13.845970790123458
13230.00000024236,9,153,0.05555555555555555,-8.90098122222222
13240.000000242579,10,152,0.06172839506172839,-9.889979135802468
13250.000000242797,8,154,0.04938271604938271,-7.911983308641974
13260.000000243015,8,154,0.04938271604938271,-7.911983308641974
13270.000000243233,8,154,0.04938271604938271,-7.911983308641974
13280.000000243452,10,152,0.06172839506172839,-9.889979135802468
13290.00000024367,10,152,0.06172839506172839,-9.889979135802468
13300.000000243888,13,149,0.08024691358024691,-12.85697287654321
13310.000000244107,9,153,0.05555555555555555,-8.90098122222222
13320.000000244325,7,155,0.043209876543209874,-6.922985395061729
13330.000000244543,7,155,0.043209876543209874,-6.922985395061729
13340.000000244761,9,153,0.05555555555555555,-8.90098122222222
13350.00000024498,6,156,0.037037037037037035,-5.9339874814814815
13360.000000245198,3,159,0.018518518518518517,-2.9669937407407407
13370.000000245416,10,152,0.06172839506172839,-9.889979135802468
13380.000000245635,8,154,0.04938271604938271,-7.911983308641974
13390.000000245853,9,153,0.05555555555555555,-8.90098122222222
13400.000000246071,11,151,0.06790123456790123,-10.878977049382717
13410.00000024629,7,155,0.043209876543209874,-6.922985395061729
13420.000000246508,8,154,0.04938271604938271,-7.911983308641974
13430.000000246726,11,151,0.06790123456790123,-10.878977049382717
13440.000000246944,4,158,0.024691358024691357,-3.955991654320987
13450.000000247162,6,156,0.037037037037037035,-5.9339874814814815
13460.00000024738,4,158,0.024691358024691357,-3.955991654320987
13470.000000247599,5,157,0.030864197530864196,-4.944989567901234
13480.000000247817,7,155,0.043209876543209874,-6.922985395061729
13490.000000248036,7,155,0.043209876543209874,-6.922985395061729
13500.000000248254,9,153,0.05555555555555555,-8.90098122222222
13510.000000248472,8,154,0.04938271604938271,-7.911983308641974
13520.00000024869,8,154,0.04938271604938271,-7.911983308641974
13530.000000248909,7,155,0.043209876543209874,-6.922985395061729
13540.000000249127,12,150,0.07407407407407407,-11.867974962962963
13550.000000249345,10,152,0.06172839506172839,-9.889979135802468
13560.000000249564,8,154,0.04938271604938271,-7.911983308641974
13570.000000249782,8,154,0.04938271604938271,-7.911983308641974
13580.00000025,7,155,0.043209876543209874,-6.922985395061729
13590.000000250218,7,155,0.043209876543209874,-6.922985395061729
13600.000000250437,8,154,0.04938271604938271,-7.911983308641974
13610.000000250655,8,154,0.04938271604938271,-7.911983308641974
13620.000000250873,6,156,0.037037037037037035,-5.9339874814814815
13630.000000251091,8,154,0.04938271604938271,-7.911983308641974
13640.00000025131,9,153,0.05555555555555555,-8.90098122222222
13650.000000251528,8,154,0.04938271604938271,-7.911983308641974
13660.000000251746,6,156,0.037037037037037035,-5.9339874814814815
13670.000000251965,5,157,0.030864197530864196,-4.944989567901234
13680.000000252183,12,150,0.07407407407407407,-11.867974962962963
13690.000000252401,9,153,0.05555555555555555,-8.90098122222222
13700.00000025262,8,154,0.04938271604938271,-7.911983308641974
13710.000000252838,6,156,0.037037037037037035,-5.9339874814814815
13720.000000253056,7,155,0.043209876543209874,-6.922985395061729
13730.000000253274,8,154,0.04938271604938271,-7.911983308641974
13740.000000253493,6,156,0.037037037037037035,-5.9339874814814815
13750.00000025371,6,156,0.037037037037037035,-5.9339874814814815
13760.00000025393,5,157,0.030864197530864196,-4.944989567901234
13770.000000254147,2,160,0.012345679012345678,-1.9779958271604936
13780.000000254366,5,157,0.030864197530864196,-4.944989567901234
13790.000000254584,5,157,0.030864197530864196,-4.944989567901234
13800.000000254802,9,153,0.05555555555555555,-8.90098122222222
13810.00000025502,7,155,0.043209876543209874,-6.922985395061729
13820.000000255239,7,155,0.043209876543209874,-6.922985395061729
13830.000000255457,6,156,0.037037037037037035,-5.9339874814814815
13840.000000255675,5,157,0.030864197530864196,-4.944989567901234
13850.000000255894,5,157,0.030864197530864196,-4.944989567901234
13860.000000256112,9,153,0.05555555555555555,-8.90098122222222
13870.00000025633,10,152,0.06172839506172839,-9.889979135802468
13880.000000256548,3,159,0.018518518518518517,-2.9669937407407407
13890.000000256767,5,157,0.030864197530864196,-4.944989567901234
13900.000000256985,8,154,0.04938271604938271,-7.911983308641974
13910.000000257203,8,154,0.04938271604938271,-7.911983308641974
13920.000000257422,5,157,0.030864197530864196,-4.944989567901234
13930.00000025764,4,158,0.024691358024691357,-3.955991654320987
13940.000000257858,12,150,0.07407407407407407,-11.867974962962963
13950.000000258076,8,154,0.04938271604938271,-7.911983308641974
13960.000000258295,9,153,0.05555555555555555,-8.90098122222222
13970.000000258513,7,155,0.043209876543209874,-6.922985395061729
13980.000000258731,9,153,0.05555555555555555,-8.90098122222222
13990.00000025895,7,155,0.043209876543209874,-6.922985395061729
14000.000000259168,9,153,0.05555555555555555,-8.90098122222222
14010.000000259386,7,155,0.043209876543209874,-6.922985395061729
14020.000000259604,11,151,0.06790123456790123,-10.878977049382717
14030.000000259823,10,152,0.06172839506172839,-9.889979135802468
14040.00000026004,8,154,0.04938271604938271,-7.911983308641974
14050.00000026026,7,155,0.043209876543209874,-6.922985395061729
14060.000000260477,11,151,0.06790123456790123,-10.878977049382717
14070.000000260696,6,156,0.037037037037037035,-5.9339874814814815
14080.000000260914,6,156,0.037037037037037035,-5.9339874814814815
14090.000000261132,5,157,0.030864197530864196,-4.944989567901234
14100.00000026135,7,155,0.043209876543209874,-6.922985395061729
14110.000000261569,13,149,0.08024691358024691,-12.85697287654321
14120.000000261787,10,152,0.06172839506172839,-9.889979135802468
14130.000000262005,7,155,0.043209876543209874,-6.922985395061729
14140.000000262224,10,152,0.06172839506172839,-9.889979135802468
14150.000000262442,6,156,0.037037037037037035,-5.9339874814814815
14160.00000026266,9,153,0.05555555555555555,-8.90098122222222
14170.000000262879,5,157,0.030864197530864196,-4.944989567901234
14180.000000263097,8,154,0.04938271604938271,-7.911983308641974
14190.000000263315,7,155,0.043209876543209874,-6.922985395061729
14200.000000263533,10,152,0.06172839506172839,-9.889979135802468
14210.000000263752,11,151,0.06790123456790123,-10.878977049382717
14220.00000026397,8,154,0.04938271604938271,-7.911983308641974
14230.000000264188,9,153,0.05555555555555555,-8.90098122222222
14240.000000264406,5,157,0.030864197530864196,-4.944989567901234
14250.000000264625,6,156,0.037037037037037035,-5.9339874814814815
14260.000000264843,5,157,0.030864197530864196,-4.944989567901234
14270.000000265061,6,156,0.037037037037037035,-5.9339874814814815
14280.00000026528,7,155,0.043209876543209874,-6.922985395061729
14290.000000265498,8,154,0.04938271604938271,-7.911983308641974
14300.000000265716,11,151,0.06790123456790123,-10.878977049382717
14310.000000265934,5,157,0.030864197530864196,-4.944989567901234
14320.000000266153,11,151,0.06790123456790123,-10.878977049382717
14330.000000266371,9,153,0.05555555555555555,-8.90098122222222
14340.00000026659,7,155,0.043209876543209874,-6.922985395061729
14350.000000266808,7,155,0.043209876543209874,-6.922985395061729
14360.000000267026,7,155,0.043209876543209874,-6.922985395061729
14370.000000267244,6,156,0.037037037037037035,-5.9339874814814815
14380.000000267462,8,154,0.04938271604938271,-7.911983308641974
14390.00000026768,5,157,0.030864197530864196,-4.944989567901234
14400.000000267899,8,154,0.04938271604938271,-7.911983308641974
14410.000000268117,7,155,0.043209876543209874,-6.922985395061729
14420.000000268335,8,154,0.04938271604938271,-7.911983308641974
14430.000000268554,7,155,0.043209876543209874,-6.922985395061729
14440.000000268772,10,152,0.06172839506172839,-9.889979135802468
14450.00000026899,5,157,0.030864197530864196,-4.944989567901234
14460.000000269209,12,150,0.07407407407407407,-11.867974962962963
14470.000000269427,11,151,0.06790123456790123,-10.878977049382717
14480.000000269645,8,154,0.04938271604938271,-7.911983308641974
14490.000000269863,10,152,0.06172839506172839,-9.889979135802468
14500.000000270082,11,151,0.06790123456790123,-10.878977049382717
14510.0000002703,10,152,0.06172839506172839,-9.889979135802468
14520.000000270518,6,156,0.037037037037037035,-5.9339874814814815
14530.000000270737,6,156,0.037037037037037035,-5.9339874814814815
14540.000000270955,10,152,0.06172839506172839,-9.889979135802468
14550.000000271173,9,153,0.05555555555555555,-8.90098122222222
14560.000000271391,5,157,0.030864197530864196,-4.944989567901234
14570.00000027161,9,153,0.05555555555555555,-8.90098122222222
14580.000000271828,11,151,0.06790123456790123,-10.878977049382717
14590.000000272046,8,154,0.04938271604938271,-7.911983308641974
14600.000000272265,10,152,0.06172839506172839,-9.889979135802468
14610.000000272483,9,153,0.05555555555555555,-8.90098122222222
14620.000000272701,9,153,0.05555555555555555,-8.90098122222222
14630.00000027292,7,155,0.043209876543209874,-6.922985395061729
14640.000000273138,9,153,0.05555555555555555,-8.90098122222222
14650.000000273356,6,156,0.037037037037037035,-5.9339874814814815
14660.000000273574,10,152,0.06172839506172839,-9.889979135802468
14670.000000273792,11,151,0.06790123456790123,-10.878977049382717
14680.00000027401,7,155,0.043209876543209874,-6.922985395061729
14690.000000274229,5,157,0.030864197530864196,-4.944989567901234
14700.000000274447,5,157,0.030864197530864196,-4.944989567901234
14710.000000274666,6,156,0.037037037037037035,-5.9339874814814815
14720.000000274884,6,156,0.037037037037037035,-5.9339874814814815
14730.000000275102,8,154,0.04938271604938271,-7.911983308641974
14740.00000027532,6,156,0.037037037037037035,-5.9339874814814815
14750.000000275539,5,157,0.030864197530864196,-4.944989567901234
14760.000000275757,5,157,0.030864197530864196,-4.944989567901234
14770.000000275975,8,154,0.04938271604938271,-7.911983308641974
14780.000000276194,9,153,0.05555555555555555,-8.90098122222222
14790.000000276412,8,154,0.04938271604938271,-7.911983308641974
14800.00000027663,9,153,0.05555555555555555,-8.90098122222222
14810.000000276848,7,155,0.043209876543209874,-6.922985395061729
14820.000000277067,7,155,0.043209876543209874,-6.922985395061729
14830.000000277285,6,156,0.037037037037037035,-5.9339874814814815
14840.000000277503,7,155,0.043209876543209874,-6.922985395061729
14850.000000277721,10,152,0.06172839506172839,-9.889979135802468
14860.00000027794,6,156,0.037037037037037035,-5.9339874814814815
14870.000000278158,9,153,0.05555555555555555,-8.90098122222222
14880.000000278376,9,153,0.05555555555555555,-8.90098122222222
14890.000000278595,10,152,0.06172839506172839,-9.889979135802468
14900.000000278813,8,154,0.04938271604938271,-7.911983308641974
14910.000000279031,7,155,0.043209876543209874,-6.922985395061729
14920.00000027925,7,155,0.043209876543209874,-6.922985395061729
14930.000000279468,7,155,0.043209876543209874,-6.922985395061729
14940.000000279686,11,151,0.06790123456790123,-10.878977049382717
14950.000000279904,8,154,0.04938271604938271,-7.911983308641974
14960.000000280123,7,155,0.043209876543209874,-6.922985395061729
14970.00000028034,11,151,0.06790123456790123,-10.878977049382717
14980.00000028056,6,156,0.037037037037037035,-5.9339874814814815
14990.000000280777,7,155,0.043209876543209874,-6.922985395061729
15000.000000280996,10,152,0.06172839506172839,-9.889979135802468
15010.000000281214,7,155,0.043209876543209874,-6.922985395061729
15020.000000281432,8,154,0.04938271604938271,-7.911983308641974
15030.00000028165,7,155,0.043209876543209874,-6.922985395061729
15040.000000281869,7,155,0.043209876543209874,-6.922985395061729
15050.000000282087,7,155,0.043209876543209874,-6.922985395061729
15060.000000282305,6,156,0.037037037037037035,-5.9339874814814815
15070.000000282524,6,156,0.037037037037037035,-5.9339874814814815
15080.000000282742,11,151,0.06790123456790123,-10.878977049382717
15090.00000028296,11,151,0.06790123456790123,-10.878977049382717
15100.000000283178,9,153,0.05555555555555555,-8.90098122222222
15110.000000283397,11,151,0.06790123456790123,-10.878977049382717
15120.000000283615,12,150,0.07407407407407407,-11.867974962962963
15130.000000283833,10,152,0.06172839506172839,-9.889979135802468
15140.000000284052,7,155,0.043209876543209874,-6.922985395061729
15150.00000028427,11,151,0.06790123456790123,-10.878977049382717
15160.000000284488,9,153,0.05555555555555555,-8.90098122222222
15170.000000284706,7,155,0.043209876543209874,-6.922985395061729
15180.000000284925,6,156,0.037037037037037035,-5.9339874814814815
15190.000000285143,7,155,0.043209876543209874,-6.922985395061729
15200.000000285361,10,152,0.06172839506172839,-9.889979135802468
15210.00000028558,8,154,0.04938271604938271,-7.911983308641974
15220.000000285798,7,155,0.043209876543209874,-6.922985395061729
15230.000000286016,11,151,0.06790123456790123,-10.878977049382717
15240.000000286234,8,154,0.04938271604938271,-7.911983308641974
15250.000000286453,9,153,0.05555555555555555,-8.90098122222222
15260.000000286671,8,154,0.04938271604938271,-7.911983308641974
15270.00000028689,5,157,0.030864197530864196,-4.944989567901234
15280.000000287107,7,155,0.043209876543209874,-6.922985395061729
15290.000000287326,7,155,0.043209876543209874,-6.922985395061729
15300.000000287544,7,155,0.043209876543209874,-6.922985395061729
15310.000000287762,8,154,0.04938271604938271,-7.911983308641974
15320.00000028798,8,154,0.04938271604938271,-7.911983308641974
15330.000000288199,5,157,0.030864197530864196,-4.944989567901234
15340.000000288417,5,157,0.030864197530864196,-4.944989567901234
15350.000000288635,6,156,0.037037037037037035,-5.9339874814814815
15360.000000288854,10,152,0.06172839506172839,-9.889979135802468
15370.000000289072,9,153,0.05555555555555555,-8.90098122222222
15380.00000028929,8,154,0.04938271604938271,-7.911983308641974
15390.000000289509,10,152,0.06172839506172839,-9.889979135802468
15400.000000289727,9,153,0.05555555555555555,-8.90098122222222
15410.000000289945,7,155,0.043209876543209874,-6.922985395061729
15420.000000290163,5,157,0.030864197530864196,-4.944989567901234
15430.000000290382,8,154,0.04938271604938271,-7.911983308641974
15440.0000002906,10,152,0.06172839506172839,-9.889979135802468
15450.000000290818,8,154,0.04938271604938271,-7.911983308641974
15460.000000291036,9,153,0.05555555555555555,-8.90098122222222
15470.000000291255,11,151,0.06790123456790123,-10.878977049382717
15480.000000291473,9,153,0.05555555555555555,-8.90098122222222
15490.000000291691,9,153,0.05555555555555555,-8.90098122222222
15500.00000029191,9,153,0.05555555555555555,-8.90098122222222
15510.000000292128,5,157,0.030864197530864196,-4.944989567901234
15520.000000292346,7,155,0.043209876543209874,-6.922985395061729
15530.000000292564,6,156,0.037037037037037035,-5.9339874814814815
15540.000000292783,7,155,0.043209876543209874,-6.922985395061729
15550.000000293001,9,153,0.05555555555555555,-8.90098122222222
15560.00000029322,8,154,0.04938271604938271,-7.911983308641974
15570.000000293438,7,155,0.043209876543209874,-6.922985395061729
15580.000000293656,7,155,0.043209876543209874,-6.922985395061729
15590.000000293874,8,154,0.04938271604938271,-7.911983308641974
15600.000000294092,6,156,0.037037037037037035,-5.9339874814814815
15610.00000029431,10,152,0.06172839506172839,-9.889979135802468
15620.000000294529,9,153,0.05555555555555555,-8.90098122222222
15630.000000294747,10,152,0.06172839506172839,-9.889979135802468
15640.000000294966,10,152,0.06172839506172839,-9.889979135802468
15650.000000295184,8,154,0.04938271604938271,-7.911983308641974
15660.000000295402,7,155,0.043209876543209874,-6.922985395061729
15670.00000029562,6,156,0.037037037037037035,-5.9339874814814815
15680.000000295839,6,156,0.037037037037037035,-5.9339874814814815
15690.000000296057,8,154,0.04938271604938271,-7.911983308641974
15700.000000296275,6,156,0.037037037037037035,-5.9339874814814815
15710.000000296493,11,151,0.06790123456790123,-10.878977049382717
15720.000000296712,3,159,0.018518518518518517,-2.9669937407407407
15730.00000029693,8,154,0.04938271604938271,-7.911983308641974
15740.000000297148,8,154,0.04938271604938271,-7.911983308641974
15750.000000297367,7,155,0.043209876543209874,-6.922985395061729
15760.000000297585,7,155,0.043209876543209874,-6.922985395061729
15770.000000297803,6,156,0.037037037037037035,-5.9339874814814815
15780.000000298021,6,156,0.037037037037037035,-5.9339874814814815
15790.00000029824,5,157,0.030864197530864196,-4.944989567901234
15800.000000298458,8,154,0.04938271604938271,-7.911983308641974
15810.000000298676,8,154,0.04938271604938271,-7.911983308641974
15820.000000298895,10,152,0.06172839506172839,-9.889979135802468
15830.000000299113,6,156,0.037037037037037035,-5.9339874814814815
15840.000000299331,10,152,0.06172839506172839,-9.889979135802468
15850.00000029955,5,157,0.030864197530864196,-4.944989567901234
15860.000000299768,6,156,0.037037037037037035,-5.9339874814814815
15870.000000299986,8,154,0.04938271604938271,-7.911983308641974
15880.000000300204,5,157,0.030864197530864196,-4.944989567901234
15890.000000300422,9,153,0.05555555555555555,-8.90098122222222
15900.00000030064,5,157,0.030864197530864196,-4.944989567901234
15910.000000300859,5,157,0.030864197530864196,-4.944989567901234
15920.000000301077,5,157,0.030864197530864196,-4.944989567901234
15930.000000301296,5,157,0.030864197530864196,-4.944989567901234
15940.000000301514,6,156,0.037037037037037035,-5.9339874814814815
15950.000000301732,7,155,0.043209876543209874,-6.922985395061729
15960.00000030195,6,156,0.037037037037037035,-5.9339874814814815
15970.000000302169,7,155,0.043209876543209874,-6.922985395061729
15980.000000302387,6,156,0.037037037037037035,-5.9339874814814815
15990.000000302605,8,154,0.04938271604938271,-7.911983308641974
16000.000000302824,6,156,0.037037037037037035,-5.9339874814814815
16010.000000303042,7,155,0.043209876543209874,-6.922985395061729
16020.00000030326,8,154,0.04938271604938271,-7.911983308641974
16030.000000303478,9,153,0.05555555555555555,-8.90098122222222
16040.000000303697,9,153,0.05555555555555555,-8.90098122222222
16050.000000303915,8,154,0.04938271604938271,-7.911983308641974
16060.000000304133,9,153,0.05555555555555555,-8.90098122222222
16070.000000304351,11,151,0.06790123456790123,-10.878977049382717
16080.00000030457,8,154,0.04938271604938271,-7.911983308641974
16090.000000304788,10,152,0.06172839506172839,-9.889979135802468
16100.000000305006,8,154,0.04938271604938271,-7.911983308641974
16110.000000305225,12,150,0.07407407407407407,-11.867974962962963
16120.000000305443,12,150,0.07407407407407407,-11.867974962962963
16130.000000305661,11,151,0.06790123456790123,-10.878977049382717
16140.00000030588,11,151,0.06790123456790123,-10.878977049382717
16150.000000306098,11,151,0.06790123456790123,-10.878977049382717
16160.000000306316,12,150,0.07407407407407407,-11.867974962962963
16170.000000306534,11,151,0.06790123456790123,-10.878977049382717
16180.000000306753,12,150,0.07407407407407407,-11.867974962962963
16190.00000030697,9,153,0.05555555555555555,-8.90098122222222
16200.00000030719,8,154,0.04938271604938271,-7.911983308641974
16210.000000307407,8,154,0.04938271604938271,-7.911983308641974
16220.000000307626,9,153,0.05555555555555555,-8.90098122222222
16230.000000307844,9,153,0.05555555555555555,-8.90098122222222
16240.000000308062,9,153,0.05555555555555555,-8.90098122222222
16250.00000030828,9,153,0.05555555555555555,-8.90098122222222
16260.000000308499,8,154,0.04938271604938271,-7.911983308641974
16270.000000308717,4,158,0.024691358024691357,-3.955991654320987
16280.000000308935,8,154,0.04938271604938271,-7.911983308641974
16290.000000309154,7,155,0.043209876543209874,-6.922985395061729
16300.000000309372,7,155,0.043209876543209874,-6.922985395061729
16310.00000030959,9,153,0.05555555555555555,-8.90098122222222
16320.000000309808,7,155,0.043209876543209874,-6.922985395061729
16330.000000310027,9,153,0.05555555555555555,-8.90098122222222
16340.000000310245,9,153,0.05555555555555555,-8.90098122222222
16350.000000310463,7,155,0.043209876543209874,-6.922985395061729
16360.000000310682,8,154,0.04938271604938271,-7.911983308641974
16370.0000003109,9,153,0.05555555555555555,-8.90098122222222
16380.000000311118,6,156,0.037037037037037035,-5.9339874814814815
16390.000000310243,7,155,0.043209876543209874,-6.922985395061729
16400.000000308642,6,156,0.037037037037037035,-5.9339874814814815
16410.00000030704,10,152,0.06172839506172839,-9.889979135802468
16420.00000030544,11,151,0.06790123456790123,-10.878977049382717
16430.00000030384,4,158,0.024691358024691357,-3.955991654320987
16440.00000030224,12,150,0.07407407407407407,-11.867974962962963
16450.00000030064,7,155,0.043209876543209874,-6.922985395061729
16460.00000029904,7,155,0.043209876543209874,-6.922985395061729
16470.000000297438,4,158,0.024691358024691357,-3.955991654320987
16480.000000295837,11,151,0.06790123456790123,-10.878977049382717
16490.000000294236,9,153,0.05555555555555555,-8.90098122222222
16500.000000292635,10,152,0.06172839506172839,-9.889979135802468
16510.000000291035,13,149,0.08024691358024691,-12.85697287654321
16520.000000289434,9,153,0.05555555555555555,-8.90098122222222
16530.000000287833,7,155,0.043209876543209874,-6.922985395061729
16540.000000286233,10,152,0.06172839506172839,-9.889979135802468
16550.000000284632,8,154,0.04938271604938271,-7.911983308641974
16560.00000028303,8,154,0.04938271604938271,-7.911983308641974
16570.00000028143,7,155,0.043209876543209874,-6.922985395061729
16580.00000027983,8,154,0.04938271604938271,-7.911983308641974
16590.00000027823,6,156,0.037037037037037035,-5.9339874814814815
16600.00000027663,6,156,0.037037037037037035,-5.9339874814814815
16610.000000275028,8,154,0.04938271604938271,-7.911983308641974
16620.000000273427,11,151,0.06790123456790123,-10.878977049382717
16630.000000271826,8,154,0.04938271604938271,-7.911983308641974
16640.000000270225,10,152,0.06172839506172839,-9.889979135802468
16650.000000268625,8,154,0.04938271604938271,-7.911983308641974
16660.000000267024,10,152,0.06172839506172839,-9.889979135802468
16670.000000265423,13,149,0.08024691358024691,-12.85697287654321
16680.000000263823,10,152,0.06172839506172839,-9.889979135802468
16690.000000262222,7,155,0.043209876543209874,-6.922985395061729
16700.00000026062,10,152,0.06172839506172839,-9.889979135802468
16710.00000025902,11,151,0.06790123456790123,-10.878977049382717
16720.00000025742,6,156,0.037037037037037035,-5.9339874814814815
16730.00000025582,10,152,0.06172839506172839,-9.889979135802468
16740.00000025422,6,156,0.037037037037037035,-5.9339874814814815
16750.000000252618,8,154,0.04938271604938271,-7.911983308641974
16760.000000251017,8,154,0.04938271604938271,-7.911983308641974
16770.000000249416,7,155,0.043209876543209874,-6.922985395061729
16780.000000247815,7,155,0.043209876543209874,-6.922985395061729
16790.000000246215,8,154,0.04938271604938271,-7.911983308641974
16800.000000244614,5,157,0.030864197530864196,-4.944989567901234
16810.000000243013,6,156,0.037037037037037035,-5.9339874814814815
16820.000000241413,4,158,0.024691358024691357,-3.955991654320987
16830.000000239812,9,153,0.05555555555555555,-8.90098122222222
16840.00000023821,9,153,0.05555555555555555,-8.90098122222222
16850.00000023661,7,155,0.043209876543209874,-6.922985395061729
16860.00000023501,7,155,0.043209876543209874,-6.922985395061729
16870.00000023341,10,152,0.06172839506172839,-9.889979135802468
16880.00000023181,7,155,0.043209876543209874,-6.922985395061729
16890.000000230208,4,158,0.024691358024691357,-3.955991654320987
16900.000000228607,9,153,0.05555555555555555,-8.90098122222222
16910.000000227006,7,155,0.043209876543209874,-6.922985395061729
16920.000000225406,5,157,0.030864197530864196,-4.944989567901234
16930.000000223805,8,154,0.04938271604938271,-7.911983308641974
16940.000000222204,6,156,0.037037037037037035,-5.9339874814814815
16950.000000220603,6,156,0.037037037037037035,-5.9339874814814815
16960.000000219003,5,157,0.030864197530864196,-4.944989567901234
16970.000000217402,7,155,0.043209876543209874,-6.922985395061729
16980.0000002158,7,155,0.043209876543209874,-6.922985395061729
16990.0000002142,8,154,0.04938271604938271,-7.911983308641974
17000.0000002126,7,155,0.043209876543209874,-6.922985395061729
17010.000000211,9,153,0.05555555555555555,-8.90098122222222
17020.0000002094,7,155,0.043209876543209874,-6.922985395061729
17030.000000207798,6,156,0.037037037037037035,-5.9339874814814815
17040.000000206197,10,152,0.06172839506172839,-9.889979135802468
17050.000000204596,10,152,0.06172839506172839,-9.889979135802468
17060.000000202996,8,154,0.04938271604938271,-7.911983308641974
17070.000000201395,9,153,0.05555555555555555,-8.90098122222222
17080.000000199794,7,155,0.043209876543209874,-6.922985395061729
17090.000000198193,3,159,0.018518518518518517,-2.9669937407407407
17100.000000196593,10,152,0.06172839506172839,-9.889979135802468
17110.000000194992,5,157,0.030864197530864196,-4.944989567901234
17120.00000019339,8,154,0.04938271604938271,-7.911983308641974
17130.00000019179,9,153,0.05555555555555555,-8.90098122222222
17140.00000019019,10,152,0.06172839506172839,-9.889979135802468
17150.00000018859,7,155,0.043209876543209874,-6.922985395061729
17160.00000018699,11,151,0.06790123456790123,-10.878977049382717
17170.000000185388,7,155,0.043209876543209874,-6.922985395061729
17180.000000183787,6,156,0.037037037037037035,-5.9339874814814815
17190.000000182186,4,158,0.024691358024691357,-3.955991654320987
17200.000000180586,9,153,0.05555555555555555,-8.90098122222222
17210.000000178985,6,156,0.037037037037037035,-5.9339874814814815
17220.000000177384,9,153,0.05555555555555555,-8.90098122222222
17230.000000175783,5,157,0.030864197530864196,-4.944989567901234
17240.000000174183,7,155,0.043209876543209874,-6.922985395061729
17250.000000172582,8,154,0.04938271604938271,-7.911983308641974
17260.00000017098,8,154,0.04938271604938271,-7.911983308641974
17270.00000016938,6,156,0.037037037037037035,-5.9339874814814815
17280.00000016778,6,156,0.037037037037037035,-5.9339874814814815
17290.00000016618,9,153,0.05555555555555555,-8.90098122222222
17300.00000016458,14,148,0.08641975308641975,-13.845970790123458
17310.000000162978,6,156,0.037037037037037035,-5.9339874814814815
17320.000000161377,8,154,0.04938271604938271,-7.911983308641974
17330.000000159776,14,148,0.08641975308641975,-13.845970790123458
17340.000000158176,14,148,0.08641975308641975,-13.845970790123458
17350.000000156575,12,150,0.07407407407407407,-11.867974962962963
17360.000000154974,7,155,0.043209876543209874,-6.922985395061729
17370.000000153374,12,150,0.07407407407407407,-11.867974962962963
17380.000000151773,10,152,0.06172839506172839,-9.889979135802468
17390.000000150172,10,152,0.06172839506172839,-9.889979135802468
17400.00000014857,6,156,0.037037037037037035,-5.9339874814814815
17410.00000014697,10,152,0.06172839506172839,-9.889979135802468
17420.00000014537,5,157,0.030864197530864196,-4.944989567901234
17430.00000014377,9,153,0.05555555555555555,-8.90098122222222
17440.00000014217,11,151,0.06790123456790123,-10.878977049382717
17450.000000140568,6,156,0.037037037037037035,-5.9339874814814815
17460.000000138967,7,155,0.043209876543209874,-6.922985395061729
17470.000000137366,8,154,0.04938271604938271,-7.911983308641974
17480.000000135766,5,157,0.030864197530864196,-4.944989567901234
17490.000000134165,9,153,0.05555555555555555,-8.90098122222222
17500.000000132564,6,156,0.037037037037037035,-5.9339874814814815
17510.000000130964,9,153,0.05555555555555555,-8.90098122222222
17520.000000129363,9,153,0.05555555555555555,-8.90098122222222
17530.000000127762,7,155,0.043209876543209874,-6.922985395061729
17540.00000012616,8,154,0.04938271604938271,-7.911983308641974
17550.00000012456,7,155,0.043209876543209874,-6.922985395061729
17560.00000012296,6,156,0.037037037037037035,-5.9339874814814815
17570.00000012136,7,155,0.043209876543209874,-6.922985395061729
17580.00000011976,7,155,0.043209876543209874,-6.922985395061729
17590.000000118158,5,157,0.030864197530864196,-4.944989567901234
17600.000000116557,7,155,0.043209876543209874,-6.922985395061729
17610.000000114956,6,156,0.037037037037037035,-5.9339874814814815
17620.000000113356,4,158,0.024691358024691357,-3.955991654320987
17630.000000111755,2,160,0.012345679012345678,-1.9779958271604936
17640.000000110154,7,155,0.043209876543209874,-6.922985395061729
17650.000000108554,4,158,0.024691358024691357,-3.955991654320987
17660.000000106953,4,158,0.024691358024691357,-3.955991654320987
17670.000000105352,3,159,0.018518518518518517,-2.9669937407407407
17680.00000010375,6,156,0.037037037037037035,-5.9339874814814815
17690.00000010215,4,158,0.024691358024691357,-3.955991654320987
17700.00000010055,6,156,0.037037037037037035,-5.9339874814814815
17710.00000009895,6,156,0.037037037037037035,-5.9339874814814815
17720.00000009735,4,158,0.024691358024691357,-3.955991654320987
17730.000000095748,8,154,0.04938271604938271,-7.911983308641974
17740.000000094147,8,154,0.04938271604938271,-7.911983308641974
17750.000000092547,9,153,0.05555555555555555,-8.90098122222222
17760.000000090946,7,155,0.043209876543209874,-6.922985395061729
17770.000000089345,10,152,0.06172839506172839,-9.889979135802468
17780.000000087744,9,153,0.05555555555555555,-8.90098122222222
17790.000000086144,11,151,0.06790123456790123,-10.878977049382717
17800.000000084543,8,154,0.04938271604938271,-7.911983308641974
17810.000000082942,11,151,0.06790123456790123,-10.878977049382717
17820.00000008134,11,151,0.06790123456790123,-10.878977049382717
17830.00000007974,6,156,0.037037037037037035,-5.9339874814814815
17840.00000007814,7,155,0.043209876543209874,-6.922985395061729
17850.00000007654,4,158,0.024691358024691357,-3.955991654320987
17860.00000007494,13,149,0.08024691358024691,-12.85697287654321
17870.000000073338,9,153,0.05555555555555555,-8.90098122222222
17880.000000071737,10,152,0.06172839506172839,-9.889979135802468
17890.000000070137,9,153,0.05555555555555555,-8.90098122222222
17900.000000068536,13,149,0.08024691358024691,-12.85697287654321
17910.000000066935,7,155,0.043209876543209874,-6.922985395061729
17920.000000065334,9,153,0.05555555555555555,-8.90098122222222
17930.000000063734,7,155,0.043209876543209874,-6.922985395061729
17940.000000062133,11,151,0.06790123456790123,-10.878977049382717
17950.000000060532,6,156,0.037037037037037035,-5.9339874814814815
17960.00000005893,10,152,0.06172839506172839,-9.889979135802468
17970.00000005733,7,155,0.043209876543209874,-6.922985395061729
17980.00000005573,10,152,0.06172839506172839,-9.889979135802468
17990.00000005413,9,153,0.05555555555555555,-8.90098122222222
18000.00000005253,11,151,0.06790123456790123,-10.878977049382717
18010.000000050928,5,157,0.030864197530864196,-4.944989567901234
18020.000000049327,7,155,0.043209876543209874,-6.922985395061729
18030.000000047727,9,153,0.05555555555555555,-8.90098122222222
18040.000000046126,8,154,0.04938271604938271,-7.911983308641974
18050.000000044525,8,154,0.04938271604938271,-7.911983308641974
18060.000000042925,8,154,0.04938271604938271,-7.911983308641974
18070.000000041324,8,154,0.04938271604938271,-7.911983308641974
18080.000000039723,10,152,0.06172839506172839,-9.889979135802468
18090.000000038122,5,157,0.030864197530864196,-4.944989567901234
18100.00000003652,9,153,0.05555555555555555,-8.90098122222222
18110.00000003492,9,153,0.05555555555555555,-8.90098122222222
18120.00000003332,9,153,0.05555555555555555,-8.90098122222222
18130.00000003172,11,151,0.06790123456790123,-10.878977049382717
18140.00000003012,9,153,0.05555555555555555,-8.90098122222222
18150.000000028518,10,152,0.06172839506172839,-9.889979135802468
18160.000000026917,6,156,0.037037037037037035,-5.9339874814814815
18170.000000025317,9,153,0.05555555555555555,-8.90098122222222
18180.000000023716,7,155,0.043209876543209874,-6.922985395061729
18190.000000022115,11,151,0.06790123456790123,-10.878977049382717
18200.000000020515,10,152,0.06172839506172839,-9.889979135802468
18210.000000018914,9,153,0.05555555555555555,-8.90098122222222
18220.000000017313,8,154,0.04938271604938271,-7.911983308641974
18230.000000015712,7,155,0.043209876543209874,-6.922985395061729
18240.00000001411,8,154,0.04938271604938271,-7.911983308641974
18250.00000001251,7,155,0.043209876543209874,-6.922985395061729
18260.00000001091,7,155,0.043209876543209874,-6.922985395061729
18270.00000000931,8,154,0.04938271604938271,-7.911983308641974
18280.00000000771,6,156,0.037037037037037035,-5.9339874814814815
18290.000000006108,6,156,0.037037037037037035,-5.9339874814814815
18300.000000004507,11,151,0.06790123456790123,-10.878977049382717
18310.000000002907,4,158,0.024691358024691357,-3.955991654320987
18320.000000001306,6,156,0.037037037037037035,-5.9339874814814815
18329.999999999705,6,156,0.037037037037037035,-5.9339874814814815
18339.999999998105,7,155,0.043209876543209874,-6.922985395061729
18349.999999996504,5,157,0.030864197530864196,-4.944989567901234
18359.999999994903,5,157,0.030864197530864196,-4.944989567901234
18369.999999993302,9,153,0.05555555555555555,-8.90098122222222
18379.9999999917,11,151,0.06790123456790123,-10.878977049382717
18389.9999999901,10,152,0.06172839506172839,-9.889979135802468
18399.9999999885,9,153,0.05555555555555555,-8.90098122222222
18409.9999999869,8,154,0.04938271604938271,-7.911983308641974
18419.9999999853,11,151,0.06790123456790123,-10.878977049382717
18429.9999999837,8,154,0.04938271604938271,-7.911983308641974
18439.999999982098,7,155,0.043209876543209874,-6.922985395061729
18449.999999980497,9,153,0.05555555555555555,-8.90098122222222
18459.999999978896,7,155,0.043209876543209874,-6.922985395061729
18469.999999977295,6,156,0.037037037037037035,-5.9339874814814815
18479.999999975695,7,155,0.043209876543209874,-6.922985395061729
18489.999999974094,6,156,0.037037037037037035,-5.9339874814814815
18499.999999972493,7,155,0.043209876543209874,-6.922985395061729
18509.999999970893,9,153,0.05555555555555555,-8.90098122222222
18519.999999969292,4,158,0.024691358024691357,-3.955991654320987
18529.99999996769,11,151,0.06790123456790123,-10.878977049382717
18539.99999996609,11,151,0.06790123456790123,-10.878977049382717
18549.99999996449,6,156,0.037037037037037035,-5.9339874814814815
18559.99999996289,11,151,0.06790123456790123,-10.878977049382717
18569.99999996129,7,155,0.043209876543209874,-6.922985395061729
18579.999999959688,5,157,0.030864197530864196,-4.944989567901234
18589.999999958087,9,153,0.05555555555555555,-8.90098122222222
18599.999999956486,12,150,0.07407407407407407,-11.867974962962963
18609.999999954885,9,153,0.05555555555555555,-8.90098122222222
18619.999999953285,9,153,0.05555555555555555,-8.90098122222222
18629.999999951684,4,158,0.024691358024691357,-3.955991654320987
18639.999999950083,8,154,0.04938271604938271,-7.911983308641974
18649.999999948483,6,156,0.037037037037037035,-5.9339874814814815
18659.999999946882,7,155,0.043209876543209874,-6.922985395061729
18669.99999994528,7,155,0.043209876543209874,-6.922985395061729
18679.99999994368,10,152,0.06172839506172839,-9.889979135802468
18689.99999994208,9,153,0.05555555555555555,-8.90098122222222
18699.99999994048,10,152,0.06172839506172839,-9.889979135802468
18709.99999993888,7,155,0.043209876543209874,-6.922985395061729
18719.999999937278,8,154,0.04938271604938271,-7.911983308641974
18729.999999935677,7,155,0.043209876543209874,-6.922985395061729
18739.999999934076,7,155,0.043209876543209874,-6.922985395061729
18749.999999932475,5,157,0.030864197530864196,-4.944989567901234
18759.999999930875,3,159,0.018518518518518517,-2.9669937407407407
18769.999999929274,8,154,0.04938271604938271,-7.911983308641974
18779.999999927673,10,152,0.06172839506172839,-9.889979135802468
18789.999999926073,6,156,0.037037037037037035,-5.9339874814814815
18799.999999924472,5,157,0.030864197530864196,-4.944989567901234
18809.99999992287,6,156,0.037037037037037035,-5.9339874814814815
18819.99999992127,7,155,0.043209876543209874,-6.922985395061729
18829.99999991967,6,156,0.037037037037037035,-5.9339874814814815
18839.99999991807,7,155,0.043209876543209874,-6.922985395061729
18849.99999991647,9,153,0.05555555555555555,-8.90098122222222
18859.999999914868,7,155,0.043209876543209874,-6.922985395061729
18869.999999913267,6,156,0.037037037037037035,-5.9339874814814815
18879.999999911666,6,156,0.037037037037037035,-5.9339874814814815
18889.999999910066,4,158,0.024691358024691357,-3.955991654320987
18899.999999908465,5,157,0.030864197530864196,-4.944989567901234
18909.999999906864,8,154,0.04938271604938271,-7.911983308641974
18919.999999905263,7,155,0.043209876543209874,-6.922985395061729
18929.999999903663,5,157,0.030864197530864196,-4.944989567901234
18939.999999902062,10,152,0.06172839506172839,-9.889979135802468
18949.99999990046,11,151,0.06790123456790123,-10.878977049382717
18959.99999989886,9,153,0.05555555555555555,-8.90098122222222
18969.99999989726,11,151,0.06790123456790123,-10.878977049382717
18979.99999989566,8,154,0.04938271604938271,-7.911983308641974
18989.99999989406,9,153,0.05555555555555555,-8.90098122222222
18999.999999892458,6,156,0.037037037037037035,-5.9339874814814815
19009.999999890857,9,153,0.05555555555555555,-8.90098122222222
19019.999999889256,8,154,0.04938271604938271,-7.911983308641974
19029.999999887656,4,158,0.024691358024691357,-3.955991654320987
19039.999999886055,6,156,0.037037037037037035,-5.9339874814814815
19049.999999884454,10,152,0.06172839506172839,-9.889979135802468
19059.999999882853,8,154,0.04938271604938271,-7.911983308641974
19069.999999881253,12,150,0.07407407407407407,-11.867974962962963
19079.999999879652,14,148,0.08641975308641975,-13.845970790123458
19089.99999987805,12,150,0.07407407407407407,-11.867974962962963
19099.99999987645,10,152,0.06172839506172839,-9.889979135802468
19109.99999987485,9,153,0.05555555555555555,-8.90098122222222
19119.99999987325,12,150,0.07407407407407407,-11.867974962962963
19129.99999987165,9,153,0.05555555555555555,-8.90098122222222
19139.999999870048,12,150,0.07407407407407407,-11.867974962962963
19149.999999868447,8,154,0.04938271604938271,-7.911983308641974
19159.999999866846,10,152,0.06172839506172839,-9.889979135802468
19169.999999865246,5,157,0.030864197530864196,-4.944989567901234
19179.999999863645,4,158,0.024691358024691357,-3.955991654320987
19189.999999862044,6,156,0.037037037037037035,-5.9339874814814815
19199.999999860443,8,154,0.04938271604938271,-7.911983308641974
19209.999999858843,7,155,0.043209876543209874,-6.922985395061729
19219.999999857242,9,153,0.05555555555555555,-8.90098122222222
19229.99999985564,7,155,0.043209876543209874,-6.922985395061729
19239.99999985404,6,156,0.037037037037037035,-5.9339874814814815
19249.99999985244,9,153,0.05555555555555555,-8.90098122222222
19259.99999985084,7,155,0.043209876543209874,-6.922985395061729
19269.99999984924,8,154,0.04938271604938271,-7.911983308641974
19279.999999847638,7,155,0.043209876543209874,-6.922985395061729
19289.999999846037,9,153,0.05555555555555555,-8.90098122222222
19299.999999844436,10,152,0.06172839506172839,-9.889979135802468
19309.999999842836,9,153,0.05555555555555555,-8.90098122222222
19319.999999841235,6,156,0.037037037037037035,-5.9339874814814815
19329.999999839634,5,157,0.030864197530864196,-4.944989567901234
19339.999999838034,8,154,0.04938271604938271,-7.911983308641974
19349.999999836433,3,159,0.018518518518518517,-2.9669937407407407
19359.999999834832,6,156,0.037037037037037035,-5.9339874814814815
19369.99999983323,14,148,0.08641975308641975,-13.845970790123458
19379.99999983163,6,156,0.037037037037037035,-5.9339874814814815
19389.99999983003,10,152,0.06172839506172839,-9.889979135802468
19399.99999982843,5,157,0.030864197530864196,-4.944989567901234
19409.99999982683,9,153,0.05555555555555555,-8.90098122222222
19419.999999825228,5,157,0.030864197530864196,-4.944989567901234
19429.999999823627,7,155,0.043209876543209874,-6.922985395061729
19439.999999822026,9,153,0.05555555555555555,-8.90098122222222
19449.999999820426,8,154,0.04938271604938271,-7.911983308641974
19459.999999818825,8,154,0.04938271604938271,-7.911983308641974
19469.999999817224,9,153,0.05555555555555555,-8.90098122222222
19479.999999815624,5,157,0.030864197530864196,-4.944989567901234
19489.999999814023,9,153,0.05555555555555555,-8.90098122222222
19499.999999812422,7,155,0.043209876543209874,-6.922985395061729
19509.99999981082,9,153,0.05555555555555555,-8.90098122222222
19519.99999980922,11,151,0.06790123456790123,-10.878977049382717
19529.99999980762,10,152,0.06172839506172839,-9.889979135802468
19539.99999980602,11,151,0.06790123456790123,-10.878977049382717
19549.99999980442,12,150,0.07407407407407407,-11.867974962962963
19559.999999802818,8,154,0.04938271604938271,-7.911983308641974
19569.999999801217,10,152,0.06172839506172839,-9.889979135802468
19579.999999799616,7,155,0.043209876543209874,-6.922985395061729
19589.999999798016,12,150,0.07407407407407407,-11.867974962962963
19599.999999796415,8,154,0.04938271604938271,-7.911983308641974
19609.999999794814,9,153,0.05555555555555555,-8.90098122222222
19619.999999793214,6,156,0.037037037037037035,-5.9339874814814815
19629.999999791613,9,153,0.05555555555555555,-8.90098122222222
19639.999999790012,8,154,0.04938271604938271,-7.911983308641974
19649.99999978841,8,154,0.04938271604938271,-7.911983308641974
19659.99999978681,6,156,0.037037037037037035,-5.9339874814814815
19669.99999978521,6,156,0.037037037037037035,-5.9339874814814815
19679.99999978361,7,155,0.043209876543209874,-6.922985395061729
19689.99999978201,5,157,0.030864197530864196,-4.944989567901234
19699.999999780408,9,153,0.05555555555555555,-8.90098122222222
19709.999999778807,8,154,0.04938271604938271,-7.911983308641974
19719.999999777207,7,155,0.043209876543209874,-6.922985395061729
19729.999999775606,8,154,0.04938271604938271,-7.911983308641974
19739.999999774005,11,151,0.06790123456790123,-10.878977049382717
19749.999999772404,6,156,0.037037037037037035,-5.9339874814814815
19759.999999770804,8,154,0.04938271604938271,-7.911983308641974
19769.999999769203,5,157,0.030864197530864196,-4.944989567901234
19779.999999767602,9,153,0.05555555555555555,-8.90098122222222
19789.999999766,4,158,0.024691358024691357,-3.955991654320987
19799.9999997644,8,154,0.04938271604938271,-7.911983308641974
19809.9999997628,8,154,0.04938271604938271,-7.911983308641974
19819.9999997612,9,153,0.05555555555555555,-8.90098122222222
19829.9999997596,5,157,0.030864197530864196,-4.944989567901234
19839.999999757998,5,157,0.030864197530864196,-4.944989567901234
19849.999999756397,6,156,0.037037037037037035,-5.9339874814814815
19859.999999754797,6,156,0.037037037037037035,-5.9339874814814815
19869.999999753196,8,154,0.04938271604938271,-7.911983308641974
19879.999999751595,6,156,0.037037037037037035,-5.9339874814814815
19889.999999749994,7,155,0.043209876543209874,-6.922985395061729
19899.999999748394,12,150,0.07407407407407407,-11.867974962962963
19909.999999746793,6,156,0.037037037037037035,-5.9339874814814815
19919.999999745192,7,155,0.043209876543209874,-6.922985395061729
19929.99999974359,9,153,0.05555555555555555,-8.90098122222222
19939.99999974199,7,155,0.043209876543209874,-6.922985395061729
19949.99999974039,7,155,0.043209876543209874,-6.922985395061729
19959.99999973879,10,152,0.06172839506172839,-9.889979135802468
19969.99999973719,8,154,0.04938271604938271,-7.911983308641974
19979.999999735588,8,154,0.04938271604938271,-7.911983308641974
19989.999999733987,7,155,0.043209876543209874,-6.922985395061729
19999.999999732387,8,154,0.04938271604938271,-7.911983308641974
20009.999999730786,7,155,0.043209876543209874,-6.922985395061729
20019.999999729185,9,153,0.05555555555555555,-8.90098122222222
20029.999999727585,2,160,0.012345679012345678,-1.9779958271604936
20039.999999725984,5,157,0.030864197530864196,-4.944989567901234
20049.999999724383,5,157,0.030864197530864196,-4.944989567901234
20059.999999722782,7,155,0.043209876543209874,-6.922985395061729
20069.99999972118,8,154,0.04938271604938271,-7.911983308641974
20079.99999971958,9,153,0.05555555555555555,-8.90098122222222
20089.99999971798,7,155,0.043209876543209874,-6.922985395061729
20099.99999971638,8,154,0.04938271604938271,-7.911983308641974
20109.99999971478,7,155,0.043209876543209874,-6.922985395061729
20119.999999713178,10,152,0.06172839506172839,-9.889979135802468
20129.999999711577,8,154,0.04938271604938271,-7.911983308641974
20139.999999709977,9,153,0.05555555555555555,-8.90098122222222
20149.999999708376,12,150,0.07407407407407407,-11.867974962962963
20159.999999706775,9,153,0.05555555555555555,-8.90098122222222
20169.999999705175,5,157,0.030864197530864196,-4.944989567901234
20179.999999703574,5,157,0.030864197530864196,-4.944989567901234
20189.999999701973,7,155,0.043209876543209874,-6.922985395061729
20199.999999700372,10,152,0.06172839506172839,-9.889979135802468
20209.99999969877,13,149,0.08024691358024691,-12.85697287654321
20219.99999969717,9,153,0.05555555555555555,-8.90098122222222
20229.99999969557,8,154,0.04938271604938271,-7.911983308641974
20239.99999969397,9,153,0.05555555555555555,-8.90098122222222
20249.99999969237,11,151,0.06790123456790123,-10.878977049382717
20259.999999690768,9,153,0.05555555555555555,-8.90098122222222
20269.999999689167,9,153,0.05555555555555555,-8.90098122222222
20279.999999687567,8,154,0.04938271604938271,-7.911983308641974
20289.999999685966,8,154,0.04938271604938271,-7.911983308641974
20299.999999684365,7,155,0.043209876543209874,-6.922985395061729
20309.999999682765,6,156,0.037037037037037035,-5.9339874814814815
20319.999999681164,9,153,0.05555555555555555,-8.90098122222222
20329.999999679563,9,153,0.05555555555555555,-8.90098122222222
20339.999999677962,8,154,0.04938271604938271,-7.911983308641974
20349.99999967636,11,151,0.06790123456790123,-10.878977049382717
20359.99999967476,9,153,0.05555555555555555,-8.90098122222222
20369.99999967316,8,154,0.04938271604938271,-7.911983308641974
20379.99999967156,8,154,0.04938271604938271,-7.911983308641974
20389.99999966996,7,155,0.043209876543209874,-6.922985395061729
20399.99999966836,6,156,0.037037037037037035,-5.9339874814814815
20409.999999666758,4,158,0.024691358024691357,-3.955991654320987
20419.999999665157,9,153,0.05555555555555555,-8.90098122222222
20429.999999663556,9,153,0.05555555555555555,-8.90098122222222
20439.999999661955,6,156,0.037037037037037035,-5.9339874814814815
20449.999999660355,7,155,0.043209876543209874,-6.922985395061729
20459.999999658754,10,152,0.06172839506172839,-9.889979135802468
20469.999999657153,4,158,0.024691358024691357,-3.955991654320987
20479.999999655553,10,152,0.06172839506172839,-9.889979135802468
20489.99999965395,10,152,0.06172839506172839,-9.889979135802468
20499.99999965235,10,152,0.06172839506172839,-9.889979135802468
20509.99999965075,9,153,0.05555555555555555,-8.90098122222222
20519.99999964915,8,154,0.04938271604938271,-7.911983308641974
20529.99999964755,8,154,0.04938271604938271,-7.911983308641974
20539.99999964595,8,154,0.04938271604938271,-7.911983308641974
20549.999999644348,9,153,0.05555555555555555,-8.90098122222222
20559.999999642747,9,153,0.05555555555555555,-8.90098122222222
20569.999999641146,8,154,0.04938271604938271,-7.911983308641974
20579.999999639545,7,155,0.043209876543209874,-6.922985395061729
20589.999999637945,9,153,0.05555555555555555,-8.90098122222222
20599.999999636344,5,157,0.030864197530864196,-4.944989567901234
20609.999999634743,7,155,0.043209876543209874,-6.922985395061729
20619.999999633143,7,155,0.043209876543209874,-6.922985395061729
20629.999999631542,8,154,0.04938271604938271,-7.911983308641974
20639.99999962994,8,154,0.04938271604938271,-7.911983308641974
20649.99999962834,5,157,0.030864197530864196,-4.944989567901234
20659.99999962674,7,155,0.043209876543209874,-6.922985395061729
20669.99999962514,9,153,0.05555555555555555,-8.90098122222222
20679.99999962354,7,155,0.043209876543209874,-6.922985395061729
20689.999999621938,6,156,0.037037037037037035,-5.9339874814814815
20699.999999620337,9,153,0.05555555555555555,-8.90098122222222
20709.999999618736,10,152,0.06172839506172839,-9.889979135802468
20719.999999617135,7,155,0.043209876543209874,-6.922985395061729
20729.999999615535,5,157,0.030864197530864196,-4.944989567901234
20739.999999613934,9,153,0.05555555555555555,-8.90098122222222
20749.999999612333,10,152,0.06172839506172839,-9.889979135802468
20759.999999610733,6,156,0.037037037037037035,-5.9339874814814815
20769.999999609132,5,157,0.030864197530864196,-4.944989567901234
20779.99999960753,8,154,0.04938271604938271,-7.911983308641974
20789.99999960593,8,154,0.04938271604938271,-7.911983308641974
20799.99999960433,9,153,0.05555555555555555,-8.90098122222222
20809.99999960273,6,156,0.037037037037037035,-5.9339874814814815
20819.99999960113,7,155,0.043209876543209874,-6.922985395061729
20829.999999599528,8,154,0.04938271604938271,-7.911983308641974
20839.999999597927,10,152,0.06172839506172839,-9.889979135802468
20849.999999596326,10,152,0.06172839506172839,-9.889979135802468
20859.999999594726,10,152,0.06172839506172839,-9.889979135802468
20869.999999593125,10,152,0.06172839506172839,-9.889979135802468
20879.999999591524,6,156,0.037037037037037035,-5.9339874814814815
20889.999999589923,7,155,0.043209876543209874,-6.922985395061729
20899.999999588323,10,152,0.06172839506172839,-9.889979135802468
20909.999999586722,9,153,0.05555555555555555,-8.90098122222222
20919.99999958512,6,156,0.037037037037037035,-5.9339874814814815
20929.99999958352,9,153,0.05555555555555555,-8.90098122222222
20939.99999958192,6,156,0.037037037037037035,-5.9339874814814815
20949.99999958032,10,152,0.06172839506172839,-9.889979135802468
20959.99999957872,10,152,0.06172839506172839,-9.889979135802468
20969.999999577118,8,154,0.04938271604938271,-7.911983308641974
20979.999999575517,15,147,0.09259259259259259,-14.834968703703703
20989.999999573916,10,152,0.06172839506172839,-9.889979135802468
20999.999999572316,11,151,0.06790123456790123,-10.878977049382717
21009.999999570715,14,148,0.08641975308641975,-13.845970790123458
21019.999999569114,14,148,0.08641975308641975,-13.845970790123458
21029.999999567513,11,151,0.06790123456790123,-10.878977049382717
21039.999999565913,7,155,0.043209876543209874,-6.922985395061729
21049.999999564312,9,153,0.05555555555555555,-8.90098122222222
21059.99999956271,7,155,0.043209876543209874,-6.922985395061729
21069.99999956111,7,155,0.043209876543209874,-6.922985395061729
21079.99999955951,11,151,0.06790123456790123,-10.878977049382717
21089.99999955791,9,153,0.05555555555555555,-8.90098122222222
21099.99999955631,8,154,0.04938271604938271,-7.911983308641974
21109.999999554708,5,157,0.030864197530864196,-4.944989567901234
21119.999999553107,8,154,0.04938271604938271,-7.911983308641974
21129.999999551506,7,155,0.043209876543209874,-6.922985395061729
21139.999999549906,8,154,0.04938271604938271,-7.911983308641974
21149.999999548305,7,155,0.043209876543209874,-6.922985395061729
21159.999999546704,6,156,0.037037037037037035,-5.9339874814814815
21169.999999545103,5,157,0.030864197530864196,-4.944989567901234
21179.999999543503,6,156,0.037037037037037035,-5.9339874814814815
21189.999999541902,10,152,0.06172839506172839,-9.889979135802468
21199.9999995403,5,157,0.030864197530864196,-4.944989567901234
21209.9999995387,7,155,0.043209876543209874,-6.922985395061729
21219.9999995371,6,156,0.037037037037037035,-5.9339874814814815
21229.9999995355,10,152,0.06172839506172839,-9.889979135802468
21239.9999995339,7,155,0.043209876543209874,-6.922985395061729
21249.999999532298,6,156,0.037037037037037035,-5.9339874814814815
21259.999999530697,8,154,0.04938271604938271,-7.911983308641974
21269.999999529096,9,153,0.05555555555555555,-8.90098122222222
21279.999999527496,9,153,0.05555555555555555,-8.90098122222222
21289.999999525895,11,151,0.06790123456790123,-10.878977049382717
21299.999999524294,10,152,0.06172839506172839,-9.889979135802468
21309.999999522694,9,153,0.05555555555555555,-8.90098122222222
21319.999999521093,10,152,0.06172839506172839,-9.889979135802468
21329.999999519492,8,154,0.04938271604938271,-7.911983308641974
21339.99999951789,11,151,0.06790123456790123,-10.878977049382717
21349.99999951629,9,153,0.05555555555555555,-8.90098122222222
21359.99999951469,11,151,0.06790123456790123,-10.878977049382717
21369.99999951309,13,149,0.08024691358024691,-12.85697287654321
21379.99999951149,12,150,0.07407407407407407,-11.867974962962963
21389.999999509888,12,150,0.07407407407407407,-11.867974962962963
21399.999999508287,11,151,0.06790123456790123,-10.878977049382717
21409.999999506686,10,152,0.06172839506172839,-9.889979135802468
21419.999999505086,6,156,0.037037037037037035,-5.9339874814814815
21429.999999503485,8,154,0.04938271604938271,-7.911983308641974
21439.999999501884,12,150,0.07407407407407407,-11.867974962962963
21449.999999500284,10,152,0.06172839506172839,-9.889979135802468
21459.999999498683,9,153,0.05555555555555555,-8.90098122222222
21469.999999497082,8,154,0.04938271604938271,-7.911983308641974
21479.99999949548,8,154,0.04938271604938271,-7.911983308641974
21489.99999949388,10,152,0.06172839506172839,-9.889979135802468
21499.99999949228,6,156,0.037037037037037035,-5.9339874814814815
21509.99999949068,6,156,0.037037037037037035,-5.9339874814814815
21519.99999948908,5,157,0.030864197530864196,-4.944989567901234
21529.999999487478,7,155,0.043209876543209874,-6.922985395061729
21539.999999485877,2,160,0.012345679012345678,-1.9779958271604936
21549.999999484276,4,158,0.024691358024691357,-3.955991654320987
21559.999999482676,4,158,0.024691358024691357,-3.955991654320987
21569.999999481075,5,157,0.030864197530864196,-4.944989567901234
21579.999999479474,6,156,0.037037037037037035,-5.9339874814814815
21589.999999477874,8,154,0.04938271604938271,-7.911983308641974
21599.999999476273,8,154,0.04938271604938271,-7.911983308641974
21609.999999474672,8,154,0.04938271604938271,-7.911983308641974
21619.99999947307,6,156,0.037037037037037035,-5.9339874814814815
21629.99999947147,12,150,0.07407407407407407,-11.867974962962963
21639.99999946987,6,156,0.037037037037037035,-5.9339874814814815
21649.99999946827,9,153,0.05555555555555555,-8.90098122222222
21659.99999946667,4,158,0.024691358024691357,-3.955991654320987
21669.999999465068,4,158,0.024691358024691357,-3.955991654320987
21679.999999463467,9,153,0.05555555555555555,-8.90098122222222
21689.999999461867,7,155,0.043209876543209874,-6.922985395061729
21699.999999460266,9,153,0.05555555555555555,-8.90098122222222
21709.999999458665,8,154,0.04938271604938271,-7.911983308641974
21719.999999457064,7,155,0.043209876543209874,-6.922985395061729
21729.999999455464,8,154,0.04938271604938271,-7.911983308641974
21739.999999453863,8,154,0.04938271604938271,-7.911983308641974
21749.999999452262,7,155,0.043209876543209874,-6.922985395061729
21759.99999945066,11,151,0.06790123456790123,-10.878977049382717
21769.99999944906,7,155,0.043209876543209874,-6.922985395061729
21779.99999944746,6,156,0.037037037037037035,-5.9339874814814815
21789.99999944586,9,153,0.05555555555555555,-8.90098122222222
21799.99999944426,8,154,0.04938271604938271,-7.911983308641974
21809.999999442658,8,154,0.04938271604938271,-7.911983308641974
21819.999999441057,8,154,0.04938271604938271,-7.911983308641974
21829.999999439457,9,153,0.05555555555555555,-8.90098122222222
21839.999999437856,6,156,0.037037037037037035,-5.9339874814814815
21849.999999436255,10,152,0.06172839506172839,-9.889979135802468
21859.999999434654,8,154,0.04938271604938271,-7.911983308641974
21869.999999433054,7,155,0.043209876543209874,-6.922985395061729
21879.999999431453,10,152,0.06172839506172839,-9.889979135802468
21889.999999429852,11,151,0.06790123456790123,-10.878977049382717
21899.99999942825,8,154,0.04938271604938271,-7.911983308641974
21909.99999942665,10,152,0.06172839506172839,-9.889979135802468
21919.99999942505,7,155,0.043209876543209874,-6.922985395061729
21929.99999942345,9,153,0.05555555555555555,-8.90098122222222
21939.99999942185,10,152,0.06172839506172839,-9.889979135802468
21949.999999420248,7,155,0.043209876543209874,-6.922985395061729
21959.999999418647,10,152,0.06172839506172839,-9.889979135802468
21969.999999417047,10,152,0.06172839506172839,-9.889979135802468
21979.999999415446,9,153,0.05555555555555555,-8.90098122222222
21989.999999413845,12,150,0.07407407407407407,-11.867974962962963
21999.999999412245,10,152,0.06172839506172839,-9.889979135802468
22009.999999410644,7,155,0.043209876543209874,-6.922985395061729
22019.999999409043,12,150,0.07407407407407407,-11.867974962962963
22029.999999407442,7,155,0.043209876543209874,-6.922985395061729
22039.99999940584,7,155,0.043209876543209874,-6.922985395061729
22049.99999940424,9,153,0.05555555555555555,-8.90098122222222
22059.99999940264,5,157,0.030864197530864196,-4.944989567901234
22069.99999940104,4,158,0.024691358024691357,-3.955991654320987
22079.99999939944,7,155,0.043209876543209874,-6.922985395061729
22089.999999397838,4,158,0.024691358024691357,-3.955991654320987
22099.999999396237,4,158,0.024691358024691357,-3.955991654320987
22109.999999394637,10,152,0.06172839506172839,-9.889979135802468
22119.999999393036,8,154,0.04938271604938271,-7.911983308641974
22129.999999391435,7,155,0.043209876543209874,-6.922985395061729
22139.999999389835,8,154,0.04938271604938271,-7.911983308641974
22149.999999388234,10,152,0.06172839506172839,-9.889979135802468
22159.999999386633,8,154,0.04938271604938271,-7.911983308641974
22169.999999385032,7,155,0.043209876543209874,-6.922985395061729
22179.99999938343,9,153,0.05555555555555555,-8.90098122222222
22189.99999938183,4,158,0.024691358024691357,-3.955991654320987
22199.99999938023,8,154,0.04938271604938271,-7.911983308641974
22209.99999937863,7,155,0.043209876543209874,-6.922985395061729
22219.99999937703,8,154,0.04938271604938271,-7.911983308641974
22229.999999375428,7,155,0.043209876543209874,-6.922985395061729
22239.999999373827,10,152,0.06172839506172839,-9.889979135802468
22249.999999372227,8,154,0.04938271604938271,-7.911983308641974
22259.999999370626,11,151,0.06790123456790123,-10.878977049382717
22269.999999369025,10,152,0.06172839506172839,-9.889979135802468
22279.999999367425,8,154,0.04938271604938271,-7.911983308641974
22289.999999365824,10,152,0.06172839506172839,-9.889979135802468
22299.999999364223,11,151,0.06790123456790123,-10.878977049382717
22309.999999362622,10,152,0.06172839506172839,-9.889979135802468
22319.99999936102,10,152,0.06172839506172839,-9.889979135802468
22329.99999935942,9,153,0.05555555555555555,-8.90098122222222
22339.99999935782,9,153,0.05555555555555555,-8.90098122222222
22349.99999935622,11,151,0.06790123456790123,-10.878977049382717
22359.99999935462,10,152,0.06172839506172839,-9.889979135802468
22369.99999935302,9,153,0.05555555555555555,-8.90098122222222
22379.999999351418,9,153,0.05555555555555555,-8.90098122222222
22389.999999349817,6,156,0.037037037037037035,-5.9339874814814815
22399.999999348216,10,152,0.06172839506172839,-9.889979135802468
22409.999999346615,8,154,0.04938271604938271,-7.911983308641974
22419.999999345015,5,157,0.030864197530864196,-4.944989567901234
22429.999999343414,10,152,0.06172839506172839,-9.889979135802468
22439.999999341813,10,152,0.06172839506172839,-9.889979135802468
22449.999999340213,10,152,0.06172839506172839,-9.889979135802468
22459.99999933861,6,156,0.037037037037037035,-5.9339874814814815
22469.99999933701,6,156,0.037037037037037035,-5.9339874814814815
22479.99999933541,8,154,0.04938271604938271,-7.911983308641974
22489.99999933381,9,153,0.05555555555555555,-8.90098122222222
22499.99999933221,6,156,0.037037037037037035,-5.9339874814814815
22509.99999933061,10,152,0.06172839506172839,-9.889979135802468
22519.999999329008,6,156,0.037037037037037035,-5.9339874814814815
22529.999999327407,7,155,0.043209876543209874,-6.922985395061729
22539.999999325806,6,156,0.037037037037037035,-5.9339874814814815
22549.999999324205,7,155,0.043209876543209874,-6.922985395061729
22559.999999322605,9,153,0.05555555555555555,-8.90098122222222
22569.999999321004,14,148,0.08641975308641975,-13.845970790123458
22579.999999319403,11,151,0.06790123456790123,-10.878977049382717
22589.999999317803,11,151,0.06790123456790123,-10.878977049382717
22599.999999316202,8,154,0.04938271604938271,-7.911983308641974
22609.9999993146,8,154,0.04938271604938271,-7.911983308641974
22619.999999313,9,153,0.05555555555555555,-8.90098122222222
22629.9999993114,6,156,0.037037037037037035,-5.9339874814814815
22639.9999993098,9,153,0.05555555555555555,-8.90098122222222
22649.9999993082,11,151,0.06790123456790123,-10.878977049382717
22659.999999306598,7,155,0.043209876543209874,-6.922985395061729
22669.999999304997,6,156,0.037037037037037035,-5.9339874814814815
22679.999999303396,5,157,0.030864197530864196,-4.944989567901234
22689.999999301795,9,153,0.05555555555555555,-8.90098122222222
22699.999999300195,6,156,0.037037037037037035,-5.9339874814814815
22709.999999298594,6,156,0.037037037037037035,-5.9339874814814815
22719.999999296993,10,152,0.06172839506172839,-9.889979135802468
22729.999999295393,8,154,0.04938271604938271,-7.911983308641974
22739.999999293792,7,155,0.043209876543209874,-6.922985395061729
22749.99999929219,5,157,0.030864197530864196,-4.944989567901234
22759.99999929059,6,156,0.037037037037037035,-5.9339874814814815
22769.99999928899,9,153,0.05555555555555555,-8.90098122222222
22779.99999928739,8,154,0.04938271604938271,-7.911983308641974
22789.99999928579,8,154,0.04938271604938271,-7.911983308641974
22799.999999284188,4,158,0.024691358024691357,-3.955991654320987
22809.999999282587,7,155,0.043209876543209874,-6.922985395061729
22819.999999280986,9,153,0.05555555555555555,-8.90098122222222
22829.999999279386,11,151,0.06790123456790123,-10.878977049382717
22839.999999277785,6,156,0.037037037037037035,-5.9339874814814815
22849.999999276184,8,154,0.04938271604938271,-7.911983308641974
22859.999999274583,9,153,0.05555555555555555,-8.90098122222222
22869.999999272983,7,155,0.043209876543209874,-6.922985395061729
22879.999999271382,8,154,0.04938271604938271,-7.911983308641974
22889.99999926978,8,154,0.04938271604938271,-7.911983308641974
22899.99999926818,10,152,0.06172839506172839,-9.889979135802468
22909.99999926658,12,150,0.07407407407407407,-11.867974962962963
22919.99999926498,6,156,0.037037037037037035,-5.9339874814814815
22929.99999926338,11,151,0.06790123456790123,-10.878977049382717
22939.999999261778,9,153,0.05555555555555555,-8.90098122222222
22949.999999260177,12,150,0.07407407407407407,-11.867974962962963
22959.999999258576,7,155,0.043209876543209874,-6.922985395061729
22969.999999256976,6,156,0.037037037037037035,-5.9339874814814815
22979.999999255375,7,155,0.043209876543209874,-6.922985395061729
22989.999999253774,7,155,0.043209876543209874,-6.922985395061729
22999.999999252173,6,156,0.037037037037037035,-5.9339874814814815
23009.999999250573,6,156,0.037037037037037035,-5.9339874814814815
23019.999999248972,6,156,0.037037037037037035,-5.9339874814814815
23029.99999924737,11,151,0.06790123456790123,-10.878977049382717
23039.99999924577,9,153,0.05555555555555555,-8.90098122222222
23049.99999924417,6,156,0.037037037037037035,-5.9339874814814815
23059.99999924257,8,154,0.04938271604938271,-7.911983308641974
23069.99999924097,8,154,0.04938271604938271,-7.911983308641974
23079.999999239368,9,153,0.05555555555555555,-8.90098122222222
23089.999999237767,7,155,0.043209876543209874,-6.922985395061729
23099.999999236166,10,152,0.06172839506172839,-9.889979135802468
23109.999999234566,9,153,0.05555555555555555,-8.90098122222222
23119.999999232965,9,153,0.05555555555555555,-8.90098122222222
23129.999999231364,7,155,0.043209876543209874,-6.922985395061729
23139.999999229763,6,156,0.037037037037037035,-5.9339874814814815
23149.999999228163,10,152,0.06172839506172839,-9.889979135802468
23159.999999226562,5,157,0.030864197530864196,-4.944989567901234
23169.99999922496,8,154,0.04938271604938271,-7.911983308641974
23179.99999922336,8,154,0.04938271604938271,-7.911983308641974
23189.99999922176,9,153,0.05555555555555555,-8.90098122222222
23199.99999922016,8,154,0.04938271604938271,-7.911983308641974
23209.99999921856,9,153,0.05555555555555555,-8.90098122222222
23219.999999216958,11,151,0.06790123456790123,-10.878977049382717
23229.999999215357,8,154,0.04938271604938271,-7.911983308641974
23239.999999213756,11,151,0.06790123456790123,-10.878977049382717
23249.999999212156,11,151,0.06790123456790123,-10.878977049382717
23259.999999210555,11,151,0.06790123456790123,-10.878977049382717
23269.999999208954,10,152,0.06172839506172839,-9.889979135802468
23279.999999207354,9,153,0.05555555555555555,-8.90098122222222
23289.999999205753,11,151,0.06790123456790123,-10.878977049382717
23299.999999204152,12,150,0.07407407407407407,-11.867974962962963
23309.99999920255,10,152,0.06172839506172839,-9.889979135802468
23319.99999920095,10,152,0.06172839506172839,-9.889979135802468
23329.99999919935,10,152,0.06172839506172839,-9.889979135802468
23339.99999919775,8,154,0.04938271604938271,-7.911983308641974
23349.99999919615,11,151,0.06790123456790123,-10.878977049382717
23359.999999194548,5,157,0.030864197530864196,-4.944989567901234
23369.999999192947,4,158,0.024691358024691357,-3.955991654320987
23379.999999191346,7,155,0.043209876543209874,-6.922985395061729
23389.999999189746,7,155,0.043209876543209874,-6.922985395061729
23399.999999188145,8,154,0.04938271604938271,-7.911983308641974
23409.999999186544,9,153,0.05555555555555555,-8.90098122222222
23419.999999184944,7,155,0.043209876543209874,-6.922985395061729
23429.999999183343,8,154,0.04938271604938271,-7.911983308641974
23439.999999181742,7,155,0.043209876543209874,-6.922985395061729
23449.99999918014,10,152,0.06172839506172839,-9.889979135802468
23459.99999917854,9,153,0.05555555555555555,-8.90098122222222
23469.99999917694,11,151,0.06790123456790123,-10.878977049382717
23479.99999917534,7,155,0.043209876543209874,-6.922985395061729
23489.99999917374,8,154,0.04938271604938271,-7.911983308641974
23499.999999172138,8,154,0.04938271604938271,-7.911983308641974
23509.999999170537,10,152,0.06172839506172839,-9.889979135802468
23519.999999168936,6,156,0.037037037037037035,-5.9339874814814815
23529.999999167336,8,154,0.04938271604938271,-7.911983308641974
23539.999999165735,6,156,0.037037037037037035,-5.9339874814814815
23549.999999164134,8,154,0.04938271604938271,-7.911983308641974
23559.999999162534,9,153,0.05555555555555555,-8.90098122222222
23569.999999160933,5,157,0.030864197530864196,-4.944989567901234
23579.999999159332,12,150,0.07407407407407407,-11.867974962962963
23589.99999915773,6,156,0.037037037037037035,-5.9339874814814815
23599.99999915613,7,155,0.043209876543209874,-6.922985395061729
23609.99999915453,7,155,0.043209876543209874,-6.922985395061729
23619.99999915293,8,154,0.04938271604938271,-7.911983308641974
23629.99999915133,7,155,0.043209876543209874,-6.922985395061729
23639.999999149728,8,154,0.04938271604938271,-7.911983308641974
23649.999999148127,6,156,0.037037037037037035,-5.9339874814814815
23659.999999146527,4,158,0.024691358024691357,-3.955991654320987
23669.999999144926,6,156,0.037037037037037035,-5.9339874814814815
23679.999999143325,5,157,0.030864197530864196,-4.944989567901234
23689.999999141724,6,156,0.037037037037037035,-5.9339874814814815
23699.999999140124,4,158,0.024691358024691357,-3.955991654320987
23709.999999138523,10,152,0.06172839506172839,-9.889979135802468
23719.999999136922,6,156,0.037037037037037035,-5.9339874814814815
23729.99999913532,9,153,0.05555555555555555,-8.90098122222222
23739.99999913372,8,154,0.04938271604938271,-7.911983308641974
23749.99999913212,6,156,0.037037037037037035,-5.9339874814814815
23759.99999913052,7,155,0.043209876543209874,-6.922985395061729
23769.99999912892,9,153,0.05555555555555555,-8.90098122222222
23779.999999127318,10,152,0.06172839506172839,-9.889979135802468
23789.999999125717,9,153,0.05555555555555555,-8.90098122222222
23799.999999124117,9,153,0.05555555555555555,-8.90098122222222
23809.999999122516,10,152,0.06172839506172839,-9.889979135802468
23819.999999120915,7,155,0.043209876543209874,-6.922985395061729
23829.999999119314,7,155,0.043209876543209874,-6.922985395061729
23839.999999117714,9,153,0.05555555555555555,-8.90098122222222
23849.999999116113,10,152,0.06172839506172839,-9.889979135802468
23859.999999114512,10,152,0.06172839506172839,-9.889979135802468
23869.99999911291,8,154,0.04938271604938271,-7.911983308641974
23879.99999911131,8,154,0.04938271604938271,-7.911983308641974
23889.99999910971,11,151,0.06790123456790123,-10.878977049382717
23899.99999910811,8,154,0.04938271604938271,-7.911983308641974
23909.99999910651,5,157,0.030864197530864196,-4.944989567901234
23919.999999104908,7,155,0.043209876543209874,-6.922985395061729
23929.999999103307,12,150,0.07407407407407407,-11.867974962962963
23939.999999101707,7,155,0.043209876543209874,-6.922985395061729
23949.999999100106,13,149,0.08024691358024691,-12.85697287654321
23959.999999098505,7,155,0.043209876543209874,-6.922985395061729
23969.999999096905,11,151,0.06790123456790123,-10.878977049382717
23979.999999095304,6,156,0.037037037037037035,-5.9339874814814815
23989.999999093703,9,153,0.05555555555555555,-8.90098122222222
23999.999999092102,6,156,0.037037037037037035,-5.9339874814814815
24009.9999990905,11,151,0.06790123456790123,-10.878977049382717
24019.9999990889,8,154,0.04938271604938271,-7.911983308641974
24029.9999990873,7,155,0.043209876543209874,-6.922985395061729
24039.9999990857,14,148,0.08641975308641975,-13.845970790123458
24049.9999990841,14,148,0.08641975308641975,-13.845970790123458
24059.999999082498,8,154,0.04938271604938271,-7.911983308641974
24069.999999080897,10,152,0.06172839506172839,-9.889979135802468
24079.999999079297,10,152,0.06172839506172839,-9.889979135802468
24089.999999077696,8,154,0.04938271604938271,-7.911983308641974
24099.999999076095,11,151,0.06790123456790123,-10.878977049382717
24109.999999074495,10,152,0.06172839506172839,-9.889979135802468
24119.999999072894,13,149,0.08024691358024691,-12.85697287654321
24129.999999071293,12,150,0.07407407407407407,-11.867974962962963
