time,number_A,number_HA,alpha,surf_ch_dens
140.00000000001765,90,72,0.5555555555555556,-89.00981222222221
150.00000000000855,34,128,0.20987654320987653,-33.62592906172839
159.99999999999946,9,153,0.05555555555555555,-8.90098122222222
169.99999999999037,3,159,0.018518518518518517,-2.9669937407407407
179.99999999998127,7,155,0.043209876543209874,-6.922985395061729
189.99999999997218,1,161,0.006172839506172839,-0.9889979135802468
199.99999999996308,0,162,0.0,0.0
209.99999999995399,2,160,0.012345679012345678,-1.9779958271604936
219.9999999999449,0,162,0.0,0.0
229.9999999999358,1,161,0.006172839506172839,-0.9889979135802468
239.9999999999267,1,161,0.006172839506172839,-0.9889979135802468
249.9999999999176,1,161,0.006172839506172839,-0.9889979135802468
259.99999999990854,1,161,0.006172839506172839,-0.9889979135802468
269.99999999989944,2,160,0.012345679012345678,-1.9779958271604936
279.99999999989035,0,162,0.0,0.0
289.99999999988125,3,159,0.018518518518518517,-2.9669937407407407
299.99999999987216,1,161,0.006172839506172839,-0.9889979135802468
309.99999999986306,2,160,0.012345679012345678,-1.9779958271604936
319.99999999985397,0,162,0.0,0.0
329.9999999998449,1,161,0.006172839506172839,-0.9889979135802468
339.9999999998358,4,158,0.024691358024691357,-3.955991654320987
349.9999999998267,1,161,0.006172839506172839,-0.9889979135802468
359.9999999998176,1,161,0.006172839506172839,-0.9889979135802468
369.9999999998085,2,160,0.012345679012345678,-1.9779958271604936
379.9999999997994,0,162,0.0,0.0
389.9999999997903,2,160,0.012345679012345678,-1.9779958271604936
399.9999999997812,2,160,0.012345679012345678,-1.9779958271604936
409.9999999997721,2,160,0.012345679012345678,-1.9779958271604936
419.999999999763,2,160,0.012345679012345678,-1.9779958271604936
429.9999999997539,2,160,0.012345679012345678,-1.9779958271604936
439.99999999974483,0,162,0.0,0.0
449.99999999973573,1,161,0.006172839506172839,-0.9889979135802468
459.99999999972664,2,160,0.012345679012345678,-1.9779958271604936
469.99999999971755,1,161,0.006172839506172839,-0.9889979135802468
479.99999999970845,0,162,0.0,0.0
489.99999999969936,1,161,0.006172839506172839,-0.9889979135802468
499.99999999969026,3,159,0.018518518518518517,-2.9669937407407407
509.99999999968117,2,160,0.012345679012345678,-1.9779958271604936
519.9999999996721,2,160,0.012345679012345678,-1.9779958271604936
529.999999999663,2,160,0.012345679012345678,-1.9779958271604936
539.9999999996539,2,160,0.012345679012345678,-1.9779958271604936
549.9999999996448,2,160,0.012345679012345678,-1.9779958271604936
559.9999999996357,1,161,0.006172839506172839,-0.9889979135802468
569.9999999996267,2,160,0.012345679012345678,-1.9779958271604936
579.9999999996176,2,160,0.012345679012345678,-1.9779958271604936
589.9999999996085,4,158,0.024691358024691357,-3.955991654320987
599.9999999995994,3,159,0.018518518518518517,-2.9669937407407407
609.9999999995903,2,160,0.012345679012345678,-1.9779958271604936
619.9999999995812,2,160,0.012345679012345678,-1.9779958271604936
629.9999999995721,2,160,0.012345679012345678,-1.9779958271604936
639.999999999563,1,161,0.006172839506172839,-0.9889979135802468
649.9999999995539,1,161,0.006172839506172839,-0.9889979135802468
659.9999999995448,1,161,0.006172839506172839,-0.9889979135802468
669.9999999995357,2,160,0.012345679012345678,-1.9779958271604936
679.9999999995266,2,160,0.012345679012345678,-1.9779958271604936
689.9999999995175,1,161,0.006172839506172839,-0.9889979135802468
699.9999999995084,3,159,0.018518518518518517,-2.9669937407407407
709.9999999994993,2,160,0.012345679012345678,-1.9779958271604936
719.9999999994902,2,160,0.012345679012345678,-1.9779958271604936
729.9999999994811,0,162,0.0,0.0
739.999999999472,2,160,0.012345679012345678,-1.9779958271604936
749.999999999463,1,161,0.006172839506172839,-0.9889979135802468
759.9999999994538,1,161,0.006172839506172839,-0.9889979135802468
769.9999999994448,0,162,0.0,0.0
779.9999999994357,2,160,0.012345679012345678,-1.9779958271604936
789.9999999994266,3,159,0.018518518518518517,-2.9669937407407407
799.9999999994175,1,161,0.006172839506172839,-0.9889979135802468
809.9999999994084,2,160,0.012345679012345678,-1.9779958271604936
819.9999999993993,0,162,0.0,0.0
829.9999999993902,2,160,0.012345679012345678,-1.9779958271604936
839.9999999993811,1,161,0.006172839506172839,-0.9889979135802468
849.999999999372,1,161,0.006172839506172839,-0.9889979135802468
859.9999999993629,1,161,0.006172839506172839,-0.9889979135802468
869.9999999993538,1,161,0.006172839506172839,-0.9889979135802468
879.9999999993447,1,161,0.006172839506172839,-0.9889979135802468
889.9999999993356,1,161,0.006172839506172839,-0.9889979135802468
899.9999999993265,1,161,0.006172839506172839,-0.9889979135802468
909.9999999993174,2,160,0.012345679012345678,-1.9779958271604936
919.9999999993083,2,160,0.012345679012345678,-1.9779958271604936
929.9999999992992,2,160,0.012345679012345678,-1.9779958271604936
939.9999999992901,1,161,0.006172839506172839,-0.9889979135802468
949.999999999281,0,162,0.0,0.0
959.999999999272,2,160,0.012345679012345678,-1.9779958271604936
969.9999999992629,1,161,0.006172839506172839,-0.9889979135802468
979.9999999992538,1,161,0.006172839506172839,-0.9889979135802468
989.9999999992447,1,161,0.006172839506172839,-0.9889979135802468
999.9999999992356,0,162,0.0,0.0
1009.9999999992265,2,160,0.012345679012345678,-1.9779958271604936
1019.9999999992174,1,161,0.006172839506172839,-0.9889979135802468
1029.9999999992083,2,160,0.012345679012345678,-1.9779958271604936
1039.9999999991992,0,162,0.0,0.0
1049.99999999919,2,160,0.012345679012345678,-1.9779958271604936
1059.999999999181,3,159,0.018518518518518517,-2.9669937407407407
1069.999999999172,0,162,0.0,0.0
1079.9999999991628,0,162,0.0,0.0
1089.9999999991537,1,161,0.006172839506172839,-0.9889979135802468
1099.9999999991446,0,162,0.0,0.0
1109.9999999991355,1,161,0.006172839506172839,-0.9889979135802468
1119.9999999991264,0,162,0.0,0.0
1129.9999999991173,0,162,0.0,0.0
1139.9999999991082,2,160,0.012345679012345678,-1.9779958271604936
1149.9999999990991,1,161,0.006172839506172839,-0.9889979135802468
1159.99999999909,0,162,0.0,0.0
1169.999999999081,1,161,0.006172839506172839,-0.9889979135802468
1179.9999999990719,1,161,0.006172839506172839,-0.9889979135802468
1189.9999999990628,2,160,0.012345679012345678,-1.9779958271604936
1199.9999999990537,0,162,0.0,0.0
1209.9999999990446,1,161,0.006172839506172839,-0.9889979135802468
1219.9999999990355,2,160,0.012345679012345678,-1.9779958271604936
1229.9999999990264,2,160,0.012345679012345678,-1.9779958271604936
1239.9999999990173,2,160,0.012345679012345678,-1.9779958271604936
1249.9999999990082,2,160,0.012345679012345678,-1.9779958271604936
1259.999999998999,3,159,0.018518518518518517,-2.9669937407407407
1269.99999999899,2,160,0.012345679012345678,-1.9779958271604936
1279.999999998981,2,160,0.012345679012345678,-1.9779958271604936
1289.9999999989718,0,162,0.0,0.0
1299.9999999989627,0,162,0.0,0.0
1309.9999999989536,0,162,0.0,0.0
1319.9999999989445,1,161,0.006172839506172839,-0.9889979135802468
1329.9999999989354,3,159,0.018518518518518517,-2.9669937407407407
1339.9999999989263,1,161,0.006172839506172839,-0.9889979135802468
1349.9999999989172,0,162,0.0,0.0
1359.9999999989082,0,162,0.0,0.0
1369.999999998899,2,160,0.012345679012345678,-1.9779958271604936
1379.99999999889,2,160,0.012345679012345678,-1.9779958271604936
1389.9999999988809,4,158,0.024691358024691357,-3.955991654320987
1399.9999999988718,2,160,0.012345679012345678,-1.9779958271604936
1409.9999999988627,3,159,0.018518518518518517,-2.9669937407407407
1419.9999999988536,3,159,0.018518518518518517,-2.9669937407407407
1429.9999999988445,3,159,0.018518518518518517,-2.9669937407407407
1439.9999999988354,2,160,0.012345679012345678,-1.9779958271604936
1449.9999999988263,0,162,0.0,0.0
1459.9999999988172,0,162,0.0,0.0
1469.999999998808,1,161,0.006172839506172839,-0.9889979135802468
1479.999999998799,1,161,0.006172839506172839,-0.9889979135802468
1489.99999999879,3,159,0.018518518518518517,-2.9669937407407407
1499.9999999987808,0,162,0.0,0.0
1509.9999999987717,1,161,0.006172839506172839,-0.9889979135802468
1519.9999999987626,0,162,0.0,0.0
1529.9999999987535,0,162,0.0,0.0
1539.9999999987444,0,162,0.0,0.0
1549.9999999987353,1,161,0.006172839506172839,-0.9889979135802468
1559.9999999987263,2,160,0.012345679012345678,-1.9779958271604936
1569.9999999987172,0,162,0.0,0.0
1579.999999998708,2,160,0.012345679012345678,-1.9779958271604936
1589.999999998699,0,162,0.0,0.0
1599.9999999986899,0,162,0.0,0.0
1609.9999999986808,4,158,0.024691358024691357,-3.955991654320987
1619.9999999986717,2,160,0.012345679012345678,-1.9779958271604936
1629.9999999986626,1,161,0.006172839506172839,-0.9889979135802468
1639.9999999986535,4,158,0.024691358024691357,-3.955991654320987
1649.9999999986444,5,157,0.030864197530864196,-4.944989567901234
1659.9999999986353,4,158,0.024691358024691357,-3.955991654320987
1669.9999999986262,2,160,0.012345679012345678,-1.9779958271604936
1679.999999998617,3,159,0.018518518518518517,-2.9669937407407407
1689.999999998608,2,160,0.012345679012345678,-1.9779958271604936
1699.999999998599,1,161,0.006172839506172839,-0.9889979135802468
1709.9999999985898,3,159,0.018518518518518517,-2.9669937407407407
1719.9999999985807,2,160,0.012345679012345678,-1.9779958271604936
1729.9999999985716,2,160,0.012345679012345678,-1.9779958271604936
1739.9999999985625,0,162,0.0,0.0
1749.9999999985534,0,162,0.0,0.0
1759.9999999985444,1,161,0.006172839506172839,-0.9889979135802468
1769.9999999985353,3,159,0.018518518518518517,-2.9669937407407407
1779.9999999985262,3,159,0.018518518518518517,-2.9669937407407407
1789.999999998517,2,160,0.012345679012345678,-1.9779958271604936
1799.999999998508,2,160,0.012345679012345678,-1.9779958271604936
1809.9999999984989,2,160,0.012345679012345678,-1.9779958271604936
1819.9999999984898,2,160,0.012345679012345678,-1.9779958271604936
1829.9999999984807,3,159,0.018518518518518517,-2.9669937407407407
1839.9999999984716,0,162,0.0,0.0
1849.9999999984625,0,162,0.0,0.0
1859.9999999984534,0,162,0.0,0.0
1869.9999999984443,1,161,0.006172839506172839,-0.9889979135802468
1879.9999999984352,1,161,0.006172839506172839,-0.9889979135802468
1889.9999999984261,1,161,0.006172839506172839,-0.9889979135802468
1899.999999998417,1,161,0.006172839506172839,-0.9889979135802468
1909.999999998408,0,162,0.0,0.0
1919.9999999983988,2,160,0.012345679012345678,-1.9779958271604936
1929.9999999983897,2,160,0.012345679012345678,-1.9779958271604936
1939.9999999983806,3,159,0.018518518518518517,-2.9669937407407407
1949.9999999983715,1,161,0.006172839506172839,-0.9889979135802468
1959.9999999983625,2,160,0.012345679012345678,-1.9779958271604936
1969.9999999983534,1,161,0.006172839506172839,-0.9889979135802468
1979.9999999983443,1,161,0.006172839506172839,-0.9889979135802468
1989.9999999983352,2,160,0.012345679012345678,-1.9779958271604936
1999.999999998326,0,162,0.0,0.0
2009.999999998317,0,162,0.0,0.0
2019.9999999983079,0,162,0.0,0.0
2029.9999999982988,0,162,0.0,0.0
2039.9999999982897,2,160,0.012345679012345678,-1.9779958271604936
2049.999999998326,1,161,0.006172839506172839,-0.9889979135802468
2059.9999999985444,0,162,0.0,0.0
2069.9999999987626,0,162,0.0,0.0
2079.999999998981,1,161,0.006172839506172839,-0.9889979135802468
2089.999999999199,1,161,0.006172839506172839,-0.9889979135802468
2099.9999999994175,1,161,0.006172839506172839,-0.9889979135802468
2109.9999999996357,1,161,0.006172839506172839,-0.9889979135802468
2119.999999999854,3,159,0.018518518518518517,-2.9669937407407407
2130.0000000000723,3,159,0.018518518518518517,-2.9669937407407407
2140.0000000002906,0,162,0.0,0.0
2150.000000000509,1,161,0.006172839506172839,-0.9889979135802468
2160.000000000727,1,161,0.006172839506172839,-0.9889979135802468
2170.0000000009454,0,162,0.0,0.0
2180.0000000011637,1,161,0.006172839506172839,-0.9889979135802468
2190.000000001382,1,161,0.006172839506172839,-0.9889979135802468
2200.0000000016003,6,156,0.037037037037037035,-5.9339874814814815
2210.0000000018185,0,162,0.0,0.0
2220.000000002037,1,161,0.006172839506172839,-0.9889979135802468
2230.000000002255,3,159,0.018518518518518517,-2.9669937407407407
2240.0000000024734,1,161,0.006172839506172839,-0.9889979135802468
2250.0000000026916,1,161,0.006172839506172839,-0.9889979135802468
2260.00000000291,1,161,0.006172839506172839,-0.9889979135802468
2270.000000003128,2,160,0.012345679012345678,-1.9779958271604936
2280.0000000033465,2,160,0.012345679012345678,-1.9779958271604936
2290.0000000035648,2,160,0.012345679012345678,-1.9779958271604936
2300.000000003783,1,161,0.006172839506172839,-0.9889979135802468
2310.0000000040013,2,160,0.012345679012345678,-1.9779958271604936
2320.0000000042196,2,160,0.012345679012345678,-1.9779958271604936
2330.000000004438,3,159,0.018518518518518517,-2.9669937407407407
2340.000000004656,0,162,0.0,0.0
2350.0000000048744,1,161,0.006172839506172839,-0.9889979135802468
2360.0000000050927,3,159,0.018518518518518517,-2.9669937407407407
2370.000000005311,1,161,0.006172839506172839,-0.9889979135802468
2380.0000000055293,3,159,0.018518518518518517,-2.9669937407407407
2390.0000000057476,2,160,0.012345679012345678,-1.9779958271604936
2400.000000005966,2,160,0.012345679012345678,-1.9779958271604936
2410.000000006184,1,161,0.006172839506172839,-0.9889979135802468
2420.0000000064024,2,160,0.012345679012345678,-1.9779958271604936
2430.0000000066207,2,160,0.012345679012345678,-1.9779958271604936
2440.000000006839,2,160,0.012345679012345678,-1.9779958271604936
2450.000000007057,3,159,0.018518518518518517,-2.9669937407407407
2460.0000000072755,0,162,0.0,0.0
2470.000000007494,1,161,0.006172839506172839,-0.9889979135802468
2480.000000007712,1,161,0.006172839506172839,-0.9889979135802468
2490.0000000079303,0,162,0.0,0.0
2500.0000000081486,0,162,0.0,0.0
2510.000000008367,4,158,0.024691358024691357,-3.955991654320987
2520.000000008585,3,159,0.018518518518518517,-2.9669937407407407
2530.0000000088035,2,160,0.012345679012345678,-1.9779958271604936
2540.0000000090217,3,159,0.018518518518518517,-2.9669937407407407
2550.00000000924,2,160,0.012345679012345678,-1.9779958271604936
2560.0000000094583,3,159,0.018518518518518517,-2.9669937407407407
2570.0000000096766,2,160,0.012345679012345678,-1.9779958271604936
2580.000000009895,2,160,0.012345679012345678,-1.9779958271604936
2590.000000010113,3,159,0.018518518518518517,-2.9669937407407407
2600.0000000103314,2,160,0.012345679012345678,-1.9779958271604936
2610.0000000105497,0,162,0.0,0.0
2620.000000010768,2,160,0.012345679012345678,-1.9779958271604936
2630.0000000109862,2,160,0.012345679012345678,-1.9779958271604936
2640.0000000112045,2,160,0.012345679012345678,-1.9779958271604936
2650.000000011423,2,160,0.012345679012345678,-1.9779958271604936
2660.000000011641,3,159,0.018518518518518517,-2.9669937407407407
2670.0000000118594,0,162,0.0,0.0
2680.0000000120776,1,161,0.006172839506172839,-0.9889979135802468
2690.000000012296,1,161,0.006172839506172839,-0.9889979135802468
2700.000000012514,2,160,0.012345679012345678,-1.9779958271604936
2710.0000000127325,1,161,0.006172839506172839,-0.9889979135802468
2720.0000000129507,1,161,0.006172839506172839,-0.9889979135802468
2730.000000013169,1,161,0.006172839506172839,-0.9889979135802468
2740.0000000133873,2,160,0.012345679012345678,-1.9779958271604936
2750.0000000136056,2,160,0.012345679012345678,-1.9779958271604936
2760.000000013824,4,158,0.024691358024691357,-3.955991654320987
2770.000000014042,1,161,0.006172839506172839,-0.9889979135802468
2780.0000000142604,2,160,0.012345679012345678,-1.9779958271604936
2790.0000000144787,1,161,0.006172839506172839,-0.9889979135802468
2800.000000014697,2,160,0.012345679012345678,-1.9779958271604936
2810.0000000149153,1,161,0.006172839506172839,-0.9889979135802468
2820.0000000151335,1,161,0.006172839506172839,-0.9889979135802468
2830.000000015352,1,161,0.006172839506172839,-0.9889979135802468
2840.00000001557,2,160,0.012345679012345678,-1.9779958271604936
2850.0000000157884,0,162,0.0,0.0
2860.0000000160067,1,161,0.006172839506172839,-0.9889979135802468
2870.000000016225,1,161,0.006172839506172839,-0.9889979135802468
2880.000000016443,0,162,0.0,0.0
2890.0000000166615,3,159,0.018518518518518517,-2.9669937407407407
2900.0000000168798,1,161,0.006172839506172839,-0.9889979135802468
2910.000000017098,1,161,0.006172839506172839,-0.9889979135802468
2920.0000000173163,1,161,0.006172839506172839,-0.9889979135802468
2930.0000000175346,2,160,0.012345679012345678,-1.9779958271604936
2940.000000017753,1,161,0.006172839506172839,-0.9889979135802468
2950.000000017971,3,159,0.018518518518518517,-2.9669937407407407
2960.0000000181894,2,160,0.012345679012345678,-1.9779958271604936
2970.0000000184077,0,162,0.0,0.0
2980.000000018626,1,161,0.006172839506172839,-0.9889979135802468
2990.0000000188443,2,160,0.012345679012345678,-1.9779958271604936
3000.0000000190626,0,162,0.0,0.0
3010.000000019281,2,160,0.012345679012345678,-1.9779958271604936
3020.000000019499,0,162,0.0,0.0
3030.0000000197174,1,161,0.006172839506172839,-0.9889979135802468
3040.0000000199357,1,161,0.006172839506172839,-0.9889979135802468
3050.000000020154,1,161,0.006172839506172839,-0.9889979135802468
3060.000000020372,1,161,0.006172839506172839,-0.9889979135802468
3070.0000000205905,1,161,0.006172839506172839,-0.9889979135802468
3080.000000020809,1,161,0.006172839506172839,-0.9889979135802468
3090.000000021027,1,161,0.006172839506172839,-0.9889979135802468
3100.0000000212453,0,162,0.0,0.0
3110.0000000214636,2,160,0.012345679012345678,-1.9779958271604936
3120.000000021682,0,162,0.0,0.0
3130.0000000219,2,160,0.012345679012345678,-1.9779958271604936
3140.0000000221185,2,160,0.012345679012345678,-1.9779958271604936
3150.0000000223367,0,162,0.0,0.0
3160.000000022555,3,159,0.018518518518518517,-2.9669937407407407
3170.0000000227733,1,161,0.006172839506172839,-0.9889979135802468
3180.0000000229916,3,159,0.018518518518518517,-2.9669937407407407
3190.00000002321,3,159,0.018518518518518517,-2.9669937407407407
3200.000000023428,3,159,0.018518518518518517,-2.9669937407407407
3210.0000000236464,2,160,0.012345679012345678,-1.9779958271604936
3220.0000000238647,0,162,0.0,0.0
3230.000000024083,1,161,0.006172839506172839,-0.9889979135802468
3240.0000000243012,1,161,0.006172839506172839,-0.9889979135802468
3250.0000000245195,1,161,0.006172839506172839,-0.9889979135802468
3260.000000024738,2,160,0.012345679012345678,-1.9779958271604936
3270.000000024956,4,158,0.024691358024691357,-3.955991654320987
3280.0000000251744,2,160,0.012345679012345678,-1.9779958271604936
3290.0000000253926,2,160,0.012345679012345678,-1.9779958271604936
3300.000000025611,2,160,0.012345679012345678,-1.9779958271604936
3310.000000025829,3,159,0.018518518518518517,-2.9669937407407407
3320.0000000260475,1,161,0.006172839506172839,-0.9889979135802468
3330.0000000262658,1,161,0.006172839506172839,-0.9889979135802468
3340.000000026484,1,161,0.006172839506172839,-0.9889979135802468
3350.0000000267023,1,161,0.006172839506172839,-0.9889979135802468
3360.0000000269206,0,162,0.0,0.0
3370.000000027139,2,160,0.012345679012345678,-1.9779958271604936
3380.000000027357,3,159,0.018518518518518517,-2.9669937407407407
3390.0000000275754,2,160,0.012345679012345678,-1.9779958271604936
3400.0000000277937,0,162,0.0,0.0
3410.000000028012,4,158,0.024691358024691357,-3.955991654320987
3420.0000000282303,0,162,0.0,0.0
3430.0000000284485,0,162,0.0,0.0
3440.000000028667,4,158,0.024691358024691357,-3.955991654320987
3450.000000028885,2,160,0.012345679012345678,-1.9779958271604936
3460.0000000291034,3,159,0.018518518518518517,-2.9669937407407407
3470.0000000293217,2,160,0.012345679012345678,-1.9779958271604936
3480.00000002954,1,161,0.006172839506172839,-0.9889979135802468
3490.000000029758,4,158,0.024691358024691357,-3.955991654320987
3500.0000000299765,1,161,0.006172839506172839,-0.9889979135802468
3510.0000000301948,2,160,0.012345679012345678,-1.9779958271604936
3520.000000030413,2,160,0.012345679012345678,-1.9779958271604936
3530.0000000306313,4,158,0.024691358024691357,-3.955991654320987
3540.0000000308496,1,161,0.006172839506172839,-0.9889979135802468
3550.000000031068,1,161,0.006172839506172839,-0.9889979135802468
3560.000000031286,1,161,0.006172839506172839,-0.9889979135802468
3570.0000000315044,0,162,0.0,0.0
3580.0000000317227,1,161,0.006172839506172839,-0.9889979135802468
3590.000000031941,2,160,0.012345679012345678,-1.9779958271604936
3600.0000000321593,2,160,0.012345679012345678,-1.9779958271604936
3610.0000000323776,3,159,0.018518518518518517,-2.9669937407407407
3620.000000032596,1,161,0.006172839506172839,-0.9889979135802468
3630.000000032814,2,160,0.012345679012345678,-1.9779958271604936
3640.0000000330324,2,160,0.012345679012345678,-1.9779958271604936
3650.0000000332507,0,162,0.0,0.0
3660.000000033469,1,161,0.006172839506172839,-0.9889979135802468
3670.0000000336872,3,159,0.018518518518518517,-2.9669937407407407
3680.0000000339055,2,160,0.012345679012345678,-1.9779958271604936
3690.000000034124,1,161,0.006172839506172839,-0.9889979135802468
3700.000000034342,1,161,0.006172839506172839,-0.9889979135802468
3710.0000000345603,3,159,0.018518518518518517,-2.9669937407407407
3720.0000000347786,1,161,0.006172839506172839,-0.9889979135802468
3730.000000034997,1,161,0.006172839506172839,-0.9889979135802468
3740.000000035215,2,160,0.012345679012345678,-1.9779958271604936
3750.0000000354335,2,160,0.012345679012345678,-1.9779958271604936
3760.0000000356517,3,159,0.018518518518518517,-2.9669937407407407
3770.00000003587,1,161,0.006172839506172839,-0.9889979135802468
3780.0000000360883,1,161,0.006172839506172839,-0.9889979135802468
3790.0000000363066,2,160,0.012345679012345678,-1.9779958271604936
3800.000000036525,4,158,0.024691358024691357,-3.955991654320987
3810.000000036743,1,161,0.006172839506172839,-0.9889979135802468
3820.0000000369614,2,160,0.012345679012345678,-1.9779958271604936
3830.0000000371797,0,162,0.0,0.0
3840.000000037398,1,161,0.006172839506172839,-0.9889979135802468
3850.0000000376162,1,161,0.006172839506172839,-0.9889979135802468
3860.0000000378345,3,159,0.018518518518518517,-2.9669937407407407
3870.000000038053,4,158,0.024691358024691357,-3.955991654320987
3880.000000038271,0,162,0.0,0.0
3890.0000000384894,2,160,0.012345679012345678,-1.9779958271604936
3900.0000000387076,1,161,0.006172839506172839,-0.9889979135802468
3910.000000038926,0,162,0.0,0.0
3920.000000039144,1,161,0.006172839506172839,-0.9889979135802468
3930.0000000393625,1,161,0.006172839506172839,-0.9889979135802468
3940.0000000395808,1,161,0.006172839506172839,-0.9889979135802468
3950.000000039799,1,161,0.006172839506172839,-0.9889979135802468
3960.0000000400173,1,161,0.006172839506172839,-0.9889979135802468
3970.0000000402356,2,160,0.012345679012345678,-1.9779958271604936
3980.000000040454,0,162,0.0,0.0
3990.000000040672,0,162,0.0,0.0
4000.0000000408904,2,160,0.012345679012345678,-1.9779958271604936
4010.0000000411087,3,159,0.018518518518518517,-2.9669937407407407
4020.000000041327,1,161,0.006172839506172839,-0.9889979135802468
4030.0000000415453,0,162,0.0,0.0
4040.0000000417635,0,162,0.0,0.0
4050.000000041982,0,162,0.0,0.0
4060.0000000422,1,161,0.006172839506172839,-0.9889979135802468
4070.0000000424184,0,162,0.0,0.0
4080.0000000426367,1,161,0.006172839506172839,-0.9889979135802468
4090.000000042855,2,160,0.012345679012345678,-1.9779958271604936
4100.000000043073,1,161,0.006172839506172839,-0.9889979135802468
4110.000000043291,1,161,0.006172839506172839,-0.9889979135802468
4120.000000043509,1,161,0.006172839506172839,-0.9889979135802468
4130.000000043728,2,160,0.012345679012345678,-1.9779958271604936
4140.000000043946,0,162,0.0,0.0
4150.000000044164,1,161,0.006172839506172839,-0.9889979135802468
4160.000000044382,2,160,0.012345679012345678,-1.9779958271604936
4170.000000044601,4,158,0.024691358024691357,-3.955991654320987
4180.000000044819,0,162,0.0,0.0
4190.000000045037,0,162,0.0,0.0
4200.000000045256,2,160,0.012345679012345678,-1.9779958271604936
4210.000000045474,2,160,0.012345679012345678,-1.9779958271604936
4220.000000045692,2,160,0.012345679012345678,-1.9779958271604936
4230.00000004591,2,160,0.012345679012345678,-1.9779958271604936
4240.000000046129,0,162,0.0,0.0
4250.000000046347,1,161,0.006172839506172839,-0.9889979135802468
4260.000000046565,1,161,0.006172839506172839,-0.9889979135802468
4270.0000000467835,1,161,0.006172839506172839,-0.9889979135802468
4280.000000047002,0,162,0.0,0.0
4290.00000004722,0,162,0.0,0.0
4300.000000047438,0,162,0.0,0.0
4310.000000047657,2,160,0.012345679012345678,-1.9779958271604936
4320.000000047875,1,161,0.006172839506172839,-0.9889979135802468
4330.000000048093,0,162,0.0,0.0
4340.000000048311,0,162,0.0,0.0
4350.00000004853,1,161,0.006172839506172839,-0.9889979135802468
4360.000000048748,0,162,0.0,0.0
4370.000000048966,0,162,0.0,0.0
4380.000000049185,1,161,0.006172839506172839,-0.9889979135802468
4390.000000049403,4,158,0.024691358024691357,-3.955991654320987
4400.000000049621,2,160,0.012345679012345678,-1.9779958271604936
4410.000000049839,2,160,0.012345679012345678,-1.9779958271604936
4420.000000050058,2,160,0.012345679012345678,-1.9779958271604936
4430.000000050276,1,161,0.006172839506172839,-0.9889979135802468
4440.000000050494,1,161,0.006172839506172839,-0.9889979135802468
4450.0000000507125,2,160,0.012345679012345678,-1.9779958271604936
4460.000000050931,1,161,0.006172839506172839,-0.9889979135802468
4470.000000051149,2,160,0.012345679012345678,-1.9779958271604936
4480.000000051367,1,161,0.006172839506172839,-0.9889979135802468
4490.000000051586,2,160,0.012345679012345678,-1.9779958271604936
4500.000000051804,1,161,0.006172839506172839,-0.9889979135802468
4510.000000052022,2,160,0.012345679012345678,-1.9779958271604936
4520.0000000522405,2,160,0.012345679012345678,-1.9779958271604936
4530.000000052459,2,160,0.012345679012345678,-1.9779958271604936
4540.000000052677,2,160,0.012345679012345678,-1.9779958271604936
4550.000000052895,1,161,0.006172839506172839,-0.9889979135802468
4560.000000053114,1,161,0.006172839506172839,-0.9889979135802468
4570.000000053332,0,162,0.0,0.0
4580.00000005355,1,161,0.006172839506172839,-0.9889979135802468
4590.000000053768,1,161,0.006172839506172839,-0.9889979135802468
4600.000000053987,2,160,0.012345679012345678,-1.9779958271604936
4610.000000054205,1,161,0.006172839506172839,-0.9889979135802468
4620.000000054423,1,161,0.006172839506172839,-0.9889979135802468
4630.0000000546415,1,161,0.006172839506172839,-0.9889979135802468
4640.00000005486,3,159,0.018518518518518517,-2.9669937407407407
4650.000000055078,4,158,0.024691358024691357,-3.955991654320987
4660.000000055296,3,159,0.018518518518518517,-2.9669937407407407
4670.000000055515,3,159,0.018518518518518517,-2.9669937407407407
4680.000000055733,4,158,0.024691358024691357,-3.955991654320987
4690.000000055951,0,162,0.0,0.0
4700.0000000561695,1,161,0.006172839506172839,-0.9889979135802468
4710.000000056388,1,161,0.006172839506172839,-0.9889979135802468
4720.000000056606,1,161,0.006172839506172839,-0.9889979135802468
4730.000000056824,2,160,0.012345679012345678,-1.9779958271604936
4740.000000057043,0,162,0.0,0.0
4750.000000057261,0,162,0.0,0.0
4760.000000057479,0,162,0.0,0.0
4770.000000057697,2,160,0.012345679012345678,-1.9779958271604936
4780.000000057916,1,161,0.006172839506172839,-0.9889979135802468
4790.000000058134,2,160,0.012345679012345678,-1.9779958271604936
4800.000000058352,2,160,0.012345679012345678,-1.9779958271604936
4810.000000058571,1,161,0.006172839506172839,-0.9889979135802468
4820.000000058789,2,160,0.012345679012345678,-1.9779958271604936
4830.000000059007,1,161,0.006172839506172839,-0.9889979135802468
4840.000000059225,2,160,0.012345679012345678,-1.9779958271604936
4850.000000059444,2,160,0.012345679012345678,-1.9779958271604936
4860.000000059662,2,160,0.012345679012345678,-1.9779958271604936
4870.00000005988,2,160,0.012345679012345678,-1.9779958271604936
4880.0000000600985,3,159,0.018518518518518517,-2.9669937407407407
4890.000000060317,1,161,0.006172839506172839,-0.9889979135802468
4900.000000060535,3,159,0.018518518518518517,-2.9669937407407407
4910.000000060753,2,160,0.012345679012345678,-1.9779958271604936
4920.000000060972,1,161,0.006172839506172839,-0.9889979135802468
4930.00000006119,0,162,0.0,0.0
4940.000000061408,1,161,0.006172839506172839,-0.9889979135802468
4950.000000061626,4,158,0.024691358024691357,-3.955991654320987
4960.000000061845,1,161,0.006172839506172839,-0.9889979135802468
4970.000000062063,1,161,0.006172839506172839,-0.9889979135802468
4980.000000062281,4,158,0.024691358024691357,-3.955991654320987
4990.0000000625,1,161,0.006172839506172839,-0.9889979135802468
5000.000000062718,5,157,0.030864197530864196,-4.944989567901234
5010.000000062936,2,160,0.012345679012345678,-1.9779958271604936
5020.000000063154,2,160,0.012345679012345678,-1.9779958271604936
5030.000000063373,1,161,0.006172839506172839,-0.9889979135802468
5040.000000063591,1,161,0.006172839506172839,-0.9889979135802468
5050.000000063809,0,162,0.0,0.0
5060.0000000640275,0,162,0.0,0.0
5070.000000064246,3,159,0.018518518518518517,-2.9669937407407407
5080.000000064464,1,161,0.006172839506172839,-0.9889979135802468
5090.000000064682,2,160,0.012345679012345678,-1.9779958271604936
5100.000000064901,2,160,0.012345679012345678,-1.9779958271604936
5110.000000065119,0,162,0.0,0.0
5120.000000065337,4,158,0.024691358024691357,-3.955991654320987
5130.0000000655555,2,160,0.012345679012345678,-1.9779958271604936
5140.000000065774,0,162,0.0,0.0
5150.000000065992,3,159,0.018518518518518517,-2.9669937407407407
5160.00000006621,3,159,0.018518518518518517,-2.9669937407407407
5170.000000066429,1,161,0.006172839506172839,-0.9889979135802468
5180.000000066647,1,161,0.006172839506172839,-0.9889979135802468
5190.000000066865,0,162,0.0,0.0
5200.000000067083,1,161,0.006172839506172839,-0.9889979135802468
5210.000000067302,0,162,0.0,0.0
5220.00000006752,1,161,0.006172839506172839,-0.9889979135802468
5230.000000067738,0,162,0.0,0.0
5240.0000000679565,0,162,0.0,0.0
5250.000000068175,1,161,0.006172839506172839,-0.9889979135802468
5260.000000068393,2,160,0.012345679012345678,-1.9779958271604936
5270.000000068611,2,160,0.012345679012345678,-1.9779958271604936
5280.00000006883,3,159,0.018518518518518517,-2.9669937407407407
5290.000000069048,0,162,0.0,0.0
5300.000000069266,2,160,0.012345679012345678,-1.9779958271604936
5310.0000000694845,1,161,0.006172839506172839,-0.9889979135802468
5320.000000069703,1,161,0.006172839506172839,-0.9889979135802468
5330.000000069921,1,161,0.006172839506172839,-0.9889979135802468
5340.000000070139,2,160,0.012345679012345678,-1.9779958271604936
5350.000000070358,1,161,0.006172839506172839,-0.9889979135802468
5360.000000070576,1,161,0.006172839506172839,-0.9889979135802468
5370.000000070794,3,159,0.018518518518518517,-2.9669937407407407
5380.000000071012,2,160,0.012345679012345678,-1.9779958271604936
5390.000000071231,1,161,0.006172839506172839,-0.9889979135802468
5400.000000071449,1,161,0.006172839506172839,-0.9889979135802468
5410.000000071667,2,160,0.012345679012345678,-1.9779958271604936
5420.000000071886,1,161,0.006172839506172839,-0.9889979135802468
5430.000000072104,1,161,0.006172839506172839,-0.9889979135802468
5440.000000072322,2,160,0.012345679012345678,-1.9779958271604936
5450.00000007254,1,161,0.006172839506172839,-0.9889979135802468
5460.000000072759,2,160,0.012345679012345678,-1.9779958271604936
5470.000000072977,3,159,0.018518518518518517,-2.9669937407407407
5480.000000073195,1,161,0.006172839506172839,-0.9889979135802468
5490.0000000734135,1,161,0.006172839506172839,-0.9889979135802468
5500.000000073632,2,160,0.012345679012345678,-1.9779958271604936
5510.00000007385,2,160,0.012345679012345678,-1.9779958271604936
5520.000000074068,4,158,0.024691358024691357,-3.955991654320987
5530.000000074287,2,160,0.012345679012345678,-1.9779958271604936
5540.000000074505,3,159,0.018518518518518517,-2.9669937407407407
5550.000000074723,2,160,0.012345679012345678,-1.9779958271604936
5560.000000074941,3,159,0.018518518518518517,-2.9669937407407407
5570.00000007516,4,158,0.024691358024691357,-3.955991654320987
5580.000000075378,0,162,0.0,0.0
5590.000000075596,4,158,0.024691358024691357,-3.955991654320987
5600.000000075815,3,159,0.018518518518518517,-2.9669937407407407
5610.000000076033,2,160,0.012345679012345678,-1.9779958271604936
5620.000000076251,3,159,0.018518518518518517,-2.9669937407407407
5630.000000076469,2,160,0.012345679012345678,-1.9779958271604936
5640.000000076688,3,159,0.018518518518518517,-2.9669937407407407
5650.000000076906,1,161,0.006172839506172839,-0.9889979135802468
5660.000000077124,4,158,0.024691358024691357,-3.955991654320987
5670.0000000773425,3,159,0.018518518518518517,-2.9669937407407407
5680.000000077561,3,159,0.018518518518518517,-2.9669937407407407
5690.000000077779,1,161,0.006172839506172839,-0.9889979135802468
5700.000000077997,4,158,0.024691358024691357,-3.955991654320987
5710.000000078216,4,158,0.024691358024691357,-3.955991654320987
5720.000000078434,4,158,0.024691358024691357,-3.955991654320987
5730.000000078652,0,162,0.0,0.0
5740.0000000788705,1,161,0.006172839506172839,-0.9889979135802468
5750.000000079089,3,159,0.018518518518518517,-2.9669937407407407
5760.000000079307,1,161,0.006172839506172839,-0.9889979135802468
5770.000000079525,1,161,0.006172839506172839,-0.9889979135802468
5780.000000079744,2,160,0.012345679012345678,-1.9779958271604936
5790.000000079962,4,158,0.024691358024691357,-3.955991654320987
5800.00000008018,2,160,0.012345679012345678,-1.9779958271604936
5810.000000080398,2,160,0.012345679012345678,-1.9779958271604936
5820.000000080617,3,159,0.018518518518518517,-2.9669937407407407
5830.000000080835,2,160,0.012345679012345678,-1.9779958271604936
5840.000000081053,4,158,0.024691358024691357,-3.955991654320987
5850.0000000812715,0,162,0.0,0.0
5860.00000008149,2,160,0.012345679012345678,-1.9779958271604936
5870.000000081708,3,159,0.018518518518518517,-2.9669937407407407
5880.000000081926,2,160,0.012345679012345678,-1.9779958271604936
5890.000000082145,1,161,0.006172839506172839,-0.9889979135802468
5900.000000082363,1,161,0.006172839506172839,-0.9889979135802468
5910.000000082581,2,160,0.012345679012345678,-1.9779958271604936
5920.0000000827995,1,161,0.006172839506172839,-0.9889979135802468
5930.000000083018,4,158,0.024691358024691357,-3.955991654320987
5940.000000083236,2,160,0.012345679012345678,-1.9779958271604936
5950.000000083454,2,160,0.012345679012345678,-1.9779958271604936
5960.000000083673,1,161,0.006172839506172839,-0.9889979135802468
5970.000000083891,3,159,0.018518518518518517,-2.9669937407407407
5980.000000084109,1,161,0.006172839506172839,-0.9889979135802468
5990.000000084327,4,158,0.024691358024691357,-3.955991654320987
6000.000000084546,1,161,0.006172839506172839,-0.9889979135802468
6010.000000084764,1,161,0.006172839506172839,-0.9889979135802468
6020.000000084982,2,160,0.012345679012345678,-1.9779958271604936
6030.000000085201,1,161,0.006172839506172839,-0.9889979135802468
6040.000000085419,1,161,0.006172839506172839,-0.9889979135802468
6050.000000085637,4,158,0.024691358024691357,-3.955991654320987
6060.000000085855,1,161,0.006172839506172839,-0.9889979135802468
6070.000000086074,1,161,0.006172839506172839,-0.9889979135802468
6080.000000086292,0,162,0.0,0.0
6090.00000008651,2,160,0.012345679012345678,-1.9779958271604936
6100.0000000867285,1,161,0.006172839506172839,-0.9889979135802468
6110.000000086947,4,158,0.024691358024691357,-3.955991654320987
6120.000000087165,0,162,0.0,0.0
6130.000000087383,1,161,0.006172839506172839,-0.9889979135802468
6140.000000087602,1,161,0.006172839506172839,-0.9889979135802468
6150.00000008782,2,160,0.012345679012345678,-1.9779958271604936
6160.000000088038,3,159,0.018518518518518517,-2.9669937407407407
6170.0000000882565,1,161,0.006172839506172839,-0.9889979135802468
6180.000000088475,1,161,0.006172839506172839,-0.9889979135802468
6190.000000088693,1,161,0.006172839506172839,-0.9889979135802468
6200.000000088911,1,161,0.006172839506172839,-0.9889979135802468
6210.00000008913,2,160,0.012345679012345678,-1.9779958271604936
6220.000000089348,1,161,0.006172839506172839,-0.9889979135802468
6230.000000089566,0,162,0.0,0.0
6240.000000089784,0,162,0.0,0.0
6250.000000090003,3,159,0.018518518518518517,-2.9669937407407407
6260.000000090221,3,159,0.018518518518518517,-2.9669937407407407
6270.000000090439,3,159,0.018518518518518517,-2.9669937407407407
6280.0000000906575,0,162,0.0,0.0
6290.000000090876,4,158,0.024691358024691357,-3.955991654320987
6300.000000091094,1,161,0.006172839506172839,-0.9889979135802468
6310.000000091312,2,160,0.012345679012345678,-1.9779958271604936
6320.000000091531,1,161,0.006172839506172839,-0.9889979135802468
6330.000000091749,2,160,0.012345679012345678,-1.9779958271604936
6340.000000091967,2,160,0.012345679012345678,-1.9779958271604936
6350.0000000921855,1,161,0.006172839506172839,-0.9889979135802468
6360.000000092404,0,162,0.0,0.0
6370.000000092622,1,161,0.006172839506172839,-0.9889979135802468
6380.00000009284,3,159,0.018518518518518517,-2.9669937407407407
6390.000000093059,1,161,0.006172839506172839,-0.9889979135802468
6400.000000093277,1,161,0.006172839506172839,-0.9889979135802468
6410.000000093495,2,160,0.012345679012345678,-1.9779958271604936
6420.000000093713,4,158,0.024691358024691357,-3.955991654320987
6430.000000093932,3,159,0.018518518518518517,-2.9669937407407407
6440.00000009415,1,161,0.006172839506172839,-0.9889979135802468
6450.000000094368,2,160,0.012345679012345678,-1.9779958271604936
6460.0000000945865,0,162,0.0,0.0
6470.000000094805,2,160,0.012345679012345678,-1.9779958271604936
6480.000000095023,1,161,0.006172839506172839,-0.9889979135802468
6490.000000095241,2,160,0.012345679012345678,-1.9779958271604936
6500.00000009546,5,157,0.030864197530864196,-4.944989567901234
6510.000000095678,4,158,0.024691358024691357,-3.955991654320987
6520.000000095896,0,162,0.0,0.0
6530.0000000961145,1,161,0.006172839506172839,-0.9889979135802468
6540.000000096333,4,158,0.024691358024691357,-3.955991654320987
6550.000000096551,2,160,0.012345679012345678,-1.9779958271604936
6560.000000096769,1,161,0.006172839506172839,-0.9889979135802468
6570.000000096988,1,161,0.006172839506172839,-0.9889979135802468
6580.000000097206,2,160,0.012345679012345678,-1.9779958271604936
6590.000000097424,2,160,0.012345679012345678,-1.9779958271604936
6600.000000097642,1,161,0.006172839506172839,-0.9889979135802468
6610.000000097861,3,159,0.018518518518518517,-2.9669937407407407
6620.000000098079,3,159,0.018518518518518517,-2.9669937407407407
6630.000000098297,0,162,0.0,0.0
6640.000000098516,4,158,0.024691358024691357,-3.955991654320987
6650.000000098734,1,161,0.006172839506172839,-0.9889979135802468
6660.000000098952,0,162,0.0,0.0
6670.00000009917,2,160,0.012345679012345678,-1.9779958271604936
6680.000000099389,2,160,0.012345679012345678,-1.9779958271604936
6690.000000099607,2,160,0.012345679012345678,-1.9779958271604936
6700.000000099825,2,160,0.012345679012345678,-1.9779958271604936
6710.0000001000435,1,161,0.006172839506172839,-0.9889979135802468
6720.000000100262,1,161,0.006172839506172839,-0.9889979135802468
6730.00000010048,2,160,0.012345679012345678,-1.9779958271604936
6740.000000100698,5,157,0.030864197530864196,-4.944989567901234
6750.000000100917,0,162,0.0,0.0
6760.000000101135,1,161,0.006172839506172839,-0.9889979135802468
6770.000000101353,1,161,0.006172839506172839,-0.9889979135802468
6780.0000001015715,2,160,0.012345679012345678,-1.9779958271604936
6790.00000010179,3,159,0.018518518518518517,-2.9669937407407407
6800.000000102008,1,161,0.006172839506172839,-0.9889979135802468
6810.000000102226,2,160,0.012345679012345678,-1.9779958271604936
6820.000000102445,2,160,0.012345679012345678,-1.9779958271604936
6830.000000102663,2,160,0.012345679012345678,-1.9779958271604936
6840.000000102881,1,161,0.006172839506172839,-0.9889979135802468
6850.000000103099,2,160,0.012345679012345678,-1.9779958271604936
6860.000000103318,0,162,0.0,0.0
6870.000000103536,0,162,0.0,0.0
6880.000000103754,1,161,0.006172839506172839,-0.9889979135802468
6890.0000001039725,2,160,0.012345679012345678,-1.9779958271604936
6900.000000104191,2,160,0.012345679012345678,-1.9779958271604936
6910.000000104409,0,162,0.0,0.0
6920.000000104627,1,161,0.006172839506172839,-0.9889979135802468
6930.000000104846,0,162,0.0,0.0
6940.000000105064,0,162,0.0,0.0
6950.000000105282,2,160,0.012345679012345678,-1.9779958271604936
6960.0000001055005,1,161,0.006172839506172839,-0.9889979135802468
6970.000000105719,1,161,0.006172839506172839,-0.9889979135802468
6980.000000105937,0,162,0.0,0.0
6990.000000106155,0,162,0.0,0.0
7000.000000106374,0,162,0.0,0.0
7010.000000106592,1,161,0.006172839506172839,-0.9889979135802468
7020.00000010681,1,161,0.006172839506172839,-0.9889979135802468
7030.000000107028,1,161,0.006172839506172839,-0.9889979135802468
7040.000000107247,3,159,0.018518518518518517,-2.9669937407407407
7050.000000107465,1,161,0.006172839506172839,-0.9889979135802468
7060.000000107683,1,161,0.006172839506172839,-0.9889979135802468
7070.0000001079015,2,160,0.012345679012345678,-1.9779958271604936
7080.00000010812,1,161,0.006172839506172839,-0.9889979135802468
7090.000000108338,1,161,0.006172839506172839,-0.9889979135802468
7100.000000108556,1,161,0.006172839506172839,-0.9889979135802468
7110.000000108775,2,160,0.012345679012345678,-1.9779958271604936
7120.000000108993,3,159,0.018518518518518517,-2.9669937407407407
7130.000000109211,1,161,0.006172839506172839,-0.9889979135802468
7140.0000001094295,0,162,0.0,0.0
7150.000000109648,1,161,0.006172839506172839,-0.9889979135802468
7160.000000109866,0,162,0.0,0.0
7170.000000110084,0,162,0.0,0.0
7180.000000110303,0,162,0.0,0.0
7190.000000110521,1,161,0.006172839506172839,-0.9889979135802468
7200.000000110739,0,162,0.0,0.0
7210.000000110957,1,161,0.006172839506172839,-0.9889979135802468
7220.000000111176,0,162,0.0,0.0
7230.000000111394,2,160,0.012345679012345678,-1.9779958271604936
7240.000000111612,2,160,0.012345679012345678,-1.9779958271604936
7250.000000111831,2,160,0.012345679012345678,-1.9779958271604936
7260.000000112049,2,160,0.012345679012345678,-1.9779958271604936
7270.000000112267,3,159,0.018518518518518517,-2.9669937407407407
7280.000000112485,2,160,0.012345679012345678,-1.9779958271604936
7290.000000112704,2,160,0.012345679012345678,-1.9779958271604936
7300.000000112922,0,162,0.0,0.0
7310.00000011314,0,162,0.0,0.0
7320.0000001133585,0,162,0.0,0.0
7330.000000113577,1,161,0.006172839506172839,-0.9889979135802468
7340.000000113795,1,161,0.006172839506172839,-0.9889979135802468
7350.000000114013,3,159,0.018518518518518517,-2.9669937407407407
7360.000000114232,4,158,0.024691358024691357,-3.955991654320987
7370.00000011445,2,160,0.012345679012345678,-1.9779958271604936
7380.000000114668,2,160,0.012345679012345678,-1.9779958271604936
7390.0000001148865,1,161,0.006172839506172839,-0.9889979135802468
7400.000000115105,1,161,0.006172839506172839,-0.9889979135802468
7410.000000115323,1,161,0.006172839506172839,-0.9889979135802468
7420.000000115541,4,158,0.024691358024691357,-3.955991654320987
7430.00000011576,2,160,0.012345679012345678,-1.9779958271604936
7440.000000115978,2,160,0.012345679012345678,-1.9779958271604936
7450.000000116196,1,161,0.006172839506172839,-0.9889979135802468
7460.000000116414,2,160,0.012345679012345678,-1.9779958271604936
7470.000000116633,2,160,0.012345679012345678,-1.9779958271604936
7480.000000116851,0,162,0.0,0.0
7490.000000117069,1,161,0.006172839506172839,-0.9889979135802468
7500.0000001172875,1,161,0.006172839506172839,-0.9889979135802468
7510.000000117506,1,161,0.006172839506172839,-0.9889979135802468
7520.000000117724,0,162,0.0,0.0
7530.000000117942,0,162,0.0,0.0
7540.000000118161,3,159,0.018518518518518517,-2.9669937407407407
7550.000000118379,3,159,0.018518518518518517,-2.9669937407407407
7560.000000118597,1,161,0.006172839506172839,-0.9889979135802468
7570.0000001188155,0,162,0.0,0.0
7580.000000119034,2,160,0.012345679012345678,-1.9779958271604936
7590.000000119252,2,160,0.012345679012345678,-1.9779958271604936
7600.00000011947,2,160,0.012345679012345678,-1.9779958271604936
7610.000000119689,0,162,0.0,0.0
7620.000000119907,1,161,0.006172839506172839,-0.9889979135802468
7630.000000120125,0,162,0.0,0.0
7640.000000120343,1,161,0.006172839506172839,-0.9889979135802468
7650.000000120562,0,162,0.0,0.0
7660.00000012078,0,162,0.0,0.0
7670.000000120998,2,160,0.012345679012345678,-1.9779958271604936
7680.0000001212165,0,162,0.0,0.0
7690.000000121435,0,162,0.0,0.0
7700.000000121653,0,162,0.0,0.0
7710.000000121871,1,161,0.006172839506172839,-0.9889979135802468
7720.00000012209,1,161,0.006172839506172839,-0.9889979135802468
7730.000000122308,1,161,0.006172839506172839,-0.9889979135802468
7740.000000122526,0,162,0.0,0.0
7750.0000001227445,2,160,0.012345679012345678,-1.9779958271604936
7760.000000122963,2,160,0.012345679012345678,-1.9779958271604936
7770.000000123181,1,161,0.006172839506172839,-0.9889979135802468
7780.000000123399,3,159,0.018518518518518517,-2.9669937407407407
7790.000000123618,2,160,0.012345679012345678,-1.9779958271604936
7800.000000123836,2,160,0.012345679012345678,-1.9779958271604936
7810.000000124054,3,159,0.018518518518518517,-2.9669937407407407
7820.000000124272,1,161,0.006172839506172839,-0.9889979135802468
7830.000000124491,0,162,0.0,0.0
7840.000000124709,3,159,0.018518518518518517,-2.9669937407407407
7850.000000124927,4,158,0.024691358024691357,-3.955991654320987
7860.000000125146,0,162,0.0,0.0
7870.000000125364,2,160,0.012345679012345678,-1.9779958271604936
7880.000000125582,0,162,0.0,0.0
7890.0000001258,2,160,0.012345679012345678,-1.9779958271604936
7900.000000126019,3,159,0.018518518518518517,-2.9669937407407407
7910.000000126237,0,162,0.0,0.0
7920.000000126455,2,160,0.012345679012345678,-1.9779958271604936
7930.0000001266735,3,159,0.018518518518518517,-2.9669937407407407
7940.000000126892,3,159,0.018518518518518517,-2.9669937407407407
7950.00000012711,3,159,0.018518518518518517,-2.9669937407407407
7960.000000127328,1,161,0.006172839506172839,-0.9889979135802468
7970.000000127547,1,161,0.006172839506172839,-0.9889979135802468
7980.000000127765,1,161,0.006172839506172839,-0.9889979135802468
7990.000000127983,1,161,0.006172839506172839,-0.9889979135802468
8000.0000001282015,1,161,0.006172839506172839,-0.9889979135802468
8010.00000012842,1,161,0.006172839506172839,-0.9889979135802468
8020.000000128638,0,162,0.0,0.0
8030.000000128856,3,159,0.018518518518518517,-2.9669937407407407
8040.000000129075,0,162,0.0,0.0
8050.000000129293,1,161,0.006172839506172839,-0.9889979135802468
8060.000000129511,2,160,0.012345679012345678,-1.9779958271604936
8070.000000129729,2,160,0.012345679012345678,-1.9779958271604936
8080.000000129948,1,161,0.006172839506172839,-0.9889979135802468
8090.000000130166,3,159,0.018518518518518517,-2.9669937407407407
8100.000000130384,1,161,0.006172839506172839,-0.9889979135802468
8110.0000001306025,0,162,0.0,0.0
8120.000000130821,2,160,0.012345679012345678,-1.9779958271604936
8130.000000131039,3,159,0.018518518518518517,-2.9669937407407407
8140.000000131257,3,159,0.018518518518518517,-2.9669937407407407
8150.000000131476,3,159,0.018518518518518517,-2.9669937407407407
8160.000000131694,2,160,0.012345679012345678,-1.9779958271604936
8170.000000131912,1,161,0.006172839506172839,-0.9889979135802468
8180.0000001321305,2,160,0.012345679012345678,-1.9779958271604936
8190.000000132349,1,161,0.006172839506172839,-0.9889979135802468
8200.000000132566,2,160,0.012345679012345678,-1.9779958271604936
8210.000000132784,0,162,0.0,0.0
8220.000000133003,1,161,0.006172839506172839,-0.9889979135802468
8230.000000133221,0,162,0.0,0.0
8240.00000013344,1,161,0.006172839506172839,-0.9889979135802468
8250.000000133658,2,160,0.012345679012345678,-1.9779958271604936
8260.000000133876,1,161,0.006172839506172839,-0.9889979135802468
8270.000000134094,1,161,0.006172839506172839,-0.9889979135802468
8280.000000134312,1,161,0.006172839506172839,-0.9889979135802468
8290.00000013453,1,161,0.006172839506172839,-0.9889979135802468
8300.000000134749,0,162,0.0,0.0
8310.000000134967,2,160,0.012345679012345678,-1.9779958271604936
8320.000000135185,2,160,0.012345679012345678,-1.9779958271604936
8330.000000135404,1,161,0.006172839506172839,-0.9889979135802468
8340.000000135622,1,161,0.006172839506172839,-0.9889979135802468
8350.00000013584,0,162,0.0,0.0
8360.000000136059,2,160,0.012345679012345678,-1.9779958271604936
8370.000000136277,1,161,0.006172839506172839,-0.9889979135802468
8380.000000136495,1,161,0.006172839506172839,-0.9889979135802468
8390.000000136713,4,158,0.024691358024691357,-3.955991654320987
8400.000000136932,1,161,0.006172839506172839,-0.9889979135802468
8410.00000013715,2,160,0.012345679012345678,-1.9779958271604936
8420.000000137368,0,162,0.0,0.0
8430.000000137587,2,160,0.012345679012345678,-1.9779958271604936
8440.000000137805,2,160,0.012345679012345678,-1.9779958271604936
8450.000000138023,1,161,0.006172839506172839,-0.9889979135802468
8460.000000138241,3,159,0.018518518518518517,-2.9669937407407407
8470.00000013846,3,159,0.018518518518518517,-2.9669937407407407
8480.000000138678,0,162,0.0,0.0
8490.000000138896,2,160,0.012345679012345678,-1.9779958271604936
8500.000000139114,1,161,0.006172839506172839,-0.9889979135802468
8510.000000139333,2,160,0.012345679012345678,-1.9779958271604936
8520.000000139551,3,159,0.018518518518518517,-2.9669937407407407
8530.00000013977,0,162,0.0,0.0
8540.000000139988,3,159,0.018518518518518517,-2.9669937407407407
8550.000000140206,1,161,0.006172839506172839,-0.9889979135802468
8560.000000140424,0,162,0.0,0.0
8570.000000140642,3,159,0.018518518518518517,-2.9669937407407407
8580.00000014086,2,160,0.012345679012345678,-1.9779958271604936
8590.000000141079,2,160,0.012345679012345678,-1.9779958271604936
8600.000000141297,4,158,0.024691358024691357,-3.955991654320987
8610.000000141516,2,160,0.012345679012345678,-1.9779958271604936
8620.000000141734,3,159,0.018518518518518517,-2.9669937407407407
8630.000000141952,3,159,0.018518518518518517,-2.9669937407407407
8640.00000014217,2,160,0.012345679012345678,-1.9779958271604936
8650.000000142389,3,159,0.018518518518518517,-2.9669937407407407
8660.000000142607,1,161,0.006172839506172839,-0.9889979135802468
8670.000000142825,3,159,0.018518518518518517,-2.9669937407407407
8680.000000143044,2,160,0.012345679012345678,-1.9779958271604936
8690.000000143262,2,160,0.012345679012345678,-1.9779958271604936
8700.00000014348,1,161,0.006172839506172839,-0.9889979135802468
8710.000000143698,2,160,0.012345679012345678,-1.9779958271604936
8720.000000143917,2,160,0.012345679012345678,-1.9779958271604936
8730.000000144135,1,161,0.006172839506172839,-0.9889979135802468
8740.000000144353,1,161,0.006172839506172839,-0.9889979135802468
8750.000000144571,1,161,0.006172839506172839,-0.9889979135802468
8760.00000014479,1,161,0.006172839506172839,-0.9889979135802468
8770.000000145008,0,162,0.0,0.0
8780.000000145226,1,161,0.006172839506172839,-0.9889979135802468
8790.000000145445,2,160,0.012345679012345678,-1.9779958271604936
8800.000000145663,2,160,0.012345679012345678,-1.9779958271604936
8810.000000145881,2,160,0.012345679012345678,-1.9779958271604936
8820.0000001461,1,161,0.006172839506172839,-0.9889979135802468
8830.000000146318,0,162,0.0,0.0
8840.000000146536,1,161,0.006172839506172839,-0.9889979135802468
8850.000000146754,2,160,0.012345679012345678,-1.9779958271604936
8860.000000146973,0,162,0.0,0.0
8870.00000014719,0,162,0.0,0.0
8880.000000147409,1,161,0.006172839506172839,-0.9889979135802468
8890.000000147627,0,162,0.0,0.0
8900.000000147846,0,162,0.0,0.0
8910.000000148064,2,160,0.012345679012345678,-1.9779958271604936
8920.000000148282,4,158,0.024691358024691357,-3.955991654320987
8930.0000001485,1,161,0.006172839506172839,-0.9889979135802468
8940.000000148719,0,162,0.0,0.0
8950.000000148937,1,161,0.006172839506172839,-0.9889979135802468
8960.000000149155,0,162,0.0,0.0
8970.000000149374,1,161,0.006172839506172839,-0.9889979135802468
8980.000000149592,1,161,0.006172839506172839,-0.9889979135802468
8990.00000014981,1,161,0.006172839506172839,-0.9889979135802468
9000.000000150028,0,162,0.0,0.0
9010.000000150247,1,161,0.006172839506172839,-0.9889979135802468
9020.000000150465,1,161,0.006172839506172839,-0.9889979135802468
9030.000000150683,1,161,0.006172839506172839,-0.9889979135802468
9040.000000150902,1,161,0.006172839506172839,-0.9889979135802468
9050.00000015112,2,160,0.012345679012345678,-1.9779958271604936
9060.000000151338,1,161,0.006172839506172839,-0.9889979135802468
9070.000000151556,1,161,0.006172839506172839,-0.9889979135802468
9080.000000151775,3,159,0.018518518518518517,-2.9669937407407407
9090.000000151993,0,162,0.0,0.0
9100.000000152211,2,160,0.012345679012345678,-1.9779958271604936
9110.00000015243,1,161,0.006172839506172839,-0.9889979135802468
9120.000000152648,1,161,0.006172839506172839,-0.9889979135802468
9130.000000152866,0,162,0.0,0.0
9140.000000153084,2,160,0.012345679012345678,-1.9779958271604936
9150.000000153303,1,161,0.006172839506172839,-0.9889979135802468
9160.00000015352,0,162,0.0,0.0
9170.00000015374,2,160,0.012345679012345678,-1.9779958271604936
9180.000000153957,3,159,0.018518518518518517,-2.9669937407407407
9190.000000154176,2,160,0.012345679012345678,-1.9779958271604936
9200.000000154394,3,159,0.018518518518518517,-2.9669937407407407
9210.000000154612,3,159,0.018518518518518517,-2.9669937407407407
9220.00000015483,1,161,0.006172839506172839,-0.9889979135802468
9230.000000155049,2,160,0.012345679012345678,-1.9779958271604936
9240.000000155267,2,160,0.012345679012345678,-1.9779958271604936
9250.000000155485,1,161,0.006172839506172839,-0.9889979135802468
9260.000000155704,1,161,0.006172839506172839,-0.9889979135802468
9270.000000155922,0,162,0.0,0.0
9280.00000015614,0,162,0.0,0.0
9290.000000156359,1,161,0.006172839506172839,-0.9889979135802468
9300.000000156577,0,162,0.0,0.0
9310.000000156795,0,162,0.0,0.0
9320.000000157013,0,162,0.0,0.0
9330.000000157232,4,158,0.024691358024691357,-3.955991654320987
9340.00000015745,0,162,0.0,0.0
9350.000000157668,1,161,0.006172839506172839,-0.9889979135802468
9360.000000157886,2,160,0.012345679012345678,-1.9779958271604936
9370.000000158105,1,161,0.006172839506172839,-0.9889979135802468
9380.000000158323,0,162,0.0,0.0
9390.000000158541,2,160,0.012345679012345678,-1.9779958271604936
9400.00000015876,0,162,0.0,0.0
9410.000000158978,0,162,0.0,0.0
9420.000000159196,0,162,0.0,0.0
9430.000000159414,0,162,0.0,0.0
9440.000000159633,3,159,0.018518518518518517,-2.9669937407407407
9450.000000159851,1,161,0.006172839506172839,-0.9889979135802468
9460.00000016007,0,162,0.0,0.0
9470.000000160288,3,159,0.018518518518518517,-2.9669937407407407
9480.000000160506,3,159,0.018518518518518517,-2.9669937407407407
9490.000000160724,2,160,0.012345679012345678,-1.9779958271604936
9500.000000160942,1,161,0.006172839506172839,-0.9889979135802468
9510.00000016116,1,161,0.006172839506172839,-0.9889979135802468
9520.000000161379,0,162,0.0,0.0
9530.000000161597,2,160,0.012345679012345678,-1.9779958271604936
9540.000000161815,2,160,0.012345679012345678,-1.9779958271604936
9550.000000162034,2,160,0.012345679012345678,-1.9779958271604936
9560.000000162252,0,162,0.0,0.0
9570.00000016247,0,162,0.0,0.0
9580.000000162689,2,160,0.012345679012345678,-1.9779958271604936
9590.000000162907,1,161,0.006172839506172839,-0.9889979135802468
9600.000000163125,2,160,0.012345679012345678,-1.9779958271604936
9610.000000163343,3,159,0.018518518518518517,-2.9669937407407407
9620.000000163562,0,162,0.0,0.0
9630.00000016378,0,162,0.0,0.0
9640.000000163998,3,159,0.018518518518518517,-2.9669937407407407
9650.000000164217,2,160,0.012345679012345678,-1.9779958271604936
9660.000000164435,2,160,0.012345679012345678,-1.9779958271604936
9670.000000164653,2,160,0.012345679012345678,-1.9779958271604936
9680.000000164871,2,160,0.012345679012345678,-1.9779958271604936
9690.00000016509,1,161,0.006172839506172839,-0.9889979135802468
9700.000000165308,1,161,0.006172839506172839,-0.9889979135802468
9710.000000165526,1,161,0.006172839506172839,-0.9889979135802468
9720.000000165744,1,161,0.006172839506172839,-0.9889979135802468
9730.000000165963,1,161,0.006172839506172839,-0.9889979135802468
9740.000000166181,1,161,0.006172839506172839,-0.9889979135802468
9750.0000001664,1,161,0.006172839506172839,-0.9889979135802468
9760.000000166618,0,162,0.0,0.0
9770.000000166836,2,160,0.012345679012345678,-1.9779958271604936
9780.000000167054,0,162,0.0,0.0
9790.000000167272,0,162,0.0,0.0
9800.00000016749,0,162,0.0,0.0
9810.000000167709,1,161,0.006172839506172839,-0.9889979135802468
9820.000000167927,0,162,0.0,0.0
9830.000000168146,1,161,0.006172839506172839,-0.9889979135802468
9840.000000168364,1,161,0.006172839506172839,-0.9889979135802468
9850.000000168582,1,161,0.006172839506172839,-0.9889979135802468
9860.0000001688,1,161,0.006172839506172839,-0.9889979135802468
9870.000000169019,0,162,0.0,0.0
9880.000000169237,2,160,0.012345679012345678,-1.9779958271604936
9890.000000169455,1,161,0.006172839506172839,-0.9889979135802468
9900.000000169674,0,162,0.0,0.0
9910.000000169892,3,159,0.018518518518518517,-2.9669937407407407
9920.00000017011,1,161,0.006172839506172839,-0.9889979135802468
9930.000000170328,1,161,0.006172839506172839,-0.9889979135802468
9940.000000170547,3,159,0.018518518518518517,-2.9669937407407407
9950.000000170765,2,160,0.012345679012345678,-1.9779958271604936
9960.000000170983,3,159,0.018518518518518517,-2.9669937407407407
9970.000000171201,1,161,0.006172839506172839,-0.9889979135802468
9980.00000017142,2,160,0.012345679012345678,-1.9779958271604936
9990.000000171638,2,160,0.012345679012345678,-1.9779958271604936
10000.000000171856,2,160,0.012345679012345678,-1.9779958271604936
10010.000000172075,2,160,0.012345679012345678,-1.9779958271604936
10020.000000172293,0,162,0.0,0.0
10030.000000172511,2,160,0.012345679012345678,-1.9779958271604936
10040.00000017273,1,161,0.006172839506172839,-0.9889979135802468
10050.000000172948,1,161,0.006172839506172839,-0.9889979135802468
10060.000000173166,1,161,0.006172839506172839,-0.9889979135802468
10070.000000173384,2,160,0.012345679012345678,-1.9779958271604936
10080.000000173603,2,160,0.012345679012345678,-1.9779958271604936
10090.00000017382,1,161,0.006172839506172839,-0.9889979135802468
10100.000000174039,3,159,0.018518518518518517,-2.9669937407407407
10110.000000174257,0,162,0.0,0.0
10120.000000174476,0,162,0.0,0.0
10130.000000174694,2,160,0.012345679012345678,-1.9779958271604936
10140.000000174912,1,161,0.006172839506172839,-0.9889979135802468
10150.00000017513,0,162,0.0,0.0
10160.000000175349,4,158,0.024691358024691357,-3.955991654320987
10170.000000175567,1,161,0.006172839506172839,-0.9889979135802468
10180.000000175785,2,160,0.012345679012345678,-1.9779958271604936
10190.000000176004,1,161,0.006172839506172839,-0.9889979135802468
10200.000000176222,1,161,0.006172839506172839,-0.9889979135802468
10210.00000017644,1,161,0.006172839506172839,-0.9889979135802468
10220.000000176658,1,161,0.006172839506172839,-0.9889979135802468
10230.000000176877,0,162,0.0,0.0
10240.000000177095,1,161,0.006172839506172839,-0.9889979135802468
10250.000000177313,5,157,0.030864197530864196,-4.944989567901234
10260.000000177532,1,161,0.006172839506172839,-0.9889979135802468
10270.00000017775,2,160,0.012345679012345678,-1.9779958271604936
10280.000000177968,1,161,0.006172839506172839,-0.9889979135802468
10290.000000178186,1,161,0.006172839506172839,-0.9889979135802468
10300.000000178405,1,161,0.006172839506172839,-0.9889979135802468
10310.000000178623,1,161,0.006172839506172839,-0.9889979135802468
10320.000000178841,1,161,0.006172839506172839,-0.9889979135802468
10330.00000017906,0,162,0.0,0.0
10340.000000179278,3,159,0.018518518518518517,-2.9669937407407407
10350.000000179496,0,162,0.0,0.0
10360.000000179714,1,161,0.006172839506172839,-0.9889979135802468
10370.000000179933,1,161,0.006172839506172839,-0.9889979135802468
10380.00000018015,1,161,0.006172839506172839,-0.9889979135802468
10390.00000018037,0,162,0.0,0.0
10400.000000180587,3,159,0.018518518518518517,-2.9669937407407407
10410.000000180806,4,158,0.024691358024691357,-3.955991654320987
10420.000000181024,2,160,0.012345679012345678,-1.9779958271604936
10430.000000181242,3,159,0.018518518518518517,-2.9669937407407407
10440.00000018146,3,159,0.018518518518518517,-2.9669937407407407
10450.000000181679,1,161,0.006172839506172839,-0.9889979135802468
10460.000000181897,2,160,0.012345679012345678,-1.9779958271604936
10470.000000182115,2,160,0.012345679012345678,-1.9779958271604936
10480.000000182334,1,161,0.006172839506172839,-0.9889979135802468
10490.000000182552,1,161,0.006172839506172839,-0.9889979135802468
10500.00000018277,3,159,0.018518518518518517,-2.9669937407407407
10510.000000182989,5,157,0.030864197530864196,-4.944989567901234
10520.000000183207,1,161,0.006172839506172839,-0.9889979135802468
10530.000000183425,5,157,0.030864197530864196,-4.944989567901234
10540.000000183643,0,162,0.0,0.0
10550.000000183862,0,162,0.0,0.0
10560.00000018408,1,161,0.006172839506172839,-0.9889979135802468
10570.000000184298,1,161,0.006172839506172839,-0.9889979135802468
10580.000000184516,1,161,0.006172839506172839,-0.9889979135802468
10590.000000184735,2,160,0.012345679012345678,-1.9779958271604936
10600.000000184953,1,161,0.006172839506172839,-0.9889979135802468
10610.000000185171,1,161,0.006172839506172839,-0.9889979135802468
10620.00000018539,2,160,0.012345679012345678,-1.9779958271604936
10630.000000185608,2,160,0.012345679012345678,-1.9779958271604936
10640.000000185826,2,160,0.012345679012345678,-1.9779958271604936
10650.000000186044,4,158,0.024691358024691357,-3.955991654320987
10660.000000186263,4,158,0.024691358024691357,-3.955991654320987
10670.000000186481,4,158,0.024691358024691357,-3.955991654320987
10680.0000001867,1,161,0.006172839506172839,-0.9889979135802468
10690.000000186918,0,162,0.0,0.0
10700.000000187136,3,159,0.018518518518518517,-2.9669937407407407
10710.000000187354,0,162,0.0,0.0
10720.000000187572,1,161,0.006172839506172839,-0.9889979135802468
10730.00000018779,0,162,0.0,0.0
10740.000000188009,2,160,0.012345679012345678,-1.9779958271604936
10750.000000188227,2,160,0.012345679012345678,-1.9779958271604936
10760.000000188445,0,162,0.0,0.0
10770.000000188664,0,162,0.0,0.0
10780.000000188882,2,160,0.012345679012345678,-1.9779958271604936
10790.0000001891,0,162,0.0,0.0
10800.000000189319,3,159,0.018518518518518517,-2.9669937407407407
10810.000000189537,0,162,0.0,0.0
10820.000000189755,3,159,0.018518518518518517,-2.9669937407407407
10830.000000189973,2,160,0.012345679012345678,-1.9779958271604936
10840.000000190192,2,160,0.012345679012345678,-1.9779958271604936
10850.00000019041,2,160,0.012345679012345678,-1.9779958271604936
10860.000000190628,3,159,0.018518518518518517,-2.9669937407407407
10870.000000190847,2,160,0.012345679012345678,-1.9779958271604936
10880.000000191065,2,160,0.012345679012345678,-1.9779958271604936
10890.000000191283,4,158,0.024691358024691357,-3.955991654320987
10900.000000191501,2,160,0.012345679012345678,-1.9779958271604936
10910.00000019172,1,161,0.006172839506172839,-0.9889979135802468
10920.000000191938,3,159,0.018518518518518517,-2.9669937407407407
10930.000000192156,1,161,0.006172839506172839,-0.9889979135802468
10940.000000192375,3,159,0.018518518518518517,-2.9669937407407407
10950.000000192593,1,161,0.006172839506172839,-0.9889979135802468
10960.000000192811,1,161,0.006172839506172839,-0.9889979135802468
10970.00000019303,1,161,0.006172839506172839,-0.9889979135802468
10980.000000193248,1,161,0.006172839506172839,-0.9889979135802468
10990.000000193466,2,160,0.012345679012345678,-1.9779958271604936
11000.000000193684,2,160,0.012345679012345678,-1.9779958271604936
11010.000000193902,1,161,0.006172839506172839,-0.9889979135802468
11020.00000019412,0,162,0.0,0.0
11030.000000194339,0,162,0.0,0.0
11040.000000194557,1,161,0.006172839506172839,-0.9889979135802468
11050.000000194776,1,161,0.006172839506172839,-0.9889979135802468
11060.000000194994,1,161,0.006172839506172839,-0.9889979135802468
11070.000000195212,1,161,0.006172839506172839,-0.9889979135802468
11080.00000019543,4,158,0.024691358024691357,-3.955991654320987
11090.000000195649,0,162,0.0,0.0
11100.000000195867,1,161,0.006172839506172839,-0.9889979135802468
11110.000000196085,1,161,0.006172839506172839,-0.9889979135802468
11120.000000196304,2,160,0.012345679012345678,-1.9779958271604936
11130.000000196522,0,162,0.0,0.0
11140.00000019674,0,162,0.0,0.0
11150.000000196958,0,162,0.0,0.0
11160.000000197177,2,160,0.012345679012345678,-1.9779958271604936
11170.000000197395,0,162,0.0,0.0
11180.000000197613,0,162,0.0,0.0
11190.000000197831,1,161,0.006172839506172839,-0.9889979135802468
11200.00000019805,0,162,0.0,0.0
11210.000000198268,1,161,0.006172839506172839,-0.9889979135802468
11220.000000198486,1,161,0.006172839506172839,-0.9889979135802468
11230.000000198705,2,160,0.012345679012345678,-1.9779958271604936
11240.000000198923,0,162,0.0,0.0
11250.000000199141,2,160,0.012345679012345678,-1.9779958271604936
11260.00000019936,0,162,0.0,0.0
11270.000000199578,4,158,0.024691358024691357,-3.955991654320987
11280.000000199796,2,160,0.012345679012345678,-1.9779958271604936
11290.000000200014,2,160,0.012345679012345678,-1.9779958271604936
11300.000000200233,3,159,0.018518518518518517,-2.9669937407407407
11310.00000020045,1,161,0.006172839506172839,-0.9889979135802468
11320.00000020067,1,161,0.006172839506172839,-0.9889979135802468
11330.000000200887,3,159,0.018518518518518517,-2.9669937407407407
11340.000000201106,1,161,0.006172839506172839,-0.9889979135802468
11350.000000201324,1,161,0.006172839506172839,-0.9889979135802468
11360.000000201542,0,162,0.0,0.0
11370.00000020176,0,162,0.0,0.0
11380.000000201979,2,160,0.012345679012345678,-1.9779958271604936
11390.000000202197,1,161,0.006172839506172839,-0.9889979135802468
11400.000000202415,1,161,0.006172839506172839,-0.9889979135802468
11410.000000202634,4,158,0.024691358024691357,-3.955991654320987
11420.000000202852,1,161,0.006172839506172839,-0.9889979135802468
11430.00000020307,2,160,0.012345679012345678,-1.9779958271604936
11440.000000203288,2,160,0.012345679012345678,-1.9779958271604936
11450.000000203507,2,160,0.012345679012345678,-1.9779958271604936
11460.000000203725,0,162,0.0,0.0
11470.000000203943,3,159,0.018518518518518517,-2.9669937407407407
11480.000000204162,1,161,0.006172839506172839,-0.9889979135802468
11490.00000020438,1,161,0.006172839506172839,-0.9889979135802468
11500.000000204598,1,161,0.006172839506172839,-0.9889979135802468
11510.000000204816,0,162,0.0,0.0
11520.000000205035,1,161,0.006172839506172839,-0.9889979135802468
11530.000000205253,1,161,0.006172839506172839,-0.9889979135802468
11540.000000205471,3,159,0.018518518518518517,-2.9669937407407407
11550.00000020569,0,162,0.0,0.0
11560.000000205908,3,159,0.018518518518518517,-2.9669937407407407
11570.000000206126,0,162,0.0,0.0
11580.000000206344,2,160,0.012345679012345678,-1.9779958271604936
11590.000000206563,3,159,0.018518518518518517,-2.9669937407407407
11600.00000020678,1,161,0.006172839506172839,-0.9889979135802468
11610.000000207,2,160,0.012345679012345678,-1.9779958271604936
11620.000000207217,1,161,0.006172839506172839,-0.9889979135802468
11630.000000207436,1,161,0.006172839506172839,-0.9889979135802468
11640.000000207654,0,162,0.0,0.0
11650.000000207872,3,159,0.018518518518518517,-2.9669937407407407
11660.00000020809,1,161,0.006172839506172839,-0.9889979135802468
11670.000000208309,1,161,0.006172839506172839,-0.9889979135802468
11680.000000208527,1,161,0.006172839506172839,-0.9889979135802468
11690.000000208745,0,162,0.0,0.0
11700.000000208964,0,162,0.0,0.0
11710.000000209182,0,162,0.0,0.0
11720.0000002094,3,159,0.018518518518518517,-2.9669937407407407
11730.000000209619,0,162,0.0,0.0
11740.000000209837,1,161,0.006172839506172839,-0.9889979135802468
11750.000000210055,0,162,0.0,0.0
11760.000000210273,2,160,0.012345679012345678,-1.9779958271604936
11770.000000210492,1,161,0.006172839506172839,-0.9889979135802468
11780.00000021071,3,159,0.018518518518518517,-2.9669937407407407
11790.000000210928,2,160,0.012345679012345678,-1.9779958271604936
11800.000000211146,2,160,0.012345679012345678,-1.9779958271604936
11810.000000211365,1,161,0.006172839506172839,-0.9889979135802468
11820.000000211583,0,162,0.0,0.0
11830.000000211801,0,162,0.0,0.0
11840.00000021202,2,160,0.012345679012345678,-1.9779958271604936
11850.000000212238,0,162,0.0,0.0
11860.000000212456,0,162,0.0,0.0
11870.000000212674,1,161,0.006172839506172839,-0.9889979135802468
11880.000000212893,0,162,0.0,0.0
11890.000000213111,1,161,0.006172839506172839,-0.9889979135802468
11900.00000021333,2,160,0.012345679012345678,-1.9779958271604936
11910.000000213548,2,160,0.012345679012345678,-1.9779958271604936
11920.000000213766,4,158,0.024691358024691357,-3.955991654320987
11930.000000213984,1,161,0.006172839506172839,-0.9889979135802468
11940.000000214202,1,161,0.006172839506172839,-0.9889979135802468
11950.00000021442,2,160,0.012345679012345678,-1.9779958271604936
11960.000000214639,1,161,0.006172839506172839,-0.9889979135802468
11970.000000214857,1,161,0.006172839506172839,-0.9889979135802468
11980.000000215075,2,160,0.012345679012345678,-1.9779958271604936
11990.000000215294,0,162,0.0,0.0
12000.000000215512,2,160,0.012345679012345678,-1.9779958271604936
12010.00000021573,2,160,0.012345679012345678,-1.9779958271604936
12020.000000215949,1,161,0.006172839506172839,-0.9889979135802468
12030.000000216167,0,162,0.0,0.0
12040.000000216385,2,160,0.012345679012345678,-1.9779958271604936
12050.000000216603,0,162,0.0,0.0
12060.000000216822,1,161,0.006172839506172839,-0.9889979135802468
12070.00000021704,3,159,0.018518518518518517,-2.9669937407407407
12080.000000217258,1,161,0.006172839506172839,-0.9889979135802468
12090.000000217477,1,161,0.006172839506172839,-0.9889979135802468
12100.000000217695,1,161,0.006172839506172839,-0.9889979135802468
12110.000000217913,0,162,0.0,0.0
12120.000000218131,0,162,0.0,0.0
12130.00000021835,5,157,0.030864197530864196,-4.944989567901234
12140.000000218568,2,160,0.012345679012345678,-1.9779958271604936
12150.000000218786,1,161,0.006172839506172839,-0.9889979135802468
12160.000000219005,3,159,0.018518518518518517,-2.9669937407407407
12170.000000219223,3,159,0.018518518518518517,-2.9669937407407407
12180.000000219441,1,161,0.006172839506172839,-0.9889979135802468
12190.00000021966,1,161,0.006172839506172839,-0.9889979135802468
12200.000000219878,2,160,0.012345679012345678,-1.9779958271604936
12210.000000220096,1,161,0.006172839506172839,-0.9889979135802468
12220.000000220314,0,162,0.0,0.0
12230.000000220532,4,158,0.024691358024691357,-3.955991654320987
12240.00000022075,0,162,0.0,0.0
12250.000000220969,1,161,0.006172839506172839,-0.9889979135802468
12260.000000221187,2,160,0.012345679012345678,-1.9779958271604936
12270.000000221406,4,158,0.024691358024691357,-3.955991654320987
12280.000000221624,0,162,0.0,0.0
12290.000000221842,0,162,0.0,0.0
12300.00000022206,1,161,0.006172839506172839,-0.9889979135802468
12310.000000222279,1,161,0.006172839506172839,-0.9889979135802468
12320.000000222497,0,162,0.0,0.0
12330.000000222715,2,160,0.012345679012345678,-1.9779958271604936
12340.000000222934,1,161,0.006172839506172839,-0.9889979135802468
12350.000000223152,1,161,0.006172839506172839,-0.9889979135802468
12360.00000022337,2,160,0.012345679012345678,-1.9779958271604936
12370.000000223588,4,158,0.024691358024691357,-3.955991654320987
12380.000000223807,2,160,0.012345679012345678,-1.9779958271604936
12390.000000224025,2,160,0.012345679012345678,-1.9779958271604936
12400.000000224243,2,160,0.012345679012345678,-1.9779958271604936
12410.000000224461,1,161,0.006172839506172839,-0.9889979135802468
12420.00000022468,2,160,0.012345679012345678,-1.9779958271604936
12430.000000224898,0,162,0.0,0.0
12440.000000225116,0,162,0.0,0.0
12450.000000225335,2,160,0.012345679012345678,-1.9779958271604936
12460.000000225553,3,159,0.018518518518518517,-2.9669937407407407
12470.000000225771,0,162,0.0,0.0
12480.00000022599,3,159,0.018518518518518517,-2.9669937407407407
12490.000000226208,2,160,0.012345679012345678,-1.9779958271604936
12500.000000226426,1,161,0.006172839506172839,-0.9889979135802468
12510.000000226644,1,161,0.006172839506172839,-0.9889979135802468
12520.000000226863,0,162,0.0,0.0
12530.00000022708,5,157,0.030864197530864196,-4.944989567901234
12540.0000002273,3,159,0.018518518518518517,-2.9669937407407407
12550.000000227517,2,160,0.012345679012345678,-1.9779958271604936
12560.000000227736,2,160,0.012345679012345678,-1.9779958271604936
12570.000000227954,3,159,0.018518518518518517,-2.9669937407407407
12580.000000228172,2,160,0.012345679012345678,-1.9779958271604936
12590.00000022839,1,161,0.006172839506172839,-0.9889979135802468
12600.000000228609,0,162,0.0,0.0
12610.000000228827,1,161,0.006172839506172839,-0.9889979135802468
12620.000000229045,1,161,0.006172839506172839,-0.9889979135802468
12630.000000229264,1,161,0.006172839506172839,-0.9889979135802468
12640.000000229482,1,161,0.006172839506172839,-0.9889979135802468
12650.0000002297,2,160,0.012345679012345678,-1.9779958271604936
12660.000000229918,4,158,0.024691358024691357,-3.955991654320987
12670.000000230137,2,160,0.012345679012345678,-1.9779958271604936
12680.000000230355,1,161,0.006172839506172839,-0.9889979135802468
12690.000000230573,1,161,0.006172839506172839,-0.9889979135802468
12700.000000230792,2,160,0.012345679012345678,-1.9779958271604936
12710.00000023101,2,160,0.012345679012345678,-1.9779958271604936
12720.000000231228,2,160,0.012345679012345678,-1.9779958271604936
12730.000000231446,3,159,0.018518518518518517,-2.9669937407407407
12740.000000231665,2,160,0.012345679012345678,-1.9779958271604936
12750.000000231883,1,161,0.006172839506172839,-0.9889979135802468
12760.000000232101,4,158,0.024691358024691357,-3.955991654320987
12770.00000023232,4,158,0.024691358024691357,-3.955991654320987
12780.000000232538,1,161,0.006172839506172839,-0.9889979135802468
12790.000000232756,0,162,0.0,0.0
12800.000000232974,1,161,0.006172839506172839,-0.9889979135802468
12810.000000233193,3,159,0.018518518518518517,-2.9669937407407407
12820.00000023341,2,160,0.012345679012345678,-1.9779958271604936
12830.00000023363,3,159,0.018518518518518517,-2.9669937407407407
12840.000000233847,2,160,0.012345679012345678,-1.9779958271604936
12850.000000234066,1,161,0.006172839506172839,-0.9889979135802468
12860.000000234284,1,161,0.006172839506172839,-0.9889979135802468
12870.000000234502,1,161,0.006172839506172839,-0.9889979135802468
12880.00000023472,3,159,0.018518518518518517,-2.9669937407407407
12890.000000234939,3,159,0.018518518518518517,-2.9669937407407407
12900.000000235157,0,162,0.0,0.0
12910.000000235375,2,160,0.012345679012345678,-1.9779958271604936
12920.000000235594,0,162,0.0,0.0
12930.000000235812,0,162,0.0,0.0
12940.00000023603,2,160,0.012345679012345678,-1.9779958271604936
12950.000000236249,3,159,0.018518518518518517,-2.9669937407407407
12960.000000236467,0,162,0.0,0.0
12970.000000236685,3,159,0.018518518518518517,-2.9669937407407407
12980.000000236903,2,160,0.012345679012345678,-1.9779958271604936
12990.000000237122,2,160,0.012345679012345678,-1.9779958271604936
13000.00000023734,2,160,0.012345679012345678,-1.9779958271604936
13010.000000237558,1,161,0.006172839506172839,-0.9889979135802468
13020.000000237776,1,161,0.006172839506172839,-0.9889979135802468
13030.000000237995,0,162,0.0,0.0
13040.000000238213,0,162,0.0,0.0
13050.000000238431,4,158,0.024691358024691357,-3.955991654320987
13060.00000023865,1,161,0.006172839506172839,-0.9889979135802468
13070.000000238868,2,160,0.012345679012345678,-1.9779958271604936
13080.000000239086,0,162,0.0,0.0
13090.000000239304,2,160,0.012345679012345678,-1.9779958271604936
13100.000000239523,2,160,0.012345679012345678,-1.9779958271604936
13110.000000239741,3,159,0.018518518518518517,-2.9669937407407407
13120.00000023996,1,161,0.006172839506172839,-0.9889979135802468
13130.000000240178,0,162,0.0,0.0
13140.000000240396,1,161,0.006172839506172839,-0.9889979135802468
13150.000000240614,1,161,0.006172839506172839,-0.9889979135802468
13160.000000240832,1,161,0.006172839506172839,-0.9889979135802468
13170.00000024105,1,161,0.006172839506172839,-0.9889979135802468
13180.000000241269,0,162,0.0,0.0
13190.000000241487,2,160,0.012345679012345678,-1.9779958271604936
13200.000000241705,1,161,0.006172839506172839,-0.9889979135802468
13210.000000241924,0,162,0.0,0.0
13220.000000242142,1,161,0.006172839506172839,-0.9889979135802468
13230.00000024236,0,162,0.0,0.0
13240.000000242579,3,159,0.018518518518518517,-2.9669937407407407
13250.000000242797,3,159,0.018518518518518517,-2.9669937407407407
13260.000000243015,5,157,0.030864197530864196,-4.944989567901234
13270.000000243233,3,159,0.018518518518518517,-2.9669937407407407
13280.000000243452,2,160,0.012345679012345678,-1.9779958271604936
13290.00000024367,1,161,0.006172839506172839,-0.9889979135802468
13300.000000243888,2,160,0.012345679012345678,-1.9779958271604936
13310.000000244107,3,159,0.018518518518518517,-2.9669937407407407
13320.000000244325,4,158,0.024691358024691357,-3.955991654320987
13330.000000244543,0,162,0.0,0.0
13340.000000244761,2,160,0.012345679012345678,-1.9779958271604936
13350.00000024498,1,161,0.006172839506172839,-0.9889979135802468
13360.000000245198,0,162,0.0,0.0
13370.000000245416,2,160,0.012345679012345678,-1.9779958271604936
13380.000000245635,0,162,0.0,0.0
13390.000000245853,2,160,0.012345679012345678,-1.9779958271604936
13400.000000246071,4,158,0.024691358024691357,-3.955991654320987
13410.00000024629,0,162,0.0,0.0
13420.000000246508,0,162,0.0,0.0
13430.000000246726,1,161,0.006172839506172839,-0.9889979135802468
13440.000000246944,0,162,0.0,0.0
13450.000000247162,0,162,0.0,0.0
13460.00000024738,0,162,0.0,0.0
13470.000000247599,3,159,0.018518518518518517,-2.9669937407407407
13480.000000247817,1,161,0.006172839506172839,-0.9889979135802468
13490.000000248036,1,161,0.006172839506172839,-0.9889979135802468
13500.000000248254,1,161,0.006172839506172839,-0.9889979135802468
13510.000000248472,1,161,0.006172839506172839,-0.9889979135802468
13520.00000024869,3,159,0.018518518518518517,-2.9669937407407407
13530.000000248909,0,162,0.0,0.0
13540.000000249127,1,161,0.006172839506172839,-0.9889979135802468
13550.000000249345,1,161,0.006172839506172839,-0.9889979135802468
13560.000000249564,2,160,0.012345679012345678,-1.9779958271604936
13570.000000249782,1,161,0.006172839506172839,-0.9889979135802468
13580.00000025,2,160,0.012345679012345678,-1.9779958271604936
13590.000000250218,1,161,0.006172839506172839,-0.9889979135802468
13600.000000250437,1,161,0.006172839506172839,-0.9889979135802468
13610.000000250655,1,161,0.006172839506172839,-0.9889979135802468
13620.000000250873,2,160,0.012345679012345678,-1.9779958271604936
13630.000000251091,1,161,0.006172839506172839,-0.9889979135802468
13640.00000025131,1,161,0.006172839506172839,-0.9889979135802468
13650.000000251528,1,161,0.006172839506172839,-0.9889979135802468
13660.000000251746,1,161,0.006172839506172839,-0.9889979135802468
13670.000000251965,1,161,0.006172839506172839,-0.9889979135802468
13680.000000252183,2,160,0.012345679012345678,-1.9779958271604936
13690.000000252401,4,158,0.024691358024691357,-3.955991654320987
13700.00000025262,0,162,0.0,0.0
13710.000000252838,4,158,0.024691358024691357,-3.955991654320987
13720.000000253056,4,158,0.024691358024691357,-3.955991654320987
13730.000000253274,2,160,0.012345679012345678,-1.9779958271604936
13740.000000253493,1,161,0.006172839506172839,-0.9889979135802468
13750.00000025371,1,161,0.006172839506172839,-0.9889979135802468
13760.00000025393,2,160,0.012345679012345678,-1.9779958271604936
13770.000000254147,2,160,0.012345679012345678,-1.9779958271604936
13780.000000254366,1,161,0.006172839506172839,-0.9889979135802468
13790.000000254584,1,161,0.006172839506172839,-0.9889979135802468
13800.000000254802,2,160,0.012345679012345678,-1.9779958271604936
13810.00000025502,1,161,0.006172839506172839,-0.9889979135802468
13820.000000255239,2,160,0.012345679012345678,-1.9779958271604936
13830.000000255457,0,162,0.0,0.0
13840.000000255675,0,162,0.0,0.0
13850.000000255894,2,160,0.012345679012345678,-1.9779958271604936
13860.000000256112,3,159,0.018518518518518517,-2.9669937407407407
13870.00000025633,0,162,0.0,0.0
13880.000000256548,3,159,0.018518518518518517,-2.9669937407407407
13890.000000256767,0,162,0.0,0.0
13900.000000256985,0,162,0.0,0.0
13910.000000257203,2,160,0.012345679012345678,-1.9779958271604936
13920.000000257422,1,161,0.006172839506172839,-0.9889979135802468
13930.00000025764,2,160,0.012345679012345678,-1.9779958271604936
13940.000000257858,2,160,0.012345679012345678,-1.9779958271604936
13950.000000258076,1,161,0.006172839506172839,-0.9889979135802468
13960.000000258295,2,160,0.012345679012345678,-1.9779958271604936
13970.000000258513,0,162,0.0,0.0
13980.000000258731,1,161,0.006172839506172839,-0.9889979135802468
13990.00000025895,0,162,0.0,0.0
14000.000000259168,0,162,0.0,0.0
14010.000000259386,1,161,0.006172839506172839,-0.9889979135802468
14020.000000259604,2,160,0.012345679012345678,-1.9779958271604936
14030.000000259823,3,159,0.018518518518518517,-2.9669937407407407
14040.00000026004,0,162,0.0,0.0
14050.00000026026,2,160,0.012345679012345678,-1.9779958271604936
14060.000000260477,2,160,0.012345679012345678,-1.9779958271604936
14070.000000260696,2,160,0.012345679012345678,-1.9779958271604936
14080.000000260914,2,160,0.012345679012345678,-1.9779958271604936
14090.000000261132,1,161,0.006172839506172839,-0.9889979135802468
14100.00000026135,2,160,0.012345679012345678,-1.9779958271604936
14110.000000261569,2,160,0.012345679012345678,-1.9779958271604936
14120.000000261787,1,161,0.006172839506172839,-0.9889979135802468
14130.000000262005,2,160,0.012345679012345678,-1.9779958271604936
14140.000000262224,2,160,0.012345679012345678,-1.9779958271604936
14150.000000262442,1,161,0.006172839506172839,-0.9889979135802468
14160.00000026266,0,162,0.0,0.0
14170.000000262879,3,159,0.018518518518518517,-2.9669937407407407
14180.000000263097,0,162,0.0,0.0
14190.000000263315,1,161,0.006172839506172839,-0.9889979135802468
14200.000000263533,2,160,0.012345679012345678,-1.9779958271604936
14210.000000263752,0,162,0.0,0.0
14220.00000026397,0,162,0.0,0.0
14230.000000264188,2,160,0.012345679012345678,-1.9779958271604936
14240.000000264406,0,162,0.0,0.0
14250.000000264625,2,160,0.012345679012345678,-1.9779958271604936
14260.000000264843,2,160,0.012345679012345678,-1.9779958271604936
14270.000000265061,4,158,0.024691358024691357,-3.955991654320987
14280.00000026528,2,160,0.012345679012345678,-1.9779958271604936
14290.000000265498,0,162,0.0,0.0
14300.000000265716,2,160,0.012345679012345678,-1.9779958271604936
14310.000000265934,1,161,0.006172839506172839,-0.9889979135802468
14320.000000266153,0,162,0.0,0.0
14330.000000266371,2,160,0.012345679012345678,-1.9779958271604936
14340.00000026659,0,162,0.0,0.0
14350.000000266808,2,160,0.012345679012345678,-1.9779958271604936
14360.000000267026,2,160,0.012345679012345678,-1.9779958271604936
14370.000000267244,0,162,0.0,0.0
14380.000000267462,2,160,0.012345679012345678,-1.9779958271604936
14390.00000026768,1,161,0.006172839506172839,-0.9889979135802468
14400.000000267899,0,162,0.0,0.0
14410.000000268117,0,162,0.0,0.0
14420.000000268335,1,161,0.006172839506172839,-0.9889979135802468
14430.000000268554,2,160,0.012345679012345678,-1.9779958271604936
14440.000000268772,1,161,0.006172839506172839,-0.9889979135802468
14450.00000026899,0,162,0.0,0.0
14460.000000269209,0,162,0.0,0.0
14470.000000269427,2,160,0.012345679012345678,-1.9779958271604936
14480.000000269645,2,160,0.012345679012345678,-1.9779958271604936
14490.000000269863,0,162,0.0,0.0
14500.000000270082,1,161,0.006172839506172839,-0.9889979135802468
14510.0000002703,0,162,0.0,0.0
14520.000000270518,0,162,0.0,0.0
14530.000000270737,0,162,0.0,0.0
14540.000000270955,0,162,0.0,0.0
14550.000000271173,3,159,0.018518518518518517,-2.9669937407407407
14560.000000271391,1,161,0.006172839506172839,-0.9889979135802468
14570.00000027161,2,160,0.012345679012345678,-1.9779958271604936
14580.000000271828,2,160,0.012345679012345678,-1.9779958271604936
14590.000000272046,2,160,0.012345679012345678,-1.9779958271604936
14600.000000272265,2,160,0.012345679012345678,-1.9779958271604936
14610.000000272483,0,162,0.0,0.0
14620.000000272701,1,161,0.006172839506172839,-0.9889979135802468
14630.00000027292,0,162,0.0,0.0
14640.000000273138,1,161,0.006172839506172839,-0.9889979135802468
14650.000000273356,2,160,0.012345679012345678,-1.9779958271604936
14660.000000273574,3,159,0.018518518518518517,-2.9669937407407407
14670.000000273792,1,161,0.006172839506172839,-0.9889979135802468
14680.00000027401,5,157,0.030864197530864196,-4.944989567901234
14690.000000274229,3,159,0.018518518518518517,-2.9669937407407407
14700.000000274447,0,162,0.0,0.0
14710.000000274666,3,159,0.018518518518518517,-2.9669937407407407
14720.000000274884,0,162,0.0,0.0
14730.000000275102,1,161,0.006172839506172839,-0.9889979135802468
14740.00000027532,2,160,0.012345679012345678,-1.9779958271604936
14750.000000275539,3,159,0.018518518518518517,-2.9669937407407407
14760.000000275757,2,160,0.012345679012345678,-1.9779958271604936
14770.000000275975,2,160,0.012345679012345678,-1.9779958271604936
14780.000000276194,1,161,0.006172839506172839,-0.9889979135802468
14790.000000276412,2,160,0.012345679012345678,-1.9779958271604936
14800.00000027663,1,161,0.006172839506172839,-0.9889979135802468
14810.000000276848,0,162,0.0,0.0
14820.000000277067,1,161,0.006172839506172839,-0.9889979135802468
14830.000000277285,1,161,0.006172839506172839,-0.9889979135802468
14840.000000277503,1,161,0.006172839506172839,-0.9889979135802468
14850.000000277721,0,162,0.0,0.0
14860.00000027794,0,162,0.0,0.0
14870.000000278158,0,162,0.0,0.0
14880.000000278376,2,160,0.012345679012345678,-1.9779958271604936
14890.000000278595,2,160,0.012345679012345678,-1.9779958271604936
14900.000000278813,1,161,0.006172839506172839,-0.9889979135802468
14910.000000279031,0,162,0.0,0.0
14920.00000027925,1,161,0.006172839506172839,-0.9889979135802468
14930.000000279468,2,160,0.012345679012345678,-1.9779958271604936
14940.000000279686,1,161,0.006172839506172839,-0.9889979135802468
14950.000000279904,1,161,0.006172839506172839,-0.9889979135802468
14960.000000280123,1,161,0.006172839506172839,-0.9889979135802468
14970.00000028034,0,162,0.0,0.0
14980.00000028056,2,160,0.012345679012345678,-1.9779958271604936
14990.000000280777,1,161,0.006172839506172839,-0.9889979135802468
15000.000000280996,0,162,0.0,0.0
15010.000000281214,1,161,0.006172839506172839,-0.9889979135802468
15020.000000281432,2,160,0.012345679012345678,-1.9779958271604936
15030.00000028165,1,161,0.006172839506172839,-0.9889979135802468
15040.000000281869,0,162,0.0,0.0
15050.000000282087,0,162,0.0,0.0
15060.000000282305,0,162,0.0,0.0
15070.000000282524,2,160,0.012345679012345678,-1.9779958271604936
15080.000000282742,1,161,0.006172839506172839,-0.9889979135802468
15090.00000028296,0,162,0.0,0.0
15100.000000283178,0,162,0.0,0.0
15110.000000283397,2,160,0.012345679012345678,-1.9779958271604936
15120.000000283615,2,160,0.012345679012345678,-1.9779958271604936
15130.000000283833,3,159,0.018518518518518517,-2.9669937407407407
15140.000000284052,1,161,0.006172839506172839,-0.9889979135802468
15150.00000028427,2,160,0.012345679012345678,-1.9779958271604936
15160.000000284488,1,161,0.006172839506172839,-0.9889979135802468
15170.000000284706,4,158,0.024691358024691357,-3.955991654320987
15180.000000284925,4,158,0.024691358024691357,-3.955991654320987
15190.000000285143,6,156,0.037037037037037035,-5.9339874814814815
15200.000000285361,3,159,0.018518518518518517,-2.9669937407407407
15210.00000028558,5,157,0.030864197530864196,-4.944989567901234
15220.000000285798,2,160,0.012345679012345678,-1.9779958271604936
15230.000000286016,1,161,0.006172839506172839,-0.9889979135802468
15240.000000286234,2,160,0.012345679012345678,-1.9779958271604936
15250.000000286453,1,161,0.006172839506172839,-0.9889979135802468
15260.000000286671,0,162,0.0,0.0
15270.00000028689,2,160,0.012345679012345678,-1.9779958271604936
15280.000000287107,3,159,0.018518518518518517,-2.9669937407407407
15290.000000287326,2,160,0.012345679012345678,-1.9779958271604936
15300.000000287544,0,162,0.0,0.0
15310.000000287762,2,160,0.012345679012345678,-1.9779958271604936
15320.00000028798,2,160,0.012345679012345678,-1.9779958271604936
15330.000000288199,5,157,0.030864197530864196,-4.944989567901234
15340.000000288417,0,162,0.0,0.0
15350.000000288635,4,158,0.024691358024691357,-3.955991654320987
15360.000000288854,0,162,0.0,0.0
15370.000000289072,1,161,0.006172839506172839,-0.9889979135802468
15380.00000028929,1,161,0.006172839506172839,-0.9889979135802468
15390.000000289509,2,160,0.012345679012345678,-1.9779958271604936
15400.000000289727,0,162,0.0,0.0
15410.000000289945,1,161,0.006172839506172839,-0.9889979135802468
15420.000000290163,0,162,0.0,0.0
15430.000000290382,2,160,0.012345679012345678,-1.9779958271604936
15440.0000002906,2,160,0.012345679012345678,-1.9779958271604936
15450.000000290818,1,161,0.006172839506172839,-0.9889979135802468
15460.000000291036,0,162,0.0,0.0
15470.000000291255,3,159,0.018518518518518517,-2.9669937407407407
15480.000000291473,0,162,0.0,0.0
15490.000000291691,1,161,0.006172839506172839,-0.9889979135802468
15500.00000029191,1,161,0.006172839506172839,-0.9889979135802468
15510.000000292128,0,162,0.0,0.0
15520.000000292346,2,160,0.012345679012345678,-1.9779958271604936
15530.000000292564,4,158,0.024691358024691357,-3.955991654320987
15540.000000292783,3,159,0.018518518518518517,-2.9669937407407407
15550.000000293001,2,160,0.012345679012345678,-1.9779958271604936
15560.00000029322,0,162,0.0,0.0
15570.000000293438,2,160,0.012345679012345678,-1.9779958271604936
15580.000000293656,2,160,0.012345679012345678,-1.9779958271604936
15590.000000293874,1,161,0.006172839506172839,-0.9889979135802468
15600.000000294092,1,161,0.006172839506172839,-0.9889979135802468
15610.00000029431,0,162,0.0,0.0
15620.000000294529,1,161,0.006172839506172839,-0.9889979135802468
15630.000000294747,2,160,0.012345679012345678,-1.9779958271604936
15640.000000294966,2,160,0.012345679012345678,-1.9779958271604936
15650.000000295184,2,160,0.012345679012345678,-1.9779958271604936
15660.000000295402,0,162,0.0,0.0
15670.00000029562,3,159,0.018518518518518517,-2.9669937407407407
15680.000000295839,3,159,0.018518518518518517,-2.9669937407407407
15690.000000296057,0,162,0.0,0.0
15700.000000296275,0,162,0.0,0.0
15710.000000296493,1,161,0.006172839506172839,-0.9889979135802468
15720.000000296712,2,160,0.012345679012345678,-1.9779958271604936
15730.00000029693,3,159,0.018518518518518517,-2.9669937407407407
15740.000000297148,3,159,0.018518518518518517,-2.9669937407407407
15750.000000297367,1,161,0.006172839506172839,-0.9889979135802468
15760.000000297585,1,161,0.006172839506172839,-0.9889979135802468
15770.000000297803,2,160,0.012345679012345678,-1.9779958271604936
15780.000000298021,2,160,0.012345679012345678,-1.9779958271604936
15790.00000029824,1,161,0.006172839506172839,-0.9889979135802468
15800.000000298458,1,161,0.006172839506172839,-0.9889979135802468
15810.000000298676,3,159,0.018518518518518517,-2.9669937407407407
15820.000000298895,2,160,0.012345679012345678,-1.9779958271604936
15830.000000299113,1,161,0.006172839506172839,-0.9889979135802468
15840.000000299331,1,161,0.006172839506172839,-0.9889979135802468
15850.00000029955,2,160,0.012345679012345678,-1.9779958271604936
15860.000000299768,2,160,0.012345679012345678,-1.9779958271604936
15870.000000299986,2,160,0.012345679012345678,-1.9779958271604936
15880.000000300204,1,161,0.006172839506172839,-0.9889979135802468
15890.000000300422,2,160,0.012345679012345678,-1.9779958271604936
15900.00000030064,1,161,0.006172839506172839,-0.9889979135802468
15910.000000300859,0,162,0.0,0.0
15920.000000301077,0,162,0.0,0.0
15930.000000301296,2,160,0.012345679012345678,-1.9779958271604936
15940.000000301514,1,161,0.006172839506172839,-0.9889979135802468
15950.000000301732,2,160,0.012345679012345678,-1.9779958271604936
15960.00000030195,1,161,0.006172839506172839,-0.9889979135802468
15970.000000302169,0,162,0.0,0.0
15980.000000302387,2,160,0.012345679012345678,-1.9779958271604936
15990.000000302605,0,162,0.0,0.0
16000.000000302824,2,160,0.012345679012345678,-1.9779958271604936
16010.000000303042,2,160,0.012345679012345678,-1.9779958271604936
16020.00000030326,2,160,0.012345679012345678,-1.9779958271604936
16030.000000303478,0,162,0.0,0.0
16040.000000303697,0,162,0.0,0.0
16050.000000303915,1,161,0.006172839506172839,-0.9889979135802468
16060.000000304133,2,160,0.012345679012345678,-1.9779958271604936
16070.000000304351,1,161,0.006172839506172839,-0.9889979135802468
16080.00000030457,2,160,0.012345679012345678,-1.9779958271604936
16090.000000304788,2,160,0.012345679012345678,-1.9779958271604936
16100.000000305006,3,159,0.018518518518518517,-2.9669937407407407
16110.000000305225,3,159,0.018518518518518517,-2.9669937407407407
16120.000000305443,1,161,0.006172839506172839,-0.9889979135802468
16130.000000305661,1,161,0.006172839506172839,-0.9889979135802468
16140.00000030588,3,159,0.018518518518518517,-2.9669937407407407
16150.000000306098,1,161,0.006172839506172839,-0.9889979135802468
16160.000000306316,1,161,0.006172839506172839,-0.9889979135802468
16170.000000306534,1,161,0.006172839506172839,-0.9889979135802468
16180.000000306753,2,160,0.012345679012345678,-1.9779958271604936
16190.00000030697,2,160,0.012345679012345678,-1.9779958271604936
16200.00000030719,0,162,0.0,0.0
16210.000000307407,2,160,0.012345679012345678,-1.9779958271604936
16220.000000307626,1,161,0.006172839506172839,-0.9889979135802468
16230.000000307844,1,161,0.006172839506172839,-0.9889979135802468
16240.000000308062,0,162,0.0,0.0
16250.00000030828,2,160,0.012345679012345678,-1.9779958271604936
16260.000000308499,2,160,0.012345679012345678,-1.9779958271604936
16270.000000308717,5,157,0.030864197530864196,-4.944989567901234
16280.000000308935,3,159,0.018518518518518517,-2.9669937407407407
16290.000000309154,3,159,0.018518518518518517,-2.9669937407407407
16300.000000309372,2,160,0.012345679012345678,-1.9779958271604936
16310.00000030959,2,160,0.012345679012345678,-1.9779958271604936
16320.000000309808,3,159,0.018518518518518517,-2.9669937407407407
16330.000000310027,0,162,0.0,0.0
16340.000000310245,0,162,0.0,0.0
16350.000000310463,2,160,0.012345679012345678,-1.9779958271604936
16360.000000310682,0,162,0.0,0.0
16370.0000003109,2,160,0.012345679012345678,-1.9779958271604936
16380.000000311118,3,159,0.018518518518518517,-2.9669937407407407
16390.000000310243,0,162,0.0,0.0
16400.000000308642,1,161,0.006172839506172839,-0.9889979135802468
16410.00000030704,1,161,0.006172839506172839,-0.9889979135802468
16420.00000030544,1,161,0.006172839506172839,-0.9889979135802468
16430.00000030384,2,160,0.012345679012345678,-1.9779958271604936
16440.00000030224,2,160,0.012345679012345678,-1.9779958271604936
16450.00000030064,2,160,0.012345679012345678,-1.9779958271604936
16460.00000029904,1,161,0.006172839506172839,-0.9889979135802468
16470.000000297438,1,161,0.006172839506172839,-0.9889979135802468
16480.000000295837,3,159,0.018518518518518517,-2.9669937407407407
16490.000000294236,2,160,0.012345679012345678,-1.9779958271604936
16500.000000292635,0,162,0.0,0.0
16510.000000291035,3,159,0.018518518518518517,-2.9669937407407407
16520.000000289434,0,162,0.0,0.0
16530.000000287833,0,162,0.0,0.0
16540.000000286233,3,159,0.018518518518518517,-2.9669937407407407
16550.000000284632,0,162,0.0,0.0
16560.00000028303,1,161,0.006172839506172839,-0.9889979135802468
16570.00000028143,1,161,0.006172839506172839,-0.9889979135802468
16580.00000027983,2,160,0.012345679012345678,-1.9779958271604936
16590.00000027823,1,161,0.006172839506172839,-0.9889979135802468
16600.00000027663,3,159,0.018518518518518517,-2.9669937407407407
16610.000000275028,3,159,0.018518518518518517,-2.9669937407407407
16620.000000273427,1,161,0.006172839506172839,-0.9889979135802468
16630.000000271826,3,159,0.018518518518518517,-2.9669937407407407
16640.000000270225,2,160,0.012345679012345678,-1.9779958271604936
16650.000000268625,0,162,0.0,0.0
16660.000000267024,1,161,0.006172839506172839,-0.9889979135802468
16670.000000265423,1,161,0.006172839506172839,-0.9889979135802468
16680.000000263823,1,161,0.006172839506172839,-0.9889979135802468
16690.000000262222,4,158,0.024691358024691357,-3.955991654320987
16700.00000026062,0,162,0.0,0.0
16710.00000025902,1,161,0.006172839506172839,-0.9889979135802468
16720.00000025742,0,162,0.0,0.0
16730.00000025582,0,162,0.0,0.0
16740.00000025422,0,162,0.0,0.0
16750.000000252618,3,159,0.018518518518518517,-2.9669937407407407
16760.000000251017,2,160,0.012345679012345678,-1.9779958271604936
16770.000000249416,1,161,0.006172839506172839,-0.9889979135802468
16780.000000247815,0,162,0.0,0.0
16790.000000246215,2,160,0.012345679012345678,-1.9779958271604936
16800.000000244614,2,160,0.012345679012345678,-1.9779958271604936
16810.000000243013,0,162,0.0,0.0
16820.000000241413,1,161,0.006172839506172839,-0.9889979135802468
16830.000000239812,0,162,0.0,0.0
16840.00000023821,0,162,0.0,0.0
16850.00000023661,1,161,0.006172839506172839,-0.9889979135802468
16860.00000023501,3,159,0.018518518518518517,-2.9669937407407407
16870.00000023341,0,162,0.0,0.0
16880.00000023181,0,162,0.0,0.0
16890.000000230208,2,160,0.012345679012345678,-1.9779958271604936
16900.000000228607,1,161,0.006172839506172839,-0.9889979135802468
16910.000000227006,1,161,0.006172839506172839,-0.9889979135802468
16920.000000225406,3,159,0.018518518518518517,-2.9669937407407407
16930.000000223805,1,161,0.006172839506172839,-0.9889979135802468
16940.000000222204,0,162,0.0,0.0
16950.000000220603,4,158,0.024691358024691357,-3.955991654320987
16960.000000219003,1,161,0.006172839506172839,-0.9889979135802468
16970.000000217402,0,162,0.0,0.0
16980.0000002158,1,161,0.006172839506172839,-0.9889979135802468
16990.0000002142,3,159,0.018518518518518517,-2.9669937407407407
17000.0000002126,0,162,0.0,0.0
17010.000000211,1,161,0.006172839506172839,-0.9889979135802468
17020.0000002094,1,161,0.006172839506172839,-0.9889979135802468
17030.000000207798,0,162,0.0,0.0
17040.000000206197,1,161,0.006172839506172839,-0.9889979135802468
17050.000000204596,2,160,0.012345679012345678,-1.9779958271604936
17060.000000202996,1,161,0.006172839506172839,-0.9889979135802468
17070.000000201395,1,161,0.006172839506172839,-0.9889979135802468
17080.000000199794,2,160,0.012345679012345678,-1.9779958271604936
17090.000000198193,0,162,0.0,0.0
17100.000000196593,4,158,0.024691358024691357,-3.955991654320987
17110.000000194992,1,161,0.006172839506172839,-0.9889979135802468
17120.00000019339,1,161,0.006172839506172839,-0.9889979135802468
17130.00000019179,1,161,0.006172839506172839,-0.9889979135802468
17140.00000019019,1,161,0.006172839506172839,-0.9889979135802468
17150.00000018859,1,161,0.006172839506172839,-0.9889979135802468
17160.00000018699,2,160,0.012345679012345678,-1.9779958271604936
17170.000000185388,1,161,0.006172839506172839,-0.9889979135802468
17180.000000183787,1,161,0.006172839506172839,-0.9889979135802468
17190.000000182186,1,161,0.006172839506172839,-0.9889979135802468
17200.000000180586,1,161,0.006172839506172839,-0.9889979135802468
17210.000000178985,1,161,0.006172839506172839,-0.9889979135802468
17220.000000177384,0,162,0.0,0.0
17230.000000175783,3,159,0.018518518518518517,-2.9669937407407407
17240.000000174183,3,159,0.018518518518518517,-2.9669937407407407
17250.000000172582,0,162,0.0,0.0
17260.00000017098,4,158,0.024691358024691357,-3.955991654320987
17270.00000016938,1,161,0.006172839506172839,-0.9889979135802468
17280.00000016778,2,160,0.012345679012345678,-1.9779958271604936
17290.00000016618,3,159,0.018518518518518517,-2.9669937407407407
17300.00000016458,0,162,0.0,0.0
17310.000000162978,1,161,0.006172839506172839,-0.9889979135802468
17320.000000161377,0,162,0.0,0.0
17330.000000159776,0,162,0.0,0.0
17340.000000158176,2,160,0.012345679012345678,-1.9779958271604936
17350.000000156575,1,161,0.006172839506172839,-0.9889979135802468
17360.000000154974,3,159,0.018518518518518517,-2.9669937407407407
17370.000000153374,1,161,0.006172839506172839,-0.9889979135802468
17380.000000151773,1,161,0.006172839506172839,-0.9889979135802468
17390.000000150172,4,158,0.024691358024691357,-3.955991654320987
17400.00000014857,3,159,0.018518518518518517,-2.9669937407407407
17410.00000014697,3,159,0.018518518518518517,-2.9669937407407407
17420.00000014537,0,162,0.0,0.0
17430.00000014377,2,160,0.012345679012345678,-1.9779958271604936
17440.00000014217,2,160,0.012345679012345678,-1.9779958271604936
17450.000000140568,0,162,0.0,0.0
17460.000000138967,3,159,0.018518518518518517,-2.9669937407407407
17470.000000137366,2,160,0.012345679012345678,-1.9779958271604936
17480.000000135766,4,158,0.024691358024691357,-3.955991654320987
17490.000000134165,2,160,0.012345679012345678,-1.9779958271604936
17500.000000132564,2,160,0.012345679012345678,-1.9779958271604936
17510.000000130964,2,160,0.012345679012345678,-1.9779958271604936
17520.000000129363,1,161,0.006172839506172839,-0.9889979135802468
17530.000000127762,1,161,0.006172839506172839,-0.9889979135802468
17540.00000012616,2,160,0.012345679012345678,-1.9779958271604936
17550.00000012456,0,162,0.0,0.0
17560.00000012296,1,161,0.006172839506172839,-0.9889979135802468
17570.00000012136,1,161,0.006172839506172839,-0.9889979135802468
17580.00000011976,0,162,0.0,0.0
17590.000000118158,0,162,0.0,0.0
17600.000000116557,0,162,0.0,0.0
17610.000000114956,3,159,0.018518518518518517,-2.9669937407407407
17620.000000113356,1,161,0.006172839506172839,-0.9889979135802468
17630.000000111755,2,160,0.012345679012345678,-1.9779958271604936
17640.000000110154,1,161,0.006172839506172839,-0.9889979135802468
17650.000000108554,1,161,0.006172839506172839,-0.9889979135802468
17660.000000106953,1,161,0.006172839506172839,-0.9889979135802468
17670.000000105352,1,161,0.006172839506172839,-0.9889979135802468
17680.00000010375,1,161,0.006172839506172839,-0.9889979135802468
17690.00000010215,2,160,0.012345679012345678,-1.9779958271604936
17700.00000010055,6,156,0.037037037037037035,-5.9339874814814815
17710.00000009895,3,159,0.018518518518518517,-2.9669937407407407
17720.00000009735,1,161,0.006172839506172839,-0.9889979135802468
17730.000000095748,4,158,0.024691358024691357,-3.955991654320987
17740.000000094147,2,160,0.012345679012345678,-1.9779958271604936
17750.000000092547,1,161,0.006172839506172839,-0.9889979135802468
17760.000000090946,1,161,0.006172839506172839,-0.9889979135802468
17770.000000089345,1,161,0.006172839506172839,-0.9889979135802468
17780.000000087744,0,162,0.0,0.0
17790.000000086144,1,161,0.006172839506172839,-0.9889979135802468
17800.000000084543,4,158,0.024691358024691357,-3.955991654320987
17810.000000082942,0,162,0.0,0.0
17820.00000008134,3,159,0.018518518518518517,-2.9669937407407407
17830.00000007974,1,161,0.006172839506172839,-0.9889979135802468
17840.00000007814,0,162,0.0,0.0
17850.00000007654,0,162,0.0,0.0
17860.00000007494,1,161,0.006172839506172839,-0.9889979135802468
17870.000000073338,0,162,0.0,0.0
17880.000000071737,1,161,0.006172839506172839,-0.9889979135802468
17890.000000070137,1,161,0.006172839506172839,-0.9889979135802468
17900.000000068536,0,162,0.0,0.0
17910.000000066935,0,162,0.0,0.0
17920.000000065334,1,161,0.006172839506172839,-0.9889979135802468
17930.000000063734,0,162,0.0,0.0
17940.000000062133,5,157,0.030864197530864196,-4.944989567901234
17950.000000060532,3,159,0.018518518518518517,-2.9669937407407407
17960.00000005893,1,161,0.006172839506172839,-0.9889979135802468
17970.00000005733,3,159,0.018518518518518517,-2.9669937407407407
17980.00000005573,0,162,0.0,0.0
17990.00000005413,2,160,0.012345679012345678,-1.9779958271604936
18000.00000005253,3,159,0.018518518518518517,-2.9669937407407407
18010.000000050928,2,160,0.012345679012345678,-1.9779958271604936
18020.000000049327,1,161,0.006172839506172839,-0.9889979135802468
18030.000000047727,3,159,0.018518518518518517,-2.9669937407407407
18040.000000046126,3,159,0.018518518518518517,-2.9669937407407407
18050.000000044525,3,159,0.018518518518518517,-2.9669937407407407
18060.000000042925,1,161,0.006172839506172839,-0.9889979135802468
18070.000000041324,1,161,0.006172839506172839,-0.9889979135802468
18080.000000039723,0,162,0.0,0.0
18090.000000038122,2,160,0.012345679012345678,-1.9779958271604936
18100.00000003652,1,161,0.006172839506172839,-0.9889979135802468
18110.00000003492,1,161,0.006172839506172839,-0.9889979135802468
18120.00000003332,1,161,0.006172839506172839,-0.9889979135802468
18130.00000003172,2,160,0.012345679012345678,-1.9779958271604936
18140.00000003012,1,161,0.006172839506172839,-0.9889979135802468
18150.000000028518,0,162,0.0,0.0
18160.000000026917,1,161,0.006172839506172839,-0.9889979135802468
18170.000000025317,0,162,0.0,0.0
18180.000000023716,1,161,0.006172839506172839,-0.9889979135802468
18190.000000022115,1,161,0.006172839506172839,-0.9889979135802468
18200.000000020515,1,161,0.006172839506172839,-0.9889979135802468
18210.000000018914,0,162,0.0,0.0
18220.000000017313,0,162,0.0,0.0
18230.000000015712,1,161,0.006172839506172839,-0.9889979135802468
18240.00000001411,0,162,0.0,0.0
18250.00000001251,2,160,0.012345679012345678,-1.9779958271604936
18260.00000001091,1,161,0.006172839506172839,-0.9889979135802468
18270.00000000931,2,160,0.012345679012345678,-1.9779958271604936
18280.00000000771,0,162,0.0,0.0
18290.000000006108,1,161,0.006172839506172839,-0.9889979135802468
18300.000000004507,0,162,0.0,0.0
18310.000000002907,1,161,0.006172839506172839,-0.9889979135802468
18320.000000001306,3,159,0.018518518518518517,-2.9669937407407407
18329.999999999705,3,159,0.018518518518518517,-2.9669937407407407
18339.999999998105,1,161,0.006172839506172839,-0.9889979135802468
18349.999999996504,0,162,0.0,0.0
18359.999999994903,0,162,0.0,0.0
18369.999999993302,0,162,0.0,0.0
18379.9999999917,1,161,0.006172839506172839,-0.9889979135802468
18389.9999999901,2,160,0.012345679012345678,-1.9779958271604936
18399.9999999885,2,160,0.012345679012345678,-1.9779958271604936
18409.9999999869,1,161,0.006172839506172839,-0.9889979135802468
18419.9999999853,1,161,0.006172839506172839,-0.9889979135802468
18429.9999999837,3,159,0.018518518518518517,-2.9669937407407407
18439.999999982098,2,160,0.012345679012345678,-1.9779958271604936
18449.999999980497,0,162,0.0,0.0
18459.999999978896,1,161,0.006172839506172839,-0.9889979135802468
18469.999999977295,1,161,0.006172839506172839,-0.9889979135802468
18479.999999975695,1,161,0.006172839506172839,-0.9889979135802468
18489.999999974094,0,162,0.0,0.0
18499.999999972493,3,159,0.018518518518518517,-2.9669937407407407
18509.999999970893,2,160,0.012345679012345678,-1.9779958271604936
18519.999999969292,0,162,0.0,0.0
18529.99999996769,0,162,0.0,0.0
18539.99999996609,1,161,0.006172839506172839,-0.9889979135802468
18549.99999996449,2,160,0.012345679012345678,-1.9779958271604936
18559.99999996289,0,162,0.0,0.0
18569.99999996129,1,161,0.006172839506172839,-0.9889979135802468
18579.999999959688,1,161,0.006172839506172839,-0.9889979135802468
18589.999999958087,1,161,0.006172839506172839,-0.9889979135802468
18599.999999956486,2,160,0.012345679012345678,-1.9779958271604936
18609.999999954885,2,160,0.012345679012345678,-1.9779958271604936
18619.999999953285,1,161,0.006172839506172839,-0.9889979135802468
18629.999999951684,2,160,0.012345679012345678,-1.9779958271604936
18639.999999950083,4,158,0.024691358024691357,-3.955991654320987
18649.999999948483,0,162,0.0,0.0
18659.999999946882,1,161,0.006172839506172839,-0.9889979135802468
18669.99999994528,1,161,0.006172839506172839,-0.9889979135802468
18679.99999994368,3,159,0.018518518518518517,-2.9669937407407407
18689.99999994208,0,162,0.0,0.0
18699.99999994048,0,162,0.0,0.0
18709.99999993888,0,162,0.0,0.0
18719.999999937278,1,161,0.006172839506172839,-0.9889979135802468
18729.999999935677,0,162,0.0,0.0
18739.999999934076,2,160,0.012345679012345678,-1.9779958271604936
18749.999999932475,1,161,0.006172839506172839,-0.9889979135802468
18759.999999930875,2,160,0.012345679012345678,-1.9779958271604936
18769.999999929274,3,159,0.018518518518518517,-2.9669937407407407
18779.999999927673,0,162,0.0,0.0
18789.999999926073,3,159,0.018518518518518517,-2.9669937407407407
18799.999999924472,4,158,0.024691358024691357,-3.955991654320987
18809.99999992287,2,160,0.012345679012345678,-1.9779958271604936
18819.99999992127,2,160,0.012345679012345678,-1.9779958271604936
18829.99999991967,2,160,0.012345679012345678,-1.9779958271604936
18839.99999991807,1,161,0.006172839506172839,-0.9889979135802468
18849.99999991647,2,160,0.012345679012345678,-1.9779958271604936
18859.999999914868,3,159,0.018518518518518517,-2.9669937407407407
18869.999999913267,1,161,0.006172839506172839,-0.9889979135802468
18879.999999911666,3,159,0.018518518518518517,-2.9669937407407407
18889.999999910066,3,159,0.018518518518518517,-2.9669937407407407
18899.999999908465,1,161,0.006172839506172839,-0.9889979135802468
18909.999999906864,1,161,0.006172839506172839,-0.9889979135802468
18919.999999905263,2,160,0.012345679012345678,-1.9779958271604936
18929.999999903663,0,162,0.0,0.0
18939.999999902062,0,162,0.0,0.0
18949.99999990046,2,160,0.012345679012345678,-1.9779958271604936
18959.99999989886,2,160,0.012345679012345678,-1.9779958271604936
18969.99999989726,0,162,0.0,0.0
18979.99999989566,0,162,0.0,0.0
18989.99999989406,1,161,0.006172839506172839,-0.9889979135802468
18999.999999892458,2,160,0.012345679012345678,-1.9779958271604936
19009.999999890857,0,162,0.0,0.0
19019.999999889256,0,162,0.0,0.0
19029.999999887656,2,160,0.012345679012345678,-1.9779958271604936
19039.999999886055,2,160,0.012345679012345678,-1.9779958271604936
19049.999999884454,0,162,0.0,0.0
19059.999999882853,1,161,0.006172839506172839,-0.9889979135802468
19069.999999881253,2,160,0.012345679012345678,-1.9779958271604936
19079.999999879652,2,160,0.012345679012345678,-1.9779958271604936
19089.99999987805,0,162,0.0,0.0
19099.99999987645,0,162,0.0,0.0
19109.99999987485,0,162,0.0,0.0
19119.99999987325,1,161,0.006172839506172839,-0.9889979135802468
19129.99999987165,0,162,0.0,0.0
19139.999999870048,0,162,0.0,0.0
19149.999999868447,2,160,0.012345679012345678,-1.9779958271604936
19159.999999866846,1,161,0.006172839506172839,-0.9889979135802468
19169.999999865246,1,161,0.006172839506172839,-0.9889979135802468
19179.999999863645,3,159,0.018518518518518517,-2.9669937407407407
19189.999999862044,0,162,0.0,0.0
19199.999999860443,2,160,0.012345679012345678,-1.9779958271604936
19209.999999858843,3,159,0.018518518518518517,-2.9669937407407407
19219.999999857242,1,161,0.006172839506172839,-0.9889979135802468
19229.99999985564,1,161,0.006172839506172839,-0.9889979135802468
19239.99999985404,2,160,0.012345679012345678,-1.9779958271604936
19249.99999985244,2,160,0.012345679012345678,-1.9779958271604936
19259.99999985084,1,161,0.006172839506172839,-0.9889979135802468
19269.99999984924,1,161,0.006172839506172839,-0.9889979135802468
19279.999999847638,0,162,0.0,0.0
19289.999999846037,1,161,0.006172839506172839,-0.9889979135802468
19299.999999844436,2,160,0.012345679012345678,-1.9779958271604936
19309.999999842836,0,162,0.0,0.0
19319.999999841235,0,162,0.0,0.0
19329.999999839634,0,162,0.0,0.0
19339.999999838034,1,161,0.006172839506172839,-0.9889979135802468
19349.999999836433,2,160,0.012345679012345678,-1.9779958271604936
19359.999999834832,2,160,0.012345679012345678,-1.9779958271604936
19369.99999983323,1,161,0.006172839506172839,-0.9889979135802468
19379.99999983163,0,162,0.0,0.0
19389.99999983003,3,159,0.018518518518518517,-2.9669937407407407
19399.99999982843,2,160,0.012345679012345678,-1.9779958271604936
19409.99999982683,0,162,0.0,0.0
19419.999999825228,3,159,0.018518518518518517,-2.9669937407407407
19429.999999823627,2,160,0.012345679012345678,-1.9779958271604936
19439.999999822026,1,161,0.006172839506172839,-0.9889979135802468
19449.999999820426,2,160,0.012345679012345678,-1.9779958271604936
19459.999999818825,2,160,0.012345679012345678,-1.9779958271604936
19469.999999817224,1,161,0.006172839506172839,-0.9889979135802468
19479.999999815624,1,161,0.006172839506172839,-0.9889979135802468
19489.999999814023,0,162,0.0,0.0
19499.999999812422,0,162,0.0,0.0
19509.99999981082,2,160,0.012345679012345678,-1.9779958271604936
19519.99999980922,1,161,0.006172839506172839,-0.9889979135802468
19529.99999980762,0,162,0.0,0.0
19539.99999980602,2,160,0.012345679012345678,-1.9779958271604936
19549.99999980442,2,160,0.012345679012345678,-1.9779958271604936
19559.999999802818,0,162,0.0,0.0
19569.999999801217,1,161,0.006172839506172839,-0.9889979135802468
19579.999999799616,3,159,0.018518518518518517,-2.9669937407407407
19589.999999798016,2,160,0.012345679012345678,-1.9779958271604936
19599.999999796415,2,160,0.012345679012345678,-1.9779958271604936
19609.999999794814,0,162,0.0,0.0
19619.999999793214,2,160,0.012345679012345678,-1.9779958271604936
19629.999999791613,1,161,0.006172839506172839,-0.9889979135802468
19639.999999790012,0,162,0.0,0.0
19649.99999978841,2,160,0.012345679012345678,-1.9779958271604936
19659.99999978681,0,162,0.0,0.0
19669.99999978521,1,161,0.006172839506172839,-0.9889979135802468
19679.99999978361,0,162,0.0,0.0
19689.99999978201,1,161,0.006172839506172839,-0.9889979135802468
19699.999999780408,1,161,0.006172839506172839,-0.9889979135802468
19709.999999778807,1,161,0.006172839506172839,-0.9889979135802468
19719.999999777207,1,161,0.006172839506172839,-0.9889979135802468
19729.999999775606,0,162,0.0,0.0
19739.999999774005,1,161,0.006172839506172839,-0.9889979135802468
19749.999999772404,3,159,0.018518518518518517,-2.9669937407407407
19759.999999770804,2,160,0.012345679012345678,-1.9779958271604936
19769.999999769203,4,158,0.024691358024691357,-3.955991654320987
19779.999999767602,0,162,0.0,0.0
19789.999999766,3,159,0.018518518518518517,-2.9669937407407407
19799.9999997644,1,161,0.006172839506172839,-0.9889979135802468
19809.9999997628,0,162,0.0,0.0
19819.9999997612,0,162,0.0,0.0
19829.9999997596,1,161,0.006172839506172839,-0.9889979135802468
19839.999999757998,2,160,0.012345679012345678,-1.9779958271604936
19849.999999756397,0,162,0.0,0.0
19859.999999754797,0,162,0.0,0.0
19869.999999753196,1,161,0.006172839506172839,-0.9889979135802468
19879.999999751595,1,161,0.006172839506172839,-0.9889979135802468
19889.999999749994,1,161,0.006172839506172839,-0.9889979135802468
19899.999999748394,0,162,0.0,0.0
19909.999999746793,4,158,0.024691358024691357,-3.955991654320987
19919.999999745192,1,161,0.006172839506172839,-0.9889979135802468
19929.99999974359,1,161,0.006172839506172839,-0.9889979135802468
19939.99999974199,0,162,0.0,0.0
19949.99999974039,1,161,0.006172839506172839,-0.9889979135802468
19959.99999973879,1,161,0.006172839506172839,-0.9889979135802468
19969.99999973719,1,161,0.006172839506172839,-0.9889979135802468
19979.999999735588,2,160,0.012345679012345678,-1.9779958271604936
19989.999999733987,2,160,0.012345679012345678,-1.9779958271604936
19999.999999732387,1,161,0.006172839506172839,-0.9889979135802468
20009.999999730786,0,162,0.0,0.0
20019.999999729185,0,162,0.0,0.0
20029.999999727585,3,159,0.018518518518518517,-2.9669937407407407
20039.999999725984,2,160,0.012345679012345678,-1.9779958271604936
20049.999999724383,0,162,0.0,0.0
20059.999999722782,2,160,0.012345679012345678,-1.9779958271604936
20069.99999972118,3,159,0.018518518518518517,-2.9669937407407407
20079.99999971958,2,160,0.012345679012345678,-1.9779958271604936
20089.99999971798,1,161,0.006172839506172839,-0.9889979135802468
20099.99999971638,1,161,0.006172839506172839,-0.9889979135802468
20109.99999971478,2,160,0.012345679012345678,-1.9779958271604936
20119.999999713178,1,161,0.006172839506172839,-0.9889979135802468
20129.999999711577,1,161,0.006172839506172839,-0.9889979135802468
20139.999999709977,4,158,0.024691358024691357,-3.955991654320987
20149.999999708376,2,160,0.012345679012345678,-1.9779958271604936
20159.999999706775,0,162,0.0,0.0
20169.999999705175,1,161,0.006172839506172839,-0.9889979135802468
20179.999999703574,1,161,0.006172839506172839,-0.9889979135802468
20189.999999701973,1,161,0.006172839506172839,-0.9889979135802468
20199.999999700372,0,162,0.0,0.0
20209.99999969877,2,160,0.012345679012345678,-1.9779958271604936
20219.99999969717,0,162,0.0,0.0
20229.99999969557,2,160,0.012345679012345678,-1.9779958271604936
20239.99999969397,1,161,0.006172839506172839,-0.9889979135802468
20249.99999969237,0,162,0.0,0.0
20259.999999690768,0,162,0.0,0.0
20269.999999689167,0,162,0.0,0.0
20279.999999687567,2,160,0.012345679012345678,-1.9779958271604936
20289.999999685966,2,160,0.012345679012345678,-1.9779958271604936
20299.999999684365,1,161,0.006172839506172839,-0.9889979135802468
20309.999999682765,2,160,0.012345679012345678,-1.9779958271604936
20319.999999681164,1,161,0.006172839506172839,-0.9889979135802468
20329.999999679563,2,160,0.012345679012345678,-1.9779958271604936
20339.999999677962,0,162,0.0,0.0
20349.99999967636,2,160,0.012345679012345678,-1.9779958271604936
20359.99999967476,2,160,0.012345679012345678,-1.9779958271604936
20369.99999967316,2,160,0.012345679012345678,-1.9779958271604936
20379.99999967156,0,162,0.0,0.0
20389.99999966996,1,161,0.006172839506172839,-0.9889979135802468
20399.99999966836,2,160,0.012345679012345678,-1.9779958271604936
20409.999999666758,1,161,0.006172839506172839,-0.9889979135802468
20419.999999665157,1,161,0.006172839506172839,-0.9889979135802468
20429.999999663556,0,162,0.0,0.0
20439.999999661955,0,162,0.0,0.0
20449.999999660355,4,158,0.024691358024691357,-3.955991654320987
20459.999999658754,1,161,0.006172839506172839,-0.9889979135802468
20469.999999657153,0,162,0.0,0.0
20479.999999655553,0,162,0.0,0.0
20489.99999965395,1,161,0.006172839506172839,-0.9889979135802468
20499.99999965235,3,159,0.018518518518518517,-2.9669937407407407
20509.99999965075,2,160,0.012345679012345678,-1.9779958271604936
20519.99999964915,1,161,0.006172839506172839,-0.9889979135802468
20529.99999964755,0,162,0.0,0.0
20539.99999964595,2,160,0.012345679012345678,-1.9779958271604936
20549.999999644348,3,159,0.018518518518518517,-2.9669937407407407
20559.999999642747,2,160,0.012345679012345678,-1.9779958271604936
20569.999999641146,3,159,0.018518518518518517,-2.9669937407407407
20579.999999639545,1,161,0.006172839506172839,-0.9889979135802468
20589.999999637945,4,158,0.024691358024691357,-3.955991654320987
20599.999999636344,1,161,0.006172839506172839,-0.9889979135802468
20609.999999634743,0,162,0.0,0.0
20619.999999633143,1,161,0.006172839506172839,-0.9889979135802468
20629.999999631542,3,159,0.018518518518518517,-2.9669937407407407
20639.99999962994,2,160,0.012345679012345678,-1.9779958271604936
20649.99999962834,1,161,0.006172839506172839,-0.9889979135802468
20659.99999962674,1,161,0.006172839506172839,-0.9889979135802468
20669.99999962514,1,161,0.006172839506172839,-0.9889979135802468
20679.99999962354,0,162,0.0,0.0
20689.999999621938,1,161,0.006172839506172839,-0.9889979135802468
20699.999999620337,1,161,0.006172839506172839,-0.9889979135802468
20709.999999618736,1,161,0.006172839506172839,-0.9889979135802468
20719.999999617135,3,159,0.018518518518518517,-2.9669937407407407
20729.999999615535,0,162,0.0,0.0
20739.999999613934,2,160,0.012345679012345678,-1.9779958271604936
20749.999999612333,0,162,0.0,0.0
20759.999999610733,1,161,0.006172839506172839,-0.9889979135802468
20769.999999609132,1,161,0.006172839506172839,-0.9889979135802468
20779.99999960753,3,159,0.018518518518518517,-2.9669937407407407
20789.99999960593,2,160,0.012345679012345678,-1.9779958271604936
20799.99999960433,1,161,0.006172839506172839,-0.9889979135802468
20809.99999960273,3,159,0.018518518518518517,-2.9669937407407407
20819.99999960113,0,162,0.0,0.0
20829.999999599528,3,159,0.018518518518518517,-2.9669937407407407
20839.999999597927,2,160,0.012345679012345678,-1.9779958271604936
20849.999999596326,3,159,0.018518518518518517,-2.9669937407407407
20859.999999594726,1,161,0.006172839506172839,-0.9889979135802468
20869.999999593125,2,160,0.012345679012345678,-1.9779958271604936
20879.999999591524,2,160,0.012345679012345678,-1.9779958271604936
20889.999999589923,0,162,0.0,0.0
20899.999999588323,1,161,0.006172839506172839,-0.9889979135802468
20909.999999586722,3,159,0.018518518518518517,-2.9669937407407407
20919.99999958512,2,160,0.012345679012345678,-1.9779958271604936
20929.99999958352,2,160,0.012345679012345678,-1.9779958271604936
20939.99999958192,0,162,0.0,0.0
20949.99999958032,2,160,0.012345679012345678,-1.9779958271604936
20959.99999957872,0,162,0.0,0.0
20969.999999577118,2,160,0.012345679012345678,-1.9779958271604936
20979.999999575517,3,159,0.018518518518518517,-2.9669937407407407
20989.999999573916,1,161,0.006172839506172839,-0.9889979135802468
20999.999999572316,0,162,0.0,0.0
21009.999999570715,2,160,0.012345679012345678,-1.9779958271604936
21019.999999569114,1,161,0.006172839506172839,-0.9889979135802468
21029.999999567513,0,162,0.0,0.0
21039.999999565913,3,159,0.018518518518518517,-2.9669937407407407
21049.999999564312,1,161,0.006172839506172839,-0.9889979135802468
21059.99999956271,0,162,0.0,0.0
21069.99999956111,2,160,0.012345679012345678,-1.9779958271604936
21079.99999955951,4,158,0.024691358024691357,-3.955991654320987
21089.99999955791,3,159,0.018518518518518517,-2.9669937407407407
21099.99999955631,2,160,0.012345679012345678,-1.9779958271604936
21109.999999554708,1,161,0.006172839506172839,-0.9889979135802468
21119.999999553107,0,162,0.0,0.0
21129.999999551506,1,161,0.006172839506172839,-0.9889979135802468
21139.999999549906,3,159,0.018518518518518517,-2.9669937407407407
21149.999999548305,0,162,0.0,0.0
21159.999999546704,1,161,0.006172839506172839,-0.9889979135802468
21169.999999545103,1,161,0.006172839506172839,-0.9889979135802468
21179.999999543503,0,162,0.0,0.0
21189.999999541902,1,161,0.006172839506172839,-0.9889979135802468
21199.9999995403,1,161,0.006172839506172839,-0.9889979135802468
21209.9999995387,1,161,0.006172839506172839,-0.9889979135802468
21219.9999995371,1,161,0.006172839506172839,-0.9889979135802468
21229.9999995355,2,160,0.012345679012345678,-1.9779958271604936
21239.9999995339,0,162,0.0,0.0
21249.999999532298,0,162,0.0,0.0
21259.999999530697,0,162,0.0,0.0
21269.999999529096,0,162,0.0,0.0
21279.999999527496,0,162,0.0,0.0
21289.999999525895,1,161,0.006172839506172839,-0.9889979135802468
21299.999999524294,1,161,0.006172839506172839,-0.9889979135802468
21309.999999522694,1,161,0.006172839506172839,-0.9889979135802468
21319.999999521093,1,161,0.006172839506172839,-0.9889979135802468
21329.999999519492,2,160,0.012345679012345678,-1.9779958271604936
21339.99999951789,2,160,0.012345679012345678,-1.9779958271604936
21349.99999951629,4,158,0.024691358024691357,-3.955991654320987
21359.99999951469,5,157,0.030864197530864196,-4.944989567901234
21369.99999951309,5,157,0.030864197530864196,-4.944989567901234
21379.99999951149,1,161,0.006172839506172839,-0.9889979135802468
21389.999999509888,1,161,0.006172839506172839,-0.9889979135802468
21399.999999508287,2,160,0.012345679012345678,-1.9779958271604936
21409.999999506686,2,160,0.012345679012345678,-1.9779958271604936
21419.999999505086,2,160,0.012345679012345678,-1.9779958271604936
21429.999999503485,3,159,0.018518518518518517,-2.9669937407407407
21439.999999501884,2,160,0.012345679012345678,-1.9779958271604936
21449.999999500284,2,160,0.012345679012345678,-1.9779958271604936
21459.999999498683,1,161,0.006172839506172839,-0.9889979135802468
21469.999999497082,2,160,0.012345679012345678,-1.9779958271604936
21479.99999949548,2,160,0.012345679012345678,-1.9779958271604936
21489.99999949388,3,159,0.018518518518518517,-2.9669937407407407
21499.99999949228,2,160,0.012345679012345678,-1.9779958271604936
21509.99999949068,0,162,0.0,0.0
21519.99999948908,3,159,0.018518518518518517,-2.9669937407407407
21529.999999487478,1,161,0.006172839506172839,-0.9889979135802468
21539.999999485877,1,161,0.006172839506172839,-0.9889979135802468
21549.999999484276,0,162,0.0,0.0
21559.999999482676,2,160,0.012345679012345678,-1.9779958271604936
21569.999999481075,0,162,0.0,0.0
21579.999999479474,1,161,0.006172839506172839,-0.9889979135802468
21589.999999477874,0,162,0.0,0.0
21599.999999476273,2,160,0.012345679012345678,-1.9779958271604936
21609.999999474672,2,160,0.012345679012345678,-1.9779958271604936
21619.99999947307,0,162,0.0,0.0
21629.99999947147,2,160,0.012345679012345678,-1.9779958271604936
21639.99999946987,2,160,0.012345679012345678,-1.9779958271604936
21649.99999946827,1,161,0.006172839506172839,-0.9889979135802468
21659.99999946667,0,162,0.0,0.0
21669.999999465068,0,162,0.0,0.0
21679.999999463467,1,161,0.006172839506172839,-0.9889979135802468
21689.999999461867,1,161,0.006172839506172839,-0.9889979135802468
21699.999999460266,1,161,0.006172839506172839,-0.9889979135802468
21709.999999458665,0,162,0.0,0.0
21719.999999457064,2,160,0.012345679012345678,-1.9779958271604936
21729.999999455464,2,160,0.012345679012345678,-1.9779958271604936
21739.999999453863,0,162,0.0,0.0
21749.999999452262,1,161,0.006172839506172839,-0.9889979135802468
21759.99999945066,1,161,0.006172839506172839,-0.9889979135802468
21769.99999944906,3,159,0.018518518518518517,-2.9669937407407407
21779.99999944746,2,160,0.012345679012345678,-1.9779958271604936
21789.99999944586,1,161,0.006172839506172839,-0.9889979135802468
21799.99999944426,0,162,0.0,0.0
21809.999999442658,0,162,0.0,0.0
21819.999999441057,2,160,0.012345679012345678,-1.9779958271604936
21829.999999439457,1,161,0.006172839506172839,-0.9889979135802468
21839.999999437856,2,160,0.012345679012345678,-1.9779958271604936
21849.999999436255,2,160,0.012345679012345678,-1.9779958271604936
21859.999999434654,2,160,0.012345679012345678,-1.9779958271604936
21869.999999433054,1,161,0.006172839506172839,-0.9889979135802468
21879.999999431453,2,160,0.012345679012345678,-1.9779958271604936
21889.999999429852,1,161,0.006172839506172839,-0.9889979135802468
21899.99999942825,1,161,0.006172839506172839,-0.9889979135802468
21909.99999942665,1,161,0.006172839506172839,-0.9889979135802468
21919.99999942505,0,162,0.0,0.0
21929.99999942345,0,162,0.0,0.0
21939.99999942185,2,160,0.012345679012345678,-1.9779958271604936
21949.999999420248,1,161,0.006172839506172839,-0.9889979135802468
21959.999999418647,1,161,0.006172839506172839,-0.9889979135802468
21969.999999417047,1,161,0.006172839506172839,-0.9889979135802468
21979.999999415446,0,162,0.0,0.0
21989.999999413845,0,162,0.0,0.0
21999.999999412245,1,161,0.006172839506172839,-0.9889979135802468
22009.999999410644,3,159,0.018518518518518517,-2.9669937407407407
22019.999999409043,2,160,0.012345679012345678,-1.9779958271604936
22029.999999407442,1,161,0.006172839506172839,-0.9889979135802468
22039.99999940584,6,156,0.037037037037037035,-5.9339874814814815
22049.99999940424,1,161,0.006172839506172839,-0.9889979135802468
22059.99999940264,1,161,0.006172839506172839,-0.9889979135802468
22069.99999940104,1,161,0.006172839506172839,-0.9889979135802468
22079.99999939944,3,159,0.018518518518518517,-2.9669937407407407
22089.999999397838,4,158,0.024691358024691357,-3.955991654320987
22099.999999396237,4,158,0.024691358024691357,-3.955991654320987
22109.999999394637,1,161,0.006172839506172839,-0.9889979135802468
22119.999999393036,2,160,0.012345679012345678,-1.9779958271604936
22129.999999391435,2,160,0.012345679012345678,-1.9779958271604936
22139.999999389835,2,160,0.012345679012345678,-1.9779958271604936
22149.999999388234,4,158,0.024691358024691357,-3.955991654320987
22159.999999386633,2,160,0.012345679012345678,-1.9779958271604936
22169.999999385032,3,159,0.018518518518518517,-2.9669937407407407
22179.99999938343,2,160,0.012345679012345678,-1.9779958271604936
22189.99999938183,3,159,0.018518518518518517,-2.9669937407407407
22199.99999938023,3,159,0.018518518518518517,-2.9669937407407407
22209.99999937863,1,161,0.006172839506172839,-0.9889979135802468
22219.99999937703,2,160,0.012345679012345678,-1.9779958271604936
22229.999999375428,3,159,0.018518518518518517,-2.9669937407407407
22239.999999373827,3,159,0.018518518518518517,-2.9669937407407407
22249.999999372227,2,160,0.012345679012345678,-1.9779958271604936
22259.999999370626,3,159,0.018518518518518517,-2.9669937407407407
22269.999999369025,0,162,0.0,0.0
22279.999999367425,1,161,0.006172839506172839,-0.9889979135802468
22289.999999365824,2,160,0.012345679012345678,-1.9779958271604936
22299.999999364223,3,159,0.018518518518518517,-2.9669937407407407
22309.999999362622,3,159,0.018518518518518517,-2.9669937407407407
22319.99999936102,1,161,0.006172839506172839,-0.9889979135802468
22329.99999935942,0,162,0.0,0.0
22339.99999935782,1,161,0.006172839506172839,-0.9889979135802468
22349.99999935622,3,159,0.018518518518518517,-2.9669937407407407
22359.99999935462,1,161,0.006172839506172839,-0.9889979135802468
22369.99999935302,3,159,0.018518518518518517,-2.9669937407407407
22379.999999351418,0,162,0.0,0.0
22389.999999349817,4,158,0.024691358024691357,-3.955991654320987
22399.999999348216,2,160,0.012345679012345678,-1.9779958271604936
22409.999999346615,0,162,0.0,0.0
22419.999999345015,0,162,0.0,0.0
22429.999999343414,0,162,0.0,0.0
22439.999999341813,1,161,0.006172839506172839,-0.9889979135802468
22449.999999340213,1,161,0.006172839506172839,-0.9889979135802468
22459.99999933861,1,161,0.006172839506172839,-0.9889979135802468
22469.99999933701,2,160,0.012345679012345678,-1.9779958271604936
22479.99999933541,0,162,0.0,0.0
22489.99999933381,3,159,0.018518518518518517,-2.9669937407407407
22499.99999933221,2,160,0.012345679012345678,-1.9779958271604936
22509.99999933061,1,161,0.006172839506172839,-0.9889979135802468
22519.999999329008,2,160,0.012345679012345678,-1.9779958271604936
22529.999999327407,3,159,0.018518518518518517,-2.9669937407407407
22539.999999325806,1,161,0.006172839506172839,-0.9889979135802468
22549.999999324205,0,162,0.0,0.0
22559.999999322605,1,161,0.006172839506172839,-0.9889979135802468
22569.999999321004,2,160,0.012345679012345678,-1.9779958271604936
22579.999999319403,2,160,0.012345679012345678,-1.9779958271604936
22589.999999317803,3,159,0.018518518518518517,-2.9669937407407407
22599.999999316202,1,161,0.006172839506172839,-0.9889979135802468
22609.9999993146,3,159,0.018518518518518517,-2.9669937407407407
22619.999999313,3,159,0.018518518518518517,-2.9669937407407407
22629.9999993114,1,161,0.006172839506172839,-0.9889979135802468
22639.9999993098,2,160,0.012345679012345678,-1.9779958271604936
22649.9999993082,2,160,0.012345679012345678,-1.9779958271604936
22659.999999306598,0,162,0.0,0.0
22669.999999304997,2,160,0.012345679012345678,-1.9779958271604936
22679.999999303396,0,162,0.0,0.0
22689.999999301795,3,159,0.018518518518518517,-2.9669937407407407
22699.999999300195,2,160,0.012345679012345678,-1.9779958271604936
22709.999999298594,2,160,0.012345679012345678,-1.9779958271604936
22719.999999296993,1,161,0.006172839506172839,-0.9889979135802468
22729.999999295393,2,160,0.012345679012345678,-1.9779958271604936
22739.999999293792,3,159,0.018518518518518517,-2.9669937407407407
22749.99999929219,2,160,0.012345679012345678,-1.9779958271604936
22759.99999929059,3,159,0.018518518518518517,-2.9669937407407407
22769.99999928899,0,162,0.0,0.0
22779.99999928739,2,160,0.012345679012345678,-1.9779958271604936
22789.99999928579,1,161,0.006172839506172839,-0.9889979135802468
22799.999999284188,3,159,0.018518518518518517,-2.9669937407407407
22809.999999282587,1,161,0.006172839506172839,-0.9889979135802468
22819.999999280986,2,160,0.012345679012345678,-1.9779958271604936
22829.999999279386,3,159,0.018518518518518517,-2.9669937407407407
22839.999999277785,0,162,0.0,0.0
22849.999999276184,1,161,0.006172839506172839,-0.9889979135802468
22859.999999274583,1,161,0.006172839506172839,-0.9889979135802468
22869.999999272983,2,160,0.012345679012345678,-1.9779958271604936
22879.999999271382,3,159,0.018518518518518517,-2.9669937407407407
22889.99999926978,0,162,0.0,0.0
22899.99999926818,1,161,0.006172839506172839,-0.9889979135802468
22909.99999926658,0,162,0.0,0.0
22919.99999926498,1,161,0.006172839506172839,-0.9889979135802468
22929.99999926338,1,161,0.006172839506172839,-0.9889979135802468
22939.999999261778,0,162,0.0,0.0
22949.999999260177,2,160,0.012345679012345678,-1.9779958271604936
22959.999999258576,3,159,0.018518518518518517,-2.9669937407407407
22969.999999256976,2,160,0.012345679012345678,-1.9779958271604936
22979.999999255375,1,161,0.006172839506172839,-0.9889979135802468
22989.999999253774,4,158,0.024691358024691357,-3.955991654320987
22999.999999252173,3,159,0.018518518518518517,-2.9669937407407407
23009.999999250573,1,161,0.006172839506172839,-0.9889979135802468
23019.999999248972,0,162,0.0,0.0
23029.99999924737,3,159,0.018518518518518517,-2.9669937407407407
23039.99999924577,0,162,0.0,0.0
23049.99999924417,2,160,0.012345679012345678,-1.9779958271604936
23059.99999924257,1,161,0.006172839506172839,-0.9889979135802468
23069.99999924097,1,161,0.006172839506172839,-0.9889979135802468
23079.999999239368,2,160,0.012345679012345678,-1.9779958271604936
23089.999999237767,2,160,0.012345679012345678,-1.9779958271604936
23099.999999236166,1,161,0.006172839506172839,-0.9889979135802468
23109.999999234566,2,160,0.012345679012345678,-1.9779958271604936
23119.999999232965,0,162,0.0,0.0
23129.999999231364,0,162,0.0,0.0
23139.999999229763,3,159,0.018518518518518517,-2.9669937407407407
23149.999999228163,1,161,0.006172839506172839,-0.9889979135802468
23159.999999226562,0,162,0.0,0.0
23169.99999922496,1,161,0.006172839506172839,-0.9889979135802468
23179.99999922336,0,162,0.0,0.0
23189.99999922176,3,159,0.018518518518518517,-2.9669937407407407
23199.99999922016,1,161,0.006172839506172839,-0.9889979135802468
23209.99999921856,2,160,0.012345679012345678,-1.9779958271604936
23219.999999216958,1,161,0.006172839506172839,-0.9889979135802468
23229.999999215357,1,161,0.006172839506172839,-0.9889979135802468
23239.999999213756,1,161,0.006172839506172839,-0.9889979135802468
23249.999999212156,2,160,0.012345679012345678,-1.9779958271604936
23259.999999210555,1,161,0.006172839506172839,-0.9889979135802468
23269.999999208954,2,160,0.012345679012345678,-1.9779958271604936
23279.999999207354,3,159,0.018518518518518517,-2.9669937407407407
23289.999999205753,0,162,0.0,0.0
23299.999999204152,0,162,0.0,0.0
23309.99999920255,0,162,0.0,0.0
23319.99999920095,2,160,0.012345679012345678,-1.9779958271604936
23329.99999919935,1,161,0.006172839506172839,-0.9889979135802468
23339.99999919775,1,161,0.006172839506172839,-0.9889979135802468
23349.99999919615,1,161,0.006172839506172839,-0.9889979135802468
23359.999999194548,0,162,0.0,0.0
23369.999999192947,0,162,0.0,0.0
23379.999999191346,1,161,0.006172839506172839,-0.9889979135802468
23389.999999189746,1,161,0.006172839506172839,-0.9889979135802468
23399.999999188145,0,162,0.0,0.0
23409.999999186544,1,161,0.006172839506172839,-0.9889979135802468
23419.999999184944,0,162,0.0,0.0
23429.999999183343,2,160,0.012345679012345678,-1.9779958271604936
23439.999999181742,2,160,0.012345679012345678,-1.9779958271604936
23449.99999918014,0,162,0.0,0.0
23459.99999917854,0,162,0.0,0.0
23469.99999917694,0,162,0.0,0.0
23479.99999917534,1,161,0.006172839506172839,-0.9889979135802468
23489.99999917374,0,162,0.0,0.0
23499.999999172138,1,161,0.006172839506172839,-0.9889979135802468
23509.999999170537,0,162,0.0,0.0
23519.999999168936,1,161,0.006172839506172839,-0.9889979135802468
23529.999999167336,1,161,0.006172839506172839,-0.9889979135802468
23539.999999165735,1,161,0.006172839506172839,-0.9889979135802468
23549.999999164134,0,162,0.0,0.0
23559.999999162534,3,159,0.018518518518518517,-2.9669937407407407
23569.999999160933,1,161,0.006172839506172839,-0.9889979135802468
23579.999999159332,2,160,0.012345679012345678,-1.9779958271604936
23589.99999915773,3,159,0.018518518518518517,-2.9669937407407407
23599.99999915613,1,161,0.006172839506172839,-0.9889979135802468
23609.99999915453,2,160,0.012345679012345678,-1.9779958271604936
23619.99999915293,3,159,0.018518518518518517,-2.9669937407407407
23629.99999915133,1,161,0.006172839506172839,-0.9889979135802468
23639.999999149728,2,160,0.012345679012345678,-1.9779958271604936
23649.999999148127,0,162,0.0,0.0
23659.999999146527,0,162,0.0,0.0
23669.999999144926,4,158,0.024691358024691357,-3.955991654320987
23679.999999143325,2,160,0.012345679012345678,-1.9779958271604936
23689.999999141724,4,158,0.024691358024691357,-3.955991654320987
23699.999999140124,4,158,0.024691358024691357,-3.955991654320987
23709.999999138523,1,161,0.006172839506172839,-0.9889979135802468
23719.999999136922,2,160,0.012345679012345678,-1.9779958271604936
23729.99999913532,1,161,0.006172839506172839,-0.9889979135802468
23739.99999913372,3,159,0.018518518518518517,-2.9669937407407407
23749.99999913212,1,161,0.006172839506172839,-0.9889979135802468
23759.99999913052,2,160,0.012345679012345678,-1.9779958271604936
23769.99999912892,3,159,0.018518518518518517,-2.9669937407407407
23779.999999127318,1,161,0.006172839506172839,-0.9889979135802468
23789.999999125717,1,161,0.006172839506172839,-0.9889979135802468
23799.999999124117,3,159,0.018518518518518517,-2.9669937407407407
23809.999999122516,4,158,0.024691358024691357,-3.955991654320987
23819.999999120915,1,161,0.006172839506172839,-0.9889979135802468
23829.999999119314,1,161,0.006172839506172839,-0.9889979135802468
23839.999999117714,0,162,0.0,0.0
23849.999999116113,2,160,0.012345679012345678,-1.9779958271604936
23859.999999114512,1,161,0.006172839506172839,-0.9889979135802468
23869.99999911291,3,159,0.018518518518518517,-2.9669937407407407
23879.99999911131,1,161,0.006172839506172839,-0.9889979135802468
23889.99999910971,3,159,0.018518518518518517,-2.9669937407407407
23899.99999910811,2,160,0.012345679012345678,-1.9779958271604936
23909.99999910651,2,160,0.012345679012345678,-1.9779958271604936
23919.999999104908,0,162,0.0,0.0
23929.999999103307,1,161,0.006172839506172839,-0.9889979135802468
23939.999999101707,1,161,0.006172839506172839,-0.9889979135802468
23949.999999100106,1,161,0.006172839506172839,-0.9889979135802468
23959.999999098505,2,160,0.012345679012345678,-1.9779958271604936
23969.999999096905,1,161,0.006172839506172839,-0.9889979135802468
23979.999999095304,1,161,0.006172839506172839,-0.9889979135802468
23989.999999093703,1,161,0.006172839506172839,-0.9889979135802468
23999.999999092102,0,162,0.0,0.0
24009.9999990905,0,162,0.0,0.0
24019.9999990889,0,162,0.0,0.0
24029.9999990873,2,160,0.012345679012345678,-1.9779958271604936
24039.9999990857,1,161,0.006172839506172839,-0.9889979135802468
24049.9999990841,0,162,0.0,0.0
24059.999999082498,2,160,0.012345679012345678,-1.9779958271604936
24069.999999080897,1,161,0.006172839506172839,-0.9889979135802468
24079.999999079297,0,162,0.0,0.0
24089.999999077696,2,160,0.012345679012345678,-1.9779958271604936
24099.999999076095,1,161,0.006172839506172839,-0.9889979135802468
24109.999999074495,1,161,0.006172839506172839,-0.9889979135802468
24119.999999072894,0,162,0.0,0.0
24129.999999071293,3,159,0.018518518518518517,-2.9669937407407407
