time,number_A,number_HA,alpha,surf_ch_dens
140.00000000001765,107,55,0.6604938271604939,-105.82277675308643
150.00000000000855,81,81,0.5,-80.108831
159.99999999999946,67,95,0.41358024691358025,-66.26286020987655
169.99999999999037,58,104,0.35802469135802467,-57.36187898765432
179.99999999998127,50,112,0.30864197530864196,-49.44989567901234
189.99999999997218,48,114,0.2962962962962963,-47.47189985185185
199.99999999996308,45,117,0.2777777777777778,-44.504906111111104
209.99999999995399,43,119,0.2654320987654321,-42.52691028395062
219.9999999999449,41,121,0.25308641975308643,-40.54891445679012
229.9999999999358,37,125,0.22839506172839505,-36.59292280246914
239.9999999999267,39,123,0.24074074074074073,-38.57091862962963
249.9999999999176,37,125,0.22839506172839505,-36.59292280246914
259.99999999990854,38,124,0.2345679012345679,-37.581920716049375
269.99999999989944,36,126,0.2222222222222222,-35.60392488888888
279.99999999989035,36,126,0.2222222222222222,-35.60392488888888
289.99999999988125,39,123,0.24074074074074073,-38.57091862962963
299.99999999987216,40,122,0.24691358024691357,-39.55991654320987
309.99999999986306,41,121,0.25308641975308643,-40.54891445679012
319.99999999985397,39,123,0.24074074074074073,-38.57091862962963
329.9999999998449,42,120,0.25925925925925924,-41.537912370370364
339.9999999998358,40,122,0.24691358024691357,-39.55991654320987
349.9999999998267,40,122,0.24691358024691357,-39.55991654320987
359.9999999998176,44,118,0.2716049382716049,-43.51590819753087
369.9999999998085,41,121,0.25308641975308643,-40.54891445679012
379.9999999997994,40,122,0.24691358024691357,-39.55991654320987
389.9999999997903,44,118,0.2716049382716049,-43.51590819753087
399.9999999997812,42,120,0.25925925925925924,-41.537912370370364
409.9999999997721,47,115,0.29012345679012347,-46.4829019382716
419.999999999763,43,119,0.2654320987654321,-42.52691028395062
429.9999999997539,39,123,0.24074074074074073,-38.57091862962963
439.99999999974483,34,128,0.20987654320987653,-33.62592906172839
449.99999999973573,34,128,0.20987654320987653,-33.62592906172839
459.99999999972664,32,130,0.19753086419753085,-31.647933234567898
469.99999999971755,33,129,0.2037037037037037,-32.63693114814815
479.99999999970845,38,124,0.2345679012345679,-37.581920716049375
489.99999999969936,35,127,0.21604938271604937,-34.61492697530864
499.99999999969026,33,129,0.2037037037037037,-32.63693114814815
509.99999999968117,37,125,0.22839506172839505,-36.59292280246914
519.9999999996721,33,129,0.2037037037037037,-32.63693114814815
529.999999999663,32,130,0.19753086419753085,-31.647933234567898
539.9999999996539,31,131,0.19135802469135801,-30.658935320987652
549.9999999996448,29,133,0.17901234567901234,-28.68093949382716
559.9999999996357,31,131,0.19135802469135801,-30.658935320987652
569.9999999996267,31,131,0.19135802469135801,-30.658935320987652
579.9999999996176,32,130,0.19753086419753085,-31.647933234567898
589.9999999996085,35,127,0.21604938271604937,-34.61492697530864
599.9999999995994,36,126,0.2222222222222222,-35.60392488888888
609.9999999995903,34,128,0.20987654320987653,-33.62592906172839
619.9999999995812,30,132,0.18518518518518517,-29.669937407407406
629.9999999995721,27,135,0.16666666666666666,-26.702943666666663
639.999999999563,33,129,0.2037037037037037,-32.63693114814815
649.9999999995539,37,125,0.22839506172839505,-36.59292280246914
659.9999999995448,32,130,0.19753086419753085,-31.647933234567898
669.9999999995357,37,125,0.22839506172839505,-36.59292280246914
679.9999999995266,34,128,0.20987654320987653,-33.62592906172839
689.9999999995175,30,132,0.18518518518518517,-29.669937407407406
699.9999999995084,36,126,0.2222222222222222,-35.60392488888888
709.9999999994993,37,125,0.22839506172839505,-36.59292280246914
719.9999999994902,36,126,0.2222222222222222,-35.60392488888888
729.9999999994811,30,132,0.18518518518518517,-29.669937407407406
739.999999999472,29,133,0.17901234567901234,-28.68093949382716
749.999999999463,33,129,0.2037037037037037,-32.63693114814815
759.9999999994538,33,129,0.2037037037037037,-32.63693114814815
769.9999999994448,25,137,0.15432098765432098,-24.72494783950617
779.9999999994357,29,133,0.17901234567901234,-28.68093949382716
789.9999999994266,29,133,0.17901234567901234,-28.68093949382716
799.9999999994175,32,130,0.19753086419753085,-31.647933234567898
809.9999999994084,33,129,0.2037037037037037,-32.63693114814815
819.9999999993993,27,135,0.16666666666666666,-26.702943666666663
829.9999999993902,32,130,0.19753086419753085,-31.647933234567898
839.9999999993811,30,132,0.18518518518518517,-29.669937407407406
849.999999999372,29,133,0.17901234567901234,-28.68093949382716
859.9999999993629,31,131,0.19135802469135801,-30.658935320987652
869.9999999993538,32,130,0.19753086419753085,-31.647933234567898
879.9999999993447,34,128,0.20987654320987653,-33.62592906172839
889.9999999993356,36,126,0.2222222222222222,-35.60392488888888
899.9999999993265,36,126,0.2222222222222222,-35.60392488888888
909.9999999993174,34,128,0.20987654320987653,-33.62592906172839
919.9999999993083,33,129,0.2037037037037037,-32.63693114814815
929.9999999992992,34,128,0.20987654320987653,-33.62592906172839
939.9999999992901,30,132,0.18518518518518517,-29.669937407407406
949.999999999281,33,129,0.2037037037037037,-32.63693114814815
959.999999999272,30,132,0.18518518518518517,-29.669937407407406
969.9999999992629,29,133,0.17901234567901234,-28.68093949382716
979.9999999992538,31,131,0.19135802469135801,-30.658935320987652
989.9999999992447,28,134,0.1728395061728395,-27.691941580246915
999.9999999992356,32,130,0.19753086419753085,-31.647933234567898
1009.9999999992265,31,131,0.19135802469135801,-30.658935320987652
1019.9999999992174,36,126,0.2222222222222222,-35.60392488888888
1029.9999999992083,29,133,0.17901234567901234,-28.68093949382716
1039.9999999991992,38,124,0.2345679012345679,-37.581920716049375
1049.99999999919,29,133,0.17901234567901234,-28.68093949382716
1059.999999999181,30,132,0.18518518518518517,-29.669937407407406
1069.999999999172,33,129,0.2037037037037037,-32.63693114814815
1079.9999999991628,31,131,0.19135802469135801,-30.658935320987652
1089.9999999991537,30,132,0.18518518518518517,-29.669937407407406
1099.9999999991446,30,132,0.18518518518518517,-29.669937407407406
1109.9999999991355,31,131,0.19135802469135801,-30.658935320987652
1119.9999999991264,32,130,0.19753086419753085,-31.647933234567898
1129.9999999991173,28,134,0.1728395061728395,-27.691941580246915
1139.9999999991082,29,133,0.17901234567901234,-28.68093949382716
1149.9999999990991,27,135,0.16666666666666666,-26.702943666666663
1159.99999999909,29,133,0.17901234567901234,-28.68093949382716
1169.999999999081,28,134,0.1728395061728395,-27.691941580246915
1179.9999999990719,28,134,0.1728395061728395,-27.691941580246915
1189.9999999990628,22,140,0.13580246913580246,-21.757954098765435
1199.9999999990537,29,133,0.17901234567901234,-28.68093949382716
1209.9999999990446,28,134,0.1728395061728395,-27.691941580246915
1219.9999999990355,30,132,0.18518518518518517,-29.669937407407406
1229.9999999990264,31,131,0.19135802469135801,-30.658935320987652
1239.9999999990173,33,129,0.2037037037037037,-32.63693114814815
1249.9999999990082,35,127,0.21604938271604937,-34.61492697530864
1259.999999998999,31,131,0.19135802469135801,-30.658935320987652
1269.99999999899,32,130,0.19753086419753085,-31.647933234567898
1279.999999998981,27,135,0.16666666666666666,-26.702943666666663
1289.9999999989718,25,137,0.15432098765432098,-24.72494783950617
1299.9999999989627,25,137,0.15432098765432098,-24.72494783950617
1309.9999999989536,22,140,0.13580246913580246,-21.757954098765435
1319.9999999989445,28,134,0.1728395061728395,-27.691941580246915
1329.9999999989354,27,135,0.16666666666666666,-26.702943666666663
1339.9999999989263,26,136,0.16049382716049382,-25.71394575308642
1349.9999999989172,24,138,0.14814814814814814,-23.735949925925926
1359.9999999989082,26,136,0.16049382716049382,-25.71394575308642
1369.999999998899,31,131,0.19135802469135801,-30.658935320987652
1379.99999999889,26,136,0.16049382716049382,-25.71394575308642
1389.9999999988809,31,131,0.19135802469135801,-30.658935320987652
1399.9999999988718,22,140,0.13580246913580246,-21.757954098765435
1409.9999999988627,29,133,0.17901234567901234,-28.68093949382716
1419.9999999988536,25,137,0.15432098765432098,-24.72494783950617
1429.9999999988445,27,135,0.16666666666666666,-26.702943666666663
1439.9999999988354,22,140,0.13580246913580246,-21.757954098765435
1449.9999999988263,23,139,0.1419753086419753,-22.74695201234568
1459.9999999988172,19,143,0.11728395061728394,-18.790960358024687
1469.999999998808,21,141,0.12962962962962962,-20.768956185185182
1479.999999998799,24,138,0.14814814814814814,-23.735949925925926
1489.99999999879,26,136,0.16049382716049382,-25.71394575308642
1499.9999999987808,25,137,0.15432098765432098,-24.72494783950617
1509.9999999987717,22,140,0.13580246913580246,-21.757954098765435
1519.9999999987626,22,140,0.13580246913580246,-21.757954098765435
1529.9999999987535,25,137,0.15432098765432098,-24.72494783950617
1539.9999999987444,23,139,0.1419753086419753,-22.74695201234568
1549.9999999987353,21,141,0.12962962962962962,-20.768956185185182
1559.9999999987263,23,139,0.1419753086419753,-22.74695201234568
1569.9999999987172,26,136,0.16049382716049382,-25.71394575308642
1579.999999998708,27,135,0.16666666666666666,-26.702943666666663
1589.999999998699,26,136,0.16049382716049382,-25.71394575308642
1599.9999999986899,22,140,0.13580246913580246,-21.757954098765435
1609.9999999986808,22,140,0.13580246913580246,-21.757954098765435
1619.9999999986717,25,137,0.15432098765432098,-24.72494783950617
1629.9999999986626,24,138,0.14814814814814814,-23.735949925925926
1639.9999999986535,23,139,0.1419753086419753,-22.74695201234568
1649.9999999986444,23,139,0.1419753086419753,-22.74695201234568
1659.9999999986353,25,137,0.15432098765432098,-24.72494783950617
1669.9999999986262,27,135,0.16666666666666666,-26.702943666666663
1679.999999998617,28,134,0.1728395061728395,-27.691941580246915
1689.999999998608,24,138,0.14814814814814814,-23.735949925925926
1699.999999998599,25,137,0.15432098765432098,-24.72494783950617
1709.9999999985898,26,136,0.16049382716049382,-25.71394575308642
1719.9999999985807,20,142,0.12345679012345678,-19.779958271604936
1729.9999999985716,27,135,0.16666666666666666,-26.702943666666663
1739.9999999985625,28,134,0.1728395061728395,-27.691941580246915
1749.9999999985534,27,135,0.16666666666666666,-26.702943666666663
1759.9999999985444,26,136,0.16049382716049382,-25.71394575308642
1769.9999999985353,27,135,0.16666666666666666,-26.702943666666663
1779.9999999985262,26,136,0.16049382716049382,-25.71394575308642
1789.999999998517,25,137,0.15432098765432098,-24.72494783950617
1799.999999998508,28,134,0.1728395061728395,-27.691941580246915
1809.9999999984989,23,139,0.1419753086419753,-22.74695201234568
1819.9999999984898,23,139,0.1419753086419753,-22.74695201234568
1829.9999999984807,24,138,0.14814814814814814,-23.735949925925926
1839.9999999984716,22,140,0.13580246913580246,-21.757954098765435
1849.9999999984625,19,143,0.11728395061728394,-18.790960358024687
1859.9999999984534,21,141,0.12962962962962962,-20.768956185185182
1869.9999999984443,24,138,0.14814814814814814,-23.735949925925926
1879.9999999984352,25,137,0.15432098765432098,-24.72494783950617
1889.9999999984261,24,138,0.14814814814814814,-23.735949925925926
1899.999999998417,24,138,0.14814814814814814,-23.735949925925926
1909.999999998408,29,133,0.17901234567901234,-28.68093949382716
1919.9999999983988,26,136,0.16049382716049382,-25.71394575308642
1929.9999999983897,28,134,0.1728395061728395,-27.691941580246915
1939.9999999983806,30,132,0.18518518518518517,-29.669937407407406
1949.9999999983715,25,137,0.15432098765432098,-24.72494783950617
1959.9999999983625,22,140,0.13580246913580246,-21.757954098765435
1969.9999999983534,27,135,0.16666666666666666,-26.702943666666663
1979.9999999983443,24,138,0.14814814814814814,-23.735949925925926
1989.9999999983352,25,137,0.15432098765432098,-24.72494783950617
1999.999999998326,22,140,0.13580246913580246,-21.757954098765435
2009.999999998317,22,140,0.13580246913580246,-21.757954098765435
2019.9999999983079,25,137,0.15432098765432098,-24.72494783950617
2029.9999999982988,17,145,0.10493827160493827,-16.812964530864196
2039.9999999982897,20,142,0.12345679012345678,-19.779958271604936
2049.999999998326,27,135,0.16666666666666666,-26.702943666666663
2059.9999999985444,23,139,0.1419753086419753,-22.74695201234568
2069.9999999987626,23,139,0.1419753086419753,-22.74695201234568
2079.999999998981,26,136,0.16049382716049382,-25.71394575308642
2089.999999999199,25,137,0.15432098765432098,-24.72494783950617
2099.9999999994175,25,137,0.15432098765432098,-24.72494783950617
2109.9999999996357,26,136,0.16049382716049382,-25.71394575308642
2119.999999999854,26,136,0.16049382716049382,-25.71394575308642
2130.0000000000723,21,141,0.12962962962962962,-20.768956185185182
2140.0000000002906,24,138,0.14814814814814814,-23.735949925925926
2150.000000000509,27,135,0.16666666666666666,-26.702943666666663
2160.000000000727,24,138,0.14814814814814814,-23.735949925925926
2170.0000000009454,25,137,0.15432098765432098,-24.72494783950617
2180.0000000011637,27,135,0.16666666666666666,-26.702943666666663
2190.000000001382,32,130,0.19753086419753085,-31.647933234567898
2200.0000000016003,29,133,0.17901234567901234,-28.68093949382716
2210.0000000018185,26,136,0.16049382716049382,-25.71394575308642
2220.000000002037,24,138,0.14814814814814814,-23.735949925925926
2230.000000002255,23,139,0.1419753086419753,-22.74695201234568
2240.0000000024734,21,141,0.12962962962962962,-20.768956185185182
2250.0000000026916,22,140,0.13580246913580246,-21.757954098765435
2260.00000000291,20,142,0.12345679012345678,-19.779958271604936
2270.000000003128,24,138,0.14814814814814814,-23.735949925925926
2280.0000000033465,27,135,0.16666666666666666,-26.702943666666663
2290.0000000035648,24,138,0.14814814814814814,-23.735949925925926
2300.000000003783,27,135,0.16666666666666666,-26.702943666666663
2310.0000000040013,24,138,0.14814814814814814,-23.735949925925926
2320.0000000042196,24,138,0.14814814814814814,-23.735949925925926
2330.000000004438,25,137,0.15432098765432098,-24.72494783950617
2340.000000004656,25,137,0.15432098765432098,-24.72494783950617
2350.0000000048744,26,136,0.16049382716049382,-25.71394575308642
2360.0000000050927,25,137,0.15432098765432098,-24.72494783950617
2370.000000005311,26,136,0.16049382716049382,-25.71394575308642
2380.0000000055293,26,136,0.16049382716049382,-25.71394575308642
2390.0000000057476,26,136,0.16049382716049382,-25.71394575308642
2400.000000005966,26,136,0.16049382716049382,-25.71394575308642
2410.000000006184,25,137,0.15432098765432098,-24.72494783950617
2420.0000000064024,26,136,0.16049382716049382,-25.71394575308642
2430.0000000066207,27,135,0.16666666666666666,-26.702943666666663
2440.000000006839,28,134,0.1728395061728395,-27.691941580246915
2450.000000007057,22,140,0.13580246913580246,-21.757954098765435
2460.0000000072755,28,134,0.1728395061728395,-27.691941580246915
2470.000000007494,22,140,0.13580246913580246,-21.757954098765435
2480.000000007712,15,147,0.09259259259259259,-14.834968703703703
2490.0000000079303,17,145,0.10493827160493827,-16.812964530864196
2500.0000000081486,23,139,0.1419753086419753,-22.74695201234568
2510.000000008367,24,138,0.14814814814814814,-23.735949925925926
2520.000000008585,26,136,0.16049382716049382,-25.71394575308642
2530.0000000088035,23,139,0.1419753086419753,-22.74695201234568
2540.0000000090217,24,138,0.14814814814814814,-23.735949925925926
2550.00000000924,25,137,0.15432098765432098,-24.72494783950617
2560.0000000094583,28,134,0.1728395061728395,-27.691941580246915
2570.0000000096766,27,135,0.16666666666666666,-26.702943666666663
2580.000000009895,22,140,0.13580246913580246,-21.757954098765435
2590.000000010113,23,139,0.1419753086419753,-22.74695201234568
2600.0000000103314,25,137,0.15432098765432098,-24.72494783950617
2610.0000000105497,26,136,0.16049382716049382,-25.71394575308642
2620.000000010768,19,143,0.11728395061728394,-18.790960358024687
2630.0000000109862,21,141,0.12962962962962962,-20.768956185185182
2640.0000000112045,25,137,0.15432098765432098,-24.72494783950617
2650.000000011423,23,139,0.1419753086419753,-22.74695201234568
2660.000000011641,29,133,0.17901234567901234,-28.68093949382716
2670.0000000118594,27,135,0.16666666666666666,-26.702943666666663
2680.0000000120776,24,138,0.14814814814814814,-23.735949925925926
2690.000000012296,23,139,0.1419753086419753,-22.74695201234568
2700.000000012514,24,138,0.14814814814814814,-23.735949925925926
2710.0000000127325,28,134,0.1728395061728395,-27.691941580246915
2720.0000000129507,26,136,0.16049382716049382,-25.71394575308642
2730.000000013169,26,136,0.16049382716049382,-25.71394575308642
2740.0000000133873,22,140,0.13580246913580246,-21.757954098765435
2750.0000000136056,26,136,0.16049382716049382,-25.71394575308642
2760.000000013824,25,137,0.15432098765432098,-24.72494783950617
2770.000000014042,27,135,0.16666666666666666,-26.702943666666663
2780.0000000142604,23,139,0.1419753086419753,-22.74695201234568
2790.0000000144787,25,137,0.15432098765432098,-24.72494783950617
2800.000000014697,19,143,0.11728395061728394,-18.790960358024687
2810.0000000149153,20,142,0.12345679012345678,-19.779958271604936
2820.0000000151335,25,137,0.15432098765432098,-24.72494783950617
2830.000000015352,23,139,0.1419753086419753,-22.74695201234568
2840.00000001557,27,135,0.16666666666666666,-26.702943666666663
2850.0000000157884,19,143,0.11728395061728394,-18.790960358024687
2860.0000000160067,23,139,0.1419753086419753,-22.74695201234568
2870.000000016225,20,142,0.12345679012345678,-19.779958271604936
2880.000000016443,25,137,0.15432098765432098,-24.72494783950617
2890.0000000166615,23,139,0.1419753086419753,-22.74695201234568
2900.0000000168798,25,137,0.15432098765432098,-24.72494783950617
2910.000000017098,23,139,0.1419753086419753,-22.74695201234568
2920.0000000173163,29,133,0.17901234567901234,-28.68093949382716
2930.0000000175346,33,129,0.2037037037037037,-32.63693114814815
2940.000000017753,26,136,0.16049382716049382,-25.71394575308642
2950.000000017971,31,131,0.19135802469135801,-30.658935320987652
2960.0000000181894,27,135,0.16666666666666666,-26.702943666666663
2970.0000000184077,25,137,0.15432098765432098,-24.72494783950617
2980.000000018626,31,131,0.19135802469135801,-30.658935320987652
2990.0000000188443,27,135,0.16666666666666666,-26.702943666666663
3000.0000000190626,28,134,0.1728395061728395,-27.691941580246915
3010.000000019281,25,137,0.15432098765432098,-24.72494783950617
3020.000000019499,25,137,0.15432098765432098,-24.72494783950617
3030.0000000197174,25,137,0.15432098765432098,-24.72494783950617
3040.0000000199357,27,135,0.16666666666666666,-26.702943666666663
3050.000000020154,23,139,0.1419753086419753,-22.74695201234568
3060.000000020372,22,140,0.13580246913580246,-21.757954098765435
3070.0000000205905,26,136,0.16049382716049382,-25.71394575308642
3080.000000020809,24,138,0.14814814814814814,-23.735949925925926
3090.000000021027,22,140,0.13580246913580246,-21.757954098765435
3100.0000000212453,22,140,0.13580246913580246,-21.757954098765435
3110.0000000214636,21,141,0.12962962962962962,-20.768956185185182
3120.000000021682,24,138,0.14814814814814814,-23.735949925925926
3130.0000000219,23,139,0.1419753086419753,-22.74695201234568
3140.0000000221185,24,138,0.14814814814814814,-23.735949925925926
3150.0000000223367,25,137,0.15432098765432098,-24.72494783950617
3160.000000022555,29,133,0.17901234567901234,-28.68093949382716
3170.0000000227733,23,139,0.1419753086419753,-22.74695201234568
3180.0000000229916,25,137,0.15432098765432098,-24.72494783950617
3190.00000002321,30,132,0.18518518518518517,-29.669937407407406
3200.000000023428,24,138,0.14814814814814814,-23.735949925925926
3210.0000000236464,22,140,0.13580246913580246,-21.757954098765435
3220.0000000238647,20,142,0.12345679012345678,-19.779958271604936
3230.000000024083,25,137,0.15432098765432098,-24.72494783950617
3240.0000000243012,24,138,0.14814814814814814,-23.735949925925926
3250.0000000245195,26,136,0.16049382716049382,-25.71394575308642
3260.000000024738,23,139,0.1419753086419753,-22.74695201234568
3270.000000024956,23,139,0.1419753086419753,-22.74695201234568
3280.0000000251744,30,132,0.18518518518518517,-29.669937407407406
3290.0000000253926,23,139,0.1419753086419753,-22.74695201234568
3300.000000025611,23,139,0.1419753086419753,-22.74695201234568
3310.000000025829,32,130,0.19753086419753085,-31.647933234567898
3320.0000000260475,26,136,0.16049382716049382,-25.71394575308642
3330.0000000262658,25,137,0.15432098765432098,-24.72494783950617
3340.000000026484,27,135,0.16666666666666666,-26.702943666666663
3350.0000000267023,28,134,0.1728395061728395,-27.691941580246915
3360.0000000269206,28,134,0.1728395061728395,-27.691941580246915
3370.000000027139,29,133,0.17901234567901234,-28.68093949382716
3380.000000027357,31,131,0.19135802469135801,-30.658935320987652
3390.0000000275754,31,131,0.19135802469135801,-30.658935320987652
3400.0000000277937,30,132,0.18518518518518517,-29.669937407407406
3410.000000028012,27,135,0.16666666666666666,-26.702943666666663
3420.0000000282303,25,137,0.15432098765432098,-24.72494783950617
3430.0000000284485,29,133,0.17901234567901234,-28.68093949382716
3440.000000028667,25,137,0.15432098765432098,-24.72494783950617
3450.000000028885,27,135,0.16666666666666666,-26.702943666666663
3460.0000000291034,29,133,0.17901234567901234,-28.68093949382716
3470.0000000293217,23,139,0.1419753086419753,-22.74695201234568
3480.00000002954,31,131,0.19135802469135801,-30.658935320987652
3490.000000029758,26,136,0.16049382716049382,-25.71394575308642
3500.0000000299765,28,134,0.1728395061728395,-27.691941580246915
3510.0000000301948,22,140,0.13580246913580246,-21.757954098765435
3520.000000030413,28,134,0.1728395061728395,-27.691941580246915
3530.0000000306313,27,135,0.16666666666666666,-26.702943666666663
3540.0000000308496,26,136,0.16049382716049382,-25.71394575308642
3550.000000031068,24,138,0.14814814814814814,-23.735949925925926
3560.000000031286,22,140,0.13580246913580246,-21.757954098765435
3570.0000000315044,22,140,0.13580246913580246,-21.757954098765435
3580.0000000317227,22,140,0.13580246913580246,-21.757954098765435
3590.000000031941,20,142,0.12345679012345678,-19.779958271604936
3600.0000000321593,21,141,0.12962962962962962,-20.768956185185182
3610.0000000323776,24,138,0.14814814814814814,-23.735949925925926
3620.000000032596,25,137,0.15432098765432098,-24.72494783950617
3630.000000032814,26,136,0.16049382716049382,-25.71394575308642
3640.0000000330324,28,134,0.1728395061728395,-27.691941580246915
3650.0000000332507,24,138,0.14814814814814814,-23.735949925925926
3660.000000033469,24,138,0.14814814814814814,-23.735949925925926
3670.0000000336872,25,137,0.15432098765432098,-24.72494783950617
3680.0000000339055,29,133,0.17901234567901234,-28.68093949382716
3690.000000034124,27,135,0.16666666666666666,-26.702943666666663
3700.000000034342,29,133,0.17901234567901234,-28.68093949382716
3710.0000000345603,26,136,0.16049382716049382,-25.71394575308642
3720.0000000347786,27,135,0.16666666666666666,-26.702943666666663
3730.000000034997,27,135,0.16666666666666666,-26.702943666666663
3740.000000035215,29,133,0.17901234567901234,-28.68093949382716
3750.0000000354335,26,136,0.16049382716049382,-25.71394575308642
3760.0000000356517,31,131,0.19135802469135801,-30.658935320987652
3770.00000003587,27,135,0.16666666666666666,-26.702943666666663
3780.0000000360883,25,137,0.15432098765432098,-24.72494783950617
3790.0000000363066,29,133,0.17901234567901234,-28.68093949382716
3800.000000036525,27,135,0.16666666666666666,-26.702943666666663
3810.000000036743,28,134,0.1728395061728395,-27.691941580246915
3820.0000000369614,25,137,0.15432098765432098,-24.72494783950617
3830.0000000371797,21,141,0.12962962962962962,-20.768956185185182
3840.000000037398,24,138,0.14814814814814814,-23.735949925925926
3850.0000000376162,30,132,0.18518518518518517,-29.669937407407406
3860.0000000378345,26,136,0.16049382716049382,-25.71394575308642
3870.000000038053,23,139,0.1419753086419753,-22.74695201234568
3880.000000038271,23,139,0.1419753086419753,-22.74695201234568
3890.0000000384894,24,138,0.14814814814814814,-23.735949925925926
3900.0000000387076,23,139,0.1419753086419753,-22.74695201234568
3910.000000038926,23,139,0.1419753086419753,-22.74695201234568
3920.000000039144,22,140,0.13580246913580246,-21.757954098765435
3930.0000000393625,22,140,0.13580246913580246,-21.757954098765435
3940.0000000395808,24,138,0.14814814814814814,-23.735949925925926
3950.000000039799,24,138,0.14814814814814814,-23.735949925925926
3960.0000000400173,20,142,0.12345679012345678,-19.779958271604936
3970.0000000402356,20,142,0.12345679012345678,-19.779958271604936
3980.000000040454,22,140,0.13580246913580246,-21.757954098765435
3990.000000040672,22,140,0.13580246913580246,-21.757954098765435
4000.0000000408904,20,142,0.12345679012345678,-19.779958271604936
4010.0000000411087,26,136,0.16049382716049382,-25.71394575308642
4020.000000041327,21,141,0.12962962962962962,-20.768956185185182
4030.0000000415453,24,138,0.14814814814814814,-23.735949925925926
4040.0000000417635,24,138,0.14814814814814814,-23.735949925925926
4050.000000041982,22,140,0.13580246913580246,-21.757954098765435
4060.0000000422,21,141,0.12962962962962962,-20.768956185185182
4070.0000000424184,29,133,0.17901234567901234,-28.68093949382716
4080.0000000426367,29,133,0.17901234567901234,-28.68093949382716
4090.000000042855,24,138,0.14814814814814814,-23.735949925925926
4100.000000043073,25,137,0.15432098765432098,-24.72494783950617
4110.000000043291,31,131,0.19135802469135801,-30.658935320987652
4120.000000043509,31,131,0.19135802469135801,-30.658935320987652
4130.000000043728,27,135,0.16666666666666666,-26.702943666666663
4140.000000043946,19,143,0.11728395061728394,-18.790960358024687
4150.000000044164,22,140,0.13580246913580246,-21.757954098765435
4160.000000044382,22,140,0.13580246913580246,-21.757954098765435
4170.000000044601,22,140,0.13580246913580246,-21.757954098765435
4180.000000044819,23,139,0.1419753086419753,-22.74695201234568
4190.000000045037,23,139,0.1419753086419753,-22.74695201234568
4200.000000045256,23,139,0.1419753086419753,-22.74695201234568
4210.000000045474,21,141,0.12962962962962962,-20.768956185185182
4220.000000045692,28,134,0.1728395061728395,-27.691941580246915
4230.00000004591,23,139,0.1419753086419753,-22.74695201234568
4240.000000046129,25,137,0.15432098765432098,-24.72494783950617
4250.000000046347,24,138,0.14814814814814814,-23.735949925925926
4260.000000046565,21,141,0.12962962962962962,-20.768956185185182
4270.0000000467835,24,138,0.14814814814814814,-23.735949925925926
4280.000000047002,23,139,0.1419753086419753,-22.74695201234568
4290.00000004722,21,141,0.12962962962962962,-20.768956185185182
4300.000000047438,20,142,0.12345679012345678,-19.779958271604936
4310.000000047657,20,142,0.12345679012345678,-19.779958271604936
4320.000000047875,20,142,0.12345679012345678,-19.779958271604936
4330.000000048093,20,142,0.12345679012345678,-19.779958271604936
4340.000000048311,21,141,0.12962962962962962,-20.768956185185182
4350.00000004853,20,142,0.12345679012345678,-19.779958271604936
4360.000000048748,22,140,0.13580246913580246,-21.757954098765435
4370.000000048966,20,142,0.12345679012345678,-19.779958271604936
4380.000000049185,20,142,0.12345679012345678,-19.779958271604936
4390.000000049403,22,140,0.13580246913580246,-21.757954098765435
4400.000000049621,20,142,0.12345679012345678,-19.779958271604936
4410.000000049839,22,140,0.13580246913580246,-21.757954098765435
4420.000000050058,19,143,0.11728395061728394,-18.790960358024687
4430.000000050276,25,137,0.15432098765432098,-24.72494783950617
4440.000000050494,23,139,0.1419753086419753,-22.74695201234568
4450.0000000507125,22,140,0.13580246913580246,-21.757954098765435
4460.000000050931,22,140,0.13580246913580246,-21.757954098765435
4470.000000051149,22,140,0.13580246913580246,-21.757954098765435
4480.000000051367,26,136,0.16049382716049382,-25.71394575308642
4490.000000051586,22,140,0.13580246913580246,-21.757954098765435
4500.000000051804,22,140,0.13580246913580246,-21.757954098765435
4510.000000052022,25,137,0.15432098765432098,-24.72494783950617
4520.0000000522405,20,142,0.12345679012345678,-19.779958271604936
4530.000000052459,19,143,0.11728395061728394,-18.790960358024687
4540.000000052677,25,137,0.15432098765432098,-24.72494783950617
4550.000000052895,27,135,0.16666666666666666,-26.702943666666663
4560.000000053114,24,138,0.14814814814814814,-23.735949925925926
4570.000000053332,21,141,0.12962962962962962,-20.768956185185182
4580.00000005355,24,138,0.14814814814814814,-23.735949925925926
4590.000000053768,23,139,0.1419753086419753,-22.74695201234568
4600.000000053987,18,144,0.1111111111111111,-17.80196244444444
4610.000000054205,24,138,0.14814814814814814,-23.735949925925926
4620.000000054423,25,137,0.15432098765432098,-24.72494783950617
4630.0000000546415,17,145,0.10493827160493827,-16.812964530864196
4640.00000005486,22,140,0.13580246913580246,-21.757954098765435
4650.000000055078,21,141,0.12962962962962962,-20.768956185185182
4660.000000055296,23,139,0.1419753086419753,-22.74695201234568
4670.000000055515,20,142,0.12345679012345678,-19.779958271604936
4680.000000055733,22,140,0.13580246913580246,-21.757954098765435
4690.000000055951,21,141,0.12962962962962962,-20.768956185185182
4700.0000000561695,25,137,0.15432098765432098,-24.72494783950617
4710.000000056388,27,135,0.16666666666666666,-26.702943666666663
4720.000000056606,24,138,0.14814814814814814,-23.735949925925926
4730.000000056824,22,140,0.13580246913580246,-21.757954098765435
4740.000000057043,24,138,0.14814814814814814,-23.735949925925926
4750.000000057261,25,137,0.15432098765432098,-24.72494783950617
4760.000000057479,23,139,0.1419753086419753,-22.74695201234568
4770.000000057697,22,140,0.13580246913580246,-21.757954098765435
4780.000000057916,23,139,0.1419753086419753,-22.74695201234568
4790.000000058134,20,142,0.12345679012345678,-19.779958271604936
4800.000000058352,23,139,0.1419753086419753,-22.74695201234568
4810.000000058571,18,144,0.1111111111111111,-17.80196244444444
4820.000000058789,25,137,0.15432098765432098,-24.72494783950617
4830.000000059007,23,139,0.1419753086419753,-22.74695201234568
4840.000000059225,22,140,0.13580246913580246,-21.757954098765435
4850.000000059444,21,141,0.12962962962962962,-20.768956185185182
4860.000000059662,22,140,0.13580246913580246,-21.757954098765435
4870.00000005988,24,138,0.14814814814814814,-23.735949925925926
4880.0000000600985,21,141,0.12962962962962962,-20.768956185185182
4890.000000060317,23,139,0.1419753086419753,-22.74695201234568
4900.000000060535,25,137,0.15432098765432098,-24.72494783950617
4910.000000060753,19,143,0.11728395061728394,-18.790960358024687
4920.000000060972,24,138,0.14814814814814814,-23.735949925925926
4930.00000006119,26,136,0.16049382716049382,-25.71394575308642
4940.000000061408,25,137,0.15432098765432098,-24.72494783950617
4950.000000061626,24,138,0.14814814814814814,-23.735949925925926
4960.000000061845,22,140,0.13580246913580246,-21.757954098765435
4970.000000062063,29,133,0.17901234567901234,-28.68093949382716
4980.000000062281,26,136,0.16049382716049382,-25.71394575308642
4990.0000000625,27,135,0.16666666666666666,-26.702943666666663
5000.000000062718,26,136,0.16049382716049382,-25.71394575308642
5010.000000062936,28,134,0.1728395061728395,-27.691941580246915
5020.000000063154,26,136,0.16049382716049382,-25.71394575308642
5030.000000063373,26,136,0.16049382716049382,-25.71394575308642
5040.000000063591,28,134,0.1728395061728395,-27.691941580246915
5050.000000063809,28,134,0.1728395061728395,-27.691941580246915
5060.0000000640275,27,135,0.16666666666666666,-26.702943666666663
5070.000000064246,27,135,0.16666666666666666,-26.702943666666663
5080.000000064464,27,135,0.16666666666666666,-26.702943666666663
5090.000000064682,26,136,0.16049382716049382,-25.71394575308642
5100.000000064901,28,134,0.1728395061728395,-27.691941580246915
5110.000000065119,21,141,0.12962962962962962,-20.768956185185182
5120.000000065337,19,143,0.11728395061728394,-18.790960358024687
5130.0000000655555,22,140,0.13580246913580246,-21.757954098765435
5140.000000065774,26,136,0.16049382716049382,-25.71394575308642
5150.000000065992,22,140,0.13580246913580246,-21.757954098765435
5160.00000006621,29,133,0.17901234567901234,-28.68093949382716
5170.000000066429,25,137,0.15432098765432098,-24.72494783950617
5180.000000066647,22,140,0.13580246913580246,-21.757954098765435
5190.000000066865,24,138,0.14814814814814814,-23.735949925925926
5200.000000067083,22,140,0.13580246913580246,-21.757954098765435
5210.000000067302,25,137,0.15432098765432098,-24.72494783950617
5220.00000006752,23,139,0.1419753086419753,-22.74695201234568
5230.000000067738,21,141,0.12962962962962962,-20.768956185185182
5240.0000000679565,22,140,0.13580246913580246,-21.757954098765435
5250.000000068175,23,139,0.1419753086419753,-22.74695201234568
5260.000000068393,23,139,0.1419753086419753,-22.74695201234568
5270.000000068611,22,140,0.13580246913580246,-21.757954098765435
5280.00000006883,24,138,0.14814814814814814,-23.735949925925926
5290.000000069048,23,139,0.1419753086419753,-22.74695201234568
5300.000000069266,27,135,0.16666666666666666,-26.702943666666663
5310.0000000694845,22,140,0.13580246913580246,-21.757954098765435
5320.000000069703,19,143,0.11728395061728394,-18.790960358024687
5330.000000069921,20,142,0.12345679012345678,-19.779958271604936
5340.000000070139,26,136,0.16049382716049382,-25.71394575308642
5350.000000070358,23,139,0.1419753086419753,-22.74695201234568
5360.000000070576,25,137,0.15432098765432098,-24.72494783950617
5370.000000070794,25,137,0.15432098765432098,-24.72494783950617
5380.000000071012,27,135,0.16666666666666666,-26.702943666666663
5390.000000071231,27,135,0.16666666666666666,-26.702943666666663
5400.000000071449,26,136,0.16049382716049382,-25.71394575308642
5410.000000071667,24,138,0.14814814814814814,-23.735949925925926
5420.000000071886,18,144,0.1111111111111111,-17.80196244444444
5430.000000072104,23,139,0.1419753086419753,-22.74695201234568
5440.000000072322,24,138,0.14814814814814814,-23.735949925925926
5450.00000007254,25,137,0.15432098765432098,-24.72494783950617
5460.000000072759,23,139,0.1419753086419753,-22.74695201234568
5470.000000072977,23,139,0.1419753086419753,-22.74695201234568
5480.000000073195,24,138,0.14814814814814814,-23.735949925925926
5490.0000000734135,23,139,0.1419753086419753,-22.74695201234568
5500.000000073632,21,141,0.12962962962962962,-20.768956185185182
5510.00000007385,25,137,0.15432098765432098,-24.72494783950617
5520.000000074068,21,141,0.12962962962962962,-20.768956185185182
5530.000000074287,24,138,0.14814814814814814,-23.735949925925926
5540.000000074505,25,137,0.15432098765432098,-24.72494783950617
5550.000000074723,23,139,0.1419753086419753,-22.74695201234568
5560.000000074941,21,141,0.12962962962962962,-20.768956185185182
5570.00000007516,22,140,0.13580246913580246,-21.757954098765435
5580.000000075378,25,137,0.15432098765432098,-24.72494783950617
5590.000000075596,23,139,0.1419753086419753,-22.74695201234568
5600.000000075815,27,135,0.16666666666666666,-26.702943666666663
5610.000000076033,24,138,0.14814814814814814,-23.735949925925926
5620.000000076251,26,136,0.16049382716049382,-25.71394575308642
5630.000000076469,19,143,0.11728395061728394,-18.790960358024687
5640.000000076688,20,142,0.12345679012345678,-19.779958271604936
5650.000000076906,27,135,0.16666666666666666,-26.702943666666663
5660.000000077124,20,142,0.12345679012345678,-19.779958271604936
5670.0000000773425,21,141,0.12962962962962962,-20.768956185185182
5680.000000077561,24,138,0.14814814814814814,-23.735949925925926
5690.000000077779,20,142,0.12345679012345678,-19.779958271604936
5700.000000077997,21,141,0.12962962962962962,-20.768956185185182
5710.000000078216,27,135,0.16666666666666666,-26.702943666666663
5720.000000078434,23,139,0.1419753086419753,-22.74695201234568
5730.000000078652,21,141,0.12962962962962962,-20.768956185185182
5740.0000000788705,24,138,0.14814814814814814,-23.735949925925926
5750.000000079089,27,135,0.16666666666666666,-26.702943666666663
5760.000000079307,27,135,0.16666666666666666,-26.702943666666663
5770.000000079525,24,138,0.14814814814814814,-23.735949925925926
5780.000000079744,22,140,0.13580246913580246,-21.757954098765435
5790.000000079962,24,138,0.14814814814814814,-23.735949925925926
5800.00000008018,27,135,0.16666666666666666,-26.702943666666663
5810.000000080398,27,135,0.16666666666666666,-26.702943666666663
5820.000000080617,23,139,0.1419753086419753,-22.74695201234568
5830.000000080835,25,137,0.15432098765432098,-24.72494783950617
5840.000000081053,24,138,0.14814814814814814,-23.735949925925926
5850.0000000812715,22,140,0.13580246913580246,-21.757954098765435
5860.00000008149,23,139,0.1419753086419753,-22.74695201234568
5870.000000081708,22,140,0.13580246913580246,-21.757954098765435
5880.000000081926,23,139,0.1419753086419753,-22.74695201234568
5890.000000082145,26,136,0.16049382716049382,-25.71394575308642
5900.000000082363,19,143,0.11728395061728394,-18.790960358024687
5910.000000082581,23,139,0.1419753086419753,-22.74695201234568
5920.0000000827995,22,140,0.13580246913580246,-21.757954098765435
5930.000000083018,22,140,0.13580246913580246,-21.757954098765435
5940.000000083236,17,145,0.10493827160493827,-16.812964530864196
5950.000000083454,21,141,0.12962962962962962,-20.768956185185182
5960.000000083673,21,141,0.12962962962962962,-20.768956185185182
5970.000000083891,20,142,0.12345679012345678,-19.779958271604936
5980.000000084109,23,139,0.1419753086419753,-22.74695201234568
5990.000000084327,19,143,0.11728395061728394,-18.790960358024687
6000.000000084546,21,141,0.12962962962962962,-20.768956185185182
6010.000000084764,16,146,0.09876543209876543,-15.823966617283949
6020.000000084982,20,142,0.12345679012345678,-19.779958271604936
6030.000000085201,17,145,0.10493827160493827,-16.812964530864196
6040.000000085419,17,145,0.10493827160493827,-16.812964530864196
6050.000000085637,18,144,0.1111111111111111,-17.80196244444444
6060.000000085855,21,141,0.12962962962962962,-20.768956185185182
6070.000000086074,22,140,0.13580246913580246,-21.757954098765435
6080.000000086292,17,145,0.10493827160493827,-16.812964530864196
6090.00000008651,24,138,0.14814814814814814,-23.735949925925926
6100.0000000867285,21,141,0.12962962962962962,-20.768956185185182
6110.000000086947,20,142,0.12345679012345678,-19.779958271604936
6120.000000087165,21,141,0.12962962962962962,-20.768956185185182
6130.000000087383,22,140,0.13580246913580246,-21.757954098765435
6140.000000087602,24,138,0.14814814814814814,-23.735949925925926
6150.00000008782,23,139,0.1419753086419753,-22.74695201234568
6160.000000088038,20,142,0.12345679012345678,-19.779958271604936
6170.0000000882565,19,143,0.11728395061728394,-18.790960358024687
6180.000000088475,20,142,0.12345679012345678,-19.779958271604936
6190.000000088693,22,140,0.13580246913580246,-21.757954098765435
6200.000000088911,19,143,0.11728395061728394,-18.790960358024687
6210.00000008913,23,139,0.1419753086419753,-22.74695201234568
6220.000000089348,20,142,0.12345679012345678,-19.779958271604936
6230.000000089566,22,140,0.13580246913580246,-21.757954098765435
6240.000000089784,23,139,0.1419753086419753,-22.74695201234568
6250.000000090003,20,142,0.12345679012345678,-19.779958271604936
6260.000000090221,24,138,0.14814814814814814,-23.735949925925926
6270.000000090439,24,138,0.14814814814814814,-23.735949925925926
6280.0000000906575,23,139,0.1419753086419753,-22.74695201234568
6290.000000090876,26,136,0.16049382716049382,-25.71394575308642
6300.000000091094,21,141,0.12962962962962962,-20.768956185185182
6310.000000091312,23,139,0.1419753086419753,-22.74695201234568
6320.000000091531,25,137,0.15432098765432098,-24.72494783950617
6330.000000091749,24,138,0.14814814814814814,-23.735949925925926
6340.000000091967,26,136,0.16049382716049382,-25.71394575308642
6350.0000000921855,28,134,0.1728395061728395,-27.691941580246915
6360.000000092404,19,143,0.11728395061728394,-18.790960358024687
6370.000000092622,24,138,0.14814814814814814,-23.735949925925926
6380.00000009284,22,140,0.13580246913580246,-21.757954098765435
6390.000000093059,20,142,0.12345679012345678,-19.779958271604936
6400.000000093277,24,138,0.14814814814814814,-23.735949925925926
6410.000000093495,22,140,0.13580246913580246,-21.757954098765435
6420.000000093713,24,138,0.14814814814814814,-23.735949925925926
6430.000000093932,26,136,0.16049382716049382,-25.71394575308642
6440.00000009415,22,140,0.13580246913580246,-21.757954098765435
6450.000000094368,25,137,0.15432098765432098,-24.72494783950617
6460.0000000945865,22,140,0.13580246913580246,-21.757954098765435
6470.000000094805,24,138,0.14814814814814814,-23.735949925925926
6480.000000095023,21,141,0.12962962962962962,-20.768956185185182
6490.000000095241,27,135,0.16666666666666666,-26.702943666666663
6500.00000009546,27,135,0.16666666666666666,-26.702943666666663
6510.000000095678,22,140,0.13580246913580246,-21.757954098765435
6520.000000095896,19,143,0.11728395061728394,-18.790960358024687
6530.0000000961145,19,143,0.11728395061728394,-18.790960358024687
6540.000000096333,19,143,0.11728395061728394,-18.790960358024687
6550.000000096551,16,146,0.09876543209876543,-15.823966617283949
6560.000000096769,18,144,0.1111111111111111,-17.80196244444444
6570.000000096988,20,142,0.12345679012345678,-19.779958271604936
6580.000000097206,17,145,0.10493827160493827,-16.812964530864196
6590.000000097424,18,144,0.1111111111111111,-17.80196244444444
6600.000000097642,18,144,0.1111111111111111,-17.80196244444444
6610.000000097861,18,144,0.1111111111111111,-17.80196244444444
6620.000000098079,20,142,0.12345679012345678,-19.779958271604936
6630.000000098297,20,142,0.12345679012345678,-19.779958271604936
6640.000000098516,22,140,0.13580246913580246,-21.757954098765435
6650.000000098734,20,142,0.12345679012345678,-19.779958271604936
6660.000000098952,25,137,0.15432098765432098,-24.72494783950617
6670.00000009917,24,138,0.14814814814814814,-23.735949925925926
6680.000000099389,24,138,0.14814814814814814,-23.735949925925926
6690.000000099607,21,141,0.12962962962962962,-20.768956185185182
6700.000000099825,24,138,0.14814814814814814,-23.735949925925926
6710.0000001000435,26,136,0.16049382716049382,-25.71394575308642
6720.000000100262,23,139,0.1419753086419753,-22.74695201234568
6730.00000010048,21,141,0.12962962962962962,-20.768956185185182
6740.000000100698,24,138,0.14814814814814814,-23.735949925925926
6750.000000100917,28,134,0.1728395061728395,-27.691941580246915
6760.000000101135,26,136,0.16049382716049382,-25.71394575308642
6770.000000101353,27,135,0.16666666666666666,-26.702943666666663
6780.0000001015715,27,135,0.16666666666666666,-26.702943666666663
6790.00000010179,21,141,0.12962962962962962,-20.768956185185182
6800.000000102008,25,137,0.15432098765432098,-24.72494783950617
6810.000000102226,24,138,0.14814814814814814,-23.735949925925926
6820.000000102445,20,142,0.12345679012345678,-19.779958271604936
6830.000000102663,26,136,0.16049382716049382,-25.71394575308642
6840.000000102881,21,141,0.12962962962962962,-20.768956185185182
6850.000000103099,22,140,0.13580246913580246,-21.757954098765435
6860.000000103318,25,137,0.15432098765432098,-24.72494783950617
6870.000000103536,23,139,0.1419753086419753,-22.74695201234568
6880.000000103754,26,136,0.16049382716049382,-25.71394575308642
6890.0000001039725,28,134,0.1728395061728395,-27.691941580246915
6900.000000104191,23,139,0.1419753086419753,-22.74695201234568
6910.000000104409,22,140,0.13580246913580246,-21.757954098765435
6920.000000104627,23,139,0.1419753086419753,-22.74695201234568
6930.000000104846,20,142,0.12345679012345678,-19.779958271604936
6940.000000105064,25,137,0.15432098765432098,-24.72494783950617
6950.000000105282,24,138,0.14814814814814814,-23.735949925925926
6960.0000001055005,22,140,0.13580246913580246,-21.757954098765435
6970.000000105719,22,140,0.13580246913580246,-21.757954098765435
6980.000000105937,21,141,0.12962962962962962,-20.768956185185182
6990.000000106155,26,136,0.16049382716049382,-25.71394575308642
7000.000000106374,23,139,0.1419753086419753,-22.74695201234568
7010.000000106592,27,135,0.16666666666666666,-26.702943666666663
7020.00000010681,21,141,0.12962962962962962,-20.768956185185182
7030.000000107028,18,144,0.1111111111111111,-17.80196244444444
7040.000000107247,23,139,0.1419753086419753,-22.74695201234568
7050.000000107465,22,140,0.13580246913580246,-21.757954098765435
7060.000000107683,23,139,0.1419753086419753,-22.74695201234568
7070.0000001079015,21,141,0.12962962962962962,-20.768956185185182
7080.00000010812,24,138,0.14814814814814814,-23.735949925925926
7090.000000108338,24,138,0.14814814814814814,-23.735949925925926
7100.000000108556,26,136,0.16049382716049382,-25.71394575308642
7110.000000108775,20,142,0.12345679012345678,-19.779958271604936
7120.000000108993,18,144,0.1111111111111111,-17.80196244444444
7130.000000109211,22,140,0.13580246913580246,-21.757954098765435
7140.0000001094295,22,140,0.13580246913580246,-21.757954098765435
7150.000000109648,23,139,0.1419753086419753,-22.74695201234568
7160.000000109866,23,139,0.1419753086419753,-22.74695201234568
7170.000000110084,20,142,0.12345679012345678,-19.779958271604936
7180.000000110303,19,143,0.11728395061728394,-18.790960358024687
7190.000000110521,24,138,0.14814814814814814,-23.735949925925926
7200.000000110739,22,140,0.13580246913580246,-21.757954098765435
7210.000000110957,24,138,0.14814814814814814,-23.735949925925926
7220.000000111176,20,142,0.12345679012345678,-19.779958271604936
7230.000000111394,22,140,0.13580246913580246,-21.757954098765435
7240.000000111612,22,140,0.13580246913580246,-21.757954098765435
7250.000000111831,25,137,0.15432098765432098,-24.72494783950617
7260.000000112049,26,136,0.16049382716049382,-25.71394575308642
7270.000000112267,25,137,0.15432098765432098,-24.72494783950617
7280.000000112485,26,136,0.16049382716049382,-25.71394575308642
7290.000000112704,24,138,0.14814814814814814,-23.735949925925926
7300.000000112922,23,139,0.1419753086419753,-22.74695201234568
7310.00000011314,23,139,0.1419753086419753,-22.74695201234568
7320.0000001133585,28,134,0.1728395061728395,-27.691941580246915
7330.000000113577,28,134,0.1728395061728395,-27.691941580246915
7340.000000113795,27,135,0.16666666666666666,-26.702943666666663
7350.000000114013,23,139,0.1419753086419753,-22.74695201234568
7360.000000114232,22,140,0.13580246913580246,-21.757954098765435
7370.00000011445,23,139,0.1419753086419753,-22.74695201234568
7380.000000114668,23,139,0.1419753086419753,-22.74695201234568
7390.0000001148865,26,136,0.16049382716049382,-25.71394575308642
7400.000000115105,25,137,0.15432098765432098,-24.72494783950617
7410.000000115323,27,135,0.16666666666666666,-26.702943666666663
7420.000000115541,25,137,0.15432098765432098,-24.72494783950617
7430.00000011576,26,136,0.16049382716049382,-25.71394575308642
7440.000000115978,24,138,0.14814814814814814,-23.735949925925926
7450.000000116196,22,140,0.13580246913580246,-21.757954098765435
7460.000000116414,18,144,0.1111111111111111,-17.80196244444444
7470.000000116633,27,135,0.16666666666666666,-26.702943666666663
7480.000000116851,21,141,0.12962962962962962,-20.768956185185182
7490.000000117069,23,139,0.1419753086419753,-22.74695201234568
7500.0000001172875,21,141,0.12962962962962962,-20.768956185185182
7510.000000117506,19,143,0.11728395061728394,-18.790960358024687
7520.000000117724,20,142,0.12345679012345678,-19.779958271604936
7530.000000117942,21,141,0.12962962962962962,-20.768956185185182
7540.000000118161,23,139,0.1419753086419753,-22.74695201234568
7550.000000118379,20,142,0.12345679012345678,-19.779958271604936
7560.000000118597,23,139,0.1419753086419753,-22.74695201234568
7570.0000001188155,21,141,0.12962962962962962,-20.768956185185182
7580.000000119034,21,141,0.12962962962962962,-20.768956185185182
7590.000000119252,19,143,0.11728395061728394,-18.790960358024687
7600.00000011947,24,138,0.14814814814814814,-23.735949925925926
7610.000000119689,22,140,0.13580246913580246,-21.757954098765435
7620.000000119907,23,139,0.1419753086419753,-22.74695201234568
7630.000000120125,23,139,0.1419753086419753,-22.74695201234568
7640.000000120343,21,141,0.12962962962962962,-20.768956185185182
7650.000000120562,24,138,0.14814814814814814,-23.735949925925926
7660.00000012078,21,141,0.12962962962962962,-20.768956185185182
7670.000000120998,22,140,0.13580246913580246,-21.757954098765435
7680.0000001212165,19,143,0.11728395061728394,-18.790960358024687
7690.000000121435,22,140,0.13580246913580246,-21.757954098765435
7700.000000121653,25,137,0.15432098765432098,-24.72494783950617
7710.000000121871,24,138,0.14814814814814814,-23.735949925925926
7720.00000012209,24,138,0.14814814814814814,-23.735949925925926
7730.000000122308,24,138,0.14814814814814814,-23.735949925925926
7740.000000122526,21,141,0.12962962962962962,-20.768956185185182
7750.0000001227445,25,137,0.15432098765432098,-24.72494783950617
7760.000000122963,21,141,0.12962962962962962,-20.768956185185182
7770.000000123181,27,135,0.16666666666666666,-26.702943666666663
7780.000000123399,29,133,0.17901234567901234,-28.68093949382716
7790.000000123618,20,142,0.12345679012345678,-19.779958271604936
7800.000000123836,28,134,0.1728395061728395,-27.691941580246915
7810.000000124054,25,137,0.15432098765432098,-24.72494783950617
7820.000000124272,26,136,0.16049382716049382,-25.71394575308642
7830.000000124491,23,139,0.1419753086419753,-22.74695201234568
7840.000000124709,26,136,0.16049382716049382,-25.71394575308642
7850.000000124927,24,138,0.14814814814814814,-23.735949925925926
7860.000000125146,19,143,0.11728395061728394,-18.790960358024687
7870.000000125364,19,143,0.11728395061728394,-18.790960358024687
7880.000000125582,21,141,0.12962962962962962,-20.768956185185182
7890.0000001258,22,140,0.13580246913580246,-21.757954098765435
7900.000000126019,20,142,0.12345679012345678,-19.779958271604936
7910.000000126237,20,142,0.12345679012345678,-19.779958271604936
7920.000000126455,19,143,0.11728395061728394,-18.790960358024687
7930.0000001266735,20,142,0.12345679012345678,-19.779958271604936
7940.000000126892,23,139,0.1419753086419753,-22.74695201234568
7950.00000012711,23,139,0.1419753086419753,-22.74695201234568
7960.000000127328,23,139,0.1419753086419753,-22.74695201234568
7970.000000127547,24,138,0.14814814814814814,-23.735949925925926
7980.000000127765,19,143,0.11728395061728394,-18.790960358024687
7990.000000127983,20,142,0.12345679012345678,-19.779958271604936
8000.0000001282015,22,140,0.13580246913580246,-21.757954098765435
8010.00000012842,19,143,0.11728395061728394,-18.790960358024687
8020.000000128638,22,140,0.13580246913580246,-21.757954098765435
8030.000000128856,19,143,0.11728395061728394,-18.790960358024687
8040.000000129075,23,139,0.1419753086419753,-22.74695201234568
8050.000000129293,25,137,0.15432098765432098,-24.72494783950617
8060.000000129511,23,139,0.1419753086419753,-22.74695201234568
8070.000000129729,22,140,0.13580246913580246,-21.757954098765435
8080.000000129948,23,139,0.1419753086419753,-22.74695201234568
8090.000000130166,19,143,0.11728395061728394,-18.790960358024687
8100.000000130384,22,140,0.13580246913580246,-21.757954098765435
8110.0000001306025,26,136,0.16049382716049382,-25.71394575308642
8120.000000130821,24,138,0.14814814814814814,-23.735949925925926
8130.000000131039,27,135,0.16666666666666666,-26.702943666666663
8140.000000131257,24,138,0.14814814814814814,-23.735949925925926
8150.000000131476,27,135,0.16666666666666666,-26.702943666666663
8160.000000131694,30,132,0.18518518518518517,-29.669937407407406
8170.000000131912,28,134,0.1728395061728395,-27.691941580246915
8180.0000001321305,23,139,0.1419753086419753,-22.74695201234568
8190.000000132349,24,138,0.14814814814814814,-23.735949925925926
8200.000000132566,21,141,0.12962962962962962,-20.768956185185182
8210.000000132784,22,140,0.13580246913580246,-21.757954098765435
8220.000000133003,26,136,0.16049382716049382,-25.71394575308642
8230.000000133221,23,139,0.1419753086419753,-22.74695201234568
8240.00000013344,21,141,0.12962962962962962,-20.768956185185182
8250.000000133658,21,141,0.12962962962962962,-20.768956185185182
8260.000000133876,23,139,0.1419753086419753,-22.74695201234568
8270.000000134094,23,139,0.1419753086419753,-22.74695201234568
8280.000000134312,21,141,0.12962962962962962,-20.768956185185182
8290.00000013453,25,137,0.15432098765432098,-24.72494783950617
8300.000000134749,22,140,0.13580246913580246,-21.757954098765435
8310.000000134967,22,140,0.13580246913580246,-21.757954098765435
8320.000000135185,20,142,0.12345679012345678,-19.779958271604936
8330.000000135404,23,139,0.1419753086419753,-22.74695201234568
8340.000000135622,24,138,0.14814814814814814,-23.735949925925926
8350.00000013584,22,140,0.13580246913580246,-21.757954098765435
8360.000000136059,21,141,0.12962962962962962,-20.768956185185182
8370.000000136277,19,143,0.11728395061728394,-18.790960358024687
8380.000000136495,19,143,0.11728395061728394,-18.790960358024687
8390.000000136713,18,144,0.1111111111111111,-17.80196244444444
8400.000000136932,21,141,0.12962962962962962,-20.768956185185182
8410.00000013715,21,141,0.12962962962962962,-20.768956185185182
8420.000000137368,22,140,0.13580246913580246,-21.757954098765435
8430.000000137587,21,141,0.12962962962962962,-20.768956185185182
8440.000000137805,19,143,0.11728395061728394,-18.790960358024687
8450.000000138023,21,141,0.12962962962962962,-20.768956185185182
8460.000000138241,16,146,0.09876543209876543,-15.823966617283949
8470.00000013846,15,147,0.09259259259259259,-14.834968703703703
8480.000000138678,21,141,0.12962962962962962,-20.768956185185182
8490.000000138896,23,139,0.1419753086419753,-22.74695201234568
8500.000000139114,22,140,0.13580246913580246,-21.757954098765435
8510.000000139333,21,141,0.12962962962962962,-20.768956185185182
8520.000000139551,25,137,0.15432098765432098,-24.72494783950617
8530.00000013977,20,142,0.12345679012345678,-19.779958271604936
8540.000000139988,22,140,0.13580246913580246,-21.757954098765435
8550.000000140206,21,141,0.12962962962962962,-20.768956185185182
8560.000000140424,23,139,0.1419753086419753,-22.74695201234568
8570.000000140642,23,139,0.1419753086419753,-22.74695201234568
8580.00000014086,22,140,0.13580246913580246,-21.757954098765435
8590.000000141079,25,137,0.15432098765432098,-24.72494783950617
8600.000000141297,21,141,0.12962962962962962,-20.768956185185182
8610.000000141516,22,140,0.13580246913580246,-21.757954098765435
8620.000000141734,24,138,0.14814814814814814,-23.735949925925926
8630.000000141952,20,142,0.12345679012345678,-19.779958271604936
8640.00000014217,21,141,0.12962962962962962,-20.768956185185182
8650.000000142389,24,138,0.14814814814814814,-23.735949925925926
8660.000000142607,18,144,0.1111111111111111,-17.80196244444444
8670.000000142825,26,136,0.16049382716049382,-25.71394575308642
8680.000000143044,22,140,0.13580246913580246,-21.757954098765435
8690.000000143262,26,136,0.16049382716049382,-25.71394575308642
8700.00000014348,20,142,0.12345679012345678,-19.779958271604936
8710.000000143698,23,139,0.1419753086419753,-22.74695201234568
8720.000000143917,26,136,0.16049382716049382,-25.71394575308642
8730.000000144135,22,140,0.13580246913580246,-21.757954098765435
8740.000000144353,21,141,0.12962962962962962,-20.768956185185182
8750.000000144571,20,142,0.12345679012345678,-19.779958271604936
8760.00000014479,20,142,0.12345679012345678,-19.779958271604936
8770.000000145008,21,141,0.12962962962962962,-20.768956185185182
8780.000000145226,21,141,0.12962962962962962,-20.768956185185182
8790.000000145445,22,140,0.13580246913580246,-21.757954098765435
8800.000000145663,18,144,0.1111111111111111,-17.80196244444444
8810.000000145881,19,143,0.11728395061728394,-18.790960358024687
8820.0000001461,18,144,0.1111111111111111,-17.80196244444444
8830.000000146318,20,142,0.12345679012345678,-19.779958271604936
8840.000000146536,19,143,0.11728395061728394,-18.790960358024687
8850.000000146754,19,143,0.11728395061728394,-18.790960358024687
8860.000000146973,22,140,0.13580246913580246,-21.757954098765435
8870.00000014719,19,143,0.11728395061728394,-18.790960358024687
8880.000000147409,18,144,0.1111111111111111,-17.80196244444444
8890.000000147627,19,143,0.11728395061728394,-18.790960358024687
8900.000000147846,20,142,0.12345679012345678,-19.779958271604936
8910.000000148064,17,145,0.10493827160493827,-16.812964530864196
8920.000000148282,19,143,0.11728395061728394,-18.790960358024687
8930.0000001485,21,141,0.12962962962962962,-20.768956185185182
8940.000000148719,22,140,0.13580246913580246,-21.757954098765435
8950.000000148937,23,139,0.1419753086419753,-22.74695201234568
8960.000000149155,22,140,0.13580246913580246,-21.757954098765435
8970.000000149374,20,142,0.12345679012345678,-19.779958271604936
8980.000000149592,24,138,0.14814814814814814,-23.735949925925926
8990.00000014981,20,142,0.12345679012345678,-19.779958271604936
9000.000000150028,21,141,0.12962962962962962,-20.768956185185182
9010.000000150247,18,144,0.1111111111111111,-17.80196244444444
9020.000000150465,20,142,0.12345679012345678,-19.779958271604936
9030.000000150683,21,141,0.12962962962962962,-20.768956185185182
9040.000000150902,26,136,0.16049382716049382,-25.71394575308642
9050.00000015112,23,139,0.1419753086419753,-22.74695201234568
9060.000000151338,22,140,0.13580246913580246,-21.757954098765435
9070.000000151556,20,142,0.12345679012345678,-19.779958271604936
9080.000000151775,22,140,0.13580246913580246,-21.757954098765435
9090.000000151993,27,135,0.16666666666666666,-26.702943666666663
9100.000000152211,21,141,0.12962962962962962,-20.768956185185182
9110.00000015243,24,138,0.14814814814814814,-23.735949925925926
9120.000000152648,23,139,0.1419753086419753,-22.74695201234568
9130.000000152866,20,142,0.12345679012345678,-19.779958271604936
9140.000000153084,20,142,0.12345679012345678,-19.779958271604936
9150.000000153303,23,139,0.1419753086419753,-22.74695201234568
9160.00000015352,21,141,0.12962962962962962,-20.768956185185182
9170.00000015374,22,140,0.13580246913580246,-21.757954098765435
9180.000000153957,23,139,0.1419753086419753,-22.74695201234568
9190.000000154176,23,139,0.1419753086419753,-22.74695201234568
9200.000000154394,22,140,0.13580246913580246,-21.757954098765435
9210.000000154612,20,142,0.12345679012345678,-19.779958271604936
9220.00000015483,18,144,0.1111111111111111,-17.80196244444444
9230.000000155049,22,140,0.13580246913580246,-21.757954098765435
9240.000000155267,20,142,0.12345679012345678,-19.779958271604936
9250.000000155485,20,142,0.12345679012345678,-19.779958271604936
9260.000000155704,21,141,0.12962962962962962,-20.768956185185182
9270.000000155922,23,139,0.1419753086419753,-22.74695201234568
9280.00000015614,23,139,0.1419753086419753,-22.74695201234568
9290.000000156359,22,140,0.13580246913580246,-21.757954098765435
9300.000000156577,28,134,0.1728395061728395,-27.691941580246915
9310.000000156795,20,142,0.12345679012345678,-19.779958271604936
9320.000000157013,18,144,0.1111111111111111,-17.80196244444444
9330.000000157232,27,135,0.16666666666666666,-26.702943666666663
9340.00000015745,21,141,0.12962962962962962,-20.768956185185182
9350.000000157668,24,138,0.14814814814814814,-23.735949925925926
9360.000000157886,21,141,0.12962962962962962,-20.768956185185182
9370.000000158105,25,137,0.15432098765432098,-24.72494783950617
9380.000000158323,22,140,0.13580246913580246,-21.757954098765435
9390.000000158541,22,140,0.13580246913580246,-21.757954098765435
9400.00000015876,18,144,0.1111111111111111,-17.80196244444444
9410.000000158978,25,137,0.15432098765432098,-24.72494783950617
9420.000000159196,23,139,0.1419753086419753,-22.74695201234568
9430.000000159414,26,136,0.16049382716049382,-25.71394575308642
9440.000000159633,23,139,0.1419753086419753,-22.74695201234568
9450.000000159851,26,136,0.16049382716049382,-25.71394575308642
9460.00000016007,23,139,0.1419753086419753,-22.74695201234568
9470.000000160288,25,137,0.15432098765432098,-24.72494783950617
9480.000000160506,20,142,0.12345679012345678,-19.779958271604936
9490.000000160724,21,141,0.12962962962962962,-20.768956185185182
9500.000000160942,21,141,0.12962962962962962,-20.768956185185182
9510.00000016116,24,138,0.14814814814814814,-23.735949925925926
9520.000000161379,19,143,0.11728395061728394,-18.790960358024687
9530.000000161597,17,145,0.10493827160493827,-16.812964530864196
9540.000000161815,16,146,0.09876543209876543,-15.823966617283949
9550.000000162034,24,138,0.14814814814814814,-23.735949925925926
9560.000000162252,22,140,0.13580246913580246,-21.757954098765435
9570.00000016247,25,137,0.15432098765432098,-24.72494783950617
9580.000000162689,19,143,0.11728395061728394,-18.790960358024687
9590.000000162907,19,143,0.11728395061728394,-18.790960358024687
9600.000000163125,21,141,0.12962962962962962,-20.768956185185182
9610.000000163343,24,138,0.14814814814814814,-23.735949925925926
9620.000000163562,21,141,0.12962962962962962,-20.768956185185182
9630.00000016378,20,142,0.12345679012345678,-19.779958271604936
9640.000000163998,23,139,0.1419753086419753,-22.74695201234568
9650.000000164217,21,141,0.12962962962962962,-20.768956185185182
9660.000000164435,19,143,0.11728395061728394,-18.790960358024687
9670.000000164653,21,141,0.12962962962962962,-20.768956185185182
9680.000000164871,19,143,0.11728395061728394,-18.790960358024687
9690.00000016509,20,142,0.12345679012345678,-19.779958271604936
9700.000000165308,21,141,0.12962962962962962,-20.768956185185182
9710.000000165526,20,142,0.12345679012345678,-19.779958271604936
9720.000000165744,21,141,0.12962962962962962,-20.768956185185182
9730.000000165963,25,137,0.15432098765432098,-24.72494783950617
9740.000000166181,25,137,0.15432098765432098,-24.72494783950617
9750.0000001664,21,141,0.12962962962962962,-20.768956185185182
9760.000000166618,22,140,0.13580246913580246,-21.757954098765435
9770.000000166836,21,141,0.12962962962962962,-20.768956185185182
9780.000000167054,24,138,0.14814814814814814,-23.735949925925926
9790.000000167272,24,138,0.14814814814814814,-23.735949925925926
9800.00000016749,24,138,0.14814814814814814,-23.735949925925926
9810.000000167709,24,138,0.14814814814814814,-23.735949925925926
9820.000000167927,22,140,0.13580246913580246,-21.757954098765435
9830.000000168146,20,142,0.12345679012345678,-19.779958271604936
9840.000000168364,26,136,0.16049382716049382,-25.71394575308642
9850.000000168582,23,139,0.1419753086419753,-22.74695201234568
9860.0000001688,19,143,0.11728395061728394,-18.790960358024687
9870.000000169019,24,138,0.14814814814814814,-23.735949925925926
9880.000000169237,21,141,0.12962962962962962,-20.768956185185182
9890.000000169455,23,139,0.1419753086419753,-22.74695201234568
9900.000000169674,24,138,0.14814814814814814,-23.735949925925926
9910.000000169892,26,136,0.16049382716049382,-25.71394575308642
9920.00000017011,24,138,0.14814814814814814,-23.735949925925926
9930.000000170328,25,137,0.15432098765432098,-24.72494783950617
9940.000000170547,27,135,0.16666666666666666,-26.702943666666663
9950.000000170765,22,140,0.13580246913580246,-21.757954098765435
9960.000000170983,22,140,0.13580246913580246,-21.757954098765435
9970.000000171201,24,138,0.14814814814814814,-23.735949925925926
9980.00000017142,24,138,0.14814814814814814,-23.735949925925926
9990.000000171638,23,139,0.1419753086419753,-22.74695201234568
10000.000000171856,22,140,0.13580246913580246,-21.757954098765435
10010.000000172075,21,141,0.12962962962962962,-20.768956185185182
10020.000000172293,21,141,0.12962962962962962,-20.768956185185182
10030.000000172511,23,139,0.1419753086419753,-22.74695201234568
10040.00000017273,25,137,0.15432098765432098,-24.72494783950617
10050.000000172948,18,144,0.1111111111111111,-17.80196244444444
10060.000000173166,23,139,0.1419753086419753,-22.74695201234568
10070.000000173384,17,145,0.10493827160493827,-16.812964530864196
10080.000000173603,22,140,0.13580246913580246,-21.757954098765435
10090.00000017382,18,144,0.1111111111111111,-17.80196244444444
10100.000000174039,16,146,0.09876543209876543,-15.823966617283949
10110.000000174257,15,147,0.09259259259259259,-14.834968703703703
10120.000000174476,19,143,0.11728395061728394,-18.790960358024687
10130.000000174694,18,144,0.1111111111111111,-17.80196244444444
10140.000000174912,18,144,0.1111111111111111,-17.80196244444444
10150.00000017513,16,146,0.09876543209876543,-15.823966617283949
10160.000000175349,16,146,0.09876543209876543,-15.823966617283949
10170.000000175567,20,142,0.12345679012345678,-19.779958271604936
10180.000000175785,21,141,0.12962962962962962,-20.768956185185182
10190.000000176004,18,144,0.1111111111111111,-17.80196244444444
10200.000000176222,20,142,0.12345679012345678,-19.779958271604936
10210.00000017644,20,142,0.12345679012345678,-19.779958271604936
10220.000000176658,21,141,0.12962962962962962,-20.768956185185182
10230.000000176877,19,143,0.11728395061728394,-18.790960358024687
10240.000000177095,21,141,0.12962962962962962,-20.768956185185182
10250.000000177313,20,142,0.12345679012345678,-19.779958271604936
10260.000000177532,17,145,0.10493827160493827,-16.812964530864196
10270.00000017775,18,144,0.1111111111111111,-17.80196244444444
10280.000000177968,23,139,0.1419753086419753,-22.74695201234568
10290.000000178186,18,144,0.1111111111111111,-17.80196244444444
10300.000000178405,22,140,0.13580246913580246,-21.757954098765435
10310.000000178623,22,140,0.13580246913580246,-21.757954098765435
10320.000000178841,20,142,0.12345679012345678,-19.779958271604936
10330.00000017906,22,140,0.13580246913580246,-21.757954098765435
10340.000000179278,22,140,0.13580246913580246,-21.757954098765435
10350.000000179496,21,141,0.12962962962962962,-20.768956185185182
10360.000000179714,24,138,0.14814814814814814,-23.735949925925926
10370.000000179933,22,140,0.13580246913580246,-21.757954098765435
10380.00000018015,20,142,0.12345679012345678,-19.779958271604936
10390.00000018037,17,145,0.10493827160493827,-16.812964530864196
10400.000000180587,23,139,0.1419753086419753,-22.74695201234568
10410.000000180806,23,139,0.1419753086419753,-22.74695201234568
10420.000000181024,26,136,0.16049382716049382,-25.71394575308642
10430.000000181242,28,134,0.1728395061728395,-27.691941580246915
10440.00000018146,22,140,0.13580246913580246,-21.757954098765435
10450.000000181679,24,138,0.14814814814814814,-23.735949925925926
10460.000000181897,22,140,0.13580246913580246,-21.757954098765435
10470.000000182115,21,141,0.12962962962962962,-20.768956185185182
10480.000000182334,25,137,0.15432098765432098,-24.72494783950617
10490.000000182552,24,138,0.14814814814814814,-23.735949925925926
10500.00000018277,24,138,0.14814814814814814,-23.735949925925926
10510.000000182989,21,141,0.12962962962962962,-20.768956185185182
10520.000000183207,18,144,0.1111111111111111,-17.80196244444444
10530.000000183425,25,137,0.15432098765432098,-24.72494783950617
10540.000000183643,20,142,0.12345679012345678,-19.779958271604936
10550.000000183862,20,142,0.12345679012345678,-19.779958271604936
10560.00000018408,24,138,0.14814814814814814,-23.735949925925926
10570.000000184298,20,142,0.12345679012345678,-19.779958271604936
10580.000000184516,20,142,0.12345679012345678,-19.779958271604936
10590.000000184735,21,141,0.12962962962962962,-20.768956185185182
10600.000000184953,20,142,0.12345679012345678,-19.779958271604936
10610.000000185171,24,138,0.14814814814814814,-23.735949925925926
10620.00000018539,24,138,0.14814814814814814,-23.735949925925926
10630.000000185608,21,141,0.12962962962962962,-20.768956185185182
10640.000000185826,20,142,0.12345679012345678,-19.779958271604936
10650.000000186044,22,140,0.13580246913580246,-21.757954098765435
10660.000000186263,19,143,0.11728395061728394,-18.790960358024687
10670.000000186481,21,141,0.12962962962962962,-20.768956185185182
10680.0000001867,20,142,0.12345679012345678,-19.779958271604936
10690.000000186918,18,144,0.1111111111111111,-17.80196244444444
10700.000000187136,24,138,0.14814814814814814,-23.735949925925926
10710.000000187354,22,140,0.13580246913580246,-21.757954098765435
10720.000000187572,21,141,0.12962962962962962,-20.768956185185182
10730.00000018779,20,142,0.12345679012345678,-19.779958271604936
10740.000000188009,23,139,0.1419753086419753,-22.74695201234568
10750.000000188227,22,140,0.13580246913580246,-21.757954098765435
10760.000000188445,22,140,0.13580246913580246,-21.757954098765435
10770.000000188664,29,133,0.17901234567901234,-28.68093949382716
10780.000000188882,22,140,0.13580246913580246,-21.757954098765435
10790.0000001891,24,138,0.14814814814814814,-23.735949925925926
10800.000000189319,21,141,0.12962962962962962,-20.768956185185182
10810.000000189537,26,136,0.16049382716049382,-25.71394575308642
10820.000000189755,23,139,0.1419753086419753,-22.74695201234568
10830.000000189973,23,139,0.1419753086419753,-22.74695201234568
10840.000000190192,22,140,0.13580246913580246,-21.757954098765435
10850.00000019041,22,140,0.13580246913580246,-21.757954098765435
10860.000000190628,27,135,0.16666666666666666,-26.702943666666663
10870.000000190847,22,140,0.13580246913580246,-21.757954098765435
10880.000000191065,23,139,0.1419753086419753,-22.74695201234568
10890.000000191283,25,137,0.15432098765432098,-24.72494783950617
10900.000000191501,22,140,0.13580246913580246,-21.757954098765435
10910.00000019172,24,138,0.14814814814814814,-23.735949925925926
10920.000000191938,25,137,0.15432098765432098,-24.72494783950617
10930.000000192156,24,138,0.14814814814814814,-23.735949925925926
10940.000000192375,24,138,0.14814814814814814,-23.735949925925926
10950.000000192593,26,136,0.16049382716049382,-25.71394575308642
10960.000000192811,23,139,0.1419753086419753,-22.74695201234568
10970.00000019303,26,136,0.16049382716049382,-25.71394575308642
10980.000000193248,24,138,0.14814814814814814,-23.735949925925926
10990.000000193466,20,142,0.12345679012345678,-19.779958271604936
11000.000000193684,22,140,0.13580246913580246,-21.757954098765435
11010.000000193902,22,140,0.13580246913580246,-21.757954098765435
11020.00000019412,22,140,0.13580246913580246,-21.757954098765435
11030.000000194339,24,138,0.14814814814814814,-23.735949925925926
11040.000000194557,22,140,0.13580246913580246,-21.757954098765435
11050.000000194776,26,136,0.16049382716049382,-25.71394575308642
11060.000000194994,20,142,0.12345679012345678,-19.779958271604936
11070.000000195212,24,138,0.14814814814814814,-23.735949925925926
11080.00000019543,20,142,0.12345679012345678,-19.779958271604936
11090.000000195649,21,141,0.12962962962962962,-20.768956185185182
11100.000000195867,21,141,0.12962962962962962,-20.768956185185182
11110.000000196085,19,143,0.11728395061728394,-18.790960358024687
11120.000000196304,20,142,0.12345679012345678,-19.779958271604936
11130.000000196522,18,144,0.1111111111111111,-17.80196244444444
11140.00000019674,19,143,0.11728395061728394,-18.790960358024687
11150.000000196958,15,147,0.09259259259259259,-14.834968703703703
11160.000000197177,15,147,0.09259259259259259,-14.834968703703703
11170.000000197395,16,146,0.09876543209876543,-15.823966617283949
11180.000000197613,22,140,0.13580246913580246,-21.757954098765435
11190.000000197831,18,144,0.1111111111111111,-17.80196244444444
11200.00000019805,20,142,0.12345679012345678,-19.779958271604936
11210.000000198268,18,144,0.1111111111111111,-17.80196244444444
11220.000000198486,19,143,0.11728395061728394,-18.790960358024687
11230.000000198705,21,141,0.12962962962962962,-20.768956185185182
11240.000000198923,21,141,0.12962962962962962,-20.768956185185182
11250.000000199141,21,141,0.12962962962962962,-20.768956185185182
11260.00000019936,19,143,0.11728395061728394,-18.790960358024687
11270.000000199578,21,141,0.12962962962962962,-20.768956185185182
11280.000000199796,19,143,0.11728395061728394,-18.790960358024687
11290.000000200014,20,142,0.12345679012345678,-19.779958271604936
11300.000000200233,16,146,0.09876543209876543,-15.823966617283949
11310.00000020045,18,144,0.1111111111111111,-17.80196244444444
11320.00000020067,20,142,0.12345679012345678,-19.779958271604936
11330.000000200887,22,140,0.13580246913580246,-21.757954098765435
11340.000000201106,19,143,0.11728395061728394,-18.790960358024687
11350.000000201324,19,143,0.11728395061728394,-18.790960358024687
11360.000000201542,17,145,0.10493827160493827,-16.812964530864196
11370.00000020176,20,142,0.12345679012345678,-19.779958271604936
11380.000000201979,21,141,0.12962962962962962,-20.768956185185182
11390.000000202197,20,142,0.12345679012345678,-19.779958271604936
11400.000000202415,24,138,0.14814814814814814,-23.735949925925926
11410.000000202634,23,139,0.1419753086419753,-22.74695201234568
11420.000000202852,16,146,0.09876543209876543,-15.823966617283949
11430.00000020307,18,144,0.1111111111111111,-17.80196244444444
11440.000000203288,20,142,0.12345679012345678,-19.779958271604936
11450.000000203507,22,140,0.13580246913580246,-21.757954098765435
11460.000000203725,22,140,0.13580246913580246,-21.757954098765435
11470.000000203943,26,136,0.16049382716049382,-25.71394575308642
11480.000000204162,27,135,0.16666666666666666,-26.702943666666663
11490.00000020438,22,140,0.13580246913580246,-21.757954098765435
11500.000000204598,21,141,0.12962962962962962,-20.768956185185182
11510.000000204816,23,139,0.1419753086419753,-22.74695201234568
11520.000000205035,26,136,0.16049382716049382,-25.71394575308642
11530.000000205253,23,139,0.1419753086419753,-22.74695201234568
11540.000000205471,27,135,0.16666666666666666,-26.702943666666663
11550.00000020569,21,141,0.12962962962962962,-20.768956185185182
11560.000000205908,17,145,0.10493827160493827,-16.812964530864196
11570.000000206126,25,137,0.15432098765432098,-24.72494783950617
11580.000000206344,24,138,0.14814814814814814,-23.735949925925926
11590.000000206563,21,141,0.12962962962962962,-20.768956185185182
11600.00000020678,21,141,0.12962962962962962,-20.768956185185182
11610.000000207,23,139,0.1419753086419753,-22.74695201234568
11620.000000207217,21,141,0.12962962962962962,-20.768956185185182
11630.000000207436,20,142,0.12345679012345678,-19.779958271604936
11640.000000207654,21,141,0.12962962962962962,-20.768956185185182
11650.000000207872,23,139,0.1419753086419753,-22.74695201234568
11660.00000020809,18,144,0.1111111111111111,-17.80196244444444
11670.000000208309,25,137,0.15432098765432098,-24.72494783950617
11680.000000208527,23,139,0.1419753086419753,-22.74695201234568
11690.000000208745,22,140,0.13580246913580246,-21.757954098765435
11700.000000208964,23,139,0.1419753086419753,-22.74695201234568
11710.000000209182,24,138,0.14814814814814814,-23.735949925925926
11720.0000002094,27,135,0.16666666666666666,-26.702943666666663
11730.000000209619,23,139,0.1419753086419753,-22.74695201234568
11740.000000209837,28,134,0.1728395061728395,-27.691941580246915
11750.000000210055,23,139,0.1419753086419753,-22.74695201234568
11760.000000210273,22,140,0.13580246913580246,-21.757954098765435
11770.000000210492,25,137,0.15432098765432098,-24.72494783950617
11780.00000021071,22,140,0.13580246913580246,-21.757954098765435
11790.000000210928,25,137,0.15432098765432098,-24.72494783950617
11800.000000211146,17,145,0.10493827160493827,-16.812964530864196
11810.000000211365,17,145,0.10493827160493827,-16.812964530864196
11820.000000211583,19,143,0.11728395061728394,-18.790960358024687
11830.000000211801,13,149,0.08024691358024691,-12.85697287654321
11840.00000021202,23,139,0.1419753086419753,-22.74695201234568
11850.000000212238,22,140,0.13580246913580246,-21.757954098765435
11860.000000212456,22,140,0.13580246913580246,-21.757954098765435
11870.000000212674,22,140,0.13580246913580246,-21.757954098765435
11880.000000212893,20,142,0.12345679012345678,-19.779958271604936
11890.000000213111,20,142,0.12345679012345678,-19.779958271604936
11900.00000021333,23,139,0.1419753086419753,-22.74695201234568
11910.000000213548,21,141,0.12962962962962962,-20.768956185185182
11920.000000213766,20,142,0.12345679012345678,-19.779958271604936
11930.000000213984,23,139,0.1419753086419753,-22.74695201234568
11940.000000214202,22,140,0.13580246913580246,-21.757954098765435
11950.00000021442,20,142,0.12345679012345678,-19.779958271604936
11960.000000214639,20,142,0.12345679012345678,-19.779958271604936
11970.000000214857,22,140,0.13580246913580246,-21.757954098765435
11980.000000215075,21,141,0.12962962962962962,-20.768956185185182
11990.000000215294,20,142,0.12345679012345678,-19.779958271604936
12000.000000215512,22,140,0.13580246913580246,-21.757954098765435
12010.00000021573,19,143,0.11728395061728394,-18.790960358024687
12020.000000215949,20,142,0.12345679012345678,-19.779958271604936
12030.000000216167,19,143,0.11728395061728394,-18.790960358024687
12040.000000216385,26,136,0.16049382716049382,-25.71394575308642
12050.000000216603,23,139,0.1419753086419753,-22.74695201234568
12060.000000216822,26,136,0.16049382716049382,-25.71394575308642
12070.00000021704,24,138,0.14814814814814814,-23.735949925925926
12080.000000217258,23,139,0.1419753086419753,-22.74695201234568
12090.000000217477,22,140,0.13580246913580246,-21.757954098765435
12100.000000217695,21,141,0.12962962962962962,-20.768956185185182
12110.000000217913,27,135,0.16666666666666666,-26.702943666666663
12120.000000218131,20,142,0.12345679012345678,-19.779958271604936
12130.00000021835,23,139,0.1419753086419753,-22.74695201234568
12140.000000218568,24,138,0.14814814814814814,-23.735949925925926
12150.000000218786,22,140,0.13580246913580246,-21.757954098765435
12160.000000219005,24,138,0.14814814814814814,-23.735949925925926
12170.000000219223,28,134,0.1728395061728395,-27.691941580246915
12180.000000219441,23,139,0.1419753086419753,-22.74695201234568
12190.00000021966,26,136,0.16049382716049382,-25.71394575308642
12200.000000219878,21,141,0.12962962962962962,-20.768956185185182
12210.000000220096,26,136,0.16049382716049382,-25.71394575308642
12220.000000220314,23,139,0.1419753086419753,-22.74695201234568
12230.000000220532,26,136,0.16049382716049382,-25.71394575308642
12240.00000022075,23,139,0.1419753086419753,-22.74695201234568
12250.000000220969,27,135,0.16666666666666666,-26.702943666666663
12260.000000221187,17,145,0.10493827160493827,-16.812964530864196
12270.000000221406,25,137,0.15432098765432098,-24.72494783950617
12280.000000221624,20,142,0.12345679012345678,-19.779958271604936
12290.000000221842,22,140,0.13580246913580246,-21.757954098765435
12300.00000022206,23,139,0.1419753086419753,-22.74695201234568
12310.000000222279,23,139,0.1419753086419753,-22.74695201234568
12320.000000222497,22,140,0.13580246913580246,-21.757954098765435
12330.000000222715,20,142,0.12345679012345678,-19.779958271604936
12340.000000222934,24,138,0.14814814814814814,-23.735949925925926
12350.000000223152,23,139,0.1419753086419753,-22.74695201234568
12360.00000022337,25,137,0.15432098765432098,-24.72494783950617
12370.000000223588,22,140,0.13580246913580246,-21.757954098765435
12380.000000223807,27,135,0.16666666666666666,-26.702943666666663
12390.000000224025,23,139,0.1419753086419753,-22.74695201234568
12400.000000224243,25,137,0.15432098765432098,-24.72494783950617
12410.000000224461,23,139,0.1419753086419753,-22.74695201234568
12420.00000022468,24,138,0.14814814814814814,-23.735949925925926
12430.000000224898,22,140,0.13580246913580246,-21.757954098765435
12440.000000225116,25,137,0.15432098765432098,-24.72494783950617
12450.000000225335,26,136,0.16049382716049382,-25.71394575308642
12460.000000225553,23,139,0.1419753086419753,-22.74695201234568
12470.000000225771,27,135,0.16666666666666666,-26.702943666666663
12480.00000022599,23,139,0.1419753086419753,-22.74695201234568
12490.000000226208,26,136,0.16049382716049382,-25.71394575308642
12500.000000226426,28,134,0.1728395061728395,-27.691941580246915
12510.000000226644,28,134,0.1728395061728395,-27.691941580246915
12520.000000226863,24,138,0.14814814814814814,-23.735949925925926
12530.00000022708,24,138,0.14814814814814814,-23.735949925925926
12540.0000002273,24,138,0.14814814814814814,-23.735949925925926
12550.000000227517,25,137,0.15432098765432098,-24.72494783950617
12560.000000227736,24,138,0.14814814814814814,-23.735949925925926
12570.000000227954,20,142,0.12345679012345678,-19.779958271604936
12580.000000228172,20,142,0.12345679012345678,-19.779958271604936
12590.00000022839,19,143,0.11728395061728394,-18.790960358024687
12600.000000228609,24,138,0.14814814814814814,-23.735949925925926
12610.000000228827,20,142,0.12345679012345678,-19.779958271604936
12620.000000229045,20,142,0.12345679012345678,-19.779958271604936
12630.000000229264,21,141,0.12962962962962962,-20.768956185185182
12640.000000229482,23,139,0.1419753086419753,-22.74695201234568
12650.0000002297,26,136,0.16049382716049382,-25.71394575308642
12660.000000229918,18,144,0.1111111111111111,-17.80196244444444
12670.000000230137,24,138,0.14814814814814814,-23.735949925925926
12680.000000230355,27,135,0.16666666666666666,-26.702943666666663
12690.000000230573,26,136,0.16049382716049382,-25.71394575308642
12700.000000230792,23,139,0.1419753086419753,-22.74695201234568
12710.00000023101,22,140,0.13580246913580246,-21.757954098765435
12720.000000231228,24,138,0.14814814814814814,-23.735949925925926
12730.000000231446,24,138,0.14814814814814814,-23.735949925925926
12740.000000231665,22,140,0.13580246913580246,-21.757954098765435
12750.000000231883,26,136,0.16049382716049382,-25.71394575308642
12760.000000232101,23,139,0.1419753086419753,-22.74695201234568
12770.00000023232,28,134,0.1728395061728395,-27.691941580246915
12780.000000232538,25,137,0.15432098765432098,-24.72494783950617
12790.000000232756,22,140,0.13580246913580246,-21.757954098765435
12800.000000232974,20,142,0.12345679012345678,-19.779958271604936
12810.000000233193,27,135,0.16666666666666666,-26.702943666666663
12820.00000023341,26,136,0.16049382716049382,-25.71394575308642
12830.00000023363,19,143,0.11728395061728394,-18.790960358024687
12840.000000233847,24,138,0.14814814814814814,-23.735949925925926
12850.000000234066,22,140,0.13580246913580246,-21.757954098765435
12860.000000234284,24,138,0.14814814814814814,-23.735949925925926
12870.000000234502,23,139,0.1419753086419753,-22.74695201234568
12880.00000023472,24,138,0.14814814814814814,-23.735949925925926
12890.000000234939,24,138,0.14814814814814814,-23.735949925925926
12900.000000235157,23,139,0.1419753086419753,-22.74695201234568
12910.000000235375,23,139,0.1419753086419753,-22.74695201234568
12920.000000235594,28,134,0.1728395061728395,-27.691941580246915
12930.000000235812,22,140,0.13580246913580246,-21.757954098765435
12940.00000023603,21,141,0.12962962962962962,-20.768956185185182
12950.000000236249,22,140,0.13580246913580246,-21.757954098765435
12960.000000236467,20,142,0.12345679012345678,-19.779958271604936
12970.000000236685,22,140,0.13580246913580246,-21.757954098765435
12980.000000236903,21,141,0.12962962962962962,-20.768956185185182
12990.000000237122,21,141,0.12962962962962962,-20.768956185185182
13000.00000023734,20,142,0.12345679012345678,-19.779958271604936
13010.000000237558,20,142,0.12345679012345678,-19.779958271604936
13020.000000237776,20,142,0.12345679012345678,-19.779958271604936
13030.000000237995,21,141,0.12962962962962962,-20.768956185185182
13040.000000238213,22,140,0.13580246913580246,-21.757954098765435
13050.000000238431,19,143,0.11728395061728394,-18.790960358024687
13060.00000023865,20,142,0.12345679012345678,-19.779958271604936
13070.000000238868,22,140,0.13580246913580246,-21.757954098765435
13080.000000239086,21,141,0.12962962962962962,-20.768956185185182
13090.000000239304,24,138,0.14814814814814814,-23.735949925925926
13100.000000239523,20,142,0.12345679012345678,-19.779958271604936
13110.000000239741,25,137,0.15432098765432098,-24.72494783950617
13120.00000023996,26,136,0.16049382716049382,-25.71394575308642
13130.000000240178,27,135,0.16666666666666666,-26.702943666666663
13140.000000240396,24,138,0.14814814814814814,-23.735949925925926
13150.000000240614,26,136,0.16049382716049382,-25.71394575308642
13160.000000240832,25,137,0.15432098765432098,-24.72494783950617
13170.00000024105,23,139,0.1419753086419753,-22.74695201234568
13180.000000241269,28,134,0.1728395061728395,-27.691941580246915
13190.000000241487,25,137,0.15432098765432098,-24.72494783950617
13200.000000241705,26,136,0.16049382716049382,-25.71394575308642
13210.000000241924,25,137,0.15432098765432098,-24.72494783950617
13220.000000242142,25,137,0.15432098765432098,-24.72494783950617
13230.00000024236,23,139,0.1419753086419753,-22.74695201234568
13240.000000242579,25,137,0.15432098765432098,-24.72494783950617
13250.000000242797,25,137,0.15432098765432098,-24.72494783950617
13260.000000243015,25,137,0.15432098765432098,-24.72494783950617
13270.000000243233,29,133,0.17901234567901234,-28.68093949382716
13280.000000243452,27,135,0.16666666666666666,-26.702943666666663
13290.00000024367,24,138,0.14814814814814814,-23.735949925925926
13300.000000243888,21,141,0.12962962962962962,-20.768956185185182
13310.000000244107,27,135,0.16666666666666666,-26.702943666666663
13320.000000244325,26,136,0.16049382716049382,-25.71394575308642
13330.000000244543,22,140,0.13580246913580246,-21.757954098765435
13340.000000244761,28,134,0.1728395061728395,-27.691941580246915
13350.00000024498,22,140,0.13580246913580246,-21.757954098765435
13360.000000245198,25,137,0.15432098765432098,-24.72494783950617
13370.000000245416,24,138,0.14814814814814814,-23.735949925925926
13380.000000245635,23,139,0.1419753086419753,-22.74695201234568
13390.000000245853,28,134,0.1728395061728395,-27.691941580246915
13400.000000246071,25,137,0.15432098765432098,-24.72494783950617
13410.00000024629,25,137,0.15432098765432098,-24.72494783950617
13420.000000246508,25,137,0.15432098765432098,-24.72494783950617
13430.000000246726,20,142,0.12345679012345678,-19.779958271604936
13440.000000246944,22,140,0.13580246913580246,-21.757954098765435
13450.000000247162,23,139,0.1419753086419753,-22.74695201234568
13460.00000024738,25,137,0.15432098765432098,-24.72494783950617
13470.000000247599,27,135,0.16666666666666666,-26.702943666666663
13480.000000247817,27,135,0.16666666666666666,-26.702943666666663
13490.000000248036,23,139,0.1419753086419753,-22.74695201234568
13500.000000248254,26,136,0.16049382716049382,-25.71394575308642
13510.000000248472,22,140,0.13580246913580246,-21.757954098765435
13520.00000024869,26,136,0.16049382716049382,-25.71394575308642
13530.000000248909,24,138,0.14814814814814814,-23.735949925925926
13540.000000249127,25,137,0.15432098765432098,-24.72494783950617
13550.000000249345,19,143,0.11728395061728394,-18.790960358024687
13560.000000249564,20,142,0.12345679012345678,-19.779958271604936
13570.000000249782,17,145,0.10493827160493827,-16.812964530864196
13580.00000025,19,143,0.11728395061728394,-18.790960358024687
13590.000000250218,24,138,0.14814814814814814,-23.735949925925926
13600.000000250437,20,142,0.12345679012345678,-19.779958271604936
13610.000000250655,22,140,0.13580246913580246,-21.757954098765435
13620.000000250873,21,141,0.12962962962962962,-20.768956185185182
13630.000000251091,22,140,0.13580246913580246,-21.757954098765435
13640.00000025131,25,137,0.15432098765432098,-24.72494783950617
13650.000000251528,24,138,0.14814814814814814,-23.735949925925926
13660.000000251746,20,142,0.12345679012345678,-19.779958271604936
13670.000000251965,25,137,0.15432098765432098,-24.72494783950617
13680.000000252183,23,139,0.1419753086419753,-22.74695201234568
13690.000000252401,26,136,0.16049382716049382,-25.71394575308642
13700.00000025262,23,139,0.1419753086419753,-22.74695201234568
13710.000000252838,25,137,0.15432098765432098,-24.72494783950617
13720.000000253056,25,137,0.15432098765432098,-24.72494783950617
13730.000000253274,22,140,0.13580246913580246,-21.757954098765435
13740.000000253493,29,133,0.17901234567901234,-28.68093949382716
13750.00000025371,23,139,0.1419753086419753,-22.74695201234568
13760.00000025393,24,138,0.14814814814814814,-23.735949925925926
13770.000000254147,24,138,0.14814814814814814,-23.735949925925926
13780.000000254366,23,139,0.1419753086419753,-22.74695201234568
13790.000000254584,24,138,0.14814814814814814,-23.735949925925926
13800.000000254802,27,135,0.16666666666666666,-26.702943666666663
13810.00000025502,26,136,0.16049382716049382,-25.71394575308642
13820.000000255239,20,142,0.12345679012345678,-19.779958271604936
13830.000000255457,20,142,0.12345679012345678,-19.779958271604936
13840.000000255675,26,136,0.16049382716049382,-25.71394575308642
13850.000000255894,24,138,0.14814814814814814,-23.735949925925926
13860.000000256112,26,136,0.16049382716049382,-25.71394575308642
13870.00000025633,25,137,0.15432098765432098,-24.72494783950617
13880.000000256548,24,138,0.14814814814814814,-23.735949925925926
13890.000000256767,26,136,0.16049382716049382,-25.71394575308642
13900.000000256985,25,137,0.15432098765432098,-24.72494783950617
13910.000000257203,23,139,0.1419753086419753,-22.74695201234568
13920.000000257422,21,141,0.12962962962962962,-20.768956185185182
13930.00000025764,21,141,0.12962962962962962,-20.768956185185182
13940.000000257858,25,137,0.15432098765432098,-24.72494783950617
13950.000000258076,26,136,0.16049382716049382,-25.71394575308642
13960.000000258295,27,135,0.16666666666666666,-26.702943666666663
13970.000000258513,23,139,0.1419753086419753,-22.74695201234568
13980.000000258731,24,138,0.14814814814814814,-23.735949925925926
13990.00000025895,24,138,0.14814814814814814,-23.735949925925926
14000.000000259168,28,134,0.1728395061728395,-27.691941580246915
14010.000000259386,24,138,0.14814814814814814,-23.735949925925926
14020.000000259604,26,136,0.16049382716049382,-25.71394575308642
14030.000000259823,22,140,0.13580246913580246,-21.757954098765435
14040.00000026004,29,133,0.17901234567901234,-28.68093949382716
14050.00000026026,25,137,0.15432098765432098,-24.72494783950617
14060.000000260477,22,140,0.13580246913580246,-21.757954098765435
14070.000000260696,25,137,0.15432098765432098,-24.72494783950617
14080.000000260914,22,140,0.13580246913580246,-21.757954098765435
14090.000000261132,23,139,0.1419753086419753,-22.74695201234568
14100.00000026135,19,143,0.11728395061728394,-18.790960358024687
14110.000000261569,23,139,0.1419753086419753,-22.74695201234568
14120.000000261787,20,142,0.12345679012345678,-19.779958271604936
14130.000000262005,20,142,0.12345679012345678,-19.779958271604936
14140.000000262224,22,140,0.13580246913580246,-21.757954098765435
14150.000000262442,25,137,0.15432098765432098,-24.72494783950617
14160.00000026266,23,139,0.1419753086419753,-22.74695201234568
14170.000000262879,23,139,0.1419753086419753,-22.74695201234568
14180.000000263097,22,140,0.13580246913580246,-21.757954098765435
14190.000000263315,20,142,0.12345679012345678,-19.779958271604936
14200.000000263533,23,139,0.1419753086419753,-22.74695201234568
14210.000000263752,21,141,0.12962962962962962,-20.768956185185182
14220.00000026397,23,139,0.1419753086419753,-22.74695201234568
14230.000000264188,20,142,0.12345679012345678,-19.779958271604936
14240.000000264406,19,143,0.11728395061728394,-18.790960358024687
14250.000000264625,22,140,0.13580246913580246,-21.757954098765435
14260.000000264843,24,138,0.14814814814814814,-23.735949925925926
14270.000000265061,23,139,0.1419753086419753,-22.74695201234568
14280.00000026528,21,141,0.12962962962962962,-20.768956185185182
14290.000000265498,20,142,0.12345679012345678,-19.779958271604936
14300.000000265716,21,141,0.12962962962962962,-20.768956185185182
14310.000000265934,24,138,0.14814814814814814,-23.735949925925926
14320.000000266153,21,141,0.12962962962962962,-20.768956185185182
14330.000000266371,21,141,0.12962962962962962,-20.768956185185182
14340.00000026659,21,141,0.12962962962962962,-20.768956185185182
14350.000000266808,20,142,0.12345679012345678,-19.779958271604936
14360.000000267026,23,139,0.1419753086419753,-22.74695201234568
14370.000000267244,24,138,0.14814814814814814,-23.735949925925926
14380.000000267462,20,142,0.12345679012345678,-19.779958271604936
14390.00000026768,26,136,0.16049382716049382,-25.71394575308642
14400.000000267899,28,134,0.1728395061728395,-27.691941580246915
14410.000000268117,25,137,0.15432098765432098,-24.72494783950617
14420.000000268335,27,135,0.16666666666666666,-26.702943666666663
14430.000000268554,22,140,0.13580246913580246,-21.757954098765435
14440.000000268772,21,141,0.12962962962962962,-20.768956185185182
14450.00000026899,24,138,0.14814814814814814,-23.735949925925926
14460.000000269209,26,136,0.16049382716049382,-25.71394575308642
14470.000000269427,24,138,0.14814814814814814,-23.735949925925926
14480.000000269645,26,136,0.16049382716049382,-25.71394575308642
14490.000000269863,24,138,0.14814814814814814,-23.735949925925926
14500.000000270082,29,133,0.17901234567901234,-28.68093949382716
14510.0000002703,24,138,0.14814814814814814,-23.735949925925926
14520.000000270518,23,139,0.1419753086419753,-22.74695201234568
14530.000000270737,25,137,0.15432098765432098,-24.72494783950617
14540.000000270955,23,139,0.1419753086419753,-22.74695201234568
14550.000000271173,26,136,0.16049382716049382,-25.71394575308642
14560.000000271391,23,139,0.1419753086419753,-22.74695201234568
14570.00000027161,23,139,0.1419753086419753,-22.74695201234568
14580.000000271828,23,139,0.1419753086419753,-22.74695201234568
14590.000000272046,23,139,0.1419753086419753,-22.74695201234568
14600.000000272265,23,139,0.1419753086419753,-22.74695201234568
14610.000000272483,20,142,0.12345679012345678,-19.779958271604936
14620.000000272701,22,140,0.13580246913580246,-21.757954098765435
14630.00000027292,18,144,0.1111111111111111,-17.80196244444444
14640.000000273138,24,138,0.14814814814814814,-23.735949925925926
14650.000000273356,24,138,0.14814814814814814,-23.735949925925926
14660.000000273574,24,138,0.14814814814814814,-23.735949925925926
14670.000000273792,21,141,0.12962962962962962,-20.768956185185182
14680.00000027401,19,143,0.11728395061728394,-18.790960358024687
14690.000000274229,21,141,0.12962962962962962,-20.768956185185182
14700.000000274447,20,142,0.12345679012345678,-19.779958271604936
14710.000000274666,20,142,0.12345679012345678,-19.779958271604936
14720.000000274884,21,141,0.12962962962962962,-20.768956185185182
14730.000000275102,20,142,0.12345679012345678,-19.779958271604936
14740.00000027532,22,140,0.13580246913580246,-21.757954098765435
14750.000000275539,21,141,0.12962962962962962,-20.768956185185182
14760.000000275757,22,140,0.13580246913580246,-21.757954098765435
14770.000000275975,22,140,0.13580246913580246,-21.757954098765435
14780.000000276194,21,141,0.12962962962962962,-20.768956185185182
14790.000000276412,24,138,0.14814814814814814,-23.735949925925926
14800.00000027663,19,143,0.11728395061728394,-18.790960358024687
14810.000000276848,23,139,0.1419753086419753,-22.74695201234568
14820.000000277067,23,139,0.1419753086419753,-22.74695201234568
14830.000000277285,22,140,0.13580246913580246,-21.757954098765435
14840.000000277503,22,140,0.13580246913580246,-21.757954098765435
14850.000000277721,22,140,0.13580246913580246,-21.757954098765435
14860.00000027794,18,144,0.1111111111111111,-17.80196244444444
14870.000000278158,22,140,0.13580246913580246,-21.757954098765435
14880.000000278376,23,139,0.1419753086419753,-22.74695201234568
14890.000000278595,24,138,0.14814814814814814,-23.735949925925926
14900.000000278813,19,143,0.11728395061728394,-18.790960358024687
14910.000000279031,23,139,0.1419753086419753,-22.74695201234568
14920.00000027925,25,137,0.15432098765432098,-24.72494783950617
14930.000000279468,24,138,0.14814814814814814,-23.735949925925926
14940.000000279686,28,134,0.1728395061728395,-27.691941580246915
14950.000000279904,24,138,0.14814814814814814,-23.735949925925926
14960.000000280123,22,140,0.13580246913580246,-21.757954098765435
14970.00000028034,23,139,0.1419753086419753,-22.74695201234568
14980.00000028056,25,137,0.15432098765432098,-24.72494783950617
14990.000000280777,25,137,0.15432098765432098,-24.72494783950617
15000.000000280996,24,138,0.14814814814814814,-23.735949925925926
15010.000000281214,25,137,0.15432098765432098,-24.72494783950617
15020.000000281432,27,135,0.16666666666666666,-26.702943666666663
15030.00000028165,25,137,0.15432098765432098,-24.72494783950617
15040.000000281869,23,139,0.1419753086419753,-22.74695201234568
15050.000000282087,26,136,0.16049382716049382,-25.71394575308642
15060.000000282305,24,138,0.14814814814814814,-23.735949925925926
15070.000000282524,26,136,0.16049382716049382,-25.71394575308642
15080.000000282742,27,135,0.16666666666666666,-26.702943666666663
15090.00000028296,26,136,0.16049382716049382,-25.71394575308642
15100.000000283178,21,141,0.12962962962962962,-20.768956185185182
15110.000000283397,22,140,0.13580246913580246,-21.757954098765435
15120.000000283615,27,135,0.16666666666666666,-26.702943666666663
15130.000000283833,24,138,0.14814814814814814,-23.735949925925926
15140.000000284052,23,139,0.1419753086419753,-22.74695201234568
15150.00000028427,22,140,0.13580246913580246,-21.757954098765435
15160.000000284488,24,138,0.14814814814814814,-23.735949925925926
15170.000000284706,23,139,0.1419753086419753,-22.74695201234568
15180.000000284925,22,140,0.13580246913580246,-21.757954098765435
15190.000000285143,23,139,0.1419753086419753,-22.74695201234568
15200.000000285361,27,135,0.16666666666666666,-26.702943666666663
15210.00000028558,29,133,0.17901234567901234,-28.68093949382716
15220.000000285798,26,136,0.16049382716049382,-25.71394575308642
15230.000000286016,24,138,0.14814814814814814,-23.735949925925926
15240.000000286234,27,135,0.16666666666666666,-26.702943666666663
15250.000000286453,22,140,0.13580246913580246,-21.757954098765435
15260.000000286671,23,139,0.1419753086419753,-22.74695201234568
15270.00000028689,22,140,0.13580246913580246,-21.757954098765435
15280.000000287107,27,135,0.16666666666666666,-26.702943666666663
15290.000000287326,25,137,0.15432098765432098,-24.72494783950617
15300.000000287544,28,134,0.1728395061728395,-27.691941580246915
15310.000000287762,25,137,0.15432098765432098,-24.72494783950617
15320.00000028798,27,135,0.16666666666666666,-26.702943666666663
15330.000000288199,22,140,0.13580246913580246,-21.757954098765435
15340.000000288417,29,133,0.17901234567901234,-28.68093949382716
15350.000000288635,25,137,0.15432098765432098,-24.72494783950617
15360.000000288854,23,139,0.1419753086419753,-22.74695201234568
15370.000000289072,27,135,0.16666666666666666,-26.702943666666663
15380.00000028929,22,140,0.13580246913580246,-21.757954098765435
15390.000000289509,26,136,0.16049382716049382,-25.71394575308642
15400.000000289727,24,138,0.14814814814814814,-23.735949925925926
15410.000000289945,24,138,0.14814814814814814,-23.735949925925926
15420.000000290163,22,140,0.13580246913580246,-21.757954098765435
15430.000000290382,21,141,0.12962962962962962,-20.768956185185182
15440.0000002906,24,138,0.14814814814814814,-23.735949925925926
15450.000000290818,19,143,0.11728395061728394,-18.790960358024687
15460.000000291036,21,141,0.12962962962962962,-20.768956185185182
15470.000000291255,22,140,0.13580246913580246,-21.757954098765435
15480.000000291473,25,137,0.15432098765432098,-24.72494783950617
15490.000000291691,22,140,0.13580246913580246,-21.757954098765435
15500.00000029191,24,138,0.14814814814814814,-23.735949925925926
15510.000000292128,21,141,0.12962962962962962,-20.768956185185182
15520.000000292346,20,142,0.12345679012345678,-19.779958271604936
15530.000000292564,25,137,0.15432098765432098,-24.72494783950617
15540.000000292783,25,137,0.15432098765432098,-24.72494783950617
15550.000000293001,23,139,0.1419753086419753,-22.74695201234568
15560.00000029322,26,136,0.16049382716049382,-25.71394575308642
15570.000000293438,23,139,0.1419753086419753,-22.74695201234568
15580.000000293656,24,138,0.14814814814814814,-23.735949925925926
15590.000000293874,24,138,0.14814814814814814,-23.735949925925926
15600.000000294092,24,138,0.14814814814814814,-23.735949925925926
15610.00000029431,23,139,0.1419753086419753,-22.74695201234568
15620.000000294529,25,137,0.15432098765432098,-24.72494783950617
15630.000000294747,27,135,0.16666666666666666,-26.702943666666663
15640.000000294966,25,137,0.15432098765432098,-24.72494783950617
15650.000000295184,25,137,0.15432098765432098,-24.72494783950617
15660.000000295402,18,144,0.1111111111111111,-17.80196244444444
15670.00000029562,26,136,0.16049382716049382,-25.71394575308642
15680.000000295839,25,137,0.15432098765432098,-24.72494783950617
15690.000000296057,27,135,0.16666666666666666,-26.702943666666663
15700.000000296275,21,141,0.12962962962962962,-20.768956185185182
15710.000000296493,25,137,0.15432098765432098,-24.72494783950617
15720.000000296712,21,141,0.12962962962962962,-20.768956185185182
15730.00000029693,25,137,0.15432098765432098,-24.72494783950617
15740.000000297148,23,139,0.1419753086419753,-22.74695201234568
15750.000000297367,24,138,0.14814814814814814,-23.735949925925926
15760.000000297585,24,138,0.14814814814814814,-23.735949925925926
15770.000000297803,22,140,0.13580246913580246,-21.757954098765435
15780.000000298021,20,142,0.12345679012345678,-19.779958271604936
15790.00000029824,21,141,0.12962962962962962,-20.768956185185182
15800.000000298458,21,141,0.12962962962962962,-20.768956185185182
15810.000000298676,24,138,0.14814814814814814,-23.735949925925926
15820.000000298895,25,137,0.15432098765432098,-24.72494783950617
15830.000000299113,22,140,0.13580246913580246,-21.757954098765435
15840.000000299331,25,137,0.15432098765432098,-24.72494783950617
15850.00000029955,24,138,0.14814814814814814,-23.735949925925926
15860.000000299768,24,138,0.14814814814814814,-23.735949925925926
15870.000000299986,23,139,0.1419753086419753,-22.74695201234568
15880.000000300204,20,142,0.12345679012345678,-19.779958271604936
15890.000000300422,29,133,0.17901234567901234,-28.68093949382716
15900.00000030064,25,137,0.15432098765432098,-24.72494783950617
15910.000000300859,21,141,0.12962962962962962,-20.768956185185182
15920.000000301077,23,139,0.1419753086419753,-22.74695201234568
15930.000000301296,24,138,0.14814814814814814,-23.735949925925926
15940.000000301514,23,139,0.1419753086419753,-22.74695201234568
15950.000000301732,26,136,0.16049382716049382,-25.71394575308642
15960.00000030195,26,136,0.16049382716049382,-25.71394575308642
15970.000000302169,21,141,0.12962962962962962,-20.768956185185182
15980.000000302387,23,139,0.1419753086419753,-22.74695201234568
15990.000000302605,23,139,0.1419753086419753,-22.74695201234568
16000.000000302824,23,139,0.1419753086419753,-22.74695201234568
16010.000000303042,23,139,0.1419753086419753,-22.74695201234568
16020.00000030326,24,138,0.14814814814814814,-23.735949925925926
16030.000000303478,22,140,0.13580246913580246,-21.757954098765435
16040.000000303697,27,135,0.16666666666666666,-26.702943666666663
16050.000000303915,26,136,0.16049382716049382,-25.71394575308642
16060.000000304133,25,137,0.15432098765432098,-24.72494783950617
16070.000000304351,21,141,0.12962962962962962,-20.768956185185182
16080.00000030457,19,143,0.11728395061728394,-18.790960358024687
16090.000000304788,24,138,0.14814814814814814,-23.735949925925926
16100.000000305006,21,141,0.12962962962962962,-20.768956185185182
16110.000000305225,22,140,0.13580246913580246,-21.757954098765435
16120.000000305443,26,136,0.16049382716049382,-25.71394575308642
16130.000000305661,23,139,0.1419753086419753,-22.74695201234568
16140.00000030588,25,137,0.15432098765432098,-24.72494783950617
16150.000000306098,26,136,0.16049382716049382,-25.71394575308642
16160.000000306316,25,137,0.15432098765432098,-24.72494783950617
16170.000000306534,25,137,0.15432098765432098,-24.72494783950617
16180.000000306753,27,135,0.16666666666666666,-26.702943666666663
16190.00000030697,26,136,0.16049382716049382,-25.71394575308642
16200.00000030719,26,136,0.16049382716049382,-25.71394575308642
16210.000000307407,27,135,0.16666666666666666,-26.702943666666663
16220.000000307626,26,136,0.16049382716049382,-25.71394575308642
16230.000000307844,23,139,0.1419753086419753,-22.74695201234568
16240.000000308062,22,140,0.13580246913580246,-21.757954098765435
16250.00000030828,28,134,0.1728395061728395,-27.691941580246915
16260.000000308499,25,137,0.15432098765432098,-24.72494783950617
16270.000000308717,23,139,0.1419753086419753,-22.74695201234568
16280.000000308935,22,140,0.13580246913580246,-21.757954098765435
16290.000000309154,22,140,0.13580246913580246,-21.757954098765435
16300.000000309372,24,138,0.14814814814814814,-23.735949925925926
16310.00000030959,23,139,0.1419753086419753,-22.74695201234568
16320.000000309808,24,138,0.14814814814814814,-23.735949925925926
16330.000000310027,25,137,0.15432098765432098,-24.72494783950617
16340.000000310245,24,138,0.14814814814814814,-23.735949925925926
16350.000000310463,25,137,0.15432098765432098,-24.72494783950617
16360.000000310682,21,141,0.12962962962962962,-20.768956185185182
16370.0000003109,24,138,0.14814814814814814,-23.735949925925926
16380.000000311118,23,139,0.1419753086419753,-22.74695201234568
16390.000000310243,24,138,0.14814814814814814,-23.735949925925926
16400.000000308642,22,140,0.13580246913580246,-21.757954098765435
16410.00000030704,25,137,0.15432098765432098,-24.72494783950617
16420.00000030544,23,139,0.1419753086419753,-22.74695201234568
16430.00000030384,24,138,0.14814814814814814,-23.735949925925926
16440.00000030224,24,138,0.14814814814814814,-23.735949925925926
16450.00000030064,22,140,0.13580246913580246,-21.757954098765435
16460.00000029904,21,141,0.12962962962962962,-20.768956185185182
16470.000000297438,21,141,0.12962962962962962,-20.768956185185182
16480.000000295837,23,139,0.1419753086419753,-22.74695201234568
16490.000000294236,23,139,0.1419753086419753,-22.74695201234568
16500.000000292635,21,141,0.12962962962962962,-20.768956185185182
16510.000000291035,24,138,0.14814814814814814,-23.735949925925926
16520.000000289434,22,140,0.13580246913580246,-21.757954098765435
16530.000000287833,23,139,0.1419753086419753,-22.74695201234568
16540.000000286233,22,140,0.13580246913580246,-21.757954098765435
16550.000000284632,22,140,0.13580246913580246,-21.757954098765435
16560.00000028303,26,136,0.16049382716049382,-25.71394575308642
16570.00000028143,25,137,0.15432098765432098,-24.72494783950617
16580.00000027983,27,135,0.16666666666666666,-26.702943666666663
16590.00000027823,25,137,0.15432098765432098,-24.72494783950617
16600.00000027663,21,141,0.12962962962962962,-20.768956185185182
16610.000000275028,26,136,0.16049382716049382,-25.71394575308642
16620.000000273427,24,138,0.14814814814814814,-23.735949925925926
16630.000000271826,21,141,0.12962962962962962,-20.768956185185182
16640.000000270225,25,137,0.15432098765432098,-24.72494783950617
16650.000000268625,24,138,0.14814814814814814,-23.735949925925926
16660.000000267024,26,136,0.16049382716049382,-25.71394575308642
16670.000000265423,29,133,0.17901234567901234,-28.68093949382716
16680.000000263823,25,137,0.15432098765432098,-24.72494783950617
16690.000000262222,27,135,0.16666666666666666,-26.702943666666663
16700.00000026062,29,133,0.17901234567901234,-28.68093949382716
16710.00000025902,26,136,0.16049382716049382,-25.71394575308642
16720.00000025742,28,134,0.1728395061728395,-27.691941580246915
16730.00000025582,32,130,0.19753086419753085,-31.647933234567898
16740.00000025422,28,134,0.1728395061728395,-27.691941580246915
16750.000000252618,25,137,0.15432098765432098,-24.72494783950617
16760.000000251017,21,141,0.12962962962962962,-20.768956185185182
16770.000000249416,23,139,0.1419753086419753,-22.74695201234568
16780.000000247815,26,136,0.16049382716049382,-25.71394575308642
16790.000000246215,25,137,0.15432098765432098,-24.72494783950617
16800.000000244614,23,139,0.1419753086419753,-22.74695201234568
16810.000000243013,21,141,0.12962962962962962,-20.768956185185182
16820.000000241413,16,146,0.09876543209876543,-15.823966617283949
16830.000000239812,24,138,0.14814814814814814,-23.735949925925926
16840.00000023821,24,138,0.14814814814814814,-23.735949925925926
16850.00000023661,19,143,0.11728395061728394,-18.790960358024687
16860.00000023501,17,145,0.10493827160493827,-16.812964530864196
16870.00000023341,22,140,0.13580246913580246,-21.757954098765435
16880.00000023181,19,143,0.11728395061728394,-18.790960358024687
16890.000000230208,18,144,0.1111111111111111,-17.80196244444444
16900.000000228607,18,144,0.1111111111111111,-17.80196244444444
16910.000000227006,21,141,0.12962962962962962,-20.768956185185182
16920.000000225406,19,143,0.11728395061728394,-18.790960358024687
16930.000000223805,23,139,0.1419753086419753,-22.74695201234568
16940.000000222204,21,141,0.12962962962962962,-20.768956185185182
16950.000000220603,23,139,0.1419753086419753,-22.74695201234568
16960.000000219003,20,142,0.12345679012345678,-19.779958271604936
16970.000000217402,28,134,0.1728395061728395,-27.691941580246915
16980.0000002158,21,141,0.12962962962962962,-20.768956185185182
16990.0000002142,25,137,0.15432098765432098,-24.72494783950617
17000.0000002126,22,140,0.13580246913580246,-21.757954098765435
17010.000000211,24,138,0.14814814814814814,-23.735949925925926
17020.0000002094,23,139,0.1419753086419753,-22.74695201234568
17030.000000207798,23,139,0.1419753086419753,-22.74695201234568
17040.000000206197,25,137,0.15432098765432098,-24.72494783950617
17050.000000204596,23,139,0.1419753086419753,-22.74695201234568
17060.000000202996,25,137,0.15432098765432098,-24.72494783950617
17070.000000201395,24,138,0.14814814814814814,-23.735949925925926
17080.000000199794,26,136,0.16049382716049382,-25.71394575308642
17090.000000198193,19,143,0.11728395061728394,-18.790960358024687
17100.000000196593,25,137,0.15432098765432098,-24.72494783950617
17110.000000194992,21,141,0.12962962962962962,-20.768956185185182
17120.00000019339,24,138,0.14814814814814814,-23.735949925925926
17130.00000019179,27,135,0.16666666666666666,-26.702943666666663
17140.00000019019,28,134,0.1728395061728395,-27.691941580246915
17150.00000018859,21,141,0.12962962962962962,-20.768956185185182
17160.00000018699,26,136,0.16049382716049382,-25.71394575308642
17170.000000185388,28,134,0.1728395061728395,-27.691941580246915
17180.000000183787,24,138,0.14814814814814814,-23.735949925925926
17190.000000182186,27,135,0.16666666666666666,-26.702943666666663
17200.000000180586,22,140,0.13580246913580246,-21.757954098765435
17210.000000178985,22,140,0.13580246913580246,-21.757954098765435
17220.000000177384,21,141,0.12962962962962962,-20.768956185185182
17230.000000175783,23,139,0.1419753086419753,-22.74695201234568
17240.000000174183,24,138,0.14814814814814814,-23.735949925925926
17250.000000172582,30,132,0.18518518518518517,-29.669937407407406
17260.00000017098,21,141,0.12962962962962962,-20.768956185185182
17270.00000016938,24,138,0.14814814814814814,-23.735949925925926
17280.00000016778,21,141,0.12962962962962962,-20.768956185185182
17290.00000016618,25,137,0.15432098765432098,-24.72494783950617
17300.00000016458,23,139,0.1419753086419753,-22.74695201234568
17310.000000162978,21,141,0.12962962962962962,-20.768956185185182
17320.000000161377,25,137,0.15432098765432098,-24.72494783950617
17330.000000159776,25,137,0.15432098765432098,-24.72494783950617
17340.000000158176,21,141,0.12962962962962962,-20.768956185185182
17350.000000156575,23,139,0.1419753086419753,-22.74695201234568
17360.000000154974,21,141,0.12962962962962962,-20.768956185185182
17370.000000153374,26,136,0.16049382716049382,-25.71394575308642
17380.000000151773,21,141,0.12962962962962962,-20.768956185185182
17390.000000150172,25,137,0.15432098765432098,-24.72494783950617
17400.00000014857,26,136,0.16049382716049382,-25.71394575308642
17410.00000014697,26,136,0.16049382716049382,-25.71394575308642
17420.00000014537,23,139,0.1419753086419753,-22.74695201234568
17430.00000014377,27,135,0.16666666666666666,-26.702943666666663
17440.00000014217,28,134,0.1728395061728395,-27.691941580246915
17450.000000140568,25,137,0.15432098765432098,-24.72494783950617
17460.000000138967,25,137,0.15432098765432098,-24.72494783950617
17470.000000137366,24,138,0.14814814814814814,-23.735949925925926
17480.000000135766,23,139,0.1419753086419753,-22.74695201234568
17490.000000134165,29,133,0.17901234567901234,-28.68093949382716
17500.000000132564,23,139,0.1419753086419753,-22.74695201234568
17510.000000130964,26,136,0.16049382716049382,-25.71394575308642
17520.000000129363,24,138,0.14814814814814814,-23.735949925925926
17530.000000127762,25,137,0.15432098765432098,-24.72494783950617
17540.00000012616,26,136,0.16049382716049382,-25.71394575308642
17550.00000012456,25,137,0.15432098765432098,-24.72494783950617
17560.00000012296,23,139,0.1419753086419753,-22.74695201234568
17570.00000012136,24,138,0.14814814814814814,-23.735949925925926
17580.00000011976,26,136,0.16049382716049382,-25.71394575308642
17590.000000118158,24,138,0.14814814814814814,-23.735949925925926
17600.000000116557,21,141,0.12962962962962962,-20.768956185185182
17610.000000114956,24,138,0.14814814814814814,-23.735949925925926
17620.000000113356,25,137,0.15432098765432098,-24.72494783950617
17630.000000111755,27,135,0.16666666666666666,-26.702943666666663
17640.000000110154,22,140,0.13580246913580246,-21.757954098765435
17650.000000108554,25,137,0.15432098765432098,-24.72494783950617
17660.000000106953,22,140,0.13580246913580246,-21.757954098765435
17670.000000105352,28,134,0.1728395061728395,-27.691941580246915
17680.00000010375,26,136,0.16049382716049382,-25.71394575308642
17690.00000010215,26,136,0.16049382716049382,-25.71394575308642
17700.00000010055,23,139,0.1419753086419753,-22.74695201234568
17710.00000009895,26,136,0.16049382716049382,-25.71394575308642
17720.00000009735,25,137,0.15432098765432098,-24.72494783950617
17730.000000095748,21,141,0.12962962962962962,-20.768956185185182
17740.000000094147,23,139,0.1419753086419753,-22.74695201234568
17750.000000092547,21,141,0.12962962962962962,-20.768956185185182
17760.000000090946,20,142,0.12345679012345678,-19.779958271604936
17770.000000089345,26,136,0.16049382716049382,-25.71394575308642
17780.000000087744,27,135,0.16666666666666666,-26.702943666666663
17790.000000086144,26,136,0.16049382716049382,-25.71394575308642
17800.000000084543,26,136,0.16049382716049382,-25.71394575308642
17810.000000082942,24,138,0.14814814814814814,-23.735949925925926
17820.00000008134,21,141,0.12962962962962962,-20.768956185185182
17830.00000007974,21,141,0.12962962962962962,-20.768956185185182
17840.00000007814,20,142,0.12345679012345678,-19.779958271604936
17850.00000007654,23,139,0.1419753086419753,-22.74695201234568
17860.00000007494,26,136,0.16049382716049382,-25.71394575308642
17870.000000073338,22,140,0.13580246913580246,-21.757954098765435
17880.000000071737,24,138,0.14814814814814814,-23.735949925925926
17890.000000070137,22,140,0.13580246913580246,-21.757954098765435
17900.000000068536,23,139,0.1419753086419753,-22.74695201234568
17910.000000066935,27,135,0.16666666666666666,-26.702943666666663
17920.000000065334,21,141,0.12962962962962962,-20.768956185185182
17930.000000063734,28,134,0.1728395061728395,-27.691941580246915
17940.000000062133,23,139,0.1419753086419753,-22.74695201234568
17950.000000060532,22,140,0.13580246913580246,-21.757954098765435
17960.00000005893,24,138,0.14814814814814814,-23.735949925925926
17970.00000005733,29,133,0.17901234567901234,-28.68093949382716
17980.00000005573,25,137,0.15432098765432098,-24.72494783950617
17990.00000005413,27,135,0.16666666666666666,-26.702943666666663
18000.00000005253,23,139,0.1419753086419753,-22.74695201234568
18010.000000050928,24,138,0.14814814814814814,-23.735949925925926
18020.000000049327,29,133,0.17901234567901234,-28.68093949382716
18030.000000047727,25,137,0.15432098765432098,-24.72494783950617
18040.000000046126,24,138,0.14814814814814814,-23.735949925925926
18050.000000044525,20,142,0.12345679012345678,-19.779958271604936
18060.000000042925,21,141,0.12962962962962962,-20.768956185185182
18070.000000041324,22,140,0.13580246913580246,-21.757954098765435
18080.000000039723,25,137,0.15432098765432098,-24.72494783950617
18090.000000038122,27,135,0.16666666666666666,-26.702943666666663
18100.00000003652,22,140,0.13580246913580246,-21.757954098765435
18110.00000003492,27,135,0.16666666666666666,-26.702943666666663
18120.00000003332,24,138,0.14814814814814814,-23.735949925925926
18130.00000003172,23,139,0.1419753086419753,-22.74695201234568
18140.00000003012,19,143,0.11728395061728394,-18.790960358024687
18150.000000028518,22,140,0.13580246913580246,-21.757954098765435
18160.000000026917,24,138,0.14814814814814814,-23.735949925925926
18170.000000025317,22,140,0.13580246913580246,-21.757954098765435
18180.000000023716,23,139,0.1419753086419753,-22.74695201234568
18190.000000022115,21,141,0.12962962962962962,-20.768956185185182
18200.000000020515,27,135,0.16666666666666666,-26.702943666666663
18210.000000018914,25,137,0.15432098765432098,-24.72494783950617
18220.000000017313,21,141,0.12962962962962962,-20.768956185185182
18230.000000015712,20,142,0.12345679012345678,-19.779958271604936
18240.00000001411,20,142,0.12345679012345678,-19.779958271604936
18250.00000001251,23,139,0.1419753086419753,-22.74695201234568
18260.00000001091,23,139,0.1419753086419753,-22.74695201234568
18270.00000000931,21,141,0.12962962962962962,-20.768956185185182
18280.00000000771,25,137,0.15432098765432098,-24.72494783950617
18290.000000006108,24,138,0.14814814814814814,-23.735949925925926
18300.000000004507,23,139,0.1419753086419753,-22.74695201234568
18310.000000002907,25,137,0.15432098765432098,-24.72494783950617
18320.000000001306,23,139,0.1419753086419753,-22.74695201234568
18329.999999999705,26,136,0.16049382716049382,-25.71394575308642
18339.999999998105,27,135,0.16666666666666666,-26.702943666666663
18349.999999996504,29,133,0.17901234567901234,-28.68093949382716
18359.999999994903,24,138,0.14814814814814814,-23.735949925925926
18369.999999993302,25,137,0.15432098765432098,-24.72494783950617
18379.9999999917,22,140,0.13580246913580246,-21.757954098765435
18389.9999999901,22,140,0.13580246913580246,-21.757954098765435
18399.9999999885,23,139,0.1419753086419753,-22.74695201234568
18409.9999999869,23,139,0.1419753086419753,-22.74695201234568
18419.9999999853,24,138,0.14814814814814814,-23.735949925925926
18429.9999999837,23,139,0.1419753086419753,-22.74695201234568
18439.999999982098,25,137,0.15432098765432098,-24.72494783950617
18449.999999980497,29,133,0.17901234567901234,-28.68093949382716
18459.999999978896,24,138,0.14814814814814814,-23.735949925925926
18469.999999977295,25,137,0.15432098765432098,-24.72494783950617
18479.999999975695,27,135,0.16666666666666666,-26.702943666666663
18489.999999974094,22,140,0.13580246913580246,-21.757954098765435
18499.999999972493,27,135,0.16666666666666666,-26.702943666666663
18509.999999970893,28,134,0.1728395061728395,-27.691941580246915
18519.999999969292,22,140,0.13580246913580246,-21.757954098765435
18529.99999996769,29,133,0.17901234567901234,-28.68093949382716
18539.99999996609,26,136,0.16049382716049382,-25.71394575308642
18549.99999996449,25,137,0.15432098765432098,-24.72494783950617
18559.99999996289,23,139,0.1419753086419753,-22.74695201234568
18569.99999996129,25,137,0.15432098765432098,-24.72494783950617
18579.999999959688,27,135,0.16666666666666666,-26.702943666666663
18589.999999958087,29,133,0.17901234567901234,-28.68093949382716
18599.999999956486,27,135,0.16666666666666666,-26.702943666666663
18609.999999954885,25,137,0.15432098765432098,-24.72494783950617
18619.999999953285,29,133,0.17901234567901234,-28.68093949382716
18629.999999951684,26,136,0.16049382716049382,-25.71394575308642
18639.999999950083,29,133,0.17901234567901234,-28.68093949382716
18649.999999948483,28,134,0.1728395061728395,-27.691941580246915
18659.999999946882,25,137,0.15432098765432098,-24.72494783950617
18669.99999994528,25,137,0.15432098765432098,-24.72494783950617
18679.99999994368,26,136,0.16049382716049382,-25.71394575308642
18689.99999994208,29,133,0.17901234567901234,-28.68093949382716
18699.99999994048,26,136,0.16049382716049382,-25.71394575308642
18709.99999993888,29,133,0.17901234567901234,-28.68093949382716
18719.999999937278,24,138,0.14814814814814814,-23.735949925925926
18729.999999935677,25,137,0.15432098765432098,-24.72494783950617
18739.999999934076,30,132,0.18518518518518517,-29.669937407407406
18749.999999932475,27,135,0.16666666666666666,-26.702943666666663
18759.999999930875,26,136,0.16049382716049382,-25.71394575308642
18769.999999929274,25,137,0.15432098765432098,-24.72494783950617
18779.999999927673,28,134,0.1728395061728395,-27.691941580246915
18789.999999926073,26,136,0.16049382716049382,-25.71394575308642
18799.999999924472,25,137,0.15432098765432098,-24.72494783950617
18809.99999992287,20,142,0.12345679012345678,-19.779958271604936
18819.99999992127,22,140,0.13580246913580246,-21.757954098765435
18829.99999991967,23,139,0.1419753086419753,-22.74695201234568
18839.99999991807,22,140,0.13580246913580246,-21.757954098765435
18849.99999991647,21,141,0.12962962962962962,-20.768956185185182
18859.999999914868,23,139,0.1419753086419753,-22.74695201234568
18869.999999913267,23,139,0.1419753086419753,-22.74695201234568
18879.999999911666,18,144,0.1111111111111111,-17.80196244444444
18889.999999910066,22,140,0.13580246913580246,-21.757954098765435
18899.999999908465,21,141,0.12962962962962962,-20.768956185185182
18909.999999906864,24,138,0.14814814814814814,-23.735949925925926
18919.999999905263,21,141,0.12962962962962962,-20.768956185185182
18929.999999903663,17,145,0.10493827160493827,-16.812964530864196
18939.999999902062,21,141,0.12962962962962962,-20.768956185185182
18949.99999990046,24,138,0.14814814814814814,-23.735949925925926
18959.99999989886,20,142,0.12345679012345678,-19.779958271604936
18969.99999989726,26,136,0.16049382716049382,-25.71394575308642
18979.99999989566,18,144,0.1111111111111111,-17.80196244444444
18989.99999989406,17,145,0.10493827160493827,-16.812964530864196
18999.999999892458,20,142,0.12345679012345678,-19.779958271604936
19009.999999890857,20,142,0.12345679012345678,-19.779958271604936
19019.999999889256,23,139,0.1419753086419753,-22.74695201234568
19029.999999887656,20,142,0.12345679012345678,-19.779958271604936
19039.999999886055,21,141,0.12962962962962962,-20.768956185185182
19049.999999884454,25,137,0.15432098765432098,-24.72494783950617
19059.999999882853,21,141,0.12962962962962962,-20.768956185185182
19069.999999881253,19,143,0.11728395061728394,-18.790960358024687
19079.999999879652,20,142,0.12345679012345678,-19.779958271604936
19089.99999987805,21,141,0.12962962962962962,-20.768956185185182
19099.99999987645,21,141,0.12962962962962962,-20.768956185185182
19109.99999987485,22,140,0.13580246913580246,-21.757954098765435
19119.99999987325,23,139,0.1419753086419753,-22.74695201234568
19129.99999987165,21,141,0.12962962962962962,-20.768956185185182
19139.999999870048,24,138,0.14814814814814814,-23.735949925925926
19149.999999868447,23,139,0.1419753086419753,-22.74695201234568
19159.999999866846,20,142,0.12345679012345678,-19.779958271604936
19169.999999865246,22,140,0.13580246913580246,-21.757954098765435
19179.999999863645,20,142,0.12345679012345678,-19.779958271604936
19189.999999862044,21,141,0.12962962962962962,-20.768956185185182
19199.999999860443,20,142,0.12345679012345678,-19.779958271604936
19209.999999858843,17,145,0.10493827160493827,-16.812964530864196
19219.999999857242,23,139,0.1419753086419753,-22.74695201234568
19229.99999985564,18,144,0.1111111111111111,-17.80196244444444
19239.99999985404,21,141,0.12962962962962962,-20.768956185185182
19249.99999985244,18,144,0.1111111111111111,-17.80196244444444
19259.99999985084,20,142,0.12345679012345678,-19.779958271604936
19269.99999984924,22,140,0.13580246913580246,-21.757954098765435
19279.999999847638,21,141,0.12962962962962962,-20.768956185185182
19289.999999846037,25,137,0.15432098765432098,-24.72494783950617
19299.999999844436,26,136,0.16049382716049382,-25.71394575308642
19309.999999842836,24,138,0.14814814814814814,-23.735949925925926
19319.999999841235,21,141,0.12962962962962962,-20.768956185185182
19329.999999839634,25,137,0.15432098765432098,-24.72494783950617
19339.999999838034,24,138,0.14814814814814814,-23.735949925925926
19349.999999836433,20,142,0.12345679012345678,-19.779958271604936
19359.999999834832,22,140,0.13580246913580246,-21.757954098765435
19369.99999983323,26,136,0.16049382716049382,-25.71394575308642
19379.99999983163,21,141,0.12962962962962962,-20.768956185185182
19389.99999983003,22,140,0.13580246913580246,-21.757954098765435
19399.99999982843,24,138,0.14814814814814814,-23.735949925925926
19409.99999982683,19,143,0.11728395061728394,-18.790960358024687
19419.999999825228,23,139,0.1419753086419753,-22.74695201234568
19429.999999823627,23,139,0.1419753086419753,-22.74695201234568
19439.999999822026,18,144,0.1111111111111111,-17.80196244444444
19449.999999820426,23,139,0.1419753086419753,-22.74695201234568
19459.999999818825,26,136,0.16049382716049382,-25.71394575308642
19469.999999817224,23,139,0.1419753086419753,-22.74695201234568
19479.999999815624,24,138,0.14814814814814814,-23.735949925925926
19489.999999814023,24,138,0.14814814814814814,-23.735949925925926
19499.999999812422,23,139,0.1419753086419753,-22.74695201234568
19509.99999981082,22,140,0.13580246913580246,-21.757954098765435
19519.99999980922,27,135,0.16666666666666666,-26.702943666666663
19529.99999980762,25,137,0.15432098765432098,-24.72494783950617
19539.99999980602,25,137,0.15432098765432098,-24.72494783950617
19549.99999980442,28,134,0.1728395061728395,-27.691941580246915
19559.999999802818,24,138,0.14814814814814814,-23.735949925925926
19569.999999801217,25,137,0.15432098765432098,-24.72494783950617
19579.999999799616,23,139,0.1419753086419753,-22.74695201234568
19589.999999798016,25,137,0.15432098765432098,-24.72494783950617
19599.999999796415,24,138,0.14814814814814814,-23.735949925925926
19609.999999794814,24,138,0.14814814814814814,-23.735949925925926
19619.999999793214,23,139,0.1419753086419753,-22.74695201234568
19629.999999791613,28,134,0.1728395061728395,-27.691941580246915
19639.999999790012,25,137,0.15432098765432098,-24.72494783950617
19649.99999978841,21,141,0.12962962962962962,-20.768956185185182
19659.99999978681,19,143,0.11728395061728394,-18.790960358024687
19669.99999978521,23,139,0.1419753086419753,-22.74695201234568
19679.99999978361,27,135,0.16666666666666666,-26.702943666666663
19689.99999978201,23,139,0.1419753086419753,-22.74695201234568
19699.999999780408,21,141,0.12962962962962962,-20.768956185185182
19709.999999778807,26,136,0.16049382716049382,-25.71394575308642
19719.999999777207,22,140,0.13580246913580246,-21.757954098765435
19729.999999775606,23,139,0.1419753086419753,-22.74695201234568
19739.999999774005,21,141,0.12962962962962962,-20.768956185185182
19749.999999772404,25,137,0.15432098765432098,-24.72494783950617
19759.999999770804,23,139,0.1419753086419753,-22.74695201234568
19769.999999769203,22,140,0.13580246913580246,-21.757954098765435
19779.999999767602,21,141,0.12962962962962962,-20.768956185185182
19789.999999766,20,142,0.12345679012345678,-19.779958271604936
19799.9999997644,24,138,0.14814814814814814,-23.735949925925926
19809.9999997628,22,140,0.13580246913580246,-21.757954098765435
19819.9999997612,18,144,0.1111111111111111,-17.80196244444444
19829.9999997596,20,142,0.12345679012345678,-19.779958271604936
19839.999999757998,21,141,0.12962962962962962,-20.768956185185182
19849.999999756397,24,138,0.14814814814814814,-23.735949925925926
19859.999999754797,24,138,0.14814814814814814,-23.735949925925926
19869.999999753196,25,137,0.15432098765432098,-24.72494783950617
19879.999999751595,26,136,0.16049382716049382,-25.71394575308642
19889.999999749994,26,136,0.16049382716049382,-25.71394575308642
19899.999999748394,26,136,0.16049382716049382,-25.71394575308642
19909.999999746793,26,136,0.16049382716049382,-25.71394575308642
19919.999999745192,26,136,0.16049382716049382,-25.71394575308642
19929.99999974359,29,133,0.17901234567901234,-28.68093949382716
19939.99999974199,26,136,0.16049382716049382,-25.71394575308642
19949.99999974039,29,133,0.17901234567901234,-28.68093949382716
19959.99999973879,23,139,0.1419753086419753,-22.74695201234568
19969.99999973719,28,134,0.1728395061728395,-27.691941580246915
19979.999999735588,26,136,0.16049382716049382,-25.71394575308642
19989.999999733987,29,133,0.17901234567901234,-28.68093949382716
19999.999999732387,21,141,0.12962962962962962,-20.768956185185182
20009.999999730786,24,138,0.14814814814814814,-23.735949925925926
20019.999999729185,25,137,0.15432098765432098,-24.72494783950617
20029.999999727585,25,137,0.15432098765432098,-24.72494783950617
20039.999999725984,27,135,0.16666666666666666,-26.702943666666663
20049.999999724383,27,135,0.16666666666666666,-26.702943666666663
20059.999999722782,20,142,0.12345679012345678,-19.779958271604936
20069.99999972118,23,139,0.1419753086419753,-22.74695201234568
20079.99999971958,24,138,0.14814814814814814,-23.735949925925926
20089.99999971798,22,140,0.13580246913580246,-21.757954098765435
20099.99999971638,24,138,0.14814814814814814,-23.735949925925926
20109.99999971478,26,136,0.16049382716049382,-25.71394575308642
20119.999999713178,24,138,0.14814814814814814,-23.735949925925926
20129.999999711577,20,142,0.12345679012345678,-19.779958271604936
20139.999999709977,21,141,0.12962962962962962,-20.768956185185182
20149.999999708376,25,137,0.15432098765432098,-24.72494783950617
20159.999999706775,22,140,0.13580246913580246,-21.757954098765435
20169.999999705175,23,139,0.1419753086419753,-22.74695201234568
20179.999999703574,24,138,0.14814814814814814,-23.735949925925926
20189.999999701973,26,136,0.16049382716049382,-25.71394575308642
20199.999999700372,21,141,0.12962962962962962,-20.768956185185182
20209.99999969877,21,141,0.12962962962962962,-20.768956185185182
20219.99999969717,25,137,0.15432098765432098,-24.72494783950617
20229.99999969557,28,134,0.1728395061728395,-27.691941580246915
20239.99999969397,25,137,0.15432098765432098,-24.72494783950617
20249.99999969237,26,136,0.16049382716049382,-25.71394575308642
20259.999999690768,26,136,0.16049382716049382,-25.71394575308642
20269.999999689167,24,138,0.14814814814814814,-23.735949925925926
20279.999999687567,27,135,0.16666666666666666,-26.702943666666663
20289.999999685966,24,138,0.14814814814814814,-23.735949925925926
20299.999999684365,23,139,0.1419753086419753,-22.74695201234568
20309.999999682765,25,137,0.15432098765432098,-24.72494783950617
20319.999999681164,21,141,0.12962962962962962,-20.768956185185182
20329.999999679563,23,139,0.1419753086419753,-22.74695201234568
20339.999999677962,24,138,0.14814814814814814,-23.735949925925926
20349.99999967636,25,137,0.15432098765432098,-24.72494783950617
20359.99999967476,26,136,0.16049382716049382,-25.71394575308642
20369.99999967316,26,136,0.16049382716049382,-25.71394575308642
20379.99999967156,18,144,0.1111111111111111,-17.80196244444444
20389.99999966996,19,143,0.11728395061728394,-18.790960358024687
20399.99999966836,22,140,0.13580246913580246,-21.757954098765435
20409.999999666758,25,137,0.15432098765432098,-24.72494783950617
20419.999999665157,22,140,0.13580246913580246,-21.757954098765435
20429.999999663556,22,140,0.13580246913580246,-21.757954098765435
20439.999999661955,19,143,0.11728395061728394,-18.790960358024687
20449.999999660355,27,135,0.16666666666666666,-26.702943666666663
20459.999999658754,27,135,0.16666666666666666,-26.702943666666663
20469.999999657153,25,137,0.15432098765432098,-24.72494783950617
20479.999999655553,23,139,0.1419753086419753,-22.74695201234568
20489.99999965395,25,137,0.15432098765432098,-24.72494783950617
20499.99999965235,24,138,0.14814814814814814,-23.735949925925926
20509.99999965075,23,139,0.1419753086419753,-22.74695201234568
20519.99999964915,21,141,0.12962962962962962,-20.768956185185182
20529.99999964755,22,140,0.13580246913580246,-21.757954098765435
20539.99999964595,25,137,0.15432098765432098,-24.72494783950617
20549.999999644348,23,139,0.1419753086419753,-22.74695201234568
20559.999999642747,24,138,0.14814814814814814,-23.735949925925926
20569.999999641146,22,140,0.13580246913580246,-21.757954098765435
20579.999999639545,27,135,0.16666666666666666,-26.702943666666663
20589.999999637945,24,138,0.14814814814814814,-23.735949925925926
20599.999999636344,24,138,0.14814814814814814,-23.735949925925926
20609.999999634743,24,138,0.14814814814814814,-23.735949925925926
20619.999999633143,22,140,0.13580246913580246,-21.757954098765435
20629.999999631542,26,136,0.16049382716049382,-25.71394575308642
20639.99999962994,25,137,0.15432098765432098,-24.72494783950617
20649.99999962834,23,139,0.1419753086419753,-22.74695201234568
20659.99999962674,25,137,0.15432098765432098,-24.72494783950617
20669.99999962514,23,139,0.1419753086419753,-22.74695201234568
20679.99999962354,21,141,0.12962962962962962,-20.768956185185182
20689.999999621938,27,135,0.16666666666666666,-26.702943666666663
20699.999999620337,24,138,0.14814814814814814,-23.735949925925926
20709.999999618736,25,137,0.15432098765432098,-24.72494783950617
20719.999999617135,17,145,0.10493827160493827,-16.812964530864196
20729.999999615535,19,143,0.11728395061728394,-18.790960358024687
20739.999999613934,20,142,0.12345679012345678,-19.779958271604936
20749.999999612333,21,141,0.12962962962962962,-20.768956185185182
20759.999999610733,17,145,0.10493827160493827,-16.812964530864196
20769.999999609132,18,144,0.1111111111111111,-17.80196244444444
20779.99999960753,20,142,0.12345679012345678,-19.779958271604936
20789.99999960593,19,143,0.11728395061728394,-18.790960358024687
20799.99999960433,21,141,0.12962962962962962,-20.768956185185182
20809.99999960273,18,144,0.1111111111111111,-17.80196244444444
20819.99999960113,18,144,0.1111111111111111,-17.80196244444444
20829.999999599528,17,145,0.10493827160493827,-16.812964530864196
20839.999999597927,25,137,0.15432098765432098,-24.72494783950617
20849.999999596326,27,135,0.16666666666666666,-26.702943666666663
20859.999999594726,22,140,0.13580246913580246,-21.757954098765435
20869.999999593125,21,141,0.12962962962962962,-20.768956185185182
20879.999999591524,24,138,0.14814814814814814,-23.735949925925926
20889.999999589923,25,137,0.15432098765432098,-24.72494783950617
20899.999999588323,23,139,0.1419753086419753,-22.74695201234568
20909.999999586722,24,138,0.14814814814814814,-23.735949925925926
20919.99999958512,23,139,0.1419753086419753,-22.74695201234568
20929.99999958352,25,137,0.15432098765432098,-24.72494783950617
20939.99999958192,23,139,0.1419753086419753,-22.74695201234568
20949.99999958032,26,136,0.16049382716049382,-25.71394575308642
20959.99999957872,24,138,0.14814814814814814,-23.735949925925926
20969.999999577118,22,140,0.13580246913580246,-21.757954098765435
20979.999999575517,26,136,0.16049382716049382,-25.71394575308642
20989.999999573916,22,140,0.13580246913580246,-21.757954098765435
20999.999999572316,23,139,0.1419753086419753,-22.74695201234568
21009.999999570715,27,135,0.16666666666666666,-26.702943666666663
21019.999999569114,22,140,0.13580246913580246,-21.757954098765435
21029.999999567513,23,139,0.1419753086419753,-22.74695201234568
21039.999999565913,27,135,0.16666666666666666,-26.702943666666663
21049.999999564312,26,136,0.16049382716049382,-25.71394575308642
21059.99999956271,25,137,0.15432098765432098,-24.72494783950617
21069.99999956111,25,137,0.15432098765432098,-24.72494783950617
21079.99999955951,25,137,0.15432098765432098,-24.72494783950617
21089.99999955791,28,134,0.1728395061728395,-27.691941580246915
21099.99999955631,21,141,0.12962962962962962,-20.768956185185182
21109.999999554708,23,139,0.1419753086419753,-22.74695201234568
21119.999999553107,24,138,0.14814814814814814,-23.735949925925926
21129.999999551506,24,138,0.14814814814814814,-23.735949925925926
21139.999999549906,19,143,0.11728395061728394,-18.790960358024687
21149.999999548305,23,139,0.1419753086419753,-22.74695201234568
21159.999999546704,18,144,0.1111111111111111,-17.80196244444444
21169.999999545103,25,137,0.15432098765432098,-24.72494783950617
21179.999999543503,27,135,0.16666666666666666,-26.702943666666663
21189.999999541902,24,138,0.14814814814814814,-23.735949925925926
21199.9999995403,20,142,0.12345679012345678,-19.779958271604936
21209.9999995387,27,135,0.16666666666666666,-26.702943666666663
21219.9999995371,22,140,0.13580246913580246,-21.757954098765435
21229.9999995355,24,138,0.14814814814814814,-23.735949925925926
21239.9999995339,22,140,0.13580246913580246,-21.757954098765435
21249.999999532298,26,136,0.16049382716049382,-25.71394575308642
21259.999999530697,26,136,0.16049382716049382,-25.71394575308642
21269.999999529096,26,136,0.16049382716049382,-25.71394575308642
21279.999999527496,28,134,0.1728395061728395,-27.691941580246915
21289.999999525895,23,139,0.1419753086419753,-22.74695201234568
21299.999999524294,27,135,0.16666666666666666,-26.702943666666663
21309.999999522694,27,135,0.16666666666666666,-26.702943666666663
21319.999999521093,29,133,0.17901234567901234,-28.68093949382716
21329.999999519492,28,134,0.1728395061728395,-27.691941580246915
21339.99999951789,22,140,0.13580246913580246,-21.757954098765435
21349.99999951629,23,139,0.1419753086419753,-22.74695201234568
21359.99999951469,29,133,0.17901234567901234,-28.68093949382716
21369.99999951309,22,140,0.13580246913580246,-21.757954098765435
21379.99999951149,24,138,0.14814814814814814,-23.735949925925926
21389.999999509888,20,142,0.12345679012345678,-19.779958271604936
21399.999999508287,25,137,0.15432098765432098,-24.72494783950617
21409.999999506686,22,140,0.13580246913580246,-21.757954098765435
21419.999999505086,25,137,0.15432098765432098,-24.72494783950617
21429.999999503485,22,140,0.13580246913580246,-21.757954098765435
21439.999999501884,23,139,0.1419753086419753,-22.74695201234568
21449.999999500284,22,140,0.13580246913580246,-21.757954098765435
21459.999999498683,24,138,0.14814814814814814,-23.735949925925926
21469.999999497082,26,136,0.16049382716049382,-25.71394575308642
21479.99999949548,24,138,0.14814814814814814,-23.735949925925926
21489.99999949388,28,134,0.1728395061728395,-27.691941580246915
21499.99999949228,26,136,0.16049382716049382,-25.71394575308642
21509.99999949068,23,139,0.1419753086419753,-22.74695201234568
21519.99999948908,23,139,0.1419753086419753,-22.74695201234568
21529.999999487478,29,133,0.17901234567901234,-28.68093949382716
21539.999999485877,29,133,0.17901234567901234,-28.68093949382716
21549.999999484276,26,136,0.16049382716049382,-25.71394575308642
21559.999999482676,27,135,0.16666666666666666,-26.702943666666663
21569.999999481075,25,137,0.15432098765432098,-24.72494783950617
21579.999999479474,28,134,0.1728395061728395,-27.691941580246915
21589.999999477874,26,136,0.16049382716049382,-25.71394575308642
21599.999999476273,21,141,0.12962962962962962,-20.768956185185182
21609.999999474672,24,138,0.14814814814814814,-23.735949925925926
21619.99999947307,26,136,0.16049382716049382,-25.71394575308642
21629.99999947147,22,140,0.13580246913580246,-21.757954098765435
21639.99999946987,24,138,0.14814814814814814,-23.735949925925926
21649.99999946827,26,136,0.16049382716049382,-25.71394575308642
21659.99999946667,20,142,0.12345679012345678,-19.779958271604936
21669.999999465068,20,142,0.12345679012345678,-19.779958271604936
21679.999999463467,21,141,0.12962962962962962,-20.768956185185182
21689.999999461867,18,144,0.1111111111111111,-17.80196244444444
21699.999999460266,18,144,0.1111111111111111,-17.80196244444444
21709.999999458665,21,141,0.12962962962962962,-20.768956185185182
21719.999999457064,20,142,0.12345679012345678,-19.779958271604936
21729.999999455464,21,141,0.12962962962962962,-20.768956185185182
21739.999999453863,23,139,0.1419753086419753,-22.74695201234568
21749.999999452262,22,140,0.13580246913580246,-21.757954098765435
21759.99999945066,18,144,0.1111111111111111,-17.80196244444444
21769.99999944906,19,143,0.11728395061728394,-18.790960358024687
21779.99999944746,22,140,0.13580246913580246,-21.757954098765435
21789.99999944586,24,138,0.14814814814814814,-23.735949925925926
21799.99999944426,21,141,0.12962962962962962,-20.768956185185182
21809.999999442658,25,137,0.15432098765432098,-24.72494783950617
21819.999999441057,25,137,0.15432098765432098,-24.72494783950617
21829.999999439457,23,139,0.1419753086419753,-22.74695201234568
21839.999999437856,21,141,0.12962962962962962,-20.768956185185182
21849.999999436255,22,140,0.13580246913580246,-21.757954098765435
21859.999999434654,25,137,0.15432098765432098,-24.72494783950617
21869.999999433054,24,138,0.14814814814814814,-23.735949925925926
21879.999999431453,22,140,0.13580246913580246,-21.757954098765435
21889.999999429852,25,137,0.15432098765432098,-24.72494783950617
21899.99999942825,23,139,0.1419753086419753,-22.74695201234568
21909.99999942665,24,138,0.14814814814814814,-23.735949925925926
21919.99999942505,28,134,0.1728395061728395,-27.691941580246915
21929.99999942345,22,140,0.13580246913580246,-21.757954098765435
21939.99999942185,24,138,0.14814814814814814,-23.735949925925926
21949.999999420248,24,138,0.14814814814814814,-23.735949925925926
21959.999999418647,26,136,0.16049382716049382,-25.71394575308642
21969.999999417047,25,137,0.15432098765432098,-24.72494783950617
21979.999999415446,22,140,0.13580246913580246,-21.757954098765435
21989.999999413845,26,136,0.16049382716049382,-25.71394575308642
21999.999999412245,22,140,0.13580246913580246,-21.757954098765435
22009.999999410644,22,140,0.13580246913580246,-21.757954098765435
22019.999999409043,29,133,0.17901234567901234,-28.68093949382716
22029.999999407442,23,139,0.1419753086419753,-22.74695201234568
22039.99999940584,20,142,0.12345679012345678,-19.779958271604936
22049.99999940424,24,138,0.14814814814814814,-23.735949925925926
22059.99999940264,27,135,0.16666666666666666,-26.702943666666663
22069.99999940104,28,134,0.1728395061728395,-27.691941580246915
22079.99999939944,27,135,0.16666666666666666,-26.702943666666663
22089.999999397838,24,138,0.14814814814814814,-23.735949925925926
22099.999999396237,27,135,0.16666666666666666,-26.702943666666663
22109.999999394637,25,137,0.15432098765432098,-24.72494783950617
22119.999999393036,23,139,0.1419753086419753,-22.74695201234568
22129.999999391435,23,139,0.1419753086419753,-22.74695201234568
22139.999999389835,25,137,0.15432098765432098,-24.72494783950617
22149.999999388234,23,139,0.1419753086419753,-22.74695201234568
22159.999999386633,26,136,0.16049382716049382,-25.71394575308642
22169.999999385032,23,139,0.1419753086419753,-22.74695201234568
22179.99999938343,26,136,0.16049382716049382,-25.71394575308642
22189.99999938183,21,141,0.12962962962962962,-20.768956185185182
22199.99999938023,21,141,0.12962962962962962,-20.768956185185182
22209.99999937863,22,140,0.13580246913580246,-21.757954098765435
22219.99999937703,25,137,0.15432098765432098,-24.72494783950617
22229.999999375428,24,138,0.14814814814814814,-23.735949925925926
22239.999999373827,25,137,0.15432098765432098,-24.72494783950617
22249.999999372227,20,142,0.12345679012345678,-19.779958271604936
22259.999999370626,20,142,0.12345679012345678,-19.779958271604936
22269.999999369025,22,140,0.13580246913580246,-21.757954098765435
22279.999999367425,23,139,0.1419753086419753,-22.74695201234568
22289.999999365824,24,138,0.14814814814814814,-23.735949925925926
22299.999999364223,27,135,0.16666666666666666,-26.702943666666663
22309.999999362622,23,139,0.1419753086419753,-22.74695201234568
22319.99999936102,22,140,0.13580246913580246,-21.757954098765435
22329.99999935942,23,139,0.1419753086419753,-22.74695201234568
22339.99999935782,23,139,0.1419753086419753,-22.74695201234568
22349.99999935622,27,135,0.16666666666666666,-26.702943666666663
22359.99999935462,24,138,0.14814814814814814,-23.735949925925926
22369.99999935302,20,142,0.12345679012345678,-19.779958271604936
22379.999999351418,20,142,0.12345679012345678,-19.779958271604936
22389.999999349817,21,141,0.12962962962962962,-20.768956185185182
22399.999999348216,20,142,0.12345679012345678,-19.779958271604936
22409.999999346615,24,138,0.14814814814814814,-23.735949925925926
22419.999999345015,24,138,0.14814814814814814,-23.735949925925926
22429.999999343414,20,142,0.12345679012345678,-19.779958271604936
22439.999999341813,19,143,0.11728395061728394,-18.790960358024687
22449.999999340213,25,137,0.15432098765432098,-24.72494783950617
22459.99999933861,22,140,0.13580246913580246,-21.757954098765435
22469.99999933701,23,139,0.1419753086419753,-22.74695201234568
22479.99999933541,26,136,0.16049382716049382,-25.71394575308642
22489.99999933381,24,138,0.14814814814814814,-23.735949925925926
22499.99999933221,24,138,0.14814814814814814,-23.735949925925926
22509.99999933061,22,140,0.13580246913580246,-21.757954098765435
22519.999999329008,25,137,0.15432098765432098,-24.72494783950617
22529.999999327407,23,139,0.1419753086419753,-22.74695201234568
22539.999999325806,29,133,0.17901234567901234,-28.68093949382716
22549.999999324205,25,137,0.15432098765432098,-24.72494783950617
22559.999999322605,22,140,0.13580246913580246,-21.757954098765435
22569.999999321004,26,136,0.16049382716049382,-25.71394575308642
22579.999999319403,19,143,0.11728395061728394,-18.790960358024687
22589.999999317803,25,137,0.15432098765432098,-24.72494783950617
22599.999999316202,24,138,0.14814814814814814,-23.735949925925926
22609.9999993146,23,139,0.1419753086419753,-22.74695201234568
22619.999999313,25,137,0.15432098765432098,-24.72494783950617
22629.9999993114,23,139,0.1419753086419753,-22.74695201234568
22639.9999993098,20,142,0.12345679012345678,-19.779958271604936
22649.9999993082,23,139,0.1419753086419753,-22.74695201234568
22659.999999306598,27,135,0.16666666666666666,-26.702943666666663
22669.999999304997,22,140,0.13580246913580246,-21.757954098765435
22679.999999303396,24,138,0.14814814814814814,-23.735949925925926
22689.999999301795,27,135,0.16666666666666666,-26.702943666666663
22699.999999300195,20,142,0.12345679012345678,-19.779958271604936
22709.999999298594,21,141,0.12962962962962962,-20.768956185185182
22719.999999296993,24,138,0.14814814814814814,-23.735949925925926
22729.999999295393,23,139,0.1419753086419753,-22.74695201234568
22739.999999293792,22,140,0.13580246913580246,-21.757954098765435
22749.99999929219,21,141,0.12962962962962962,-20.768956185185182
22759.99999929059,21,141,0.12962962962962962,-20.768956185185182
22769.99999928899,19,143,0.11728395061728394,-18.790960358024687
22779.99999928739,19,143,0.11728395061728394,-18.790960358024687
22789.99999928579,23,139,0.1419753086419753,-22.74695201234568
22799.999999284188,22,140,0.13580246913580246,-21.757954098765435
22809.999999282587,19,143,0.11728395061728394,-18.790960358024687
22819.999999280986,22,140,0.13580246913580246,-21.757954098765435
22829.999999279386,19,143,0.11728395061728394,-18.790960358024687
22839.999999277785,20,142,0.12345679012345678,-19.779958271604936
22849.999999276184,17,145,0.10493827160493827,-16.812964530864196
22859.999999274583,21,141,0.12962962962962962,-20.768956185185182
22869.999999272983,22,140,0.13580246913580246,-21.757954098765435
22879.999999271382,21,141,0.12962962962962962,-20.768956185185182
22889.99999926978,24,138,0.14814814814814814,-23.735949925925926
22899.99999926818,19,143,0.11728395061728394,-18.790960358024687
22909.99999926658,24,138,0.14814814814814814,-23.735949925925926
22919.99999926498,22,140,0.13580246913580246,-21.757954098765435
22929.99999926338,23,139,0.1419753086419753,-22.74695201234568
22939.999999261778,26,136,0.16049382716049382,-25.71394575308642
22949.999999260177,27,135,0.16666666666666666,-26.702943666666663
22959.999999258576,26,136,0.16049382716049382,-25.71394575308642
22969.999999256976,26,136,0.16049382716049382,-25.71394575308642
22979.999999255375,26,136,0.16049382716049382,-25.71394575308642
22989.999999253774,29,133,0.17901234567901234,-28.68093949382716
22999.999999252173,30,132,0.18518518518518517,-29.669937407407406
23009.999999250573,25,137,0.15432098765432098,-24.72494783950617
23019.999999248972,26,136,0.16049382716049382,-25.71394575308642
23029.99999924737,28,134,0.1728395061728395,-27.691941580246915
23039.99999924577,27,135,0.16666666666666666,-26.702943666666663
23049.99999924417,24,138,0.14814814814814814,-23.735949925925926
23059.99999924257,25,137,0.15432098765432098,-24.72494783950617
23069.99999924097,25,137,0.15432098765432098,-24.72494783950617
23079.999999239368,23,139,0.1419753086419753,-22.74695201234568
23089.999999237767,24,138,0.14814814814814814,-23.735949925925926
23099.999999236166,26,136,0.16049382716049382,-25.71394575308642
23109.999999234566,24,138,0.14814814814814814,-23.735949925925926
23119.999999232965,32,130,0.19753086419753085,-31.647933234567898
23129.999999231364,25,137,0.15432098765432098,-24.72494783950617
23139.999999229763,27,135,0.16666666666666666,-26.702943666666663
23149.999999228163,26,136,0.16049382716049382,-25.71394575308642
23159.999999226562,27,135,0.16666666666666666,-26.702943666666663
23169.99999922496,27,135,0.16666666666666666,-26.702943666666663
23179.99999922336,28,134,0.1728395061728395,-27.691941580246915
23189.99999922176,22,140,0.13580246913580246,-21.757954098765435
23199.99999922016,24,138,0.14814814814814814,-23.735949925925926
23209.99999921856,21,141,0.12962962962962962,-20.768956185185182
23219.999999216958,20,142,0.12345679012345678,-19.779958271604936
23229.999999215357,24,138,0.14814814814814814,-23.735949925925926
23239.999999213756,24,138,0.14814814814814814,-23.735949925925926
23249.999999212156,26,136,0.16049382716049382,-25.71394575308642
23259.999999210555,23,139,0.1419753086419753,-22.74695201234568
23269.999999208954,23,139,0.1419753086419753,-22.74695201234568
23279.999999207354,25,137,0.15432098765432098,-24.72494783950617
23289.999999205753,22,140,0.13580246913580246,-21.757954098765435
23299.999999204152,21,141,0.12962962962962962,-20.768956185185182
23309.99999920255,23,139,0.1419753086419753,-22.74695201234568
23319.99999920095,25,137,0.15432098765432098,-24.72494783950617
23329.99999919935,29,133,0.17901234567901234,-28.68093949382716
23339.99999919775,26,136,0.16049382716049382,-25.71394575308642
23349.99999919615,22,140,0.13580246913580246,-21.757954098765435
23359.999999194548,22,140,0.13580246913580246,-21.757954098765435
23369.999999192947,23,139,0.1419753086419753,-22.74695201234568
23379.999999191346,25,137,0.15432098765432098,-24.72494783950617
23389.999999189746,24,138,0.14814814814814814,-23.735949925925926
23399.999999188145,25,137,0.15432098765432098,-24.72494783950617
23409.999999186544,21,141,0.12962962962962962,-20.768956185185182
23419.999999184944,25,137,0.15432098765432098,-24.72494783950617
23429.999999183343,24,138,0.14814814814814814,-23.735949925925926
23439.999999181742,24,138,0.14814814814814814,-23.735949925925926
23449.99999918014,25,137,0.15432098765432098,-24.72494783950617
23459.99999917854,20,142,0.12345679012345678,-19.779958271604936
23469.99999917694,24,138,0.14814814814814814,-23.735949925925926
23479.99999917534,24,138,0.14814814814814814,-23.735949925925926
23489.99999917374,20,142,0.12345679012345678,-19.779958271604936
23499.999999172138,27,135,0.16666666666666666,-26.702943666666663
23509.999999170537,24,138,0.14814814814814814,-23.735949925925926
23519.999999168936,27,135,0.16666666666666666,-26.702943666666663
23529.999999167336,21,141,0.12962962962962962,-20.768956185185182
23539.999999165735,23,139,0.1419753086419753,-22.74695201234568
23549.999999164134,24,138,0.14814814814814814,-23.735949925925926
23559.999999162534,21,141,0.12962962962962962,-20.768956185185182
23569.999999160933,20,142,0.12345679012345678,-19.779958271604936
23579.999999159332,19,143,0.11728395061728394,-18.790960358024687
23589.99999915773,18,144,0.1111111111111111,-17.80196244444444
23599.99999915613,23,139,0.1419753086419753,-22.74695201234568
23609.99999915453,24,138,0.14814814814814814,-23.735949925925926
23619.99999915293,26,136,0.16049382716049382,-25.71394575308642
23629.99999915133,25,137,0.15432098765432098,-24.72494783950617
23639.999999149728,25,137,0.15432098765432098,-24.72494783950617
23649.999999148127,28,134,0.1728395061728395,-27.691941580246915
23659.999999146527,23,139,0.1419753086419753,-22.74695201234568
23669.999999144926,26,136,0.16049382716049382,-25.71394575308642
23679.999999143325,18,144,0.1111111111111111,-17.80196244444444
23689.999999141724,23,139,0.1419753086419753,-22.74695201234568
23699.999999140124,18,144,0.1111111111111111,-17.80196244444444
23709.999999138523,21,141,0.12962962962962962,-20.768956185185182
23719.999999136922,26,136,0.16049382716049382,-25.71394575308642
23729.99999913532,24,138,0.14814814814814814,-23.735949925925926
23739.99999913372,21,141,0.12962962962962962,-20.768956185185182
23749.99999913212,25,137,0.15432098765432098,-24.72494783950617
23759.99999913052,26,136,0.16049382716049382,-25.71394575308642
23769.99999912892,31,131,0.19135802469135801,-30.658935320987652
23779.999999127318,27,135,0.16666666666666666,-26.702943666666663
23789.999999125717,27,135,0.16666666666666666,-26.702943666666663
23799.999999124117,25,137,0.15432098765432098,-24.72494783950617
23809.999999122516,25,137,0.15432098765432098,-24.72494783950617
23819.999999120915,24,138,0.14814814814814814,-23.735949925925926
23829.999999119314,23,139,0.1419753086419753,-22.74695201234568
23839.999999117714,22,140,0.13580246913580246,-21.757954098765435
23849.999999116113,20,142,0.12345679012345678,-19.779958271604936
23859.999999114512,19,143,0.11728395061728394,-18.790960358024687
23869.99999911291,23,139,0.1419753086419753,-22.74695201234568
23879.99999911131,21,141,0.12962962962962962,-20.768956185185182
23889.99999910971,22,140,0.13580246913580246,-21.757954098765435
23899.99999910811,25,137,0.15432098765432098,-24.72494783950617
23909.99999910651,22,140,0.13580246913580246,-21.757954098765435
23919.999999104908,26,136,0.16049382716049382,-25.71394575308642
23929.999999103307,23,139,0.1419753086419753,-22.74695201234568
23939.999999101707,22,140,0.13580246913580246,-21.757954098765435
23949.999999100106,27,135,0.16666666666666666,-26.702943666666663
23959.999999098505,26,136,0.16049382716049382,-25.71394575308642
23969.999999096905,32,130,0.19753086419753085,-31.647933234567898
23979.999999095304,28,134,0.1728395061728395,-27.691941580246915
23989.999999093703,26,136,0.16049382716049382,-25.71394575308642
23999.999999092102,28,134,0.1728395061728395,-27.691941580246915
24009.9999990905,24,138,0.14814814814814814,-23.735949925925926
24019.9999990889,24,138,0.14814814814814814,-23.735949925925926
24029.9999990873,27,135,0.16666666666666666,-26.702943666666663
24039.9999990857,24,138,0.14814814814814814,-23.735949925925926
24049.9999990841,25,137,0.15432098765432098,-24.72494783950617
24059.999999082498,23,139,0.1419753086419753,-22.74695201234568
24069.999999080897,22,140,0.13580246913580246,-21.757954098765435
24079.999999079297,22,140,0.13580246913580246,-21.757954098765435
24089.999999077696,21,141,0.12962962962962962,-20.768956185185182
24099.999999076095,22,140,0.13580246913580246,-21.757954098765435
24109.999999074495,25,137,0.15432098765432098,-24.72494783950617
24119.999999072894,25,137,0.15432098765432098,-24.72494783950617
24129.999999071293,27,135,0.16666666666666666,-26.702943666666663
