time,number_A,number_HA,alpha,surf_ch_dens
140.00000000001765,102,60,0.6296296296296297,-100.87778718518518
150.00000000000855,70,92,0.43209876543209874,-69.22985395061728
159.99999999999946,49,113,0.30246913580246915,-48.4608977654321
169.99999999999037,37,125,0.22839506172839505,-36.59292280246914
179.99999999998127,34,128,0.20987654320987653,-33.62592906172839
189.99999999997218,30,132,0.18518518518518517,-29.669937407407406
199.99999999996308,23,139,0.1419753086419753,-22.74695201234568
209.99999999995399,21,141,0.12962962962962962,-20.768956185185182
219.9999999999449,23,139,0.1419753086419753,-22.74695201234568
229.9999999999358,20,142,0.12345679012345678,-19.779958271604936
239.9999999999267,25,137,0.15432098765432098,-24.72494783950617
249.9999999999176,20,142,0.12345679012345678,-19.779958271604936
259.99999999990854,24,138,0.14814814814814814,-23.735949925925926
269.99999999989944,19,143,0.11728395061728394,-18.790960358024687
279.99999999989035,19,143,0.11728395061728394,-18.790960358024687
289.99999999988125,22,140,0.13580246913580246,-21.757954098765435
299.99999999987216,24,138,0.14814814814814814,-23.735949925925926
309.99999999986306,25,137,0.15432098765432098,-24.72494783950617
319.99999999985397,26,136,0.16049382716049382,-25.71394575308642
329.9999999998449,25,137,0.15432098765432098,-24.72494783950617
339.9999999998358,26,136,0.16049382716049382,-25.71394575308642
349.9999999998267,23,139,0.1419753086419753,-22.74695201234568
359.9999999998176,26,136,0.16049382716049382,-25.71394575308642
369.9999999998085,25,137,0.15432098765432098,-24.72494783950617
379.9999999997994,24,138,0.14814814814814814,-23.735949925925926
389.9999999997903,23,139,0.1419753086419753,-22.74695201234568
399.9999999997812,27,135,0.16666666666666666,-26.702943666666663
409.9999999997721,23,139,0.1419753086419753,-22.74695201234568
419.999999999763,22,140,0.13580246913580246,-21.757954098765435
429.9999999997539,22,140,0.13580246913580246,-21.757954098765435
439.99999999974483,23,139,0.1419753086419753,-22.74695201234568
449.99999999973573,22,140,0.13580246913580246,-21.757954098765435
459.99999999972664,22,140,0.13580246913580246,-21.757954098765435
469.99999999971755,19,143,0.11728395061728394,-18.790960358024687
479.99999999970845,20,142,0.12345679012345678,-19.779958271604936
489.99999999969936,20,142,0.12345679012345678,-19.779958271604936
499.99999999969026,21,141,0.12962962962962962,-20.768956185185182
509.99999999968117,25,137,0.15432098765432098,-24.72494783950617
519.9999999996721,20,142,0.12345679012345678,-19.779958271604936
529.999999999663,22,140,0.13580246913580246,-21.757954098765435
539.9999999996539,19,143,0.11728395061728394,-18.790960358024687
549.9999999996448,17,145,0.10493827160493827,-16.812964530864196
559.9999999996357,19,143,0.11728395061728394,-18.790960358024687
569.9999999996267,22,140,0.13580246913580246,-21.757954098765435
579.9999999996176,23,139,0.1419753086419753,-22.74695201234568
589.9999999996085,22,140,0.13580246913580246,-21.757954098765435
599.9999999995994,21,141,0.12962962962962962,-20.768956185185182
609.9999999995903,21,141,0.12962962962962962,-20.768956185185182
619.9999999995812,19,143,0.11728395061728394,-18.790960358024687
629.9999999995721,15,147,0.09259259259259259,-14.834968703703703
639.999999999563,18,144,0.1111111111111111,-17.80196244444444
649.9999999995539,21,141,0.12962962962962962,-20.768956185185182
659.9999999995448,20,142,0.12345679012345678,-19.779958271604936
669.9999999995357,24,138,0.14814814814814814,-23.735949925925926
679.9999999995266,21,141,0.12962962962962962,-20.768956185185182
689.9999999995175,20,142,0.12345679012345678,-19.779958271604936
699.9999999995084,20,142,0.12345679012345678,-19.779958271604936
709.9999999994993,23,139,0.1419753086419753,-22.74695201234568
719.9999999994902,22,140,0.13580246913580246,-21.757954098765435
729.9999999994811,17,145,0.10493827160493827,-16.812964530864196
739.999999999472,17,145,0.10493827160493827,-16.812964530864196
749.999999999463,18,144,0.1111111111111111,-17.80196244444444
759.9999999994538,18,144,0.1111111111111111,-17.80196244444444
769.9999999994448,13,149,0.08024691358024691,-12.85697287654321
779.9999999994357,17,145,0.10493827160493827,-16.812964530864196
789.9999999994266,19,143,0.11728395061728394,-18.790960358024687
799.9999999994175,19,143,0.11728395061728394,-18.790960358024687
809.9999999994084,19,143,0.11728395061728394,-18.790960358024687
819.9999999993993,16,146,0.09876543209876543,-15.823966617283949
829.9999999993902,23,139,0.1419753086419753,-22.74695201234568
839.9999999993811,22,140,0.13580246913580246,-21.757954098765435
849.999999999372,23,139,0.1419753086419753,-22.74695201234568
859.9999999993629,22,140,0.13580246913580246,-21.757954098765435
869.9999999993538,22,140,0.13580246913580246,-21.757954098765435
879.9999999993447,23,139,0.1419753086419753,-22.74695201234568
889.9999999993356,24,138,0.14814814814814814,-23.735949925925926
899.9999999993265,20,142,0.12345679012345678,-19.779958271604936
909.9999999993174,23,139,0.1419753086419753,-22.74695201234568
919.9999999993083,23,139,0.1419753086419753,-22.74695201234568
929.9999999992992,21,141,0.12962962962962962,-20.768956185185182
939.9999999992901,17,145,0.10493827160493827,-16.812964530864196
949.999999999281,15,147,0.09259259259259259,-14.834968703703703
959.999999999272,15,147,0.09259259259259259,-14.834968703703703
969.9999999992629,15,147,0.09259259259259259,-14.834968703703703
979.9999999992538,19,143,0.11728395061728394,-18.790960358024687
989.9999999992447,18,144,0.1111111111111111,-17.80196244444444
999.9999999992356,19,143,0.11728395061728394,-18.790960358024687
1009.9999999992265,20,142,0.12345679012345678,-19.779958271604936
1019.9999999992174,23,139,0.1419753086419753,-22.74695201234568
1029.9999999992083,16,146,0.09876543209876543,-15.823966617283949
1039.9999999991992,22,140,0.13580246913580246,-21.757954098765435
1049.99999999919,17,145,0.10493827160493827,-16.812964530864196
1059.999999999181,13,149,0.08024691358024691,-12.85697287654321
1069.999999999172,18,144,0.1111111111111111,-17.80196244444444
1079.9999999991628,19,143,0.11728395061728394,-18.790960358024687
1089.9999999991537,17,145,0.10493827160493827,-16.812964530864196
1099.9999999991446,22,140,0.13580246913580246,-21.757954098765435
1109.9999999991355,22,140,0.13580246913580246,-21.757954098765435
1119.9999999991264,21,141,0.12962962962962962,-20.768956185185182
1129.9999999991173,20,142,0.12345679012345678,-19.779958271604936
1139.9999999991082,19,143,0.11728395061728394,-18.790960358024687
1149.9999999990991,19,143,0.11728395061728394,-18.790960358024687
1159.99999999909,19,143,0.11728395061728394,-18.790960358024687
1169.999999999081,15,147,0.09259259259259259,-14.834968703703703
1179.9999999990719,16,146,0.09876543209876543,-15.823966617283949
1189.9999999990628,16,146,0.09876543209876543,-15.823966617283949
1199.9999999990537,16,146,0.09876543209876543,-15.823966617283949
1209.9999999990446,12,150,0.07407407407407407,-11.867974962962963
1219.9999999990355,16,146,0.09876543209876543,-15.823966617283949
1229.9999999990264,21,141,0.12962962962962962,-20.768956185185182
1239.9999999990173,19,143,0.11728395061728394,-18.790960358024687
1249.9999999990082,21,141,0.12962962962962962,-20.768956185185182
1259.999999998999,17,145,0.10493827160493827,-16.812964530864196
1269.99999999899,21,141,0.12962962962962962,-20.768956185185182
1279.999999998981,15,147,0.09259259259259259,-14.834968703703703
1289.9999999989718,13,149,0.08024691358024691,-12.85697287654321
1299.9999999989627,14,148,0.08641975308641975,-13.845970790123458
1309.9999999989536,13,149,0.08024691358024691,-12.85697287654321
1319.9999999989445,16,146,0.09876543209876543,-15.823966617283949
1329.9999999989354,17,145,0.10493827160493827,-16.812964530864196
1339.9999999989263,17,145,0.10493827160493827,-16.812964530864196
1349.9999999989172,14,148,0.08641975308641975,-13.845970790123458
1359.9999999989082,15,147,0.09259259259259259,-14.834968703703703
1369.999999998899,21,141,0.12962962962962962,-20.768956185185182
1379.99999999889,17,145,0.10493827160493827,-16.812964530864196
1389.9999999988809,20,142,0.12345679012345678,-19.779958271604936
1399.9999999988718,16,146,0.09876543209876543,-15.823966617283949
1409.9999999988627,23,139,0.1419753086419753,-22.74695201234568
1419.9999999988536,21,141,0.12962962962962962,-20.768956185185182
1429.9999999988445,17,145,0.10493827160493827,-16.812964530864196
1439.9999999988354,19,143,0.11728395061728394,-18.790960358024687
1449.9999999988263,17,145,0.10493827160493827,-16.812964530864196
1459.9999999988172,14,148,0.08641975308641975,-13.845970790123458
1469.999999998808,20,142,0.12345679012345678,-19.779958271604936
1479.999999998799,19,143,0.11728395061728394,-18.790960358024687
1489.99999999879,20,142,0.12345679012345678,-19.779958271604936
1499.9999999987808,15,147,0.09259259259259259,-14.834968703703703
1509.9999999987717,14,148,0.08641975308641975,-13.845970790123458
1519.9999999987626,14,148,0.08641975308641975,-13.845970790123458
1529.9999999987535,14,148,0.08641975308641975,-13.845970790123458
1539.9999999987444,12,150,0.07407407407407407,-11.867974962962963
1549.9999999987353,11,151,0.06790123456790123,-10.878977049382717
1559.9999999987263,12,150,0.07407407407407407,-11.867974962962963
1569.9999999987172,14,148,0.08641975308641975,-13.845970790123458
1579.999999998708,14,148,0.08641975308641975,-13.845970790123458
1589.999999998699,17,145,0.10493827160493827,-16.812964530864196
1599.9999999986899,17,145,0.10493827160493827,-16.812964530864196
1609.9999999986808,14,148,0.08641975308641975,-13.845970790123458
1619.9999999986717,16,146,0.09876543209876543,-15.823966617283949
1629.9999999986626,18,144,0.1111111111111111,-17.80196244444444
1639.9999999986535,15,147,0.09259259259259259,-14.834968703703703
1649.9999999986444,16,146,0.09876543209876543,-15.823966617283949
1659.9999999986353,17,145,0.10493827160493827,-16.812964530864196
1669.9999999986262,21,141,0.12962962962962962,-20.768956185185182
1679.999999998617,20,142,0.12345679012345678,-19.779958271604936
1689.999999998608,19,143,0.11728395061728394,-18.790960358024687
1699.999999998599,21,141,0.12962962962962962,-20.768956185185182
1709.9999999985898,18,144,0.1111111111111111,-17.80196244444444
1719.9999999985807,14,148,0.08641975308641975,-13.845970790123458
1729.9999999985716,17,145,0.10493827160493827,-16.812964530864196
1739.9999999985625,18,144,0.1111111111111111,-17.80196244444444
1749.9999999985534,19,143,0.11728395061728394,-18.790960358024687
1759.9999999985444,19,143,0.11728395061728394,-18.790960358024687
1769.9999999985353,16,146,0.09876543209876543,-15.823966617283949
1779.9999999985262,16,146,0.09876543209876543,-15.823966617283949
1789.999999998517,17,145,0.10493827160493827,-16.812964530864196
1799.999999998508,19,143,0.11728395061728394,-18.790960358024687
1809.9999999984989,16,146,0.09876543209876543,-15.823966617283949
1819.9999999984898,16,146,0.09876543209876543,-15.823966617283949
1829.9999999984807,18,144,0.1111111111111111,-17.80196244444444
1839.9999999984716,18,144,0.1111111111111111,-17.80196244444444
1849.9999999984625,15,147,0.09259259259259259,-14.834968703703703
1859.9999999984534,19,143,0.11728395061728394,-18.790960358024687
1869.9999999984443,16,146,0.09876543209876543,-15.823966617283949
1879.9999999984352,17,145,0.10493827160493827,-16.812964530864196
1889.9999999984261,16,146,0.09876543209876543,-15.823966617283949
1899.999999998417,13,149,0.08024691358024691,-12.85697287654321
1909.999999998408,18,144,0.1111111111111111,-17.80196244444444
1919.9999999983988,15,147,0.09259259259259259,-14.834968703703703
1929.9999999983897,15,147,0.09259259259259259,-14.834968703703703
1939.9999999983806,13,149,0.08024691358024691,-12.85697287654321
1949.9999999983715,14,148,0.08641975308641975,-13.845970790123458
1959.9999999983625,13,149,0.08024691358024691,-12.85697287654321
1969.9999999983534,19,143,0.11728395061728394,-18.790960358024687
1979.9999999983443,15,147,0.09259259259259259,-14.834968703703703
1989.9999999983352,17,145,0.10493827160493827,-16.812964530864196
1999.999999998326,15,147,0.09259259259259259,-14.834968703703703
2009.999999998317,14,148,0.08641975308641975,-13.845970790123458
2019.9999999983079,16,146,0.09876543209876543,-15.823966617283949
2029.9999999982988,10,152,0.06172839506172839,-9.889979135802468
2039.9999999982897,11,151,0.06790123456790123,-10.878977049382717
2049.999999998326,14,148,0.08641975308641975,-13.845970790123458
2059.9999999985444,14,148,0.08641975308641975,-13.845970790123458
2069.9999999987626,13,149,0.08024691358024691,-12.85697287654321
2079.999999998981,17,145,0.10493827160493827,-16.812964530864196
2089.999999999199,14,148,0.08641975308641975,-13.845970790123458
2099.9999999994175,15,147,0.09259259259259259,-14.834968703703703
2109.9999999996357,14,148,0.08641975308641975,-13.845970790123458
2119.999999999854,17,145,0.10493827160493827,-16.812964530864196
2130.0000000000723,14,148,0.08641975308641975,-13.845970790123458
2140.0000000002906,13,149,0.08024691358024691,-12.85697287654321
2150.000000000509,14,148,0.08641975308641975,-13.845970790123458
2160.000000000727,9,153,0.05555555555555555,-8.90098122222222
2170.0000000009454,12,150,0.07407407407407407,-11.867974962962963
2180.0000000011637,16,146,0.09876543209876543,-15.823966617283949
2190.000000001382,17,145,0.10493827160493827,-16.812964530864196
2200.0000000016003,15,147,0.09259259259259259,-14.834968703703703
2210.0000000018185,11,151,0.06790123456790123,-10.878977049382717
2220.000000002037,14,148,0.08641975308641975,-13.845970790123458
2230.000000002255,17,145,0.10493827160493827,-16.812964530864196
2240.0000000024734,14,148,0.08641975308641975,-13.845970790123458
2250.0000000026916,10,152,0.06172839506172839,-9.889979135802468
2260.00000000291,15,147,0.09259259259259259,-14.834968703703703
2270.000000003128,12,150,0.07407407407407407,-11.867974962962963
2280.0000000033465,14,148,0.08641975308641975,-13.845970790123458
2290.0000000035648,15,147,0.09259259259259259,-14.834968703703703
2300.000000003783,17,145,0.10493827160493827,-16.812964530864196
2310.0000000040013,17,145,0.10493827160493827,-16.812964530864196
2320.0000000042196,17,145,0.10493827160493827,-16.812964530864196
2330.000000004438,16,146,0.09876543209876543,-15.823966617283949
2340.000000004656,17,145,0.10493827160493827,-16.812964530864196
2350.0000000048744,20,142,0.12345679012345678,-19.779958271604936
2360.0000000050927,17,145,0.10493827160493827,-16.812964530864196
2370.000000005311,18,144,0.1111111111111111,-17.80196244444444
2380.0000000055293,18,144,0.1111111111111111,-17.80196244444444
2390.0000000057476,17,145,0.10493827160493827,-16.812964530864196
2400.000000005966,15,147,0.09259259259259259,-14.834968703703703
2410.000000006184,16,146,0.09876543209876543,-15.823966617283949
2420.0000000064024,19,143,0.11728395061728394,-18.790960358024687
2430.0000000066207,19,143,0.11728395061728394,-18.790960358024687
2440.000000006839,18,144,0.1111111111111111,-17.80196244444444
2450.000000007057,14,148,0.08641975308641975,-13.845970790123458
2460.0000000072755,18,144,0.1111111111111111,-17.80196244444444
2470.000000007494,20,142,0.12345679012345678,-19.779958271604936
2480.000000007712,12,150,0.07407407407407407,-11.867974962962963
2490.0000000079303,14,148,0.08641975308641975,-13.845970790123458
2500.0000000081486,15,147,0.09259259259259259,-14.834968703703703
2510.000000008367,16,146,0.09876543209876543,-15.823966617283949
2520.000000008585,16,146,0.09876543209876543,-15.823966617283949
2530.0000000088035,17,145,0.10493827160493827,-16.812964530864196
2540.0000000090217,13,149,0.08024691358024691,-12.85697287654321
2550.00000000924,15,147,0.09259259259259259,-14.834968703703703
2560.0000000094583,16,146,0.09876543209876543,-15.823966617283949
2570.0000000096766,17,145,0.10493827160493827,-16.812964530864196
2580.000000009895,18,144,0.1111111111111111,-17.80196244444444
2590.000000010113,15,147,0.09259259259259259,-14.834968703703703
2600.0000000103314,17,145,0.10493827160493827,-16.812964530864196
2610.0000000105497,16,146,0.09876543209876543,-15.823966617283949
2620.000000010768,13,149,0.08024691358024691,-12.85697287654321
2630.0000000109862,13,149,0.08024691358024691,-12.85697287654321
2640.0000000112045,15,147,0.09259259259259259,-14.834968703703703
2650.000000011423,14,148,0.08641975308641975,-13.845970790123458
2660.000000011641,17,145,0.10493827160493827,-16.812964530864196
2670.0000000118594,14,148,0.08641975308641975,-13.845970790123458
2680.0000000120776,16,146,0.09876543209876543,-15.823966617283949
2690.000000012296,13,149,0.08024691358024691,-12.85697287654321
2700.000000012514,17,145,0.10493827160493827,-16.812964530864196
2710.0000000127325,18,144,0.1111111111111111,-17.80196244444444
2720.0000000129507,15,147,0.09259259259259259,-14.834968703703703
2730.000000013169,19,143,0.11728395061728394,-18.790960358024687
2740.0000000133873,14,148,0.08641975308641975,-13.845970790123458
2750.0000000136056,15,147,0.09259259259259259,-14.834968703703703
2760.000000013824,15,147,0.09259259259259259,-14.834968703703703
2770.000000014042,17,145,0.10493827160493827,-16.812964530864196
2780.0000000142604,16,146,0.09876543209876543,-15.823966617283949
2790.0000000144787,16,146,0.09876543209876543,-15.823966617283949
2800.000000014697,13,149,0.08024691358024691,-12.85697287654321
2810.0000000149153,13,149,0.08024691358024691,-12.85697287654321
2820.0000000151335,16,146,0.09876543209876543,-15.823966617283949
2830.000000015352,13,149,0.08024691358024691,-12.85697287654321
2840.00000001557,19,143,0.11728395061728394,-18.790960358024687
2850.0000000157884,13,149,0.08024691358024691,-12.85697287654321
2860.0000000160067,18,144,0.1111111111111111,-17.80196244444444
2870.000000016225,13,149,0.08024691358024691,-12.85697287654321
2880.000000016443,17,145,0.10493827160493827,-16.812964530864196
2890.0000000166615,16,146,0.09876543209876543,-15.823966617283949
2900.0000000168798,21,141,0.12962962962962962,-20.768956185185182
2910.000000017098,18,144,0.1111111111111111,-17.80196244444444
2920.0000000173163,16,146,0.09876543209876543,-15.823966617283949
2930.0000000175346,21,141,0.12962962962962962,-20.768956185185182
2940.000000017753,19,143,0.11728395061728394,-18.790960358024687
2950.000000017971,19,143,0.11728395061728394,-18.790960358024687
2960.0000000181894,19,143,0.11728395061728394,-18.790960358024687
2970.0000000184077,13,149,0.08024691358024691,-12.85697287654321
2980.000000018626,21,141,0.12962962962962962,-20.768956185185182
2990.0000000188443,15,147,0.09259259259259259,-14.834968703703703
3000.0000000190626,19,143,0.11728395061728394,-18.790960358024687
3010.000000019281,16,146,0.09876543209876543,-15.823966617283949
3020.000000019499,18,144,0.1111111111111111,-17.80196244444444
3030.0000000197174,16,146,0.09876543209876543,-15.823966617283949
3040.0000000199357,21,141,0.12962962962962962,-20.768956185185182
3050.000000020154,12,150,0.07407407407407407,-11.867974962962963
3060.000000020372,16,146,0.09876543209876543,-15.823966617283949
3070.0000000205905,17,145,0.10493827160493827,-16.812964530864196
3080.000000020809,13,149,0.08024691358024691,-12.85697287654321
3090.000000021027,12,150,0.07407407407407407,-11.867974962962963
3100.0000000212453,16,146,0.09876543209876543,-15.823966617283949
3110.0000000214636,12,150,0.07407407407407407,-11.867974962962963
3120.000000021682,18,144,0.1111111111111111,-17.80196244444444
3130.0000000219,14,148,0.08641975308641975,-13.845970790123458
3140.0000000221185,16,146,0.09876543209876543,-15.823966617283949
3150.0000000223367,16,146,0.09876543209876543,-15.823966617283949
3160.000000022555,15,147,0.09259259259259259,-14.834968703703703
3170.0000000227733,16,146,0.09876543209876543,-15.823966617283949
3180.0000000229916,16,146,0.09876543209876543,-15.823966617283949
3190.00000002321,18,144,0.1111111111111111,-17.80196244444444
3200.000000023428,14,148,0.08641975308641975,-13.845970790123458
3210.0000000236464,13,149,0.08024691358024691,-12.85697287654321
3220.0000000238647,9,153,0.05555555555555555,-8.90098122222222
3230.000000024083,14,148,0.08641975308641975,-13.845970790123458
3240.0000000243012,15,147,0.09259259259259259,-14.834968703703703
3250.0000000245195,14,148,0.08641975308641975,-13.845970790123458
3260.000000024738,13,149,0.08024691358024691,-12.85697287654321
3270.000000024956,14,148,0.08641975308641975,-13.845970790123458
3280.0000000251744,18,144,0.1111111111111111,-17.80196244444444
3290.0000000253926,12,150,0.07407407407407407,-11.867974962962963
3300.000000025611,15,147,0.09259259259259259,-14.834968703703703
3310.000000025829,17,145,0.10493827160493827,-16.812964530864196
3320.0000000260475,17,145,0.10493827160493827,-16.812964530864196
3330.0000000262658,16,146,0.09876543209876543,-15.823966617283949
3340.000000026484,14,148,0.08641975308641975,-13.845970790123458
3350.0000000267023,13,149,0.08024691358024691,-12.85697287654321
3360.0000000269206,18,144,0.1111111111111111,-17.80196244444444
3370.000000027139,18,144,0.1111111111111111,-17.80196244444444
3380.000000027357,15,147,0.09259259259259259,-14.834968703703703
3390.0000000275754,16,146,0.09876543209876543,-15.823966617283949
3400.0000000277937,18,144,0.1111111111111111,-17.80196244444444
3410.000000028012,13,149,0.08024691358024691,-12.85697287654321
3420.0000000282303,13,149,0.08024691358024691,-12.85697287654321
3430.0000000284485,16,146,0.09876543209876543,-15.823966617283949
3440.000000028667,12,150,0.07407407407407407,-11.867974962962963
3450.000000028885,14,148,0.08641975308641975,-13.845970790123458
3460.0000000291034,14,148,0.08641975308641975,-13.845970790123458
3470.0000000293217,12,150,0.07407407407407407,-11.867974962962963
3480.00000002954,17,145,0.10493827160493827,-16.812964530864196
3490.000000029758,14,148,0.08641975308641975,-13.845970790123458
3500.0000000299765,15,147,0.09259259259259259,-14.834968703703703
3510.0000000301948,9,153,0.05555555555555555,-8.90098122222222
3520.000000030413,16,146,0.09876543209876543,-15.823966617283949
3530.0000000306313,15,147,0.09259259259259259,-14.834968703703703
3540.0000000308496,16,146,0.09876543209876543,-15.823966617283949
3550.000000031068,13,149,0.08024691358024691,-12.85697287654321
3560.000000031286,14,148,0.08641975308641975,-13.845970790123458
3570.0000000315044,11,151,0.06790123456790123,-10.878977049382717
3580.0000000317227,16,146,0.09876543209876543,-15.823966617283949
3590.000000031941,11,151,0.06790123456790123,-10.878977049382717
3600.0000000321593,14,148,0.08641975308641975,-13.845970790123458
3610.0000000323776,15,147,0.09259259259259259,-14.834968703703703
3620.000000032596,16,146,0.09876543209876543,-15.823966617283949
3630.000000032814,17,145,0.10493827160493827,-16.812964530864196
3640.0000000330324,17,145,0.10493827160493827,-16.812964530864196
3650.0000000332507,15,147,0.09259259259259259,-14.834968703703703
3660.000000033469,19,143,0.11728395061728394,-18.790960358024687
3670.0000000336872,14,148,0.08641975308641975,-13.845970790123458
3680.0000000339055,17,145,0.10493827160493827,-16.812964530864196
3690.000000034124,18,144,0.1111111111111111,-17.80196244444444
3700.000000034342,15,147,0.09259259259259259,-14.834968703703703
3710.0000000345603,15,147,0.09259259259259259,-14.834968703703703
3720.0000000347786,16,146,0.09876543209876543,-15.823966617283949
3730.000000034997,15,147,0.09259259259259259,-14.834968703703703
3740.000000035215,15,147,0.09259259259259259,-14.834968703703703
3750.0000000354335,15,147,0.09259259259259259,-14.834968703703703
3760.0000000356517,18,144,0.1111111111111111,-17.80196244444444
3770.00000003587,20,142,0.12345679012345678,-19.779958271604936
3780.0000000360883,16,146,0.09876543209876543,-15.823966617283949
3790.0000000363066,19,143,0.11728395061728394,-18.790960358024687
3800.000000036525,17,145,0.10493827160493827,-16.812964530864196
3810.000000036743,16,146,0.09876543209876543,-15.823966617283949
3820.0000000369614,16,146,0.09876543209876543,-15.823966617283949
3830.0000000371797,12,150,0.07407407407407407,-11.867974962962963
3840.000000037398,16,146,0.09876543209876543,-15.823966617283949
3850.0000000376162,16,146,0.09876543209876543,-15.823966617283949
3860.0000000378345,17,145,0.10493827160493827,-16.812964530864196
3870.000000038053,12,150,0.07407407407407407,-11.867974962962963
3880.000000038271,14,148,0.08641975308641975,-13.845970790123458
3890.0000000384894,14,148,0.08641975308641975,-13.845970790123458
3900.0000000387076,13,149,0.08024691358024691,-12.85697287654321
3910.000000038926,12,150,0.07407407407407407,-11.867974962962963
3920.000000039144,13,149,0.08024691358024691,-12.85697287654321
3930.0000000393625,16,146,0.09876543209876543,-15.823966617283949
3940.0000000395808,17,145,0.10493827160493827,-16.812964530864196
3950.000000039799,20,142,0.12345679012345678,-19.779958271604936
3960.0000000400173,14,148,0.08641975308641975,-13.845970790123458
3970.0000000402356,13,149,0.08024691358024691,-12.85697287654321
3980.000000040454,13,149,0.08024691358024691,-12.85697287654321
3990.000000040672,12,150,0.07407407407407407,-11.867974962962963
4000.0000000408904,12,150,0.07407407407407407,-11.867974962962963
4010.0000000411087,17,145,0.10493827160493827,-16.812964530864196
4020.000000041327,14,148,0.08641975308641975,-13.845970790123458
4030.0000000415453,15,147,0.09259259259259259,-14.834968703703703
4040.0000000417635,15,147,0.09259259259259259,-14.834968703703703
4050.000000041982,11,151,0.06790123456790123,-10.878977049382717
4060.0000000422,15,147,0.09259259259259259,-14.834968703703703
4070.0000000424184,19,143,0.11728395061728394,-18.790960358024687
4080.0000000426367,17,145,0.10493827160493827,-16.812964530864196
4090.000000042855,16,146,0.09876543209876543,-15.823966617283949
4100.000000043073,17,145,0.10493827160493827,-16.812964530864196
4110.000000043291,18,144,0.1111111111111111,-17.80196244444444
4120.000000043509,21,141,0.12962962962962962,-20.768956185185182
4130.000000043728,19,143,0.11728395061728394,-18.790960358024687
4140.000000043946,14,148,0.08641975308641975,-13.845970790123458
4150.000000044164,15,147,0.09259259259259259,-14.834968703703703
4160.000000044382,14,148,0.08641975308641975,-13.845970790123458
4170.000000044601,15,147,0.09259259259259259,-14.834968703703703
4180.000000044819,14,148,0.08641975308641975,-13.845970790123458
4190.000000045037,14,148,0.08641975308641975,-13.845970790123458
4200.000000045256,14,148,0.08641975308641975,-13.845970790123458
4210.000000045474,12,150,0.07407407407407407,-11.867974962962963
4220.000000045692,17,145,0.10493827160493827,-16.812964530864196
4230.00000004591,13,149,0.08024691358024691,-12.85697287654321
4240.000000046129,14,148,0.08641975308641975,-13.845970790123458
4250.000000046347,16,146,0.09876543209876543,-15.823966617283949
4260.000000046565,15,147,0.09259259259259259,-14.834968703703703
4270.0000000467835,15,147,0.09259259259259259,-14.834968703703703
4280.000000047002,16,146,0.09876543209876543,-15.823966617283949
4290.00000004722,14,148,0.08641975308641975,-13.845970790123458
4300.000000047438,15,147,0.09259259259259259,-14.834968703703703
4310.000000047657,16,146,0.09876543209876543,-15.823966617283949
4320.000000047875,12,150,0.07407407407407407,-11.867974962962963
4330.000000048093,14,148,0.08641975308641975,-13.845970790123458
4340.000000048311,16,146,0.09876543209876543,-15.823966617283949
4350.00000004853,13,149,0.08024691358024691,-12.85697287654321
4360.000000048748,15,147,0.09259259259259259,-14.834968703703703
4370.000000048966,12,150,0.07407407407407407,-11.867974962962963
4380.000000049185,13,149,0.08024691358024691,-12.85697287654321
4390.000000049403,18,144,0.1111111111111111,-17.80196244444444
4400.000000049621,11,151,0.06790123456790123,-10.878977049382717
4410.000000049839,15,147,0.09259259259259259,-14.834968703703703
4420.000000050058,13,149,0.08024691358024691,-12.85697287654321
4430.000000050276,15,147,0.09259259259259259,-14.834968703703703
4440.000000050494,13,149,0.08024691358024691,-12.85697287654321
4450.0000000507125,13,149,0.08024691358024691,-12.85697287654321
4460.000000050931,14,148,0.08641975308641975,-13.845970790123458
4470.000000051149,14,148,0.08641975308641975,-13.845970790123458
4480.000000051367,16,146,0.09876543209876543,-15.823966617283949
4490.000000051586,17,145,0.10493827160493827,-16.812964530864196
4500.000000051804,17,145,0.10493827160493827,-16.812964530864196
4510.000000052022,18,144,0.1111111111111111,-17.80196244444444
4520.0000000522405,14,148,0.08641975308641975,-13.845970790123458
4530.000000052459,14,148,0.08641975308641975,-13.845970790123458
4540.000000052677,16,146,0.09876543209876543,-15.823966617283949
4550.000000052895,15,147,0.09259259259259259,-14.834968703703703
4560.000000053114,18,144,0.1111111111111111,-17.80196244444444
4570.000000053332,16,146,0.09876543209876543,-15.823966617283949
4580.00000005355,20,142,0.12345679012345678,-19.779958271604936
4590.000000053768,19,143,0.11728395061728394,-18.790960358024687
4600.000000053987,15,147,0.09259259259259259,-14.834968703703703
4610.000000054205,17,145,0.10493827160493827,-16.812964530864196
4620.000000054423,20,142,0.12345679012345678,-19.779958271604936
4630.0000000546415,12,150,0.07407407407407407,-11.867974962962963
4640.00000005486,15,147,0.09259259259259259,-14.834968703703703
4650.000000055078,18,144,0.1111111111111111,-17.80196244444444
4660.000000055296,18,144,0.1111111111111111,-17.80196244444444
4670.000000055515,16,146,0.09876543209876543,-15.823966617283949
4680.000000055733,18,144,0.1111111111111111,-17.80196244444444
4690.000000055951,18,144,0.1111111111111111,-17.80196244444444
4700.0000000561695,18,144,0.1111111111111111,-17.80196244444444
4710.000000056388,20,142,0.12345679012345678,-19.779958271604936
4720.000000056606,16,146,0.09876543209876543,-15.823966617283949
4730.000000056824,14,148,0.08641975308641975,-13.845970790123458
4740.000000057043,14,148,0.08641975308641975,-13.845970790123458
4750.000000057261,17,145,0.10493827160493827,-16.812964530864196
4760.000000057479,16,146,0.09876543209876543,-15.823966617283949
4770.000000057697,18,144,0.1111111111111111,-17.80196244444444
4780.000000057916,13,149,0.08024691358024691,-12.85697287654321
4790.000000058134,14,148,0.08641975308641975,-13.845970790123458
4800.000000058352,15,147,0.09259259259259259,-14.834968703703703
4810.000000058571,11,151,0.06790123456790123,-10.878977049382717
4820.000000058789,19,143,0.11728395061728394,-18.790960358024687
4830.000000059007,13,149,0.08024691358024691,-12.85697287654321
4840.000000059225,11,151,0.06790123456790123,-10.878977049382717
4850.000000059444,11,151,0.06790123456790123,-10.878977049382717
4860.000000059662,16,146,0.09876543209876543,-15.823966617283949
4870.00000005988,16,146,0.09876543209876543,-15.823966617283949
4880.0000000600985,14,148,0.08641975308641975,-13.845970790123458
4890.000000060317,14,148,0.08641975308641975,-13.845970790123458
4900.000000060535,14,148,0.08641975308641975,-13.845970790123458
4910.000000060753,9,153,0.05555555555555555,-8.90098122222222
4920.000000060972,14,148,0.08641975308641975,-13.845970790123458
4930.00000006119,15,147,0.09259259259259259,-14.834968703703703
4940.000000061408,11,151,0.06790123456790123,-10.878977049382717
4950.000000061626,14,148,0.08641975308641975,-13.845970790123458
4960.000000061845,14,148,0.08641975308641975,-13.845970790123458
4970.000000062063,16,146,0.09876543209876543,-15.823966617283949
4980.000000062281,12,150,0.07407407407407407,-11.867974962962963
4990.0000000625,15,147,0.09259259259259259,-14.834968703703703
5000.000000062718,14,148,0.08641975308641975,-13.845970790123458
5010.000000062936,15,147,0.09259259259259259,-14.834968703703703
5020.000000063154,16,146,0.09876543209876543,-15.823966617283949
5030.000000063373,19,143,0.11728395061728394,-18.790960358024687
5040.000000063591,16,146,0.09876543209876543,-15.823966617283949
5050.000000063809,14,148,0.08641975308641975,-13.845970790123458
5060.0000000640275,11,151,0.06790123456790123,-10.878977049382717
5070.000000064246,15,147,0.09259259259259259,-14.834968703703703
5080.000000064464,16,146,0.09876543209876543,-15.823966617283949
5090.000000064682,15,147,0.09259259259259259,-14.834968703703703
5100.000000064901,16,146,0.09876543209876543,-15.823966617283949
5110.000000065119,13,149,0.08024691358024691,-12.85697287654321
5120.000000065337,11,151,0.06790123456790123,-10.878977049382717
5130.0000000655555,14,148,0.08641975308641975,-13.845970790123458
5140.000000065774,15,147,0.09259259259259259,-14.834968703703703
5150.000000065992,16,146,0.09876543209876543,-15.823966617283949
5160.00000006621,17,145,0.10493827160493827,-16.812964530864196
5170.000000066429,16,146,0.09876543209876543,-15.823966617283949
5180.000000066647,14,148,0.08641975308641975,-13.845970790123458
5190.000000066865,18,144,0.1111111111111111,-17.80196244444444
5200.000000067083,15,147,0.09259259259259259,-14.834968703703703
5210.000000067302,16,146,0.09876543209876543,-15.823966617283949
5220.00000006752,13,149,0.08024691358024691,-12.85697287654321
5230.000000067738,12,150,0.07407407407407407,-11.867974962962963
5240.0000000679565,12,150,0.07407407407407407,-11.867974962962963
5250.000000068175,15,147,0.09259259259259259,-14.834968703703703
5260.000000068393,14,148,0.08641975308641975,-13.845970790123458
5270.000000068611,14,148,0.08641975308641975,-13.845970790123458
5280.00000006883,16,146,0.09876543209876543,-15.823966617283949
5290.000000069048,15,147,0.09259259259259259,-14.834968703703703
5300.000000069266,19,143,0.11728395061728394,-18.790960358024687
5310.0000000694845,16,146,0.09876543209876543,-15.823966617283949
5320.000000069703,13,149,0.08024691358024691,-12.85697287654321
5330.000000069921,11,151,0.06790123456790123,-10.878977049382717
5340.000000070139,15,147,0.09259259259259259,-14.834968703703703
5350.000000070358,16,146,0.09876543209876543,-15.823966617283949
5360.000000070576,15,147,0.09259259259259259,-14.834968703703703
5370.000000070794,14,148,0.08641975308641975,-13.845970790123458
5380.000000071012,20,142,0.12345679012345678,-19.779958271604936
5390.000000071231,20,142,0.12345679012345678,-19.779958271604936
5400.000000071449,18,144,0.1111111111111111,-17.80196244444444
5410.000000071667,19,143,0.11728395061728394,-18.790960358024687
5420.000000071886,13,149,0.08024691358024691,-12.85697287654321
5430.000000072104,17,145,0.10493827160493827,-16.812964530864196
5440.000000072322,19,143,0.11728395061728394,-18.790960358024687
5450.00000007254,16,146,0.09876543209876543,-15.823966617283949
5460.000000072759,17,145,0.10493827160493827,-16.812964530864196
5470.000000072977,17,145,0.10493827160493827,-16.812964530864196
5480.000000073195,15,147,0.09259259259259259,-14.834968703703703
5490.0000000734135,15,147,0.09259259259259259,-14.834968703703703
5500.000000073632,14,148,0.08641975308641975,-13.845970790123458
5510.00000007385,13,149,0.08024691358024691,-12.85697287654321
5520.000000074068,9,153,0.05555555555555555,-8.90098122222222
5530.000000074287,13,149,0.08024691358024691,-12.85697287654321
5540.000000074505,12,150,0.07407407407407407,-11.867974962962963
5550.000000074723,14,148,0.08641975308641975,-13.845970790123458
5560.000000074941,12,150,0.07407407407407407,-11.867974962962963
5570.00000007516,10,152,0.06172839506172839,-9.889979135802468
5580.000000075378,11,151,0.06790123456790123,-10.878977049382717
5590.000000075596,12,150,0.07407407407407407,-11.867974962962963
5600.000000075815,19,143,0.11728395061728394,-18.790960358024687
5610.000000076033,13,149,0.08024691358024691,-12.85697287654321
5620.000000076251,13,149,0.08024691358024691,-12.85697287654321
5630.000000076469,11,151,0.06790123456790123,-10.878977049382717
5640.000000076688,14,148,0.08641975308641975,-13.845970790123458
5650.000000076906,16,146,0.09876543209876543,-15.823966617283949
5660.000000077124,12,150,0.07407407407407407,-11.867974962962963
5670.0000000773425,13,149,0.08024691358024691,-12.85697287654321
5680.000000077561,17,145,0.10493827160493827,-16.812964530864196
5690.000000077779,14,148,0.08641975308641975,-13.845970790123458
5700.000000077997,14,148,0.08641975308641975,-13.845970790123458
5710.000000078216,22,140,0.13580246913580246,-21.757954098765435
5720.000000078434,18,144,0.1111111111111111,-17.80196244444444
5730.000000078652,16,146,0.09876543209876543,-15.823966617283949
5740.0000000788705,17,145,0.10493827160493827,-16.812964530864196
5750.000000079089,18,144,0.1111111111111111,-17.80196244444444
5760.000000079307,20,142,0.12345679012345678,-19.779958271604936
5770.000000079525,15,147,0.09259259259259259,-14.834968703703703
5780.000000079744,9,153,0.05555555555555555,-8.90098122222222
5790.000000079962,17,145,0.10493827160493827,-16.812964530864196
5800.00000008018,16,146,0.09876543209876543,-15.823966617283949
5810.000000080398,17,145,0.10493827160493827,-16.812964530864196
5820.000000080617,14,148,0.08641975308641975,-13.845970790123458
5830.000000080835,15,147,0.09259259259259259,-14.834968703703703
5840.000000081053,17,145,0.10493827160493827,-16.812964530864196
5850.0000000812715,11,151,0.06790123456790123,-10.878977049382717
5860.00000008149,13,149,0.08024691358024691,-12.85697287654321
5870.000000081708,10,152,0.06172839506172839,-9.889979135802468
5880.000000081926,12,150,0.07407407407407407,-11.867974962962963
5890.000000082145,20,142,0.12345679012345678,-19.779958271604936
5900.000000082363,14,148,0.08641975308641975,-13.845970790123458
5910.000000082581,16,146,0.09876543209876543,-15.823966617283949
5920.0000000827995,15,147,0.09259259259259259,-14.834968703703703
5930.000000083018,16,146,0.09876543209876543,-15.823966617283949
5940.000000083236,10,152,0.06172839506172839,-9.889979135802468
5950.000000083454,16,146,0.09876543209876543,-15.823966617283949
5960.000000083673,15,147,0.09259259259259259,-14.834968703703703
5970.000000083891,11,151,0.06790123456790123,-10.878977049382717
5980.000000084109,14,148,0.08641975308641975,-13.845970790123458
5990.000000084327,15,147,0.09259259259259259,-14.834968703703703
6000.000000084546,12,150,0.07407407407407407,-11.867974962962963
6010.000000084764,10,152,0.06172839506172839,-9.889979135802468
6020.000000084982,16,146,0.09876543209876543,-15.823966617283949
6030.000000085201,13,149,0.08024691358024691,-12.85697287654321
6040.000000085419,14,148,0.08641975308641975,-13.845970790123458
6050.000000085637,13,149,0.08024691358024691,-12.85697287654321
6060.000000085855,13,149,0.08024691358024691,-12.85697287654321
6070.000000086074,16,146,0.09876543209876543,-15.823966617283949
6080.000000086292,12,150,0.07407407407407407,-11.867974962962963
6090.00000008651,15,147,0.09259259259259259,-14.834968703703703
6100.0000000867285,11,151,0.06790123456790123,-10.878977049382717
6110.000000086947,8,154,0.04938271604938271,-7.911983308641974
6120.000000087165,11,151,0.06790123456790123,-10.878977049382717
6130.000000087383,14,148,0.08641975308641975,-13.845970790123458
6140.000000087602,13,149,0.08024691358024691,-12.85697287654321
6150.00000008782,14,148,0.08641975308641975,-13.845970790123458
6160.000000088038,14,148,0.08641975308641975,-13.845970790123458
6170.0000000882565,15,147,0.09259259259259259,-14.834968703703703
6180.000000088475,13,149,0.08024691358024691,-12.85697287654321
6190.000000088693,14,148,0.08641975308641975,-13.845970790123458
6200.000000088911,11,151,0.06790123456790123,-10.878977049382717
6210.00000008913,10,152,0.06172839506172839,-9.889979135802468
6220.000000089348,13,149,0.08024691358024691,-12.85697287654321
6230.000000089566,15,147,0.09259259259259259,-14.834968703703703
6240.000000089784,15,147,0.09259259259259259,-14.834968703703703
6250.000000090003,12,150,0.07407407407407407,-11.867974962962963
6260.000000090221,15,147,0.09259259259259259,-14.834968703703703
6270.000000090439,15,147,0.09259259259259259,-14.834968703703703
6280.0000000906575,16,146,0.09876543209876543,-15.823966617283949
6290.000000090876,19,143,0.11728395061728394,-18.790960358024687
6300.000000091094,16,146,0.09876543209876543,-15.823966617283949
6310.000000091312,16,146,0.09876543209876543,-15.823966617283949
6320.000000091531,18,144,0.1111111111111111,-17.80196244444444
6330.000000091749,17,145,0.10493827160493827,-16.812964530864196
6340.000000091967,18,144,0.1111111111111111,-17.80196244444444
6350.0000000921855,18,144,0.1111111111111111,-17.80196244444444
6360.000000092404,14,148,0.08641975308641975,-13.845970790123458
6370.000000092622,18,144,0.1111111111111111,-17.80196244444444
6380.00000009284,15,147,0.09259259259259259,-14.834968703703703
6390.000000093059,12,150,0.07407407407407407,-11.867974962962963
6400.000000093277,18,144,0.1111111111111111,-17.80196244444444
6410.000000093495,15,147,0.09259259259259259,-14.834968703703703
6420.000000093713,14,148,0.08641975308641975,-13.845970790123458
6430.000000093932,17,145,0.10493827160493827,-16.812964530864196
6440.00000009415,13,149,0.08024691358024691,-12.85697287654321
6450.000000094368,13,149,0.08024691358024691,-12.85697287654321
6460.0000000945865,13,149,0.08024691358024691,-12.85697287654321
6470.000000094805,12,150,0.07407407407407407,-11.867974962962963
6480.000000095023,9,153,0.05555555555555555,-8.90098122222222
6490.000000095241,13,149,0.08024691358024691,-12.85697287654321
6500.00000009546,16,146,0.09876543209876543,-15.823966617283949
6510.000000095678,11,151,0.06790123456790123,-10.878977049382717
6520.000000095896,11,151,0.06790123456790123,-10.878977049382717
6530.0000000961145,10,152,0.06172839506172839,-9.889979135802468
6540.000000096333,9,153,0.05555555555555555,-8.90098122222222
6550.000000096551,12,150,0.07407407407407407,-11.867974962962963
6560.000000096769,11,151,0.06790123456790123,-10.878977049382717
6570.000000096988,13,149,0.08024691358024691,-12.85697287654321
6580.000000097206,11,151,0.06790123456790123,-10.878977049382717
6590.000000097424,13,149,0.08024691358024691,-12.85697287654321
6600.000000097642,10,152,0.06172839506172839,-9.889979135802468
6610.000000097861,12,150,0.07407407407407407,-11.867974962962963
6620.000000098079,12,150,0.07407407407407407,-11.867974962962963
6630.000000098297,9,153,0.05555555555555555,-8.90098122222222
6640.000000098516,14,148,0.08641975308641975,-13.845970790123458
6650.000000098734,13,149,0.08024691358024691,-12.85697287654321
6660.000000098952,14,148,0.08641975308641975,-13.845970790123458
6670.00000009917,13,149,0.08024691358024691,-12.85697287654321
6680.000000099389,16,146,0.09876543209876543,-15.823966617283949
6690.000000099607,16,146,0.09876543209876543,-15.823966617283949
6700.000000099825,15,147,0.09259259259259259,-14.834968703703703
6710.0000001000435,16,146,0.09876543209876543,-15.823966617283949
6720.000000100262,18,144,0.1111111111111111,-17.80196244444444
6730.00000010048,16,146,0.09876543209876543,-15.823966617283949
6740.000000100698,16,146,0.09876543209876543,-15.823966617283949
6750.000000100917,19,143,0.11728395061728394,-18.790960358024687
6760.000000101135,15,147,0.09259259259259259,-14.834968703703703
6770.000000101353,16,146,0.09876543209876543,-15.823966617283949
6780.0000001015715,21,141,0.12962962962962962,-20.768956185185182
6790.00000010179,12,150,0.07407407407407407,-11.867974962962963
6800.000000102008,12,150,0.07407407407407407,-11.867974962962963
6810.000000102226,16,146,0.09876543209876543,-15.823966617283949
6820.000000102445,10,152,0.06172839506172839,-9.889979135802468
6830.000000102663,13,149,0.08024691358024691,-12.85697287654321
6840.000000102881,14,148,0.08641975308641975,-13.845970790123458
6850.000000103099,13,149,0.08024691358024691,-12.85697287654321
6860.000000103318,14,148,0.08641975308641975,-13.845970790123458
6870.000000103536,12,150,0.07407407407407407,-11.867974962962963
6880.000000103754,12,150,0.07407407407407407,-11.867974962962963
6890.0000001039725,14,148,0.08641975308641975,-13.845970790123458
6900.000000104191,15,147,0.09259259259259259,-14.834968703703703
6910.000000104409,11,151,0.06790123456790123,-10.878977049382717
6920.000000104627,11,151,0.06790123456790123,-10.878977049382717
6930.000000104846,10,152,0.06172839506172839,-9.889979135802468
6940.000000105064,12,150,0.07407407407407407,-11.867974962962963
6950.000000105282,12,150,0.07407407407407407,-11.867974962962963
6960.0000001055005,13,149,0.08024691358024691,-12.85697287654321
6970.000000105719,16,146,0.09876543209876543,-15.823966617283949
6980.000000105937,12,150,0.07407407407407407,-11.867974962962963
6990.000000106155,16,146,0.09876543209876543,-15.823966617283949
7000.000000106374,14,148,0.08641975308641975,-13.845970790123458
7010.000000106592,14,148,0.08641975308641975,-13.845970790123458
7020.00000010681,11,151,0.06790123456790123,-10.878977049382717
7030.000000107028,8,154,0.04938271604938271,-7.911983308641974
7040.000000107247,13,149,0.08024691358024691,-12.85697287654321
7050.000000107465,12,150,0.07407407407407407,-11.867974962962963
7060.000000107683,17,145,0.10493827160493827,-16.812964530864196
7070.0000001079015,11,151,0.06790123456790123,-10.878977049382717
7080.00000010812,17,145,0.10493827160493827,-16.812964530864196
7090.000000108338,15,147,0.09259259259259259,-14.834968703703703
7100.000000108556,17,145,0.10493827160493827,-16.812964530864196
7110.000000108775,13,149,0.08024691358024691,-12.85697287654321
7120.000000108993,13,149,0.08024691358024691,-12.85697287654321
7130.000000109211,12,150,0.07407407407407407,-11.867974962962963
7140.0000001094295,13,149,0.08024691358024691,-12.85697287654321
7150.000000109648,13,149,0.08024691358024691,-12.85697287654321
7160.000000109866,15,147,0.09259259259259259,-14.834968703703703
7170.000000110084,18,144,0.1111111111111111,-17.80196244444444
7180.000000110303,14,148,0.08641975308641975,-13.845970790123458
7190.000000110521,17,145,0.10493827160493827,-16.812964530864196
7200.000000110739,13,149,0.08024691358024691,-12.85697287654321
7210.000000110957,18,144,0.1111111111111111,-17.80196244444444
7220.000000111176,15,147,0.09259259259259259,-14.834968703703703
7230.000000111394,14,148,0.08641975308641975,-13.845970790123458
7240.000000111612,11,151,0.06790123456790123,-10.878977049382717
7250.000000111831,15,147,0.09259259259259259,-14.834968703703703
7260.000000112049,15,147,0.09259259259259259,-14.834968703703703
7270.000000112267,16,146,0.09876543209876543,-15.823966617283949
7280.000000112485,15,147,0.09259259259259259,-14.834968703703703
7290.000000112704,15,147,0.09259259259259259,-14.834968703703703
7300.000000112922,13,149,0.08024691358024691,-12.85697287654321
7310.00000011314,15,147,0.09259259259259259,-14.834968703703703
7320.0000001133585,20,142,0.12345679012345678,-19.779958271604936
7330.000000113577,19,143,0.11728395061728394,-18.790960358024687
7340.000000113795,16,146,0.09876543209876543,-15.823966617283949
7350.000000114013,15,147,0.09259259259259259,-14.834968703703703
7360.000000114232,15,147,0.09259259259259259,-14.834968703703703
7370.00000011445,16,146,0.09876543209876543,-15.823966617283949
7380.000000114668,15,147,0.09259259259259259,-14.834968703703703
7390.0000001148865,18,144,0.1111111111111111,-17.80196244444444
7400.000000115105,14,148,0.08641975308641975,-13.845970790123458
7410.000000115323,15,147,0.09259259259259259,-14.834968703703703
7420.000000115541,13,149,0.08024691358024691,-12.85697287654321
7430.00000011576,17,145,0.10493827160493827,-16.812964530864196
7440.000000115978,14,148,0.08641975308641975,-13.845970790123458
7450.000000116196,11,151,0.06790123456790123,-10.878977049382717
7460.000000116414,12,150,0.07407407407407407,-11.867974962962963
7470.000000116633,12,150,0.07407407407407407,-11.867974962962963
7480.000000116851,15,147,0.09259259259259259,-14.834968703703703
7490.000000117069,14,148,0.08641975308641975,-13.845970790123458
7500.0000001172875,13,149,0.08024691358024691,-12.85697287654321
7510.000000117506,12,150,0.07407407407407407,-11.867974962962963
7520.000000117724,14,148,0.08641975308641975,-13.845970790123458
7530.000000117942,15,147,0.09259259259259259,-14.834968703703703
7540.000000118161,14,148,0.08641975308641975,-13.845970790123458
7550.000000118379,13,149,0.08024691358024691,-12.85697287654321
7560.000000118597,15,147,0.09259259259259259,-14.834968703703703
7570.0000001188155,16,146,0.09876543209876543,-15.823966617283949
7580.000000119034,17,145,0.10493827160493827,-16.812964530864196
7590.000000119252,12,150,0.07407407407407407,-11.867974962962963
7600.00000011947,16,146,0.09876543209876543,-15.823966617283949
7610.000000119689,12,150,0.07407407407407407,-11.867974962962963
7620.000000119907,15,147,0.09259259259259259,-14.834968703703703
7630.000000120125,15,147,0.09259259259259259,-14.834968703703703
7640.000000120343,14,148,0.08641975308641975,-13.845970790123458
7650.000000120562,14,148,0.08641975308641975,-13.845970790123458
7660.00000012078,14,148,0.08641975308641975,-13.845970790123458
7670.000000120998,16,146,0.09876543209876543,-15.823966617283949
7680.0000001212165,13,149,0.08024691358024691,-12.85697287654321
7690.000000121435,11,151,0.06790123456790123,-10.878977049382717
7700.000000121653,14,148,0.08641975308641975,-13.845970790123458
7710.000000121871,15,147,0.09259259259259259,-14.834968703703703
7720.00000012209,12,150,0.07407407407407407,-11.867974962962963
7730.000000122308,13,149,0.08024691358024691,-12.85697287654321
7740.000000122526,11,151,0.06790123456790123,-10.878977049382717
7750.0000001227445,13,149,0.08024691358024691,-12.85697287654321
7760.000000122963,12,150,0.07407407407407407,-11.867974962962963
7770.000000123181,19,143,0.11728395061728394,-18.790960358024687
7780.000000123399,15,147,0.09259259259259259,-14.834968703703703
7790.000000123618,12,150,0.07407407407407407,-11.867974962962963
7800.000000123836,15,147,0.09259259259259259,-14.834968703703703
7810.000000124054,18,144,0.1111111111111111,-17.80196244444444
7820.000000124272,13,149,0.08024691358024691,-12.85697287654321
7830.000000124491,12,150,0.07407407407407407,-11.867974962962963
7840.000000124709,14,148,0.08641975308641975,-13.845970790123458
7850.000000124927,16,146,0.09876543209876543,-15.823966617283949
7860.000000125146,12,150,0.07407407407407407,-11.867974962962963
7870.000000125364,11,151,0.06790123456790123,-10.878977049382717
7880.000000125582,14,148,0.08641975308641975,-13.845970790123458
7890.0000001258,15,147,0.09259259259259259,-14.834968703703703
7900.000000126019,13,149,0.08024691358024691,-12.85697287654321
7910.000000126237,14,148,0.08641975308641975,-13.845970790123458
7920.000000126455,13,149,0.08024691358024691,-12.85697287654321
7930.0000001266735,15,147,0.09259259259259259,-14.834968703703703
7940.000000126892,15,147,0.09259259259259259,-14.834968703703703
7950.00000012711,19,143,0.11728395061728394,-18.790960358024687
7960.000000127328,18,144,0.1111111111111111,-17.80196244444444
7970.000000127547,15,147,0.09259259259259259,-14.834968703703703
7980.000000127765,16,146,0.09876543209876543,-15.823966617283949
7990.000000127983,12,150,0.07407407407407407,-11.867974962962963
8000.0000001282015,16,146,0.09876543209876543,-15.823966617283949
8010.00000012842,17,145,0.10493827160493827,-16.812964530864196
8020.000000128638,20,142,0.12345679012345678,-19.779958271604936
8030.000000128856,10,152,0.06172839506172839,-9.889979135802468
8040.000000129075,14,148,0.08641975308641975,-13.845970790123458
8050.000000129293,17,145,0.10493827160493827,-16.812964530864196
8060.000000129511,14,148,0.08641975308641975,-13.845970790123458
8070.000000129729,16,146,0.09876543209876543,-15.823966617283949
8080.000000129948,18,144,0.1111111111111111,-17.80196244444444
8090.000000130166,12,150,0.07407407407407407,-11.867974962962963
8100.000000130384,14,148,0.08641975308641975,-13.845970790123458
8110.0000001306025,16,146,0.09876543209876543,-15.823966617283949
8120.000000130821,14,148,0.08641975308641975,-13.845970790123458
8130.000000131039,17,145,0.10493827160493827,-16.812964530864196
8140.000000131257,19,143,0.11728395061728394,-18.790960358024687
8150.000000131476,15,147,0.09259259259259259,-14.834968703703703
8160.000000131694,16,146,0.09876543209876543,-15.823966617283949
8170.000000131912,14,148,0.08641975308641975,-13.845970790123458
8180.0000001321305,13,149,0.08024691358024691,-12.85697287654321
8190.000000132349,17,145,0.10493827160493827,-16.812964530864196
8200.000000132566,15,147,0.09259259259259259,-14.834968703703703
8210.000000132784,14,148,0.08641975308641975,-13.845970790123458
8220.000000133003,18,144,0.1111111111111111,-17.80196244444444
8230.000000133221,16,146,0.09876543209876543,-15.823966617283949
8240.00000013344,14,148,0.08641975308641975,-13.845970790123458
8250.000000133658,15,147,0.09259259259259259,-14.834968703703703
8260.000000133876,15,147,0.09259259259259259,-14.834968703703703
8270.000000134094,17,145,0.10493827160493827,-16.812964530864196
8280.000000134312,14,148,0.08641975308641975,-13.845970790123458
8290.00000013453,16,146,0.09876543209876543,-15.823966617283949
8300.000000134749,14,148,0.08641975308641975,-13.845970790123458
8310.000000134967,18,144,0.1111111111111111,-17.80196244444444
8320.000000135185,13,149,0.08024691358024691,-12.85697287654321
8330.000000135404,14,148,0.08641975308641975,-13.845970790123458
8340.000000135622,16,146,0.09876543209876543,-15.823966617283949
8350.00000013584,16,146,0.09876543209876543,-15.823966617283949
8360.000000136059,12,150,0.07407407407407407,-11.867974962962963
8370.000000136277,9,153,0.05555555555555555,-8.90098122222222
8380.000000136495,10,152,0.06172839506172839,-9.889979135802468
8390.000000136713,13,149,0.08024691358024691,-12.85697287654321
8400.000000136932,12,150,0.07407407407407407,-11.867974962962963
8410.00000013715,11,151,0.06790123456790123,-10.878977049382717
8420.000000137368,15,147,0.09259259259259259,-14.834968703703703
8430.000000137587,11,151,0.06790123456790123,-10.878977049382717
8440.000000137805,11,151,0.06790123456790123,-10.878977049382717
8450.000000138023,11,151,0.06790123456790123,-10.878977049382717
8460.000000138241,10,152,0.06172839506172839,-9.889979135802468
8470.00000013846,10,152,0.06172839506172839,-9.889979135802468
8480.000000138678,14,148,0.08641975308641975,-13.845970790123458
8490.000000138896,15,147,0.09259259259259259,-14.834968703703703
8500.000000139114,16,146,0.09876543209876543,-15.823966617283949
8510.000000139333,17,145,0.10493827160493827,-16.812964530864196
8520.000000139551,18,144,0.1111111111111111,-17.80196244444444
8530.00000013977,12,150,0.07407407407407407,-11.867974962962963
8540.000000139988,12,150,0.07407407407407407,-11.867974962962963
8550.000000140206,17,145,0.10493827160493827,-16.812964530864196
8560.000000140424,16,146,0.09876543209876543,-15.823966617283949
8570.000000140642,15,147,0.09259259259259259,-14.834968703703703
8580.00000014086,18,144,0.1111111111111111,-17.80196244444444
8590.000000141079,18,144,0.1111111111111111,-17.80196244444444
8600.000000141297,14,148,0.08641975308641975,-13.845970790123458
8610.000000141516,14,148,0.08641975308641975,-13.845970790123458
8620.000000141734,15,147,0.09259259259259259,-14.834968703703703
8630.000000141952,14,148,0.08641975308641975,-13.845970790123458
8640.00000014217,14,148,0.08641975308641975,-13.845970790123458
8650.000000142389,15,147,0.09259259259259259,-14.834968703703703
8660.000000142607,11,151,0.06790123456790123,-10.878977049382717
8670.000000142825,15,147,0.09259259259259259,-14.834968703703703
8680.000000143044,15,147,0.09259259259259259,-14.834968703703703
8690.000000143262,14,148,0.08641975308641975,-13.845970790123458
8700.00000014348,12,150,0.07407407407407407,-11.867974962962963
8710.000000143698,17,145,0.10493827160493827,-16.812964530864196
8720.000000143917,16,146,0.09876543209876543,-15.823966617283949
8730.000000144135,12,150,0.07407407407407407,-11.867974962962963
8740.000000144353,11,151,0.06790123456790123,-10.878977049382717
8750.000000144571,12,150,0.07407407407407407,-11.867974962962963
8760.00000014479,12,150,0.07407407407407407,-11.867974962962963
8770.000000145008,13,149,0.08024691358024691,-12.85697287654321
8780.000000145226,12,150,0.07407407407407407,-11.867974962962963
8790.000000145445,15,147,0.09259259259259259,-14.834968703703703
8800.000000145663,10,152,0.06172839506172839,-9.889979135802468
8810.000000145881,12,150,0.07407407407407407,-11.867974962962963
8820.0000001461,13,149,0.08024691358024691,-12.85697287654321
8830.000000146318,14,148,0.08641975308641975,-13.845970790123458
8840.000000146536,14,148,0.08641975308641975,-13.845970790123458
8850.000000146754,10,152,0.06172839506172839,-9.889979135802468
8860.000000146973,12,150,0.07407407407407407,-11.867974962962963
8870.00000014719,15,147,0.09259259259259259,-14.834968703703703
8880.000000147409,15,147,0.09259259259259259,-14.834968703703703
8890.000000147627,14,148,0.08641975308641975,-13.845970790123458
8900.000000147846,14,148,0.08641975308641975,-13.845970790123458
8910.000000148064,11,151,0.06790123456790123,-10.878977049382717
8920.000000148282,14,148,0.08641975308641975,-13.845970790123458
8930.0000001485,13,149,0.08024691358024691,-12.85697287654321
8940.000000148719,16,146,0.09876543209876543,-15.823966617283949
8950.000000148937,15,147,0.09259259259259259,-14.834968703703703
8960.000000149155,15,147,0.09259259259259259,-14.834968703703703
8970.000000149374,11,151,0.06790123456790123,-10.878977049382717
8980.000000149592,14,148,0.08641975308641975,-13.845970790123458
8990.00000014981,13,149,0.08024691358024691,-12.85697287654321
9000.000000150028,12,150,0.07407407407407407,-11.867974962962963
9010.000000150247,14,148,0.08641975308641975,-13.845970790123458
9020.000000150465,12,150,0.07407407407407407,-11.867974962962963
9030.000000150683,12,150,0.07407407407407407,-11.867974962962963
9040.000000150902,15,147,0.09259259259259259,-14.834968703703703
9050.00000015112,13,149,0.08024691358024691,-12.85697287654321
9060.000000151338,12,150,0.07407407407407407,-11.867974962962963
9070.000000151556,13,149,0.08024691358024691,-12.85697287654321
9080.000000151775,13,149,0.08024691358024691,-12.85697287654321
9090.000000151993,16,146,0.09876543209876543,-15.823966617283949
9100.000000152211,15,147,0.09259259259259259,-14.834968703703703
9110.00000015243,14,148,0.08641975308641975,-13.845970790123458
9120.000000152648,13,149,0.08024691358024691,-12.85697287654321
9130.000000152866,14,148,0.08641975308641975,-13.845970790123458
9140.000000153084,13,149,0.08024691358024691,-12.85697287654321
9150.000000153303,15,147,0.09259259259259259,-14.834968703703703
9160.00000015352,12,150,0.07407407407407407,-11.867974962962963
9170.00000015374,14,148,0.08641975308641975,-13.845970790123458
9180.000000153957,15,147,0.09259259259259259,-14.834968703703703
9190.000000154176,16,146,0.09876543209876543,-15.823966617283949
9200.000000154394,17,145,0.10493827160493827,-16.812964530864196
9210.000000154612,14,148,0.08641975308641975,-13.845970790123458
9220.00000015483,14,148,0.08641975308641975,-13.845970790123458
9230.000000155049,13,149,0.08024691358024691,-12.85697287654321
9240.000000155267,11,151,0.06790123456790123,-10.878977049382717
9250.000000155485,11,151,0.06790123456790123,-10.878977049382717
9260.000000155704,12,150,0.07407407407407407,-11.867974962962963
9270.000000155922,15,147,0.09259259259259259,-14.834968703703703
9280.00000015614,11,151,0.06790123456790123,-10.878977049382717
9290.000000156359,13,149,0.08024691358024691,-12.85697287654321
9300.000000156577,18,144,0.1111111111111111,-17.80196244444444
9310.000000156795,15,147,0.09259259259259259,-14.834968703703703
9320.000000157013,10,152,0.06172839506172839,-9.889979135802468
9330.000000157232,16,146,0.09876543209876543,-15.823966617283949
9340.00000015745,11,151,0.06790123456790123,-10.878977049382717
9350.000000157668,12,150,0.07407407407407407,-11.867974962962963
9360.000000157886,11,151,0.06790123456790123,-10.878977049382717
9370.000000158105,16,146,0.09876543209876543,-15.823966617283949
9380.000000158323,14,148,0.08641975308641975,-13.845970790123458
9390.000000158541,13,149,0.08024691358024691,-12.85697287654321
9400.00000015876,11,151,0.06790123456790123,-10.878977049382717
9410.000000158978,13,149,0.08024691358024691,-12.85697287654321
9420.000000159196,9,153,0.05555555555555555,-8.90098122222222
9430.000000159414,11,151,0.06790123456790123,-10.878977049382717
9440.000000159633,16,146,0.09876543209876543,-15.823966617283949
9450.000000159851,13,149,0.08024691358024691,-12.85697287654321
9460.00000016007,16,146,0.09876543209876543,-15.823966617283949
9470.000000160288,18,144,0.1111111111111111,-17.80196244444444
9480.000000160506,17,145,0.10493827160493827,-16.812964530864196
9490.000000160724,14,148,0.08641975308641975,-13.845970790123458
9500.000000160942,15,147,0.09259259259259259,-14.834968703703703
9510.00000016116,20,142,0.12345679012345678,-19.779958271604936
9520.000000161379,15,147,0.09259259259259259,-14.834968703703703
9530.000000161597,14,148,0.08641975308641975,-13.845970790123458
9540.000000161815,12,150,0.07407407407407407,-11.867974962962963
9550.000000162034,19,143,0.11728395061728394,-18.790960358024687
9560.000000162252,14,148,0.08641975308641975,-13.845970790123458
9570.00000016247,18,144,0.1111111111111111,-17.80196244444444
9580.000000162689,14,148,0.08641975308641975,-13.845970790123458
9590.000000162907,15,147,0.09259259259259259,-14.834968703703703
9600.000000163125,13,149,0.08024691358024691,-12.85697287654321
9610.000000163343,18,144,0.1111111111111111,-17.80196244444444
9620.000000163562,16,146,0.09876543209876543,-15.823966617283949
9630.00000016378,13,149,0.08024691358024691,-12.85697287654321
9640.000000163998,15,147,0.09259259259259259,-14.834968703703703
9650.000000164217,15,147,0.09259259259259259,-14.834968703703703
9660.000000164435,11,151,0.06790123456790123,-10.878977049382717
9670.000000164653,12,150,0.07407407407407407,-11.867974962962963
9680.000000164871,13,149,0.08024691358024691,-12.85697287654321
9690.00000016509,16,146,0.09876543209876543,-15.823966617283949
9700.000000165308,15,147,0.09259259259259259,-14.834968703703703
9710.000000165526,8,154,0.04938271604938271,-7.911983308641974
9720.000000165744,13,149,0.08024691358024691,-12.85697287654321
9730.000000165963,16,146,0.09876543209876543,-15.823966617283949
9740.000000166181,13,149,0.08024691358024691,-12.85697287654321
9750.0000001664,15,147,0.09259259259259259,-14.834968703703703
9760.000000166618,19,143,0.11728395061728394,-18.790960358024687
9770.000000166836,13,149,0.08024691358024691,-12.85697287654321
9780.000000167054,16,146,0.09876543209876543,-15.823966617283949
9790.000000167272,16,146,0.09876543209876543,-15.823966617283949
9800.00000016749,14,148,0.08641975308641975,-13.845970790123458
9810.000000167709,14,148,0.08641975308641975,-13.845970790123458
9820.000000167927,14,148,0.08641975308641975,-13.845970790123458
9830.000000168146,13,149,0.08024691358024691,-12.85697287654321
9840.000000168364,20,142,0.12345679012345678,-19.779958271604936
9850.000000168582,17,145,0.10493827160493827,-16.812964530864196
9860.0000001688,14,148,0.08641975308641975,-13.845970790123458
9870.000000169019,18,144,0.1111111111111111,-17.80196244444444
9880.000000169237,14,148,0.08641975308641975,-13.845970790123458
9890.000000169455,16,146,0.09876543209876543,-15.823966617283949
9900.000000169674,15,147,0.09259259259259259,-14.834968703703703
9910.000000169892,15,147,0.09259259259259259,-14.834968703703703
9920.00000017011,14,148,0.08641975308641975,-13.845970790123458
9930.000000170328,16,146,0.09876543209876543,-15.823966617283949
9940.000000170547,17,145,0.10493827160493827,-16.812964530864196
9950.000000170765,11,151,0.06790123456790123,-10.878977049382717
9960.000000170983,14,148,0.08641975308641975,-13.845970790123458
9970.000000171201,17,145,0.10493827160493827,-16.812964530864196
9980.00000017142,16,146,0.09876543209876543,-15.823966617283949
9990.000000171638,13,149,0.08024691358024691,-12.85697287654321
10000.000000171856,16,146,0.09876543209876543,-15.823966617283949
10010.000000172075,11,151,0.06790123456790123,-10.878977049382717
10020.000000172293,15,147,0.09259259259259259,-14.834968703703703
10030.000000172511,14,148,0.08641975308641975,-13.845970790123458
10040.00000017273,12,150,0.07407407407407407,-11.867974962962963
10050.000000172948,12,150,0.07407407407407407,-11.867974962962963
10060.000000173166,15,147,0.09259259259259259,-14.834968703703703
10070.000000173384,9,153,0.05555555555555555,-8.90098122222222
10080.000000173603,12,150,0.07407407407407407,-11.867974962962963
10090.00000017382,14,148,0.08641975308641975,-13.845970790123458
10100.000000174039,12,150,0.07407407407407407,-11.867974962962963
10110.000000174257,12,150,0.07407407407407407,-11.867974962962963
10120.000000174476,14,148,0.08641975308641975,-13.845970790123458
10130.000000174694,12,150,0.07407407407407407,-11.867974962962963
10140.000000174912,12,150,0.07407407407407407,-11.867974962962963
10150.00000017513,11,151,0.06790123456790123,-10.878977049382717
10160.000000175349,12,150,0.07407407407407407,-11.867974962962963
10170.000000175567,14,148,0.08641975308641975,-13.845970790123458
10180.000000175785,15,147,0.09259259259259259,-14.834968703703703
10190.000000176004,12,150,0.07407407407407407,-11.867974962962963
10200.000000176222,20,142,0.12345679012345678,-19.779958271604936
10210.00000017644,16,146,0.09876543209876543,-15.823966617283949
10220.000000176658,17,145,0.10493827160493827,-16.812964530864196
10230.000000176877,18,144,0.1111111111111111,-17.80196244444444
10240.000000177095,16,146,0.09876543209876543,-15.823966617283949
10250.000000177313,16,146,0.09876543209876543,-15.823966617283949
10260.000000177532,15,147,0.09259259259259259,-14.834968703703703
10270.00000017775,11,151,0.06790123456790123,-10.878977049382717
10280.000000177968,15,147,0.09259259259259259,-14.834968703703703
10290.000000178186,12,150,0.07407407407407407,-11.867974962962963
10300.000000178405,15,147,0.09259259259259259,-14.834968703703703
10310.000000178623,16,146,0.09876543209876543,-15.823966617283949
10320.000000178841,12,150,0.07407407407407407,-11.867974962962963
10330.00000017906,16,146,0.09876543209876543,-15.823966617283949
10340.000000179278,15,147,0.09259259259259259,-14.834968703703703
10350.000000179496,14,148,0.08641975308641975,-13.845970790123458
10360.000000179714,17,145,0.10493827160493827,-16.812964530864196
10370.000000179933,13,149,0.08024691358024691,-12.85697287654321
10380.00000018015,15,147,0.09259259259259259,-14.834968703703703
10390.00000018037,13,149,0.08024691358024691,-12.85697287654321
10400.000000180587,19,143,0.11728395061728394,-18.790960358024687
10410.000000180806,15,147,0.09259259259259259,-14.834968703703703
10420.000000181024,14,148,0.08641975308641975,-13.845970790123458
10430.000000181242,17,145,0.10493827160493827,-16.812964530864196
10440.00000018146,12,150,0.07407407407407407,-11.867974962962963
10450.000000181679,11,151,0.06790123456790123,-10.878977049382717
10460.000000181897,14,148,0.08641975308641975,-13.845970790123458
10470.000000182115,13,149,0.08024691358024691,-12.85697287654321
10480.000000182334,13,149,0.08024691358024691,-12.85697287654321
10490.000000182552,15,147,0.09259259259259259,-14.834968703703703
10500.00000018277,14,148,0.08641975308641975,-13.845970790123458
10510.000000182989,15,147,0.09259259259259259,-14.834968703703703
10520.000000183207,14,148,0.08641975308641975,-13.845970790123458
10530.000000183425,18,144,0.1111111111111111,-17.80196244444444
10540.000000183643,16,146,0.09876543209876543,-15.823966617283949
10550.000000183862,17,145,0.10493827160493827,-16.812964530864196
10560.00000018408,18,144,0.1111111111111111,-17.80196244444444
10570.000000184298,18,144,0.1111111111111111,-17.80196244444444
10580.000000184516,19,143,0.11728395061728394,-18.790960358024687
10590.000000184735,20,142,0.12345679012345678,-19.779958271604936
10600.000000184953,16,146,0.09876543209876543,-15.823966617283949
10610.000000185171,19,143,0.11728395061728394,-18.790960358024687
10620.00000018539,20,142,0.12345679012345678,-19.779958271604936
10630.000000185608,13,149,0.08024691358024691,-12.85697287654321
10640.000000185826,14,148,0.08641975308641975,-13.845970790123458
10650.000000186044,16,146,0.09876543209876543,-15.823966617283949
10660.000000186263,15,147,0.09259259259259259,-14.834968703703703
10670.000000186481,14,148,0.08641975308641975,-13.845970790123458
10680.0000001867,14,148,0.08641975308641975,-13.845970790123458
10690.000000186918,13,149,0.08024691358024691,-12.85697287654321
10700.000000187136,15,147,0.09259259259259259,-14.834968703703703
10710.000000187354,18,144,0.1111111111111111,-17.80196244444444
10720.000000187572,14,148,0.08641975308641975,-13.845970790123458
10730.00000018779,14,148,0.08641975308641975,-13.845970790123458
10740.000000188009,12,150,0.07407407407407407,-11.867974962962963
10750.000000188227,13,149,0.08024691358024691,-12.85697287654321
10760.000000188445,14,148,0.08641975308641975,-13.845970790123458
10770.000000188664,18,144,0.1111111111111111,-17.80196244444444
10780.000000188882,12,150,0.07407407407407407,-11.867974962962963
10790.0000001891,16,146,0.09876543209876543,-15.823966617283949
10800.000000189319,12,150,0.07407407407407407,-11.867974962962963
10810.000000189537,15,147,0.09259259259259259,-14.834968703703703
10820.000000189755,15,147,0.09259259259259259,-14.834968703703703
10830.000000189973,16,146,0.09876543209876543,-15.823966617283949
10840.000000190192,11,151,0.06790123456790123,-10.878977049382717
10850.00000019041,13,149,0.08024691358024691,-12.85697287654321
10860.000000190628,18,144,0.1111111111111111,-17.80196244444444
10870.000000190847,14,148,0.08641975308641975,-13.845970790123458
10880.000000191065,14,148,0.08641975308641975,-13.845970790123458
10890.000000191283,15,147,0.09259259259259259,-14.834968703703703
10900.000000191501,12,150,0.07407407407407407,-11.867974962962963
10910.00000019172,15,147,0.09259259259259259,-14.834968703703703
10920.000000191938,18,144,0.1111111111111111,-17.80196244444444
10930.000000192156,14,148,0.08641975308641975,-13.845970790123458
10940.000000192375,15,147,0.09259259259259259,-14.834968703703703
10950.000000192593,12,150,0.07407407407407407,-11.867974962962963
10960.000000192811,13,149,0.08024691358024691,-12.85697287654321
10970.00000019303,13,149,0.08024691358024691,-12.85697287654321
10980.000000193248,13,149,0.08024691358024691,-12.85697287654321
10990.000000193466,14,148,0.08641975308641975,-13.845970790123458
11000.000000193684,17,145,0.10493827160493827,-16.812964530864196
11010.000000193902,15,147,0.09259259259259259,-14.834968703703703
11020.00000019412,18,144,0.1111111111111111,-17.80196244444444
11030.000000194339,18,144,0.1111111111111111,-17.80196244444444
11040.000000194557,17,145,0.10493827160493827,-16.812964530864196
11050.000000194776,19,143,0.11728395061728394,-18.790960358024687
11060.000000194994,13,149,0.08024691358024691,-12.85697287654321
11070.000000195212,14,148,0.08641975308641975,-13.845970790123458
11080.00000019543,11,151,0.06790123456790123,-10.878977049382717
11090.000000195649,18,144,0.1111111111111111,-17.80196244444444
11100.000000195867,17,145,0.10493827160493827,-16.812964530864196
11110.000000196085,15,147,0.09259259259259259,-14.834968703703703
11120.000000196304,16,146,0.09876543209876543,-15.823966617283949
11130.000000196522,13,149,0.08024691358024691,-12.85697287654321
11140.00000019674,18,144,0.1111111111111111,-17.80196244444444
11150.000000196958,11,151,0.06790123456790123,-10.878977049382717
11160.000000197177,8,154,0.04938271604938271,-7.911983308641974
11170.000000197395,12,150,0.07407407407407407,-11.867974962962963
11180.000000197613,14,148,0.08641975308641975,-13.845970790123458
11190.000000197831,13,149,0.08024691358024691,-12.85697287654321
11200.00000019805,13,149,0.08024691358024691,-12.85697287654321
11210.000000198268,12,150,0.07407407407407407,-11.867974962962963
11220.000000198486,12,150,0.07407407407407407,-11.867974962962963
11230.000000198705,15,147,0.09259259259259259,-14.834968703703703
11240.000000198923,13,149,0.08024691358024691,-12.85697287654321
11250.000000199141,13,149,0.08024691358024691,-12.85697287654321
11260.00000019936,15,147,0.09259259259259259,-14.834968703703703
11270.000000199578,17,145,0.10493827160493827,-16.812964530864196
11280.000000199796,12,150,0.07407407407407407,-11.867974962962963
11290.000000200014,15,147,0.09259259259259259,-14.834968703703703
11300.000000200233,11,151,0.06790123456790123,-10.878977049382717
11310.00000020045,13,149,0.08024691358024691,-12.85697287654321
11320.00000020067,16,146,0.09876543209876543,-15.823966617283949
11330.000000200887,18,144,0.1111111111111111,-17.80196244444444
11340.000000201106,15,147,0.09259259259259259,-14.834968703703703
11350.000000201324,14,148,0.08641975308641975,-13.845970790123458
11360.000000201542,13,149,0.08024691358024691,-12.85697287654321
11370.00000020176,13,149,0.08024691358024691,-12.85697287654321
11380.000000201979,10,152,0.06172839506172839,-9.889979135802468
11390.000000202197,13,149,0.08024691358024691,-12.85697287654321
11400.000000202415,13,149,0.08024691358024691,-12.85697287654321
11410.000000202634,14,148,0.08641975308641975,-13.845970790123458
11420.000000202852,13,149,0.08024691358024691,-12.85697287654321
11430.00000020307,13,149,0.08024691358024691,-12.85697287654321
11440.000000203288,15,147,0.09259259259259259,-14.834968703703703
11450.000000203507,18,144,0.1111111111111111,-17.80196244444444
11460.000000203725,14,148,0.08641975308641975,-13.845970790123458
11470.000000203943,16,146,0.09876543209876543,-15.823966617283949
11480.000000204162,20,142,0.12345679012345678,-19.779958271604936
11490.00000020438,14,148,0.08641975308641975,-13.845970790123458
11500.000000204598,15,147,0.09259259259259259,-14.834968703703703
11510.000000204816,15,147,0.09259259259259259,-14.834968703703703
11520.000000205035,16,146,0.09876543209876543,-15.823966617283949
11530.000000205253,13,149,0.08024691358024691,-12.85697287654321
11540.000000205471,19,143,0.11728395061728394,-18.790960358024687
11550.00000020569,17,145,0.10493827160493827,-16.812964530864196
11560.000000205908,13,149,0.08024691358024691,-12.85697287654321
11570.000000206126,19,143,0.11728395061728394,-18.790960358024687
11580.000000206344,16,146,0.09876543209876543,-15.823966617283949
11590.000000206563,12,150,0.07407407407407407,-11.867974962962963
11600.00000020678,9,153,0.05555555555555555,-8.90098122222222
11610.000000207,11,151,0.06790123456790123,-10.878977049382717
11620.000000207217,14,148,0.08641975308641975,-13.845970790123458
11630.000000207436,10,152,0.06172839506172839,-9.889979135802468
11640.000000207654,12,150,0.07407407407407407,-11.867974962962963
11650.000000207872,17,145,0.10493827160493827,-16.812964530864196
11660.00000020809,13,149,0.08024691358024691,-12.85697287654321
11670.000000208309,15,147,0.09259259259259259,-14.834968703703703
11680.000000208527,13,149,0.08024691358024691,-12.85697287654321
11690.000000208745,13,149,0.08024691358024691,-12.85697287654321
11700.000000208964,11,151,0.06790123456790123,-10.878977049382717
11710.000000209182,13,149,0.08024691358024691,-12.85697287654321
11720.0000002094,16,146,0.09876543209876543,-15.823966617283949
11730.000000209619,14,148,0.08641975308641975,-13.845970790123458
11740.000000209837,14,148,0.08641975308641975,-13.845970790123458
11750.000000210055,12,150,0.07407407407407407,-11.867974962962963
11760.000000210273,9,153,0.05555555555555555,-8.90098122222222
11770.000000210492,14,148,0.08641975308641975,-13.845970790123458
11780.00000021071,14,148,0.08641975308641975,-13.845970790123458
11790.000000210928,13,149,0.08024691358024691,-12.85697287654321
11800.000000211146,12,150,0.07407407407407407,-11.867974962962963
11810.000000211365,13,149,0.08024691358024691,-12.85697287654321
11820.000000211583,13,149,0.08024691358024691,-12.85697287654321
11830.000000211801,7,155,0.043209876543209874,-6.922985395061729
11840.00000021202,13,149,0.08024691358024691,-12.85697287654321
11850.000000212238,10,152,0.06172839506172839,-9.889979135802468
11860.000000212456,9,153,0.05555555555555555,-8.90098122222222
11870.000000212674,10,152,0.06172839506172839,-9.889979135802468
11880.000000212893,10,152,0.06172839506172839,-9.889979135802468
11890.000000213111,11,151,0.06790123456790123,-10.878977049382717
11900.00000021333,17,145,0.10493827160493827,-16.812964530864196
11910.000000213548,16,146,0.09876543209876543,-15.823966617283949
11920.000000213766,12,150,0.07407407407407407,-11.867974962962963
11930.000000213984,15,147,0.09259259259259259,-14.834968703703703
11940.000000214202,12,150,0.07407407407407407,-11.867974962962963
11950.00000021442,12,150,0.07407407407407407,-11.867974962962963
11960.000000214639,15,147,0.09259259259259259,-14.834968703703703
11970.000000214857,13,149,0.08024691358024691,-12.85697287654321
11980.000000215075,15,147,0.09259259259259259,-14.834968703703703
11990.000000215294,13,149,0.08024691358024691,-12.85697287654321
12000.000000215512,15,147,0.09259259259259259,-14.834968703703703
12010.00000021573,12,150,0.07407407407407407,-11.867974962962963
12020.000000215949,12,150,0.07407407407407407,-11.867974962962963
12030.000000216167,9,153,0.05555555555555555,-8.90098122222222
12040.000000216385,19,143,0.11728395061728394,-18.790960358024687
12050.000000216603,16,146,0.09876543209876543,-15.823966617283949
12060.000000216822,19,143,0.11728395061728394,-18.790960358024687
12070.00000021704,17,145,0.10493827160493827,-16.812964530864196
12080.000000217258,15,147,0.09259259259259259,-14.834968703703703
12090.000000217477,18,144,0.1111111111111111,-17.80196244444444
12100.000000217695,16,146,0.09876543209876543,-15.823966617283949
12110.000000217913,17,145,0.10493827160493827,-16.812964530864196
12120.000000218131,15,147,0.09259259259259259,-14.834968703703703
12130.00000021835,15,147,0.09259259259259259,-14.834968703703703
12140.000000218568,15,147,0.09259259259259259,-14.834968703703703
12150.000000218786,13,149,0.08024691358024691,-12.85697287654321
12160.000000219005,15,147,0.09259259259259259,-14.834968703703703
12170.000000219223,14,148,0.08641975308641975,-13.845970790123458
12180.000000219441,12,150,0.07407407407407407,-11.867974962962963
12190.00000021966,15,147,0.09259259259259259,-14.834968703703703
12200.000000219878,11,151,0.06790123456790123,-10.878977049382717
12210.000000220096,13,149,0.08024691358024691,-12.85697287654321
12220.000000220314,12,150,0.07407407407407407,-11.867974962962963
12230.000000220532,12,150,0.07407407407407407,-11.867974962962963
12240.00000022075,12,150,0.07407407407407407,-11.867974962962963
12250.000000220969,15,147,0.09259259259259259,-14.834968703703703
12260.000000221187,12,150,0.07407407407407407,-11.867974962962963
12270.000000221406,14,148,0.08641975308641975,-13.845970790123458
12280.000000221624,15,147,0.09259259259259259,-14.834968703703703
12290.000000221842,16,146,0.09876543209876543,-15.823966617283949
12300.00000022206,15,147,0.09259259259259259,-14.834968703703703
12310.000000222279,16,146,0.09876543209876543,-15.823966617283949
12320.000000222497,14,148,0.08641975308641975,-13.845970790123458
12330.000000222715,13,149,0.08024691358024691,-12.85697287654321
12340.000000222934,17,145,0.10493827160493827,-16.812964530864196
12350.000000223152,18,144,0.1111111111111111,-17.80196244444444
12360.00000022337,17,145,0.10493827160493827,-16.812964530864196
12370.000000223588,16,146,0.09876543209876543,-15.823966617283949
12380.000000223807,18,144,0.1111111111111111,-17.80196244444444
12390.000000224025,16,146,0.09876543209876543,-15.823966617283949
12400.000000224243,18,144,0.1111111111111111,-17.80196244444444
12410.000000224461,17,145,0.10493827160493827,-16.812964530864196
12420.00000022468,18,144,0.1111111111111111,-17.80196244444444
12430.000000224898,11,151,0.06790123456790123,-10.878977049382717
12440.000000225116,15,147,0.09259259259259259,-14.834968703703703
12450.000000225335,13,149,0.08024691358024691,-12.85697287654321
12460.000000225553,14,148,0.08641975308641975,-13.845970790123458
12470.000000225771,14,148,0.08641975308641975,-13.845970790123458
12480.00000022599,15,147,0.09259259259259259,-14.834968703703703
12490.000000226208,16,146,0.09876543209876543,-15.823966617283949
12500.000000226426,17,145,0.10493827160493827,-16.812964530864196
12510.000000226644,16,146,0.09876543209876543,-15.823966617283949
12520.000000226863,16,146,0.09876543209876543,-15.823966617283949
12530.00000022708,14,148,0.08641975308641975,-13.845970790123458
12540.0000002273,13,149,0.08024691358024691,-12.85697287654321
12550.000000227517,15,147,0.09259259259259259,-14.834968703703703
12560.000000227736,15,147,0.09259259259259259,-14.834968703703703
12570.000000227954,15,147,0.09259259259259259,-14.834968703703703
12580.000000228172,18,144,0.1111111111111111,-17.80196244444444
12590.00000022839,14,148,0.08641975308641975,-13.845970790123458
12600.000000228609,18,144,0.1111111111111111,-17.80196244444444
12610.000000228827,14,148,0.08641975308641975,-13.845970790123458
12620.000000229045,14,148,0.08641975308641975,-13.845970790123458
12630.000000229264,16,146,0.09876543209876543,-15.823966617283949
12640.000000229482,15,147,0.09259259259259259,-14.834968703703703
12650.0000002297,17,145,0.10493827160493827,-16.812964530864196
12660.000000229918,14,148,0.08641975308641975,-13.845970790123458
12670.000000230137,16,146,0.09876543209876543,-15.823966617283949
12680.000000230355,16,146,0.09876543209876543,-15.823966617283949
12690.000000230573,17,145,0.10493827160493827,-16.812964530864196
12700.000000230792,16,146,0.09876543209876543,-15.823966617283949
12710.00000023101,15,147,0.09259259259259259,-14.834968703703703
12720.000000231228,14,148,0.08641975308641975,-13.845970790123458
12730.000000231446,17,145,0.10493827160493827,-16.812964530864196
12740.000000231665,15,147,0.09259259259259259,-14.834968703703703
12750.000000231883,16,146,0.09876543209876543,-15.823966617283949
12760.000000232101,17,145,0.10493827160493827,-16.812964530864196
12770.00000023232,17,145,0.10493827160493827,-16.812964530864196
12780.000000232538,19,143,0.11728395061728394,-18.790960358024687
12790.000000232756,18,144,0.1111111111111111,-17.80196244444444
12800.000000232974,14,148,0.08641975308641975,-13.845970790123458
12810.000000233193,20,142,0.12345679012345678,-19.779958271604936
12820.00000023341,19,143,0.11728395061728394,-18.790960358024687
12830.00000023363,13,149,0.08024691358024691,-12.85697287654321
12840.000000233847,15,147,0.09259259259259259,-14.834968703703703
12850.000000234066,16,146,0.09876543209876543,-15.823966617283949
12860.000000234284,14,148,0.08641975308641975,-13.845970790123458
12870.000000234502,15,147,0.09259259259259259,-14.834968703703703
12880.00000023472,17,145,0.10493827160493827,-16.812964530864196
12890.000000234939,17,145,0.10493827160493827,-16.812964530864196
12900.000000235157,15,147,0.09259259259259259,-14.834968703703703
12910.000000235375,16,146,0.09876543209876543,-15.823966617283949
12920.000000235594,16,146,0.09876543209876543,-15.823966617283949
12930.000000235812,16,146,0.09876543209876543,-15.823966617283949
12940.00000023603,15,147,0.09259259259259259,-14.834968703703703
12950.000000236249,14,148,0.08641975308641975,-13.845970790123458
12960.000000236467,13,149,0.08024691358024691,-12.85697287654321
12970.000000236685,13,149,0.08024691358024691,-12.85697287654321
12980.000000236903,14,148,0.08641975308641975,-13.845970790123458
12990.000000237122,15,147,0.09259259259259259,-14.834968703703703
13000.00000023734,18,144,0.1111111111111111,-17.80196244444444
13010.000000237558,14,148,0.08641975308641975,-13.845970790123458
13020.000000237776,17,145,0.10493827160493827,-16.812964530864196
13030.000000237995,14,148,0.08641975308641975,-13.845970790123458
13040.000000238213,15,147,0.09259259259259259,-14.834968703703703
13050.000000238431,9,153,0.05555555555555555,-8.90098122222222
13060.00000023865,12,150,0.07407407407407407,-11.867974962962963
13070.000000238868,14,148,0.08641975308641975,-13.845970790123458
13080.000000239086,10,152,0.06172839506172839,-9.889979135802468
13090.000000239304,13,149,0.08024691358024691,-12.85697287654321
13100.000000239523,12,150,0.07407407407407407,-11.867974962962963
13110.000000239741,15,147,0.09259259259259259,-14.834968703703703
13120.00000023996,13,149,0.08024691358024691,-12.85697287654321
13130.000000240178,16,146,0.09876543209876543,-15.823966617283949
13140.000000240396,12,150,0.07407407407407407,-11.867974962962963
13150.000000240614,14,148,0.08641975308641975,-13.845970790123458
13160.000000240832,13,149,0.08024691358024691,-12.85697287654321
13170.00000024105,9,153,0.05555555555555555,-8.90098122222222
13180.000000241269,14,148,0.08641975308641975,-13.845970790123458
13190.000000241487,13,149,0.08024691358024691,-12.85697287654321
13200.000000241705,12,150,0.07407407407407407,-11.867974962962963
13210.000000241924,12,150,0.07407407407407407,-11.867974962962963
13220.000000242142,13,149,0.08024691358024691,-12.85697287654321
13230.00000024236,13,149,0.08024691358024691,-12.85697287654321
13240.000000242579,15,147,0.09259259259259259,-14.834968703703703
13250.000000242797,17,145,0.10493827160493827,-16.812964530864196
13260.000000243015,18,144,0.1111111111111111,-17.80196244444444
13270.000000243233,21,141,0.12962962962962962,-20.768956185185182
13280.000000243452,19,143,0.11728395061728394,-18.790960358024687
13290.00000024367,14,148,0.08641975308641975,-13.845970790123458
13300.000000243888,16,146,0.09876543209876543,-15.823966617283949
13310.000000244107,16,146,0.09876543209876543,-15.823966617283949
13320.000000244325,15,147,0.09259259259259259,-14.834968703703703
13330.000000244543,14,148,0.08641975308641975,-13.845970790123458
13340.000000244761,15,147,0.09259259259259259,-14.834968703703703
13350.00000024498,14,148,0.08641975308641975,-13.845970790123458
13360.000000245198,17,145,0.10493827160493827,-16.812964530864196
13370.000000245416,13,149,0.08024691358024691,-12.85697287654321
13380.000000245635,13,149,0.08024691358024691,-12.85697287654321
13390.000000245853,16,146,0.09876543209876543,-15.823966617283949
13400.000000246071,13,149,0.08024691358024691,-12.85697287654321
13410.00000024629,14,148,0.08641975308641975,-13.845970790123458
13420.000000246508,14,148,0.08641975308641975,-13.845970790123458
13430.000000246726,10,152,0.06172839506172839,-9.889979135802468
13440.000000246944,15,147,0.09259259259259259,-14.834968703703703
13450.000000247162,16,146,0.09876543209876543,-15.823966617283949
13460.00000024738,13,149,0.08024691358024691,-12.85697287654321
13470.000000247599,15,147,0.09259259259259259,-14.834968703703703
13480.000000247817,17,145,0.10493827160493827,-16.812964530864196
13490.000000248036,17,145,0.10493827160493827,-16.812964530864196
13500.000000248254,18,144,0.1111111111111111,-17.80196244444444
13510.000000248472,17,145,0.10493827160493827,-16.812964530864196
13520.00000024869,20,142,0.12345679012345678,-19.779958271604936
13530.000000248909,14,148,0.08641975308641975,-13.845970790123458
13540.000000249127,13,149,0.08024691358024691,-12.85697287654321
13550.000000249345,14,148,0.08641975308641975,-13.845970790123458
13560.000000249564,10,152,0.06172839506172839,-9.889979135802468
13570.000000249782,13,149,0.08024691358024691,-12.85697287654321
13580.00000025,14,148,0.08641975308641975,-13.845970790123458
13590.000000250218,17,145,0.10493827160493827,-16.812964530864196
13600.000000250437,14,148,0.08641975308641975,-13.845970790123458
13610.000000250655,14,148,0.08641975308641975,-13.845970790123458
13620.000000250873,11,151,0.06790123456790123,-10.878977049382717
13630.000000251091,13,149,0.08024691358024691,-12.85697287654321
13640.00000025131,17,145,0.10493827160493827,-16.812964530864196
13650.000000251528,15,147,0.09259259259259259,-14.834968703703703
13660.000000251746,14,148,0.08641975308641975,-13.845970790123458
13670.000000251965,17,145,0.10493827160493827,-16.812964530864196
13680.000000252183,10,152,0.06172839506172839,-9.889979135802468
13690.000000252401,13,149,0.08024691358024691,-12.85697287654321
13700.00000025262,11,151,0.06790123456790123,-10.878977049382717
13710.000000252838,14,148,0.08641975308641975,-13.845970790123458
13720.000000253056,14,148,0.08641975308641975,-13.845970790123458
13730.000000253274,14,148,0.08641975308641975,-13.845970790123458
13740.000000253493,17,145,0.10493827160493827,-16.812964530864196
13750.00000025371,14,148,0.08641975308641975,-13.845970790123458
13760.00000025393,14,148,0.08641975308641975,-13.845970790123458
13770.000000254147,9,153,0.05555555555555555,-8.90098122222222
13780.000000254366,13,149,0.08024691358024691,-12.85697287654321
13790.000000254584,11,151,0.06790123456790123,-10.878977049382717
13800.000000254802,11,151,0.06790123456790123,-10.878977049382717
13810.00000025502,13,149,0.08024691358024691,-12.85697287654321
13820.000000255239,9,153,0.05555555555555555,-8.90098122222222
13830.000000255457,13,149,0.08024691358024691,-12.85697287654321
13840.000000255675,15,147,0.09259259259259259,-14.834968703703703
13850.000000255894,16,146,0.09876543209876543,-15.823966617283949
13860.000000256112,16,146,0.09876543209876543,-15.823966617283949
13870.00000025633,14,148,0.08641975308641975,-13.845970790123458
13880.000000256548,15,147,0.09259259259259259,-14.834968703703703
13890.000000256767,15,147,0.09259259259259259,-14.834968703703703
13900.000000256985,12,150,0.07407407407407407,-11.867974962962963
13910.000000257203,15,147,0.09259259259259259,-14.834968703703703
13920.000000257422,14,148,0.08641975308641975,-13.845970790123458
13930.00000025764,11,151,0.06790123456790123,-10.878977049382717
13940.000000257858,15,147,0.09259259259259259,-14.834968703703703
13950.000000258076,17,145,0.10493827160493827,-16.812964530864196
13960.000000258295,14,148,0.08641975308641975,-13.845970790123458
13970.000000258513,16,146,0.09876543209876543,-15.823966617283949
13980.000000258731,13,149,0.08024691358024691,-12.85697287654321
13990.00000025895,15,147,0.09259259259259259,-14.834968703703703
14000.000000259168,17,145,0.10493827160493827,-16.812964530864196
14010.000000259386,13,149,0.08024691358024691,-12.85697287654321
14020.000000259604,15,147,0.09259259259259259,-14.834968703703703
14030.000000259823,10,152,0.06172839506172839,-9.889979135802468
14040.00000026004,19,143,0.11728395061728394,-18.790960358024687
14050.00000026026,13,149,0.08024691358024691,-12.85697287654321
14060.000000260477,12,150,0.07407407407407407,-11.867974962962963
14070.000000260696,15,147,0.09259259259259259,-14.834968703703703
14080.000000260914,13,149,0.08024691358024691,-12.85697287654321
14090.000000261132,14,148,0.08641975308641975,-13.845970790123458
14100.00000026135,12,150,0.07407407407407407,-11.867974962962963
14110.000000261569,12,150,0.07407407407407407,-11.867974962962963
14120.000000261787,10,152,0.06172839506172839,-9.889979135802468
14130.000000262005,10,152,0.06172839506172839,-9.889979135802468
14140.000000262224,8,154,0.04938271604938271,-7.911983308641974
14150.000000262442,12,150,0.07407407407407407,-11.867974962962963
14160.00000026266,10,152,0.06172839506172839,-9.889979135802468
14170.000000262879,16,146,0.09876543209876543,-15.823966617283949
14180.000000263097,10,152,0.06172839506172839,-9.889979135802468
14190.000000263315,13,149,0.08024691358024691,-12.85697287654321
14200.000000263533,15,147,0.09259259259259259,-14.834968703703703
14210.000000263752,14,148,0.08641975308641975,-13.845970790123458
14220.00000026397,14,148,0.08641975308641975,-13.845970790123458
14230.000000264188,13,149,0.08024691358024691,-12.85697287654321
14240.000000264406,13,149,0.08024691358024691,-12.85697287654321
14250.000000264625,15,147,0.09259259259259259,-14.834968703703703
14260.000000264843,16,146,0.09876543209876543,-15.823966617283949
14270.000000265061,13,149,0.08024691358024691,-12.85697287654321
14280.00000026528,13,149,0.08024691358024691,-12.85697287654321
14290.000000265498,16,146,0.09876543209876543,-15.823966617283949
14300.000000265716,11,151,0.06790123456790123,-10.878977049382717
14310.000000265934,14,148,0.08641975308641975,-13.845970790123458
14320.000000266153,12,150,0.07407407407407407,-11.867974962962963
14330.000000266371,14,148,0.08641975308641975,-13.845970790123458
14340.00000026659,14,148,0.08641975308641975,-13.845970790123458
14350.000000266808,13,149,0.08024691358024691,-12.85697287654321
14360.000000267026,14,148,0.08641975308641975,-13.845970790123458
14370.000000267244,15,147,0.09259259259259259,-14.834968703703703
14380.000000267462,13,149,0.08024691358024691,-12.85697287654321
14390.00000026768,18,144,0.1111111111111111,-17.80196244444444
14400.000000267899,17,145,0.10493827160493827,-16.812964530864196
14410.000000268117,19,143,0.11728395061728394,-18.790960358024687
14420.000000268335,20,142,0.12345679012345678,-19.779958271604936
14430.000000268554,17,145,0.10493827160493827,-16.812964530864196
14440.000000268772,15,147,0.09259259259259259,-14.834968703703703
14450.00000026899,12,150,0.07407407407407407,-11.867974962962963
14460.000000269209,17,145,0.10493827160493827,-16.812964530864196
14470.000000269427,16,146,0.09876543209876543,-15.823966617283949
14480.000000269645,16,146,0.09876543209876543,-15.823966617283949
14490.000000269863,15,147,0.09259259259259259,-14.834968703703703
14500.000000270082,21,141,0.12962962962962962,-20.768956185185182
14510.0000002703,21,141,0.12962962962962962,-20.768956185185182
14520.000000270518,17,145,0.10493827160493827,-16.812964530864196
14530.000000270737,18,144,0.1111111111111111,-17.80196244444444
14540.000000270955,13,149,0.08024691358024691,-12.85697287654321
14550.000000271173,17,145,0.10493827160493827,-16.812964530864196
14560.000000271391,15,147,0.09259259259259259,-14.834968703703703
14570.00000027161,17,145,0.10493827160493827,-16.812964530864196
14580.000000271828,15,147,0.09259259259259259,-14.834968703703703
14590.000000272046,15,147,0.09259259259259259,-14.834968703703703
14600.000000272265,13,149,0.08024691358024691,-12.85697287654321
14610.000000272483,12,150,0.07407407407407407,-11.867974962962963
14620.000000272701,14,148,0.08641975308641975,-13.845970790123458
14630.00000027292,9,153,0.05555555555555555,-8.90098122222222
14640.000000273138,13,149,0.08024691358024691,-12.85697287654321
14650.000000273356,12,150,0.07407407407407407,-11.867974962962963
14660.000000273574,14,148,0.08641975308641975,-13.845970790123458
14670.000000273792,11,151,0.06790123456790123,-10.878977049382717
14680.00000027401,14,148,0.08641975308641975,-13.845970790123458
14690.000000274229,13,149,0.08024691358024691,-12.85697287654321
14700.000000274447,11,151,0.06790123456790123,-10.878977049382717
14710.000000274666,15,147,0.09259259259259259,-14.834968703703703
14720.000000274884,13,149,0.08024691358024691,-12.85697287654321
14730.000000275102,16,146,0.09876543209876543,-15.823966617283949
14740.00000027532,17,145,0.10493827160493827,-16.812964530864196
14750.000000275539,14,148,0.08641975308641975,-13.845970790123458
14760.000000275757,15,147,0.09259259259259259,-14.834968703703703
14770.000000275975,12,150,0.07407407407407407,-11.867974962962963
14780.000000276194,17,145,0.10493827160493827,-16.812964530864196
14790.000000276412,14,148,0.08641975308641975,-13.845970790123458
14800.00000027663,12,150,0.07407407407407407,-11.867974962962963
14810.000000276848,16,146,0.09876543209876543,-15.823966617283949
14820.000000277067,19,143,0.11728395061728394,-18.790960358024687
14830.000000277285,17,145,0.10493827160493827,-16.812964530864196
14840.000000277503,14,148,0.08641975308641975,-13.845970790123458
14850.000000277721,20,142,0.12345679012345678,-19.779958271604936
14860.00000027794,11,151,0.06790123456790123,-10.878977049382717
14870.000000278158,11,151,0.06790123456790123,-10.878977049382717
14880.000000278376,16,146,0.09876543209876543,-15.823966617283949
14890.000000278595,16,146,0.09876543209876543,-15.823966617283949
14900.000000278813,15,147,0.09259259259259259,-14.834968703703703
14910.000000279031,18,144,0.1111111111111111,-17.80196244444444
14920.00000027925,15,147,0.09259259259259259,-14.834968703703703
14930.000000279468,17,145,0.10493827160493827,-16.812964530864196
14940.000000279686,17,145,0.10493827160493827,-16.812964530864196
14950.000000279904,13,149,0.08024691358024691,-12.85697287654321
14960.000000280123,14,148,0.08641975308641975,-13.845970790123458
14970.00000028034,14,148,0.08641975308641975,-13.845970790123458
14980.00000028056,18,144,0.1111111111111111,-17.80196244444444
14990.000000280777,15,147,0.09259259259259259,-14.834968703703703
15000.000000280996,16,146,0.09876543209876543,-15.823966617283949
15010.000000281214,15,147,0.09259259259259259,-14.834968703703703
15020.000000281432,18,144,0.1111111111111111,-17.80196244444444
15030.00000028165,16,146,0.09876543209876543,-15.823966617283949
15040.000000281869,12,150,0.07407407407407407,-11.867974962962963
15050.000000282087,16,146,0.09876543209876543,-15.823966617283949
15060.000000282305,13,149,0.08024691358024691,-12.85697287654321
15070.000000282524,17,145,0.10493827160493827,-16.812964530864196
15080.000000282742,17,145,0.10493827160493827,-16.812964530864196
15090.00000028296,16,146,0.09876543209876543,-15.823966617283949
15100.000000283178,14,148,0.08641975308641975,-13.845970790123458
15110.000000283397,10,152,0.06172839506172839,-9.889979135802468
15120.000000283615,17,145,0.10493827160493827,-16.812964530864196
15130.000000283833,13,149,0.08024691358024691,-12.85697287654321
15140.000000284052,11,151,0.06790123456790123,-10.878977049382717
15150.00000028427,15,147,0.09259259259259259,-14.834968703703703
15160.000000284488,14,148,0.08641975308641975,-13.845970790123458
15170.000000284706,15,147,0.09259259259259259,-14.834968703703703
15180.000000284925,14,148,0.08641975308641975,-13.845970790123458
15190.000000285143,16,146,0.09876543209876543,-15.823966617283949
15200.000000285361,14,148,0.08641975308641975,-13.845970790123458
15210.00000028558,16,146,0.09876543209876543,-15.823966617283949
15220.000000285798,14,148,0.08641975308641975,-13.845970790123458
15230.000000286016,14,148,0.08641975308641975,-13.845970790123458
15240.000000286234,19,143,0.11728395061728394,-18.790960358024687
15250.000000286453,12,150,0.07407407407407407,-11.867974962962963
15260.000000286671,12,150,0.07407407407407407,-11.867974962962963
15270.00000028689,12,150,0.07407407407407407,-11.867974962962963
15280.000000287107,14,148,0.08641975308641975,-13.845970790123458
15290.000000287326,15,147,0.09259259259259259,-14.834968703703703
15300.000000287544,15,147,0.09259259259259259,-14.834968703703703
15310.000000287762,14,148,0.08641975308641975,-13.845970790123458
15320.00000028798,21,141,0.12962962962962962,-20.768956185185182
15330.000000288199,11,151,0.06790123456790123,-10.878977049382717
15340.000000288417,19,143,0.11728395061728394,-18.790960358024687
15350.000000288635,18,144,0.1111111111111111,-17.80196244444444
15360.000000288854,18,144,0.1111111111111111,-17.80196244444444
15370.000000289072,19,143,0.11728395061728394,-18.790960358024687
15380.00000028929,16,146,0.09876543209876543,-15.823966617283949
15390.000000289509,20,142,0.12345679012345678,-19.779958271604936
15400.000000289727,14,148,0.08641975308641975,-13.845970790123458
15410.000000289945,13,149,0.08024691358024691,-12.85697287654321
15420.000000290163,17,145,0.10493827160493827,-16.812964530864196
15430.000000290382,13,149,0.08024691358024691,-12.85697287654321
15440.0000002906,14,148,0.08641975308641975,-13.845970790123458
15450.000000290818,16,146,0.09876543209876543,-15.823966617283949
15460.000000291036,14,148,0.08641975308641975,-13.845970790123458
15470.000000291255,10,152,0.06172839506172839,-9.889979135802468
15480.000000291473,18,144,0.1111111111111111,-17.80196244444444
15490.000000291691,16,146,0.09876543209876543,-15.823966617283949
15500.00000029191,17,145,0.10493827160493827,-16.812964530864196
15510.000000292128,10,152,0.06172839506172839,-9.889979135802468
15520.000000292346,11,151,0.06790123456790123,-10.878977049382717
15530.000000292564,11,151,0.06790123456790123,-10.878977049382717
15540.000000292783,15,147,0.09259259259259259,-14.834968703703703
15550.000000293001,12,150,0.07407407407407407,-11.867974962962963
15560.00000029322,12,150,0.07407407407407407,-11.867974962962963
15570.000000293438,13,149,0.08024691358024691,-12.85697287654321
15580.000000293656,10,152,0.06172839506172839,-9.889979135802468
15590.000000293874,14,148,0.08641975308641975,-13.845970790123458
15600.000000294092,15,147,0.09259259259259259,-14.834968703703703
15610.00000029431,15,147,0.09259259259259259,-14.834968703703703
15620.000000294529,14,148,0.08641975308641975,-13.845970790123458
15630.000000294747,16,146,0.09876543209876543,-15.823966617283949
15640.000000294966,13,149,0.08024691358024691,-12.85697287654321
15650.000000295184,17,145,0.10493827160493827,-16.812964530864196
15660.000000295402,10,152,0.06172839506172839,-9.889979135802468
15670.00000029562,20,142,0.12345679012345678,-19.779958271604936
15680.000000295839,15,147,0.09259259259259259,-14.834968703703703
15690.000000296057,19,143,0.11728395061728394,-18.790960358024687
15700.000000296275,16,146,0.09876543209876543,-15.823966617283949
15710.000000296493,17,145,0.10493827160493827,-16.812964530864196
15720.000000296712,19,143,0.11728395061728394,-18.790960358024687
15730.00000029693,14,148,0.08641975308641975,-13.845970790123458
15740.000000297148,15,147,0.09259259259259259,-14.834968703703703
15750.000000297367,16,146,0.09876543209876543,-15.823966617283949
15760.000000297585,14,148,0.08641975308641975,-13.845970790123458
15770.000000297803,16,146,0.09876543209876543,-15.823966617283949
15780.000000298021,13,149,0.08024691358024691,-12.85697287654321
15790.00000029824,14,148,0.08641975308641975,-13.845970790123458
15800.000000298458,13,149,0.08024691358024691,-12.85697287654321
15810.000000298676,16,146,0.09876543209876543,-15.823966617283949
15820.000000298895,15,147,0.09259259259259259,-14.834968703703703
15830.000000299113,16,146,0.09876543209876543,-15.823966617283949
15840.000000299331,15,147,0.09259259259259259,-14.834968703703703
15850.00000029955,15,147,0.09259259259259259,-14.834968703703703
15860.000000299768,13,149,0.08024691358024691,-12.85697287654321
15870.000000299986,16,146,0.09876543209876543,-15.823966617283949
15880.000000300204,13,149,0.08024691358024691,-12.85697287654321
15890.000000300422,20,142,0.12345679012345678,-19.779958271604936
15900.00000030064,17,145,0.10493827160493827,-16.812964530864196
15910.000000300859,13,149,0.08024691358024691,-12.85697287654321
15920.000000301077,17,145,0.10493827160493827,-16.812964530864196
15930.000000301296,17,145,0.10493827160493827,-16.812964530864196
15940.000000301514,15,147,0.09259259259259259,-14.834968703703703
15950.000000301732,19,143,0.11728395061728394,-18.790960358024687
15960.00000030195,13,149,0.08024691358024691,-12.85697287654321
15970.000000302169,16,146,0.09876543209876543,-15.823966617283949
15980.000000302387,12,150,0.07407407407407407,-11.867974962962963
15990.000000302605,15,147,0.09259259259259259,-14.834968703703703
16000.000000302824,13,149,0.08024691358024691,-12.85697287654321
16010.000000303042,10,152,0.06172839506172839,-9.889979135802468
16020.00000030326,15,147,0.09259259259259259,-14.834968703703703
16030.000000303478,12,150,0.07407407407407407,-11.867974962962963
16040.000000303697,17,145,0.10493827160493827,-16.812964530864196
16050.000000303915,18,144,0.1111111111111111,-17.80196244444444
16060.000000304133,18,144,0.1111111111111111,-17.80196244444444
16070.000000304351,13,149,0.08024691358024691,-12.85697287654321
16080.00000030457,10,152,0.06172839506172839,-9.889979135802468
16090.000000304788,15,147,0.09259259259259259,-14.834968703703703
16100.000000305006,12,150,0.07407407407407407,-11.867974962962963
16110.000000305225,12,150,0.07407407407407407,-11.867974962962963
16120.000000305443,15,147,0.09259259259259259,-14.834968703703703
16130.000000305661,11,151,0.06790123456790123,-10.878977049382717
16140.00000030588,18,144,0.1111111111111111,-17.80196244444444
16150.000000306098,13,149,0.08024691358024691,-12.85697287654321
16160.000000306316,14,148,0.08641975308641975,-13.845970790123458
16170.000000306534,13,149,0.08024691358024691,-12.85697287654321
16180.000000306753,16,146,0.09876543209876543,-15.823966617283949
16190.00000030697,16,146,0.09876543209876543,-15.823966617283949
16200.00000030719,16,146,0.09876543209876543,-15.823966617283949
16210.000000307407,15,147,0.09259259259259259,-14.834968703703703
16220.000000307626,12,150,0.07407407407407407,-11.867974962962963
16230.000000307844,10,152,0.06172839506172839,-9.889979135802468
16240.000000308062,12,150,0.07407407407407407,-11.867974962962963
16250.00000030828,16,146,0.09876543209876543,-15.823966617283949
16260.000000308499,13,149,0.08024691358024691,-12.85697287654321
16270.000000308717,14,148,0.08641975308641975,-13.845970790123458
16280.000000308935,12,150,0.07407407407407407,-11.867974962962963
16290.000000309154,11,151,0.06790123456790123,-10.878977049382717
16300.000000309372,15,147,0.09259259259259259,-14.834968703703703
16310.00000030959,16,146,0.09876543209876543,-15.823966617283949
16320.000000309808,9,153,0.05555555555555555,-8.90098122222222
16330.000000310027,14,148,0.08641975308641975,-13.845970790123458
16340.000000310245,10,152,0.06172839506172839,-9.889979135802468
16350.000000310463,17,145,0.10493827160493827,-16.812964530864196
16360.000000310682,13,149,0.08024691358024691,-12.85697287654321
16370.0000003109,15,147,0.09259259259259259,-14.834968703703703
16380.000000311118,15,147,0.09259259259259259,-14.834968703703703
16390.000000310243,13,149,0.08024691358024691,-12.85697287654321
16400.000000308642,14,148,0.08641975308641975,-13.845970790123458
16410.00000030704,15,147,0.09259259259259259,-14.834968703703703
16420.00000030544,14,148,0.08641975308641975,-13.845970790123458
16430.00000030384,15,147,0.09259259259259259,-14.834968703703703
16440.00000030224,14,148,0.08641975308641975,-13.845970790123458
16450.00000030064,12,150,0.07407407407407407,-11.867974962962963
16460.00000029904,14,148,0.08641975308641975,-13.845970790123458
16470.000000297438,9,153,0.05555555555555555,-8.90098122222222
16480.000000295837,11,151,0.06790123456790123,-10.878977049382717
16490.000000294236,16,146,0.09876543209876543,-15.823966617283949
16500.000000292635,16,146,0.09876543209876543,-15.823966617283949
16510.000000291035,15,147,0.09259259259259259,-14.834968703703703
16520.000000289434,14,148,0.08641975308641975,-13.845970790123458
16530.000000287833,15,147,0.09259259259259259,-14.834968703703703
16540.000000286233,15,147,0.09259259259259259,-14.834968703703703
16550.000000284632,14,148,0.08641975308641975,-13.845970790123458
16560.00000028303,12,150,0.07407407407407407,-11.867974962962963
16570.00000028143,13,149,0.08024691358024691,-12.85697287654321
16580.00000027983,18,144,0.1111111111111111,-17.80196244444444
16590.00000027823,15,147,0.09259259259259259,-14.834968703703703
16600.00000027663,11,151,0.06790123456790123,-10.878977049382717
16610.000000275028,15,147,0.09259259259259259,-14.834968703703703
16620.000000273427,15,147,0.09259259259259259,-14.834968703703703
16630.000000271826,15,147,0.09259259259259259,-14.834968703703703
16640.000000270225,14,148,0.08641975308641975,-13.845970790123458
16650.000000268625,14,148,0.08641975308641975,-13.845970790123458
16660.000000267024,13,149,0.08024691358024691,-12.85697287654321
16670.000000265423,17,145,0.10493827160493827,-16.812964530864196
16680.000000263823,12,150,0.07407407407407407,-11.867974962962963
16690.000000262222,14,148,0.08641975308641975,-13.845970790123458
16700.00000026062,13,149,0.08024691358024691,-12.85697287654321
16710.00000025902,13,149,0.08024691358024691,-12.85697287654321
16720.00000025742,13,149,0.08024691358024691,-12.85697287654321
16730.00000025582,14,148,0.08641975308641975,-13.845970790123458
16740.00000025422,15,147,0.09259259259259259,-14.834968703703703
16750.000000252618,15,147,0.09259259259259259,-14.834968703703703
16760.000000251017,15,147,0.09259259259259259,-14.834968703703703
16770.000000249416,16,146,0.09876543209876543,-15.823966617283949
16780.000000247815,16,146,0.09876543209876543,-15.823966617283949
16790.000000246215,16,146,0.09876543209876543,-15.823966617283949
16800.000000244614,13,149,0.08024691358024691,-12.85697287654321
16810.000000243013,14,148,0.08641975308641975,-13.845970790123458
16820.000000241413,12,150,0.07407407407407407,-11.867974962962963
16830.000000239812,16,146,0.09876543209876543,-15.823966617283949
16840.00000023821,12,150,0.07407407407407407,-11.867974962962963
16850.00000023661,11,151,0.06790123456790123,-10.878977049382717
16860.00000023501,13,149,0.08024691358024691,-12.85697287654321
16870.00000023341,16,146,0.09876543209876543,-15.823966617283949
16880.00000023181,14,148,0.08641975308641975,-13.845970790123458
16890.000000230208,14,148,0.08641975308641975,-13.845970790123458
16900.000000228607,11,151,0.06790123456790123,-10.878977049382717
16910.000000227006,13,149,0.08024691358024691,-12.85697287654321
16920.000000225406,10,152,0.06172839506172839,-9.889979135802468
16930.000000223805,14,148,0.08641975308641975,-13.845970790123458
16940.000000222204,12,150,0.07407407407407407,-11.867974962962963
16950.000000220603,16,146,0.09876543209876543,-15.823966617283949
16960.000000219003,11,151,0.06790123456790123,-10.878977049382717
16970.000000217402,15,147,0.09259259259259259,-14.834968703703703
16980.0000002158,9,153,0.05555555555555555,-8.90098122222222
16990.0000002142,15,147,0.09259259259259259,-14.834968703703703
17000.0000002126,17,145,0.10493827160493827,-16.812964530864196
17010.000000211,13,149,0.08024691358024691,-12.85697287654321
17020.0000002094,14,148,0.08641975308641975,-13.845970790123458
17030.000000207798,14,148,0.08641975308641975,-13.845970790123458
17040.000000206197,13,149,0.08024691358024691,-12.85697287654321
17050.000000204596,9,153,0.05555555555555555,-8.90098122222222
17060.000000202996,14,148,0.08641975308641975,-13.845970790123458
17070.000000201395,16,146,0.09876543209876543,-15.823966617283949
17080.000000199794,16,146,0.09876543209876543,-15.823966617283949
17090.000000198193,13,149,0.08024691358024691,-12.85697287654321
17100.000000196593,18,144,0.1111111111111111,-17.80196244444444
17110.000000194992,16,146,0.09876543209876543,-15.823966617283949
17120.00000019339,16,146,0.09876543209876543,-15.823966617283949
17130.00000019179,19,143,0.11728395061728394,-18.790960358024687
17140.00000019019,18,144,0.1111111111111111,-17.80196244444444
17150.00000018859,13,149,0.08024691358024691,-12.85697287654321
17160.00000018699,13,149,0.08024691358024691,-12.85697287654321
17170.000000185388,16,146,0.09876543209876543,-15.823966617283949
17180.000000183787,15,147,0.09259259259259259,-14.834968703703703
17190.000000182186,16,146,0.09876543209876543,-15.823966617283949
17200.000000180586,11,151,0.06790123456790123,-10.878977049382717
17210.000000178985,12,150,0.07407407407407407,-11.867974962962963
17220.000000177384,12,150,0.07407407407407407,-11.867974962962963
17230.000000175783,14,148,0.08641975308641975,-13.845970790123458
17240.000000174183,17,145,0.10493827160493827,-16.812964530864196
17250.000000172582,19,143,0.11728395061728394,-18.790960358024687
17260.00000017098,9,153,0.05555555555555555,-8.90098122222222
17270.00000016938,14,148,0.08641975308641975,-13.845970790123458
17280.00000016778,11,151,0.06790123456790123,-10.878977049382717
17290.00000016618,14,148,0.08641975308641975,-13.845970790123458
17300.00000016458,15,147,0.09259259259259259,-14.834968703703703
17310.000000162978,12,150,0.07407407407407407,-11.867974962962963
17320.000000161377,17,145,0.10493827160493827,-16.812964530864196
17330.000000159776,16,146,0.09876543209876543,-15.823966617283949
17340.000000158176,13,149,0.08024691358024691,-12.85697287654321
17350.000000156575,15,147,0.09259259259259259,-14.834968703703703
17360.000000154974,14,148,0.08641975308641975,-13.845970790123458
17370.000000153374,17,145,0.10493827160493827,-16.812964530864196
17380.000000151773,16,146,0.09876543209876543,-15.823966617283949
17390.000000150172,18,144,0.1111111111111111,-17.80196244444444
17400.00000014857,18,144,0.1111111111111111,-17.80196244444444
17410.00000014697,17,145,0.10493827160493827,-16.812964530864196
17420.00000014537,18,144,0.1111111111111111,-17.80196244444444
17430.00000014377,18,144,0.1111111111111111,-17.80196244444444
17440.00000014217,16,146,0.09876543209876543,-15.823966617283949
17450.000000140568,15,147,0.09259259259259259,-14.834968703703703
17460.000000138967,14,148,0.08641975308641975,-13.845970790123458
17470.000000137366,14,148,0.08641975308641975,-13.845970790123458
17480.000000135766,13,149,0.08024691358024691,-12.85697287654321
17490.000000134165,18,144,0.1111111111111111,-17.80196244444444
17500.000000132564,12,150,0.07407407407407407,-11.867974962962963
17510.000000130964,13,149,0.08024691358024691,-12.85697287654321
17520.000000129363,15,147,0.09259259259259259,-14.834968703703703
17530.000000127762,12,150,0.07407407407407407,-11.867974962962963
17540.00000012616,14,148,0.08641975308641975,-13.845970790123458
17550.00000012456,12,150,0.07407407407407407,-11.867974962962963
17560.00000012296,12,150,0.07407407407407407,-11.867974962962963
17570.00000012136,13,149,0.08024691358024691,-12.85697287654321
17580.00000011976,13,149,0.08024691358024691,-12.85697287654321
17590.000000118158,14,148,0.08641975308641975,-13.845970790123458
17600.000000116557,12,150,0.07407407407407407,-11.867974962962963
17610.000000114956,16,146,0.09876543209876543,-15.823966617283949
17620.000000113356,14,148,0.08641975308641975,-13.845970790123458
17630.000000111755,15,147,0.09259259259259259,-14.834968703703703
17640.000000110154,12,150,0.07407407407407407,-11.867974962962963
17650.000000108554,11,151,0.06790123456790123,-10.878977049382717
17660.000000106953,13,149,0.08024691358024691,-12.85697287654321
17670.000000105352,14,148,0.08641975308641975,-13.845970790123458
17680.00000010375,16,146,0.09876543209876543,-15.823966617283949
17690.00000010215,16,146,0.09876543209876543,-15.823966617283949
17700.00000010055,16,146,0.09876543209876543,-15.823966617283949
17710.00000009895,17,145,0.10493827160493827,-16.812964530864196
17720.00000009735,14,148,0.08641975308641975,-13.845970790123458
17730.000000095748,15,147,0.09259259259259259,-14.834968703703703
17740.000000094147,14,148,0.08641975308641975,-13.845970790123458
17750.000000092547,15,147,0.09259259259259259,-14.834968703703703
17760.000000090946,14,148,0.08641975308641975,-13.845970790123458
17770.000000089345,16,146,0.09876543209876543,-15.823966617283949
17780.000000087744,21,141,0.12962962962962962,-20.768956185185182
17790.000000086144,15,147,0.09259259259259259,-14.834968703703703
17800.000000084543,19,143,0.11728395061728394,-18.790960358024687
17810.000000082942,17,145,0.10493827160493827,-16.812964530864196
17820.00000008134,13,149,0.08024691358024691,-12.85697287654321
17830.00000007974,15,147,0.09259259259259259,-14.834968703703703
17840.00000007814,12,150,0.07407407407407407,-11.867974962962963
17850.00000007654,16,146,0.09876543209876543,-15.823966617283949
17860.00000007494,16,146,0.09876543209876543,-15.823966617283949
17870.000000073338,13,149,0.08024691358024691,-12.85697287654321
17880.000000071737,16,146,0.09876543209876543,-15.823966617283949
17890.000000070137,15,147,0.09259259259259259,-14.834968703703703
17900.000000068536,15,147,0.09259259259259259,-14.834968703703703
17910.000000066935,15,147,0.09259259259259259,-14.834968703703703
17920.000000065334,14,148,0.08641975308641975,-13.845970790123458
17930.000000063734,18,144,0.1111111111111111,-17.80196244444444
17940.000000062133,13,149,0.08024691358024691,-12.85697287654321
17950.000000060532,14,148,0.08641975308641975,-13.845970790123458
17960.00000005893,16,146,0.09876543209876543,-15.823966617283949
17970.00000005733,22,140,0.13580246913580246,-21.757954098765435
17980.00000005573,18,144,0.1111111111111111,-17.80196244444444
17990.00000005413,16,146,0.09876543209876543,-15.823966617283949
18000.00000005253,15,147,0.09259259259259259,-14.834968703703703
18010.000000050928,15,147,0.09259259259259259,-14.834968703703703
18020.000000049327,19,143,0.11728395061728394,-18.790960358024687
18030.000000047727,17,145,0.10493827160493827,-16.812964530864196
18040.000000046126,19,143,0.11728395061728394,-18.790960358024687
18050.000000044525,14,148,0.08641975308641975,-13.845970790123458
18060.000000042925,18,144,0.1111111111111111,-17.80196244444444
18070.000000041324,15,147,0.09259259259259259,-14.834968703703703
18080.000000039723,15,147,0.09259259259259259,-14.834968703703703
18090.000000038122,17,145,0.10493827160493827,-16.812964530864196
18100.00000003652,11,151,0.06790123456790123,-10.878977049382717
18110.00000003492,14,148,0.08641975308641975,-13.845970790123458
18120.00000003332,11,151,0.06790123456790123,-10.878977049382717
18130.00000003172,12,150,0.07407407407407407,-11.867974962962963
18140.00000003012,8,154,0.04938271604938271,-7.911983308641974
18150.000000028518,13,149,0.08024691358024691,-12.85697287654321
18160.000000026917,12,150,0.07407407407407407,-11.867974962962963
18170.000000025317,12,150,0.07407407407407407,-11.867974962962963
18180.000000023716,10,152,0.06172839506172839,-9.889979135802468
18190.000000022115,10,152,0.06172839506172839,-9.889979135802468
18200.000000020515,14,148,0.08641975308641975,-13.845970790123458
18210.000000018914,13,149,0.08024691358024691,-12.85697287654321
18220.000000017313,13,149,0.08024691358024691,-12.85697287654321
18230.000000015712,12,150,0.07407407407407407,-11.867974962962963
18240.00000001411,10,152,0.06172839506172839,-9.889979135802468
18250.00000001251,13,149,0.08024691358024691,-12.85697287654321
18260.00000001091,12,150,0.07407407407407407,-11.867974962962963
18270.00000000931,13,149,0.08024691358024691,-12.85697287654321
18280.00000000771,14,148,0.08641975308641975,-13.845970790123458
18290.000000006108,14,148,0.08641975308641975,-13.845970790123458
18300.000000004507,15,147,0.09259259259259259,-14.834968703703703
18310.000000002907,12,150,0.07407407407407407,-11.867974962962963
18320.000000001306,12,150,0.07407407407407407,-11.867974962962963
18329.999999999705,13,149,0.08024691358024691,-12.85697287654321
18339.999999998105,13,149,0.08024691358024691,-12.85697287654321
18349.999999996504,15,147,0.09259259259259259,-14.834968703703703
18359.999999994903,13,149,0.08024691358024691,-12.85697287654321
18369.999999993302,13,149,0.08024691358024691,-12.85697287654321
18379.9999999917,8,154,0.04938271604938271,-7.911983308641974
18389.9999999901,8,154,0.04938271604938271,-7.911983308641974
18399.9999999885,12,150,0.07407407407407407,-11.867974962962963
18409.9999999869,11,151,0.06790123456790123,-10.878977049382717
18419.9999999853,12,150,0.07407407407407407,-11.867974962962963
18429.9999999837,12,150,0.07407407407407407,-11.867974962962963
18439.999999982098,12,150,0.07407407407407407,-11.867974962962963
18449.999999980497,16,146,0.09876543209876543,-15.823966617283949
18459.999999978896,12,150,0.07407407407407407,-11.867974962962963
18469.999999977295,11,151,0.06790123456790123,-10.878977049382717
18479.999999975695,13,149,0.08024691358024691,-12.85697287654321
18489.999999974094,8,154,0.04938271604938271,-7.911983308641974
18499.999999972493,14,148,0.08641975308641975,-13.845970790123458
18509.999999970893,15,147,0.09259259259259259,-14.834968703703703
18519.999999969292,10,152,0.06172839506172839,-9.889979135802468
18529.99999996769,15,147,0.09259259259259259,-14.834968703703703
18539.99999996609,16,146,0.09876543209876543,-15.823966617283949
18549.99999996449,13,149,0.08024691358024691,-12.85697287654321
18559.99999996289,15,147,0.09259259259259259,-14.834968703703703
18569.99999996129,11,151,0.06790123456790123,-10.878977049382717
18579.999999959688,15,147,0.09259259259259259,-14.834968703703703
18589.999999958087,15,147,0.09259259259259259,-14.834968703703703
18599.999999956486,13,149,0.08024691358024691,-12.85697287654321
18609.999999954885,13,149,0.08024691358024691,-12.85697287654321
18619.999999953285,15,147,0.09259259259259259,-14.834968703703703
18629.999999951684,15,147,0.09259259259259259,-14.834968703703703
18639.999999950083,14,148,0.08641975308641975,-13.845970790123458
18649.999999948483,15,147,0.09259259259259259,-14.834968703703703
18659.999999946882,17,145,0.10493827160493827,-16.812964530864196
18669.99999994528,15,147,0.09259259259259259,-14.834968703703703
18679.99999994368,13,149,0.08024691358024691,-12.85697287654321
18689.99999994208,16,146,0.09876543209876543,-15.823966617283949
18699.99999994048,13,149,0.08024691358024691,-12.85697287654321
18709.99999993888,16,146,0.09876543209876543,-15.823966617283949
18719.999999937278,12,150,0.07407407407407407,-11.867974962962963
18729.999999935677,13,149,0.08024691358024691,-12.85697287654321
18739.999999934076,18,144,0.1111111111111111,-17.80196244444444
18749.999999932475,16,146,0.09876543209876543,-15.823966617283949
18759.999999930875,17,145,0.10493827160493827,-16.812964530864196
18769.999999929274,17,145,0.10493827160493827,-16.812964530864196
18779.999999927673,16,146,0.09876543209876543,-15.823966617283949
18789.999999926073,16,146,0.09876543209876543,-15.823966617283949
18799.999999924472,16,146,0.09876543209876543,-15.823966617283949
18809.99999992287,10,152,0.06172839506172839,-9.889979135802468
18819.99999992127,14,148,0.08641975308641975,-13.845970790123458
18829.99999991967,15,147,0.09259259259259259,-14.834968703703703
18839.99999991807,12,150,0.07407407407407407,-11.867974962962963
18849.99999991647,11,151,0.06790123456790123,-10.878977049382717
18859.999999914868,17,145,0.10493827160493827,-16.812964530864196
18869.999999913267,12,150,0.07407407407407407,-11.867974962962963
18879.999999911666,12,150,0.07407407407407407,-11.867974962962963
18889.999999910066,14,148,0.08641975308641975,-13.845970790123458
18899.999999908465,16,146,0.09876543209876543,-15.823966617283949
18909.999999906864,16,146,0.09876543209876543,-15.823966617283949
18919.999999905263,17,145,0.10493827160493827,-16.812964530864196
18929.999999903663,12,150,0.07407407407407407,-11.867974962962963
18939.999999902062,19,143,0.11728395061728394,-18.790960358024687
18949.99999990046,14,148,0.08641975308641975,-13.845970790123458
18959.99999989886,16,146,0.09876543209876543,-15.823966617283949
18969.99999989726,19,143,0.11728395061728394,-18.790960358024687
18979.99999989566,15,147,0.09259259259259259,-14.834968703703703
18989.99999989406,10,152,0.06172839506172839,-9.889979135802468
18999.999999892458,15,147,0.09259259259259259,-14.834968703703703
19009.999999890857,15,147,0.09259259259259259,-14.834968703703703
19019.999999889256,16,146,0.09876543209876543,-15.823966617283949
19029.999999887656,14,148,0.08641975308641975,-13.845970790123458
19039.999999886055,12,150,0.07407407407407407,-11.867974962962963
19049.999999884454,17,145,0.10493827160493827,-16.812964530864196
19059.999999882853,12,150,0.07407407407407407,-11.867974962962963
19069.999999881253,14,148,0.08641975308641975,-13.845970790123458
19079.999999879652,14,148,0.08641975308641975,-13.845970790123458
19089.99999987805,14,148,0.08641975308641975,-13.845970790123458
19099.99999987645,13,149,0.08024691358024691,-12.85697287654321
19109.99999987485,15,147,0.09259259259259259,-14.834968703703703
19119.99999987325,15,147,0.09259259259259259,-14.834968703703703
19129.99999987165,14,148,0.08641975308641975,-13.845970790123458
19139.999999870048,15,147,0.09259259259259259,-14.834968703703703
19149.999999868447,18,144,0.1111111111111111,-17.80196244444444
19159.999999866846,14,148,0.08641975308641975,-13.845970790123458
19169.999999865246,14,148,0.08641975308641975,-13.845970790123458
19179.999999863645,11,151,0.06790123456790123,-10.878977049382717
19189.999999862044,16,146,0.09876543209876543,-15.823966617283949
19199.999999860443,16,146,0.09876543209876543,-15.823966617283949
19209.999999858843,16,146,0.09876543209876543,-15.823966617283949
19219.999999857242,19,143,0.11728395061728394,-18.790960358024687
19229.99999985564,14,148,0.08641975308641975,-13.845970790123458
19239.99999985404,14,148,0.08641975308641975,-13.845970790123458
19249.99999985244,12,150,0.07407407407407407,-11.867974962962963
19259.99999985084,12,150,0.07407407407407407,-11.867974962962963
19269.99999984924,14,148,0.08641975308641975,-13.845970790123458
19279.999999847638,12,150,0.07407407407407407,-11.867974962962963
19289.999999846037,13,149,0.08024691358024691,-12.85697287654321
19299.999999844436,13,149,0.08024691358024691,-12.85697287654321
19309.999999842836,9,153,0.05555555555555555,-8.90098122222222
19319.999999841235,10,152,0.06172839506172839,-9.889979135802468
19329.999999839634,15,147,0.09259259259259259,-14.834968703703703
19339.999999838034,15,147,0.09259259259259259,-14.834968703703703
19349.999999836433,12,150,0.07407407407407407,-11.867974962962963
19359.999999834832,14,148,0.08641975308641975,-13.845970790123458
19369.99999983323,12,150,0.07407407407407407,-11.867974962962963
19379.99999983163,11,151,0.06790123456790123,-10.878977049382717
19389.99999983003,9,153,0.05555555555555555,-8.90098122222222
19399.99999982843,12,150,0.07407407407407407,-11.867974962962963
19409.99999982683,9,153,0.05555555555555555,-8.90098122222222
19419.999999825228,16,146,0.09876543209876543,-15.823966617283949
19429.999999823627,12,150,0.07407407407407407,-11.867974962962963
19439.999999822026,12,150,0.07407407407407407,-11.867974962962963
19449.999999820426,13,149,0.08024691358024691,-12.85697287654321
19459.999999818825,15,147,0.09259259259259259,-14.834968703703703
19469.999999817224,13,149,0.08024691358024691,-12.85697287654321
19479.999999815624,18,144,0.1111111111111111,-17.80196244444444
19489.999999814023,17,145,0.10493827160493827,-16.812964530864196
19499.999999812422,18,144,0.1111111111111111,-17.80196244444444
19509.99999981082,15,147,0.09259259259259259,-14.834968703703703
19519.99999980922,21,141,0.12962962962962962,-20.768956185185182
19529.99999980762,19,143,0.11728395061728394,-18.790960358024687
19539.99999980602,16,146,0.09876543209876543,-15.823966617283949
19549.99999980442,22,140,0.13580246913580246,-21.757954098765435
19559.999999802818,14,148,0.08641975308641975,-13.845970790123458
19569.999999801217,17,145,0.10493827160493827,-16.812964530864196
19579.999999799616,18,144,0.1111111111111111,-17.80196244444444
19589.999999798016,14,148,0.08641975308641975,-13.845970790123458
19599.999999796415,15,147,0.09259259259259259,-14.834968703703703
19609.999999794814,15,147,0.09259259259259259,-14.834968703703703
19619.999999793214,16,146,0.09876543209876543,-15.823966617283949
19629.999999791613,19,143,0.11728395061728394,-18.790960358024687
19639.999999790012,15,147,0.09259259259259259,-14.834968703703703
19649.99999978841,13,149,0.08024691358024691,-12.85697287654321
19659.99999978681,14,148,0.08641975308641975,-13.845970790123458
19669.99999978521,17,145,0.10493827160493827,-16.812964530864196
19679.99999978361,18,144,0.1111111111111111,-17.80196244444444
19689.99999978201,12,150,0.07407407407407407,-11.867974962962963
19699.999999780408,14,148,0.08641975308641975,-13.845970790123458
19709.999999778807,18,144,0.1111111111111111,-17.80196244444444
19719.999999777207,15,147,0.09259259259259259,-14.834968703703703
19729.999999775606,15,147,0.09259259259259259,-14.834968703703703
19739.999999774005,15,147,0.09259259259259259,-14.834968703703703
19749.999999772404,19,143,0.11728395061728394,-18.790960358024687
19759.999999770804,16,146,0.09876543209876543,-15.823966617283949
19769.999999769203,15,147,0.09259259259259259,-14.834968703703703
19779.999999767602,12,150,0.07407407407407407,-11.867974962962963
19789.999999766,13,149,0.08024691358024691,-12.85697287654321
19799.9999997644,14,148,0.08641975308641975,-13.845970790123458
19809.9999997628,15,147,0.09259259259259259,-14.834968703703703
19819.9999997612,12,150,0.07407407407407407,-11.867974962962963
19829.9999997596,10,152,0.06172839506172839,-9.889979135802468
19839.999999757998,13,149,0.08024691358024691,-12.85697287654321
19849.999999756397,14,148,0.08641975308641975,-13.845970790123458
19859.999999754797,14,148,0.08641975308641975,-13.845970790123458
19869.999999753196,17,145,0.10493827160493827,-16.812964530864196
19879.999999751595,17,145,0.10493827160493827,-16.812964530864196
19889.999999749994,16,146,0.09876543209876543,-15.823966617283949
19899.999999748394,15,147,0.09259259259259259,-14.834968703703703
19909.999999746793,16,146,0.09876543209876543,-15.823966617283949
19919.999999745192,17,145,0.10493827160493827,-16.812964530864196
19929.99999974359,14,148,0.08641975308641975,-13.845970790123458
19939.99999974199,12,150,0.07407407407407407,-11.867974962962963
19949.99999974039,13,149,0.08024691358024691,-12.85697287654321
19959.99999973879,11,151,0.06790123456790123,-10.878977049382717
19969.99999973719,14,148,0.08641975308641975,-13.845970790123458
19979.999999735588,13,149,0.08024691358024691,-12.85697287654321
19989.999999733987,16,146,0.09876543209876543,-15.823966617283949
19999.999999732387,15,147,0.09259259259259259,-14.834968703703703
20009.999999730786,11,151,0.06790123456790123,-10.878977049382717
20019.999999729185,12,150,0.07407407407407407,-11.867974962962963
20029.999999727585,13,149,0.08024691358024691,-12.85697287654321
20039.999999725984,14,148,0.08641975308641975,-13.845970790123458
20049.999999724383,15,147,0.09259259259259259,-14.834968703703703
20059.999999722782,10,152,0.06172839506172839,-9.889979135802468
20069.99999972118,12,150,0.07407407407407407,-11.867974962962963
20079.99999971958,10,152,0.06172839506172839,-9.889979135802468
20089.99999971798,9,153,0.05555555555555555,-8.90098122222222
20099.99999971638,10,152,0.06172839506172839,-9.889979135802468
20109.99999971478,16,146,0.09876543209876543,-15.823966617283949
20119.999999713178,15,147,0.09259259259259259,-14.834968703703703
20129.999999711577,10,152,0.06172839506172839,-9.889979135802468
20139.999999709977,14,148,0.08641975308641975,-13.845970790123458
20149.999999708376,19,143,0.11728395061728394,-18.790960358024687
20159.999999706775,13,149,0.08024691358024691,-12.85697287654321
20169.999999705175,15,147,0.09259259259259259,-14.834968703703703
20179.999999703574,17,145,0.10493827160493827,-16.812964530864196
20189.999999701973,16,146,0.09876543209876543,-15.823966617283949
20199.999999700372,14,148,0.08641975308641975,-13.845970790123458
20209.99999969877,14,148,0.08641975308641975,-13.845970790123458
20219.99999969717,17,145,0.10493827160493827,-16.812964530864196
20229.99999969557,18,144,0.1111111111111111,-17.80196244444444
20239.99999969397,14,148,0.08641975308641975,-13.845970790123458
20249.99999969237,17,145,0.10493827160493827,-16.812964530864196
20259.999999690768,13,149,0.08024691358024691,-12.85697287654321
20269.999999689167,17,145,0.10493827160493827,-16.812964530864196
20279.999999687567,16,146,0.09876543209876543,-15.823966617283949
20289.999999685966,14,148,0.08641975308641975,-13.845970790123458
20299.999999684365,13,149,0.08024691358024691,-12.85697287654321
20309.999999682765,15,147,0.09259259259259259,-14.834968703703703
20319.999999681164,13,149,0.08024691358024691,-12.85697287654321
20329.999999679563,13,149,0.08024691358024691,-12.85697287654321
20339.999999677962,14,148,0.08641975308641975,-13.845970790123458
20349.99999967636,20,142,0.12345679012345678,-19.779958271604936
20359.99999967476,17,145,0.10493827160493827,-16.812964530864196
20369.99999967316,15,147,0.09259259259259259,-14.834968703703703
20379.99999967156,12,150,0.07407407407407407,-11.867974962962963
20389.99999966996,14,148,0.08641975308641975,-13.845970790123458
20399.99999966836,16,146,0.09876543209876543,-15.823966617283949
20409.999999666758,20,142,0.12345679012345678,-19.779958271604936
20419.999999665157,15,147,0.09259259259259259,-14.834968703703703
20429.999999663556,12,150,0.07407407407407407,-11.867974962962963
20439.999999661955,15,147,0.09259259259259259,-14.834968703703703
20449.999999660355,19,143,0.11728395061728394,-18.790960358024687
20459.999999658754,17,145,0.10493827160493827,-16.812964530864196
20469.999999657153,14,148,0.08641975308641975,-13.845970790123458
20479.999999655553,16,146,0.09876543209876543,-15.823966617283949
20489.99999965395,18,144,0.1111111111111111,-17.80196244444444
20499.99999965235,14,148,0.08641975308641975,-13.845970790123458
20509.99999965075,16,146,0.09876543209876543,-15.823966617283949
20519.99999964915,12,150,0.07407407407407407,-11.867974962962963
20529.99999964755,14,148,0.08641975308641975,-13.845970790123458
20539.99999964595,16,146,0.09876543209876543,-15.823966617283949
20549.999999644348,12,150,0.07407407407407407,-11.867974962962963
20559.999999642747,14,148,0.08641975308641975,-13.845970790123458
20569.999999641146,14,148,0.08641975308641975,-13.845970790123458
20579.999999639545,17,145,0.10493827160493827,-16.812964530864196
20589.999999637945,12,150,0.07407407407407407,-11.867974962962963
20599.999999636344,15,147,0.09259259259259259,-14.834968703703703
20609.999999634743,16,146,0.09876543209876543,-15.823966617283949
20619.999999633143,13,149,0.08024691358024691,-12.85697287654321
20629.999999631542,14,148,0.08641975308641975,-13.845970790123458
20639.99999962994,19,143,0.11728395061728394,-18.790960358024687
20649.99999962834,18,144,0.1111111111111111,-17.80196244444444
20659.99999962674,15,147,0.09259259259259259,-14.834968703703703
20669.99999962514,15,147,0.09259259259259259,-14.834968703703703
20679.99999962354,11,151,0.06790123456790123,-10.878977049382717
20689.999999621938,14,148,0.08641975308641975,-13.845970790123458
20699.999999620337,15,147,0.09259259259259259,-14.834968703703703
20709.999999618736,14,148,0.08641975308641975,-13.845970790123458
20719.999999617135,11,151,0.06790123456790123,-10.878977049382717
20729.999999615535,9,153,0.05555555555555555,-8.90098122222222
20739.999999613934,15,147,0.09259259259259259,-14.834968703703703
20749.999999612333,13,149,0.08024691358024691,-12.85697287654321
20759.999999610733,12,150,0.07407407407407407,-11.867974962962963
20769.999999609132,14,148,0.08641975308641975,-13.845970790123458
20779.99999960753,12,150,0.07407407407407407,-11.867974962962963
20789.99999960593,11,151,0.06790123456790123,-10.878977049382717
20799.99999960433,13,149,0.08024691358024691,-12.85697287654321
20809.99999960273,11,151,0.06790123456790123,-10.878977049382717
20819.99999960113,11,151,0.06790123456790123,-10.878977049382717
20829.999999599528,11,151,0.06790123456790123,-10.878977049382717
20839.999999597927,15,147,0.09259259259259259,-14.834968703703703
20849.999999596326,13,149,0.08024691358024691,-12.85697287654321
20859.999999594726,11,151,0.06790123456790123,-10.878977049382717
20869.999999593125,10,152,0.06172839506172839,-9.889979135802468
20879.999999591524,15,147,0.09259259259259259,-14.834968703703703
20889.999999589923,10,152,0.06172839506172839,-9.889979135802468
20899.999999588323,14,148,0.08641975308641975,-13.845970790123458
20909.999999586722,12,150,0.07407407407407407,-11.867974962962963
20919.99999958512,10,152,0.06172839506172839,-9.889979135802468
20929.99999958352,14,148,0.08641975308641975,-13.845970790123458
20939.99999958192,16,146,0.09876543209876543,-15.823966617283949
20949.99999958032,17,145,0.10493827160493827,-16.812964530864196
20959.99999957872,15,147,0.09259259259259259,-14.834968703703703
20969.999999577118,17,145,0.10493827160493827,-16.812964530864196
20979.999999575517,16,146,0.09876543209876543,-15.823966617283949
20989.999999573916,14,148,0.08641975308641975,-13.845970790123458
20999.999999572316,13,149,0.08024691358024691,-12.85697287654321
21009.999999570715,19,143,0.11728395061728394,-18.790960358024687
21019.999999569114,17,145,0.10493827160493827,-16.812964530864196
21029.999999567513,17,145,0.10493827160493827,-16.812964530864196
21039.999999565913,15,147,0.09259259259259259,-14.834968703703703
21049.999999564312,16,146,0.09876543209876543,-15.823966617283949
21059.99999956271,15,147,0.09259259259259259,-14.834968703703703
21069.99999956111,19,143,0.11728395061728394,-18.790960358024687
21079.99999955951,15,147,0.09259259259259259,-14.834968703703703
21089.99999955791,17,145,0.10493827160493827,-16.812964530864196
21099.99999955631,15,147,0.09259259259259259,-14.834968703703703
21109.999999554708,17,145,0.10493827160493827,-16.812964530864196
21119.999999553107,21,141,0.12962962962962962,-20.768956185185182
21129.999999551506,19,143,0.11728395061728394,-18.790960358024687
21139.999999549906,19,143,0.11728395061728394,-18.790960358024687
21149.999999548305,21,141,0.12962962962962962,-20.768956185185182
21159.999999546704,18,144,0.1111111111111111,-17.80196244444444
21169.999999545103,21,141,0.12962962962962962,-20.768956185185182
21179.999999543503,19,143,0.11728395061728394,-18.790960358024687
21189.999999541902,19,143,0.11728395061728394,-18.790960358024687
21199.9999995403,16,146,0.09876543209876543,-15.823966617283949
21209.9999995387,16,146,0.09876543209876543,-15.823966617283949
21219.9999995371,14,148,0.08641975308641975,-13.845970790123458
21229.9999995355,17,145,0.10493827160493827,-16.812964530864196
21239.9999995339,17,145,0.10493827160493827,-16.812964530864196
21249.999999532298,14,148,0.08641975308641975,-13.845970790123458
21259.999999530697,20,142,0.12345679012345678,-19.779958271604936
21269.999999529096,19,143,0.11728395061728394,-18.790960358024687
21279.999999527496,19,143,0.11728395061728394,-18.790960358024687
21289.999999525895,19,143,0.11728395061728394,-18.790960358024687
21299.999999524294,19,143,0.11728395061728394,-18.790960358024687
21309.999999522694,19,143,0.11728395061728394,-18.790960358024687
21319.999999521093,20,142,0.12345679012345678,-19.779958271604936
21329.999999519492,20,142,0.12345679012345678,-19.779958271604936
21339.99999951789,17,145,0.10493827160493827,-16.812964530864196
21349.99999951629,16,146,0.09876543209876543,-15.823966617283949
21359.99999951469,22,140,0.13580246913580246,-21.757954098765435
21369.99999951309,13,149,0.08024691358024691,-12.85697287654321
21379.99999951149,15,147,0.09259259259259259,-14.834968703703703
21389.999999509888,15,147,0.09259259259259259,-14.834968703703703
21399.999999508287,16,146,0.09876543209876543,-15.823966617283949
21409.999999506686,17,145,0.10493827160493827,-16.812964530864196
21419.999999505086,13,149,0.08024691358024691,-12.85697287654321
21429.999999503485,16,146,0.09876543209876543,-15.823966617283949
21439.999999501884,16,146,0.09876543209876543,-15.823966617283949
21449.999999500284,16,146,0.09876543209876543,-15.823966617283949
21459.999999498683,13,149,0.08024691358024691,-12.85697287654321
21469.999999497082,15,147,0.09259259259259259,-14.834968703703703
21479.99999949548,15,147,0.09259259259259259,-14.834968703703703
21489.99999949388,17,145,0.10493827160493827,-16.812964530864196
21499.99999949228,14,148,0.08641975308641975,-13.845970790123458
21509.99999949068,11,151,0.06790123456790123,-10.878977049382717
21519.99999948908,14,148,0.08641975308641975,-13.845970790123458
21529.999999487478,14,148,0.08641975308641975,-13.845970790123458
21539.999999485877,19,143,0.11728395061728394,-18.790960358024687
21549.999999484276,14,148,0.08641975308641975,-13.845970790123458
21559.999999482676,17,145,0.10493827160493827,-16.812964530864196
21569.999999481075,15,147,0.09259259259259259,-14.834968703703703
21579.999999479474,17,145,0.10493827160493827,-16.812964530864196
21589.999999477874,18,144,0.1111111111111111,-17.80196244444444
21599.999999476273,10,152,0.06172839506172839,-9.889979135802468
21609.999999474672,12,150,0.07407407407407407,-11.867974962962963
21619.99999947307,18,144,0.1111111111111111,-17.80196244444444
21629.99999947147,14,148,0.08641975308641975,-13.845970790123458
21639.99999946987,16,146,0.09876543209876543,-15.823966617283949
21649.99999946827,16,146,0.09876543209876543,-15.823966617283949
21659.99999946667,13,149,0.08024691358024691,-12.85697287654321
21669.999999465068,17,145,0.10493827160493827,-16.812964530864196
21679.999999463467,15,147,0.09259259259259259,-14.834968703703703
21689.999999461867,14,148,0.08641975308641975,-13.845970790123458
21699.999999460266,14,148,0.08641975308641975,-13.845970790123458
21709.999999458665,15,147,0.09259259259259259,-14.834968703703703
21719.999999457064,12,150,0.07407407407407407,-11.867974962962963
21729.999999455464,15,147,0.09259259259259259,-14.834968703703703
21739.999999453863,14,148,0.08641975308641975,-13.845970790123458
21749.999999452262,16,146,0.09876543209876543,-15.823966617283949
21759.99999945066,15,147,0.09259259259259259,-14.834968703703703
21769.99999944906,15,147,0.09259259259259259,-14.834968703703703
21779.99999944746,14,148,0.08641975308641975,-13.845970790123458
21789.99999944586,19,143,0.11728395061728394,-18.790960358024687
21799.99999944426,16,146,0.09876543209876543,-15.823966617283949
21809.999999442658,15,147,0.09259259259259259,-14.834968703703703
21819.999999441057,19,143,0.11728395061728394,-18.790960358024687
21829.999999439457,15,147,0.09259259259259259,-14.834968703703703
21839.999999437856,16,146,0.09876543209876543,-15.823966617283949
21849.999999436255,14,148,0.08641975308641975,-13.845970790123458
21859.999999434654,17,145,0.10493827160493827,-16.812964530864196
21869.999999433054,17,145,0.10493827160493827,-16.812964530864196
21879.999999431453,18,144,0.1111111111111111,-17.80196244444444
21889.999999429852,16,146,0.09876543209876543,-15.823966617283949
21899.99999942825,14,148,0.08641975308641975,-13.845970790123458
21909.99999942665,14,148,0.08641975308641975,-13.845970790123458
21919.99999942505,16,146,0.09876543209876543,-15.823966617283949
21929.99999942345,14,148,0.08641975308641975,-13.845970790123458
21939.99999942185,15,147,0.09259259259259259,-14.834968703703703
21949.999999420248,14,148,0.08641975308641975,-13.845970790123458
21959.999999418647,15,147,0.09259259259259259,-14.834968703703703
21969.999999417047,14,148,0.08641975308641975,-13.845970790123458
21979.999999415446,12,150,0.07407407407407407,-11.867974962962963
21989.999999413845,14,148,0.08641975308641975,-13.845970790123458
21999.999999412245,10,152,0.06172839506172839,-9.889979135802468
22009.999999410644,10,152,0.06172839506172839,-9.889979135802468
22019.999999409043,17,145,0.10493827160493827,-16.812964530864196
22029.999999407442,14,148,0.08641975308641975,-13.845970790123458
22039.99999940584,14,148,0.08641975308641975,-13.845970790123458
22049.99999940424,13,149,0.08024691358024691,-12.85697287654321
22059.99999940264,17,145,0.10493827160493827,-16.812964530864196
22069.99999940104,15,147,0.09259259259259259,-14.834968703703703
22079.99999939944,18,144,0.1111111111111111,-17.80196244444444
22089.999999397838,11,151,0.06790123456790123,-10.878977049382717
22099.999999396237,16,146,0.09876543209876543,-15.823966617283949
22109.999999394637,15,147,0.09259259259259259,-14.834968703703703
22119.999999393036,12,150,0.07407407407407407,-11.867974962962963
22129.999999391435,15,147,0.09259259259259259,-14.834968703703703
22139.999999389835,16,146,0.09876543209876543,-15.823966617283949
22149.999999388234,17,145,0.10493827160493827,-16.812964530864196
22159.999999386633,14,148,0.08641975308641975,-13.845970790123458
22169.999999385032,15,147,0.09259259259259259,-14.834968703703703
22179.99999938343,11,151,0.06790123456790123,-10.878977049382717
22189.99999938183,12,150,0.07407407407407407,-11.867974962962963
22199.99999938023,13,149,0.08024691358024691,-12.85697287654321
22209.99999937863,14,148,0.08641975308641975,-13.845970790123458
22219.99999937703,16,146,0.09876543209876543,-15.823966617283949
22229.999999375428,15,147,0.09259259259259259,-14.834968703703703
22239.999999373827,16,146,0.09876543209876543,-15.823966617283949
22249.999999372227,14,148,0.08641975308641975,-13.845970790123458
22259.999999370626,14,148,0.08641975308641975,-13.845970790123458
22269.999999369025,12,150,0.07407407407407407,-11.867974962962963
22279.999999367425,15,147,0.09259259259259259,-14.834968703703703
22289.999999365824,15,147,0.09259259259259259,-14.834968703703703
22299.999999364223,14,148,0.08641975308641975,-13.845970790123458
22309.999999362622,10,152,0.06172839506172839,-9.889979135802468
22319.99999936102,13,149,0.08024691358024691,-12.85697287654321
22329.99999935942,9,153,0.05555555555555555,-8.90098122222222
22339.99999935782,11,151,0.06790123456790123,-10.878977049382717
22349.99999935622,14,148,0.08641975308641975,-13.845970790123458
22359.99999935462,12,150,0.07407407407407407,-11.867974962962963
22369.99999935302,9,153,0.05555555555555555,-8.90098122222222
22379.999999351418,11,151,0.06790123456790123,-10.878977049382717
22389.999999349817,12,150,0.07407407407407407,-11.867974962962963
22399.999999348216,11,151,0.06790123456790123,-10.878977049382717
22409.999999346615,13,149,0.08024691358024691,-12.85697287654321
22419.999999345015,14,148,0.08641975308641975,-13.845970790123458
22429.999999343414,12,150,0.07407407407407407,-11.867974962962963
22439.999999341813,11,151,0.06790123456790123,-10.878977049382717
22449.999999340213,17,145,0.10493827160493827,-16.812964530864196
22459.99999933861,13,149,0.08024691358024691,-12.85697287654321
22469.99999933701,15,147,0.09259259259259259,-14.834968703703703
22479.99999933541,17,145,0.10493827160493827,-16.812964530864196
22489.99999933381,15,147,0.09259259259259259,-14.834968703703703
22499.99999933221,12,150,0.07407407407407407,-11.867974962962963
22509.99999933061,13,149,0.08024691358024691,-12.85697287654321
22519.999999329008,13,149,0.08024691358024691,-12.85697287654321
22529.999999327407,12,150,0.07407407407407407,-11.867974962962963
22539.999999325806,17,145,0.10493827160493827,-16.812964530864196
22549.999999324205,17,145,0.10493827160493827,-16.812964530864196
22559.999999322605,12,150,0.07407407407407407,-11.867974962962963
22569.999999321004,17,145,0.10493827160493827,-16.812964530864196
22579.999999319403,13,149,0.08024691358024691,-12.85697287654321
22589.999999317803,13,149,0.08024691358024691,-12.85697287654321
22599.999999316202,12,150,0.07407407407407407,-11.867974962962963
22609.9999993146,11,151,0.06790123456790123,-10.878977049382717
22619.999999313,13,149,0.08024691358024691,-12.85697287654321
22629.9999993114,13,149,0.08024691358024691,-12.85697287654321
22639.9999993098,11,151,0.06790123456790123,-10.878977049382717
22649.9999993082,17,145,0.10493827160493827,-16.812964530864196
22659.999999306598,15,147,0.09259259259259259,-14.834968703703703
22669.999999304997,13,149,0.08024691358024691,-12.85697287654321
22679.999999303396,13,149,0.08024691358024691,-12.85697287654321
22689.999999301795,15,147,0.09259259259259259,-14.834968703703703
22699.999999300195,11,151,0.06790123456790123,-10.878977049382717
22709.999999298594,14,148,0.08641975308641975,-13.845970790123458
22719.999999296993,15,147,0.09259259259259259,-14.834968703703703
22729.999999295393,14,148,0.08641975308641975,-13.845970790123458
22739.999999293792,16,146,0.09876543209876543,-15.823966617283949
22749.99999929219,16,146,0.09876543209876543,-15.823966617283949
22759.99999929059,15,147,0.09259259259259259,-14.834968703703703
22769.99999928899,15,147,0.09259259259259259,-14.834968703703703
22779.99999928739,12,150,0.07407407407407407,-11.867974962962963
22789.99999928579,15,147,0.09259259259259259,-14.834968703703703
22799.999999284188,18,144,0.1111111111111111,-17.80196244444444
22809.999999282587,12,150,0.07407407407407407,-11.867974962962963
22819.999999280986,16,146,0.09876543209876543,-15.823966617283949
22829.999999279386,14,148,0.08641975308641975,-13.845970790123458
22839.999999277785,14,148,0.08641975308641975,-13.845970790123458
22849.999999276184,10,152,0.06172839506172839,-9.889979135802468
22859.999999274583,13,149,0.08024691358024691,-12.85697287654321
22869.999999272983,17,145,0.10493827160493827,-16.812964530864196
22879.999999271382,12,150,0.07407407407407407,-11.867974962962963
22889.99999926978,12,150,0.07407407407407407,-11.867974962962963
22899.99999926818,13,149,0.08024691358024691,-12.85697287654321
22909.99999926658,13,149,0.08024691358024691,-12.85697287654321
22919.99999926498,13,149,0.08024691358024691,-12.85697287654321
22929.99999926338,12,150,0.07407407407407407,-11.867974962962963
22939.999999261778,11,151,0.06790123456790123,-10.878977049382717
22949.999999260177,16,146,0.09876543209876543,-15.823966617283949
22959.999999258576,17,145,0.10493827160493827,-16.812964530864196
22969.999999256976,14,148,0.08641975308641975,-13.845970790123458
22979.999999255375,15,147,0.09259259259259259,-14.834968703703703
22989.999999253774,18,144,0.1111111111111111,-17.80196244444444
22999.999999252173,17,145,0.10493827160493827,-16.812964530864196
23009.999999250573,17,145,0.10493827160493827,-16.812964530864196
23019.999999248972,15,147,0.09259259259259259,-14.834968703703703
23029.99999924737,18,144,0.1111111111111111,-17.80196244444444
23039.99999924577,16,146,0.09876543209876543,-15.823966617283949
23049.99999924417,15,147,0.09259259259259259,-14.834968703703703
23059.99999924257,15,147,0.09259259259259259,-14.834968703703703
23069.99999924097,14,148,0.08641975308641975,-13.845970790123458
23079.999999239368,17,145,0.10493827160493827,-16.812964530864196
23089.999999237767,15,147,0.09259259259259259,-14.834968703703703
23099.999999236166,17,145,0.10493827160493827,-16.812964530864196
23109.999999234566,16,146,0.09876543209876543,-15.823966617283949
23119.999999232965,23,139,0.1419753086419753,-22.74695201234568
23129.999999231364,18,144,0.1111111111111111,-17.80196244444444
23139.999999229763,17,145,0.10493827160493827,-16.812964530864196
23149.999999228163,18,144,0.1111111111111111,-17.80196244444444
23159.999999226562,19,143,0.11728395061728394,-18.790960358024687
23169.99999922496,18,144,0.1111111111111111,-17.80196244444444
23179.99999922336,19,143,0.11728395061728394,-18.790960358024687
23189.99999922176,15,147,0.09259259259259259,-14.834968703703703
23199.99999922016,17,145,0.10493827160493827,-16.812964530864196
23209.99999921856,16,146,0.09876543209876543,-15.823966617283949
23219.999999216958,11,151,0.06790123456790123,-10.878977049382717
23229.999999215357,20,142,0.12345679012345678,-19.779958271604936
23239.999999213756,19,143,0.11728395061728394,-18.790960358024687
23249.999999212156,16,146,0.09876543209876543,-15.823966617283949
23259.999999210555,14,148,0.08641975308641975,-13.845970790123458
23269.999999208954,13,149,0.08024691358024691,-12.85697287654321
23279.999999207354,20,142,0.12345679012345678,-19.779958271604936
23289.999999205753,16,146,0.09876543209876543,-15.823966617283949
23299.999999204152,15,147,0.09259259259259259,-14.834968703703703
23309.99999920255,15,147,0.09259259259259259,-14.834968703703703
23319.99999920095,15,147,0.09259259259259259,-14.834968703703703
23329.99999919935,15,147,0.09259259259259259,-14.834968703703703
23339.99999919775,18,144,0.1111111111111111,-17.80196244444444
23349.99999919615,12,150,0.07407407407407407,-11.867974962962963
23359.999999194548,14,148,0.08641975308641975,-13.845970790123458
23369.999999192947,14,148,0.08641975308641975,-13.845970790123458
23379.999999191346,14,148,0.08641975308641975,-13.845970790123458
23389.999999189746,15,147,0.09259259259259259,-14.834968703703703
23399.999999188145,15,147,0.09259259259259259,-14.834968703703703
23409.999999186544,14,148,0.08641975308641975,-13.845970790123458
23419.999999184944,17,145,0.10493827160493827,-16.812964530864196
23429.999999183343,16,146,0.09876543209876543,-15.823966617283949
23439.999999181742,14,148,0.08641975308641975,-13.845970790123458
23449.99999918014,12,150,0.07407407407407407,-11.867974962962963
23459.99999917854,11,151,0.06790123456790123,-10.878977049382717
23469.99999917694,15,147,0.09259259259259259,-14.834968703703703
23479.99999917534,12,150,0.07407407407407407,-11.867974962962963
23489.99999917374,13,149,0.08024691358024691,-12.85697287654321
23499.999999172138,14,148,0.08641975308641975,-13.845970790123458
23509.999999170537,17,145,0.10493827160493827,-16.812964530864196
23519.999999168936,20,142,0.12345679012345678,-19.779958271604936
23529.999999167336,15,147,0.09259259259259259,-14.834968703703703
23539.999999165735,14,148,0.08641975308641975,-13.845970790123458
23549.999999164134,19,143,0.11728395061728394,-18.790960358024687
23559.999999162534,17,145,0.10493827160493827,-16.812964530864196
23569.999999160933,14,148,0.08641975308641975,-13.845970790123458
23579.999999159332,11,151,0.06790123456790123,-10.878977049382717
23589.99999915773,14,148,0.08641975308641975,-13.845970790123458
23599.99999915613,17,145,0.10493827160493827,-16.812964530864196
23609.99999915453,16,146,0.09876543209876543,-15.823966617283949
23619.99999915293,18,144,0.1111111111111111,-17.80196244444444
23629.99999915133,14,148,0.08641975308641975,-13.845970790123458
23639.999999149728,18,144,0.1111111111111111,-17.80196244444444
23649.999999148127,17,145,0.10493827160493827,-16.812964530864196
23659.999999146527,13,149,0.08024691358024691,-12.85697287654321
23669.999999144926,18,144,0.1111111111111111,-17.80196244444444
23679.999999143325,12,150,0.07407407407407407,-11.867974962962963
23689.999999141724,16,146,0.09876543209876543,-15.823966617283949
23699.999999140124,12,150,0.07407407407407407,-11.867974962962963
23709.999999138523,15,147,0.09259259259259259,-14.834968703703703
23719.999999136922,15,147,0.09259259259259259,-14.834968703703703
23729.99999913532,15,147,0.09259259259259259,-14.834968703703703
23739.99999913372,15,147,0.09259259259259259,-14.834968703703703
23749.99999913212,15,147,0.09259259259259259,-14.834968703703703
23759.99999913052,14,148,0.08641975308641975,-13.845970790123458
23769.99999912892,20,142,0.12345679012345678,-19.779958271604936
23779.999999127318,12,150,0.07407407407407407,-11.867974962962963
23789.999999125717,15,147,0.09259259259259259,-14.834968703703703
23799.999999124117,16,146,0.09876543209876543,-15.823966617283949
23809.999999122516,13,149,0.08024691358024691,-12.85697287654321
23819.999999120915,14,148,0.08641975308641975,-13.845970790123458
23829.999999119314,15,147,0.09259259259259259,-14.834968703703703
23839.999999117714,14,148,0.08641975308641975,-13.845970790123458
23849.999999116113,13,149,0.08024691358024691,-12.85697287654321
23859.999999114512,15,147,0.09259259259259259,-14.834968703703703
23869.99999911291,14,148,0.08641975308641975,-13.845970790123458
23879.99999911131,17,145,0.10493827160493827,-16.812964530864196
23889.99999910971,15,147,0.09259259259259259,-14.834968703703703
23899.99999910811,14,148,0.08641975308641975,-13.845970790123458
23909.99999910651,11,151,0.06790123456790123,-10.878977049382717
23919.999999104908,17,145,0.10493827160493827,-16.812964530864196
23929.999999103307,12,150,0.07407407407407407,-11.867974962962963
23939.999999101707,10,152,0.06172839506172839,-9.889979135802468
23949.999999100106,16,146,0.09876543209876543,-15.823966617283949
23959.999999098505,13,149,0.08024691358024691,-12.85697287654321
23969.999999096905,21,141,0.12962962962962962,-20.768956185185182
23979.999999095304,17,145,0.10493827160493827,-16.812964530864196
23989.999999093703,18,144,0.1111111111111111,-17.80196244444444
23999.999999092102,16,146,0.09876543209876543,-15.823966617283949
24009.9999990905,16,146,0.09876543209876543,-15.823966617283949
24019.9999990889,15,147,0.09259259259259259,-14.834968703703703
24029.9999990873,16,146,0.09876543209876543,-15.823966617283949
24039.9999990857,15,147,0.09259259259259259,-14.834968703703703
24049.9999990841,17,145,0.10493827160493827,-16.812964530864196
24059.999999082498,15,147,0.09259259259259259,-14.834968703703703
24069.999999080897,13,149,0.08024691358024691,-12.85697287654321
24079.999999079297,15,147,0.09259259259259259,-14.834968703703703
24089.999999077696,13,149,0.08024691358024691,-12.85697287654321
24099.999999076095,15,147,0.09259259259259259,-14.834968703703703
24109.999999074495,15,147,0.09259259259259259,-14.834968703703703
24119.999999072894,15,147,0.09259259259259259,-14.834968703703703
24129.999999071293,13,149,0.08024691358024691,-12.85697287654321
