time,number_A,number_HA,alpha,surf_ch_dens
140.00000000001765,143,19,0.8827160493827161,-141.4267016419753
150.00000000000855,131,31,0.808641975308642,-129.55872667901235
159.99999999999946,122,40,0.7530864197530864,-120.65774545679011
169.99999999999037,118,44,0.7283950617283951,-116.70175380246913
179.99999999998127,117,45,0.7222222222222222,-115.71275588888889
189.99999999997218,112,50,0.691358024691358,-110.76776632098766
199.99999999996308,110,52,0.6790123456790124,-108.78977049382716
209.99999999995399,112,50,0.691358024691358,-110.76776632098766
219.9999999999449,110,52,0.6790123456790124,-108.78977049382716
229.9999999999358,111,51,0.6851851851851852,-109.7787684074074
239.9999999999267,111,51,0.6851851851851852,-109.7787684074074
249.9999999999176,102,60,0.6296296296296297,-100.87778718518518
259.99999999990854,106,56,0.654320987654321,-104.83377883950617
269.99999999989944,106,56,0.654320987654321,-104.83377883950617
279.99999999989035,108,54,0.6666666666666666,-106.81177466666665
289.99999999988125,105,57,0.6481481481481481,-103.84478092592592
299.99999999987216,104,58,0.6419753086419753,-102.85578301234568
309.99999999986306,109,53,0.6728395061728395,-107.8007725802469
319.99999999985397,105,57,0.6481481481481481,-103.84478092592592
329.9999999998449,105,57,0.6481481481481481,-103.84478092592592
339.9999999998358,110,52,0.6790123456790124,-108.78977049382716
349.9999999998267,108,54,0.6666666666666666,-106.81177466666665
359.9999999998176,104,58,0.6419753086419753,-102.85578301234568
369.9999999998085,114,48,0.7037037037037037,-112.74576214814813
379.9999999997994,111,51,0.6851851851851852,-109.7787684074074
389.9999999997903,110,52,0.6790123456790124,-108.78977049382716
399.9999999997812,107,55,0.6604938271604939,-105.82277675308643
409.9999999997721,105,57,0.6481481481481481,-103.84478092592592
419.999999999763,106,56,0.654320987654321,-104.83377883950617
429.9999999997539,101,61,0.6234567901234568,-99.88878927160494
439.99999999974483,99,63,0.6111111111111112,-97.91079344444444
449.99999999973573,95,67,0.5864197530864198,-93.95480179012345
459.99999999972664,102,60,0.6296296296296297,-100.87778718518518
469.99999999971755,98,64,0.6049382716049383,-96.9217955308642
479.99999999970845,104,58,0.6419753086419753,-102.85578301234568
489.99999999969936,101,61,0.6234567901234568,-99.88878927160494
499.99999999969026,100,62,0.6172839506172839,-98.89979135802469
509.99999999968117,103,59,0.6358024691358025,-101.86678509876542
519.9999999996721,96,66,0.5925925925925926,-94.9437997037037
529.999999999663,100,62,0.6172839506172839,-98.89979135802469
539.9999999996539,96,66,0.5925925925925926,-94.9437997037037
549.9999999996448,100,62,0.6172839506172839,-98.89979135802469
559.9999999996357,95,67,0.5864197530864198,-93.95480179012345
569.9999999996267,91,71,0.5617283950617284,-89.99881013580247
579.9999999996176,93,69,0.5740740740740741,-91.97680596296294
589.9999999996085,98,64,0.6049382716049383,-96.9217955308642
599.9999999995994,101,61,0.6234567901234568,-99.88878927160494
609.9999999995903,100,62,0.6172839506172839,-98.89979135802469
619.9999999995812,100,62,0.6172839506172839,-98.89979135802469
629.9999999995721,99,63,0.6111111111111112,-97.91079344444444
639.999999999563,97,65,0.5987654320987654,-95.93279761728395
649.9999999995539,96,66,0.5925925925925926,-94.9437997037037
659.9999999995448,91,71,0.5617283950617284,-89.99881013580247
669.9999999995357,90,72,0.5555555555555556,-89.00981222222221
679.9999999995266,84,78,0.5185185185185185,-83.07582474074073
689.9999999995175,82,80,0.5061728395061729,-81.09782891358024
699.9999999995084,83,79,0.5123456790123457,-82.0868268271605
709.9999999994993,86,76,0.5308641975308642,-85.05382056790124
719.9999999994902,87,75,0.5370370370370371,-86.04281848148148
729.9999999994811,83,79,0.5123456790123457,-82.0868268271605
739.999999999472,83,79,0.5123456790123457,-82.0868268271605
749.999999999463,84,78,0.5185185185185185,-83.07582474074073
759.9999999994538,84,78,0.5185185185185185,-83.07582474074073
769.9999999994448,89,73,0.5493827160493827,-88.02081430864196
779.9999999994357,89,73,0.5493827160493827,-88.02081430864196
789.9999999994266,93,69,0.5740740740740741,-91.97680596296294
799.9999999994175,88,74,0.5432098765432098,-87.03181639506174
809.9999999994084,89,73,0.5493827160493827,-88.02081430864196
819.9999999993993,87,75,0.5370370370370371,-86.04281848148148
829.9999999993902,88,74,0.5432098765432098,-87.03181639506174
839.9999999993811,88,74,0.5432098765432098,-87.03181639506174
849.999999999372,91,71,0.5617283950617284,-89.99881013580247
859.9999999993629,93,69,0.5740740740740741,-91.97680596296294
869.9999999993538,93,69,0.5740740740740741,-91.97680596296294
879.9999999993447,89,73,0.5493827160493827,-88.02081430864196
889.9999999993356,86,76,0.5308641975308642,-85.05382056790124
899.9999999993265,86,76,0.5308641975308642,-85.05382056790124
909.9999999993174,87,75,0.5370370370370371,-86.04281848148148
919.9999999993083,87,75,0.5370370370370371,-86.04281848148148
929.9999999992992,86,76,0.5308641975308642,-85.05382056790124
939.9999999992901,82,80,0.5061728395061729,-81.09782891358024
949.999999999281,85,77,0.5246913580246914,-84.06482265432099
959.999999999272,84,78,0.5185185185185185,-83.07582474074073
969.9999999992629,80,82,0.49382716049382713,-79.11983308641975
979.9999999992538,81,81,0.5,-80.108831
989.9999999992447,82,80,0.5061728395061729,-81.09782891358024
999.9999999992356,79,83,0.4876543209876543,-78.1308351728395
1009.9999999992265,83,79,0.5123456790123457,-82.0868268271605
1019.9999999992174,87,75,0.5370370370370371,-86.04281848148148
1029.9999999992083,84,78,0.5185185185185185,-83.07582474074073
1039.9999999991992,87,75,0.5370370370370371,-86.04281848148148
1049.99999999919,85,77,0.5246913580246914,-84.06482265432099
1059.999999999181,82,80,0.5061728395061729,-81.09782891358024
1069.999999999172,82,80,0.5061728395061729,-81.09782891358024
1079.9999999991628,76,86,0.4691358024691358,-75.16384143209875
1089.9999999991537,75,87,0.46296296296296297,-74.17484351851851
1099.9999999991446,81,81,0.5,-80.108831
1109.9999999991355,72,90,0.4444444444444444,-71.20784977777777
1119.9999999991264,83,79,0.5123456790123457,-82.0868268271605
1129.9999999991173,80,82,0.49382716049382713,-79.11983308641975
1139.9999999991082,82,80,0.5061728395061729,-81.09782891358024
1149.9999999990991,81,81,0.5,-80.108831
1159.99999999909,79,83,0.4876543209876543,-78.1308351728395
1169.999999999081,81,81,0.5,-80.108831
1179.9999999990719,82,80,0.5061728395061729,-81.09782891358024
1189.9999999990628,83,79,0.5123456790123457,-82.0868268271605
1199.9999999990537,79,83,0.4876543209876543,-78.1308351728395
1209.9999999990446,79,83,0.4876543209876543,-78.1308351728395
1219.9999999990355,76,86,0.4691358024691358,-75.16384143209875
1229.9999999990264,82,80,0.5061728395061729,-81.09782891358024
1239.9999999990173,84,78,0.5185185185185185,-83.07582474074073
1249.9999999990082,80,82,0.49382716049382713,-79.11983308641975
1259.999999998999,81,81,0.5,-80.108831
1269.99999999899,78,84,0.48148148148148145,-77.14183725925926
1279.999999998981,78,84,0.48148148148148145,-77.14183725925926
1289.9999999989718,80,82,0.49382716049382713,-79.11983308641975
1299.9999999989627,79,83,0.4876543209876543,-78.1308351728395
1309.9999999989536,73,89,0.4506172839506173,-72.19684769135802
1319.9999999989445,77,85,0.47530864197530864,-76.15283934567901
1329.9999999989354,79,83,0.4876543209876543,-78.1308351728395
1339.9999999989263,81,81,0.5,-80.108831
1349.9999999989172,80,82,0.49382716049382713,-79.11983308641975
1359.9999999989082,82,80,0.5061728395061729,-81.09782891358024
1369.999999998899,81,81,0.5,-80.108831
1379.99999999889,79,83,0.4876543209876543,-78.1308351728395
1389.9999999988809,84,78,0.5185185185185185,-83.07582474074073
1399.9999999988718,83,79,0.5123456790123457,-82.0868268271605
1409.9999999988627,88,74,0.5432098765432098,-87.03181639506174
1419.9999999988536,85,77,0.5246913580246914,-84.06482265432099
1429.9999999988445,79,83,0.4876543209876543,-78.1308351728395
1439.9999999988354,79,83,0.4876543209876543,-78.1308351728395
1449.9999999988263,82,80,0.5061728395061729,-81.09782891358024
1459.9999999988172,81,81,0.5,-80.108831
1469.999999998808,80,82,0.49382716049382713,-79.11983308641975
1479.999999998799,75,87,0.46296296296296297,-74.17484351851851
1489.99999999879,78,84,0.48148148148148145,-77.14183725925926
1499.9999999987808,78,84,0.48148148148148145,-77.14183725925926
1509.9999999987717,80,82,0.49382716049382713,-79.11983308641975
1519.9999999987626,78,84,0.48148148148148145,-77.14183725925926
1529.9999999987535,74,88,0.4567901234567901,-73.18584560493828
1539.9999999987444,76,86,0.4691358024691358,-75.16384143209875
1549.9999999987353,72,90,0.4444444444444444,-71.20784977777777
1559.9999999987263,68,94,0.41975308641975306,-67.25185812345678
1569.9999999987172,72,90,0.4444444444444444,-71.20784977777777
1579.999999998708,74,88,0.4567901234567901,-73.18584560493828
1589.999999998699,73,89,0.4506172839506173,-72.19684769135802
1599.9999999986899,75,87,0.46296296296296297,-74.17484351851851
1609.9999999986808,74,88,0.4567901234567901,-73.18584560493828
1619.9999999986717,75,87,0.46296296296296297,-74.17484351851851
1629.9999999986626,80,82,0.49382716049382713,-79.11983308641975
1639.9999999986535,81,81,0.5,-80.108831
1649.9999999986444,78,84,0.48148148148148145,-77.14183725925926
1659.9999999986353,76,86,0.4691358024691358,-75.16384143209875
1669.9999999986262,77,85,0.47530864197530864,-76.15283934567901
1679.999999998617,77,85,0.47530864197530864,-76.15283934567901
1689.999999998608,75,87,0.46296296296296297,-74.17484351851851
1699.999999998599,80,82,0.49382716049382713,-79.11983308641975
1709.9999999985898,79,83,0.4876543209876543,-78.1308351728395
1719.9999999985807,77,85,0.47530864197530864,-76.15283934567901
1729.9999999985716,75,87,0.46296296296296297,-74.17484351851851
1739.9999999985625,76,86,0.4691358024691358,-75.16384143209875
1749.9999999985534,74,88,0.4567901234567901,-73.18584560493828
1759.9999999985444,67,95,0.41358024691358025,-66.26286020987655
1769.9999999985353,72,90,0.4444444444444444,-71.20784977777777
1779.9999999985262,73,89,0.4506172839506173,-72.19684769135802
1789.999999998517,72,90,0.4444444444444444,-71.20784977777777
1799.999999998508,73,89,0.4506172839506173,-72.19684769135802
1809.9999999984989,72,90,0.4444444444444444,-71.20784977777777
1819.9999999984898,75,87,0.46296296296296297,-74.17484351851851
1829.9999999984807,71,91,0.4382716049382716,-70.21885186419753
1839.9999999984716,71,91,0.4382716049382716,-70.21885186419753
1849.9999999984625,69,93,0.42592592592592593,-68.24085603703703
1859.9999999984534,70,92,0.43209876543209874,-69.22985395061728
1869.9999999984443,71,91,0.4382716049382716,-70.21885186419753
1879.9999999984352,74,88,0.4567901234567901,-73.18584560493828
1889.9999999984261,73,89,0.4506172839506173,-72.19684769135802
1899.999999998417,69,93,0.42592592592592593,-68.24085603703703
1909.999999998408,73,89,0.4506172839506173,-72.19684769135802
1919.9999999983988,70,92,0.43209876543209874,-69.22985395061728
1929.9999999983897,72,90,0.4444444444444444,-71.20784977777777
1939.9999999983806,73,89,0.4506172839506173,-72.19684769135802
1949.9999999983715,76,86,0.4691358024691358,-75.16384143209875
1959.9999999983625,74,88,0.4567901234567901,-73.18584560493828
1969.9999999983534,74,88,0.4567901234567901,-73.18584560493828
1979.9999999983443,72,90,0.4444444444444444,-71.20784977777777
1989.9999999983352,72,90,0.4444444444444444,-71.20784977777777
1999.999999998326,66,96,0.4074074074074074,-65.2738622962963
2009.999999998317,71,91,0.4382716049382716,-70.21885186419753
2019.9999999983079,74,88,0.4567901234567901,-73.18584560493828
2029.9999999982988,73,89,0.4506172839506173,-72.19684769135802
2039.9999999982897,70,92,0.43209876543209874,-69.22985395061728
2049.999999998326,74,88,0.4567901234567901,-73.18584560493828
2059.9999999985444,75,87,0.46296296296296297,-74.17484351851851
2069.9999999987626,72,90,0.4444444444444444,-71.20784977777777
2079.999999998981,71,91,0.4382716049382716,-70.21885186419753
2089.999999999199,69,93,0.42592592592592593,-68.24085603703703
2099.9999999994175,65,97,0.4012345679012346,-64.28486438271604
2109.9999999996357,65,97,0.4012345679012346,-64.28486438271604
2119.999999999854,66,96,0.4074074074074074,-65.2738622962963
2130.0000000000723,65,97,0.4012345679012346,-64.28486438271604
2140.0000000002906,63,99,0.3888888888888889,-62.30686855555556
2150.000000000509,69,93,0.42592592592592593,-68.24085603703703
2160.000000000727,68,94,0.41975308641975306,-67.25185812345678
2170.0000000009454,70,92,0.43209876543209874,-69.22985395061728
2180.0000000011637,73,89,0.4506172839506173,-72.19684769135802
2190.000000001382,77,85,0.47530864197530864,-76.15283934567901
2200.0000000016003,70,92,0.43209876543209874,-69.22985395061728
2210.0000000018185,70,92,0.43209876543209874,-69.22985395061728
2220.000000002037,72,90,0.4444444444444444,-71.20784977777777
2230.000000002255,75,87,0.46296296296296297,-74.17484351851851
2240.0000000024734,65,97,0.4012345679012346,-64.28486438271604
2250.0000000026916,71,91,0.4382716049382716,-70.21885186419753
2260.00000000291,70,92,0.43209876543209874,-69.22985395061728
2270.000000003128,70,92,0.43209876543209874,-69.22985395061728
2280.0000000033465,71,91,0.4382716049382716,-70.21885186419753
2290.0000000035648,72,90,0.4444444444444444,-71.20784977777777
2300.000000003783,71,91,0.4382716049382716,-70.21885186419753
2310.0000000040013,73,89,0.4506172839506173,-72.19684769135802
2320.0000000042196,72,90,0.4444444444444444,-71.20784977777777
2330.000000004438,72,90,0.4444444444444444,-71.20784977777777
2340.000000004656,71,91,0.4382716049382716,-70.21885186419753
2350.0000000048744,75,87,0.46296296296296297,-74.17484351851851
2360.0000000050927,72,90,0.4444444444444444,-71.20784977777777
2370.000000005311,74,88,0.4567901234567901,-73.18584560493828
2380.0000000055293,69,93,0.42592592592592593,-68.24085603703703
2390.0000000057476,70,92,0.43209876543209874,-69.22985395061728
2400.000000005966,70,92,0.43209876543209874,-69.22985395061728
2410.000000006184,64,98,0.3950617283950617,-63.295866469135795
2420.0000000064024,68,94,0.41975308641975306,-67.25185812345678
2430.0000000066207,67,95,0.41358024691358025,-66.26286020987655
2440.000000006839,69,93,0.42592592592592593,-68.24085603703703
2450.000000007057,66,96,0.4074074074074074,-65.2738622962963
2460.0000000072755,65,97,0.4012345679012346,-64.28486438271604
2470.000000007494,67,95,0.41358024691358025,-66.26286020987655
2480.000000007712,62,100,0.38271604938271603,-61.317870641975304
2490.0000000079303,65,97,0.4012345679012346,-64.28486438271604
2500.0000000081486,69,93,0.42592592592592593,-68.24085603703703
2510.000000008367,68,94,0.41975308641975306,-67.25185812345678
2520.000000008585,69,93,0.42592592592592593,-68.24085603703703
2530.0000000088035,70,92,0.43209876543209874,-69.22985395061728
2540.0000000090217,69,93,0.42592592592592593,-68.24085603703703
2550.00000000924,67,95,0.41358024691358025,-66.26286020987655
2560.0000000094583,66,96,0.4074074074074074,-65.2738622962963
2570.0000000096766,70,92,0.43209876543209874,-69.22985395061728
2580.000000009895,69,93,0.42592592592592593,-68.24085603703703
2590.000000010113,71,91,0.4382716049382716,-70.21885186419753
2600.0000000103314,70,92,0.43209876543209874,-69.22985395061728
2610.0000000105497,67,95,0.41358024691358025,-66.26286020987655
2620.000000010768,64,98,0.3950617283950617,-63.295866469135795
2630.0000000109862,64,98,0.3950617283950617,-63.295866469135795
2640.0000000112045,65,97,0.4012345679012346,-64.28486438271604
2650.000000011423,62,100,0.38271604938271603,-61.317870641975304
2660.000000011641,71,91,0.4382716049382716,-70.21885186419753
2670.0000000118594,65,97,0.4012345679012346,-64.28486438271604
2680.0000000120776,68,94,0.41975308641975306,-67.25185812345678
2690.000000012296,65,97,0.4012345679012346,-64.28486438271604
2700.000000012514,66,96,0.4074074074074074,-65.2738622962963
2710.0000000127325,70,92,0.43209876543209874,-69.22985395061728
2720.0000000129507,64,98,0.3950617283950617,-63.295866469135795
2730.000000013169,66,96,0.4074074074074074,-65.2738622962963
2740.0000000133873,65,97,0.4012345679012346,-64.28486438271604
2750.0000000136056,67,95,0.41358024691358025,-66.26286020987655
2760.000000013824,68,94,0.41975308641975306,-67.25185812345678
2770.000000014042,67,95,0.41358024691358025,-66.26286020987655
2780.0000000142604,66,96,0.4074074074074074,-65.2738622962963
2790.0000000144787,61,101,0.3765432098765432,-60.328872728395055
2800.000000014697,66,96,0.4074074074074074,-65.2738622962963
2810.0000000149153,60,102,0.37037037037037035,-59.33987481481481
2820.0000000151335,59,103,0.36419753086419754,-58.350876901234564
2830.000000015352,66,96,0.4074074074074074,-65.2738622962963
2840.00000001557,63,99,0.3888888888888889,-62.30686855555556
2850.0000000157884,62,100,0.38271604938271603,-61.317870641975304
2860.0000000160067,63,99,0.3888888888888889,-62.30686855555556
2870.000000016225,62,100,0.38271604938271603,-61.317870641975304
2880.000000016443,63,99,0.3888888888888889,-62.30686855555556
2890.0000000166615,65,97,0.4012345679012346,-64.28486438271604
2900.0000000168798,65,97,0.4012345679012346,-64.28486438271604
2910.000000017098,66,96,0.4074074074074074,-65.2738622962963
2920.0000000173163,67,95,0.41358024691358025,-66.26286020987655
2930.0000000175346,68,94,0.41975308641975306,-67.25185812345678
2940.000000017753,69,93,0.42592592592592593,-68.24085603703703
2950.000000017971,68,94,0.41975308641975306,-67.25185812345678
2960.0000000181894,68,94,0.41975308641975306,-67.25185812345678
2970.0000000184077,61,101,0.3765432098765432,-60.328872728395055
2980.000000018626,68,94,0.41975308641975306,-67.25185812345678
2990.0000000188443,66,96,0.4074074074074074,-65.2738622962963
3000.0000000190626,68,94,0.41975308641975306,-67.25185812345678
3010.000000019281,66,96,0.4074074074074074,-65.2738622962963
3020.000000019499,68,94,0.41975308641975306,-67.25185812345678
3030.0000000197174,72,90,0.4444444444444444,-71.20784977777777
3040.0000000199357,69,93,0.42592592592592593,-68.24085603703703
3050.000000020154,66,96,0.4074074074074074,-65.2738622962963
3060.000000020372,71,91,0.4382716049382716,-70.21885186419753
3070.0000000205905,74,88,0.4567901234567901,-73.18584560493828
3080.000000020809,69,93,0.42592592592592593,-68.24085603703703
3090.000000021027,69,93,0.42592592592592593,-68.24085603703703
3100.0000000212453,70,92,0.43209876543209874,-69.22985395061728
3110.0000000214636,70,92,0.43209876543209874,-69.22985395061728
3120.000000021682,67,95,0.41358024691358025,-66.26286020987655
3130.0000000219,65,97,0.4012345679012346,-64.28486438271604
3140.0000000221185,65,97,0.4012345679012346,-64.28486438271604
3150.0000000223367,66,96,0.4074074074074074,-65.2738622962963
3160.000000022555,67,95,0.41358024691358025,-66.26286020987655
3170.0000000227733,61,101,0.3765432098765432,-60.328872728395055
3180.0000000229916,68,94,0.41975308641975306,-67.25185812345678
3190.00000002321,69,93,0.42592592592592593,-68.24085603703703
3200.000000023428,63,99,0.3888888888888889,-62.30686855555556
3210.0000000236464,65,97,0.4012345679012346,-64.28486438271604
3220.0000000238647,60,102,0.37037037037037035,-59.33987481481481
3230.000000024083,65,97,0.4012345679012346,-64.28486438271604
3240.0000000243012,60,102,0.37037037037037035,-59.33987481481481
3250.0000000245195,68,94,0.41975308641975306,-67.25185812345678
3260.000000024738,64,98,0.3950617283950617,-63.295866469135795
3270.000000024956,62,100,0.38271604938271603,-61.317870641975304
3280.0000000251744,67,95,0.41358024691358025,-66.26286020987655
3290.0000000253926,66,96,0.4074074074074074,-65.2738622962963
3300.000000025611,65,97,0.4012345679012346,-64.28486438271604
3310.000000025829,63,99,0.3888888888888889,-62.30686855555556
3320.0000000260475,63,99,0.3888888888888889,-62.30686855555556
3330.0000000262658,65,97,0.4012345679012346,-64.28486438271604
3340.000000026484,68,94,0.41975308641975306,-67.25185812345678
3350.0000000267023,68,94,0.41975308641975306,-67.25185812345678
3360.0000000269206,67,95,0.41358024691358025,-66.26286020987655
3370.000000027139,67,95,0.41358024691358025,-66.26286020987655
3380.000000027357,63,99,0.3888888888888889,-62.30686855555556
3390.0000000275754,64,98,0.3950617283950617,-63.295866469135795
3400.0000000277937,65,97,0.4012345679012346,-64.28486438271604
3410.000000028012,60,102,0.37037037037037035,-59.33987481481481
3420.0000000282303,65,97,0.4012345679012346,-64.28486438271604
3430.0000000284485,61,101,0.3765432098765432,-60.328872728395055
3440.000000028667,57,105,0.35185185185185186,-56.372881074074066
3450.000000028885,63,99,0.3888888888888889,-62.30686855555556
3460.0000000291034,64,98,0.3950617283950617,-63.295866469135795
3470.0000000293217,64,98,0.3950617283950617,-63.295866469135795
3480.00000002954,70,92,0.43209876543209874,-69.22985395061728
3490.000000029758,64,98,0.3950617283950617,-63.295866469135795
3500.0000000299765,63,99,0.3888888888888889,-62.30686855555556
3510.0000000301948,60,102,0.37037037037037035,-59.33987481481481
3520.000000030413,61,101,0.3765432098765432,-60.328872728395055
3530.0000000306313,65,97,0.4012345679012346,-64.28486438271604
3540.0000000308496,65,97,0.4012345679012346,-64.28486438271604
3550.000000031068,66,96,0.4074074074074074,-65.2738622962963
3560.000000031286,63,99,0.3888888888888889,-62.30686855555556
3570.0000000315044,62,100,0.38271604938271603,-61.317870641975304
3580.0000000317227,63,99,0.3888888888888889,-62.30686855555556
3590.000000031941,59,103,0.36419753086419754,-58.350876901234564
3600.0000000321593,60,102,0.37037037037037035,-59.33987481481481
3610.0000000323776,63,99,0.3888888888888889,-62.30686855555556
3620.000000032596,63,99,0.3888888888888889,-62.30686855555556
3630.000000032814,62,100,0.38271604938271603,-61.317870641975304
3640.0000000330324,63,99,0.3888888888888889,-62.30686855555556
3650.0000000332507,64,98,0.3950617283950617,-63.295866469135795
3660.000000033469,65,97,0.4012345679012346,-64.28486438271604
3670.0000000336872,66,96,0.4074074074074074,-65.2738622962963
3680.0000000339055,66,96,0.4074074074074074,-65.2738622962963
3690.000000034124,65,97,0.4012345679012346,-64.28486438271604
3700.000000034342,61,101,0.3765432098765432,-60.328872728395055
3710.0000000345603,63,99,0.3888888888888889,-62.30686855555556
3720.0000000347786,66,96,0.4074074074074074,-65.2738622962963
3730.000000034997,64,98,0.3950617283950617,-63.295866469135795
3740.000000035215,68,94,0.41975308641975306,-67.25185812345678
3750.0000000354335,65,97,0.4012345679012346,-64.28486438271604
3760.0000000356517,66,96,0.4074074074074074,-65.2738622962963
3770.00000003587,69,93,0.42592592592592593,-68.24085603703703
3780.0000000360883,66,96,0.4074074074074074,-65.2738622962963
3790.0000000363066,66,96,0.4074074074074074,-65.2738622962963
3800.000000036525,70,92,0.43209876543209874,-69.22985395061728
3810.000000036743,66,96,0.4074074074074074,-65.2738622962963
3820.0000000369614,64,98,0.3950617283950617,-63.295866469135795
3830.0000000371797,67,95,0.41358024691358025,-66.26286020987655
3840.000000037398,62,100,0.38271604938271603,-61.317870641975304
3850.0000000376162,65,97,0.4012345679012346,-64.28486438271604
3860.0000000378345,67,95,0.41358024691358025,-66.26286020987655
3870.000000038053,67,95,0.41358024691358025,-66.26286020987655
3880.000000038271,64,98,0.3950617283950617,-63.295866469135795
3890.0000000384894,63,99,0.3888888888888889,-62.30686855555556
3900.0000000387076,59,103,0.36419753086419754,-58.350876901234564
3910.000000038926,55,107,0.3395061728395062,-54.39488524691358
3920.000000039144,60,102,0.37037037037037035,-59.33987481481481
3930.0000000393625,60,102,0.37037037037037035,-59.33987481481481
3940.0000000395808,66,96,0.4074074074074074,-65.2738622962963
3950.000000039799,69,93,0.42592592592592593,-68.24085603703703
3960.0000000400173,62,100,0.38271604938271603,-61.317870641975304
3970.0000000402356,63,99,0.3888888888888889,-62.30686855555556
3980.000000040454,62,100,0.38271604938271603,-61.317870641975304
3990.000000040672,62,100,0.38271604938271603,-61.317870641975304
4000.0000000408904,63,99,0.3888888888888889,-62.30686855555556
4010.0000000411087,64,98,0.3950617283950617,-63.295866469135795
4020.000000041327,60,102,0.37037037037037035,-59.33987481481481
4030.0000000415453,67,95,0.41358024691358025,-66.26286020987655
4040.0000000417635,66,96,0.4074074074074074,-65.2738622962963
4050.000000041982,63,99,0.3888888888888889,-62.30686855555556
4060.0000000422,63,99,0.3888888888888889,-62.30686855555556
4070.0000000424184,65,97,0.4012345679012346,-64.28486438271604
4080.0000000426367,67,95,0.41358024691358025,-66.26286020987655
4090.000000042855,66,96,0.4074074074074074,-65.2738622962963
4100.000000043073,71,91,0.4382716049382716,-70.21885186419753
4110.000000043291,68,94,0.41975308641975306,-67.25185812345678
4120.000000043509,73,89,0.4506172839506173,-72.19684769135802
4130.000000043728,68,94,0.41975308641975306,-67.25185812345678
4140.000000043946,64,98,0.3950617283950617,-63.295866469135795
4150.000000044164,64,98,0.3950617283950617,-63.295866469135795
4160.000000044382,68,94,0.41975308641975306,-67.25185812345678
4170.000000044601,67,95,0.41358024691358025,-66.26286020987655
4180.000000044819,68,94,0.41975308641975306,-67.25185812345678
4190.000000045037,64,98,0.3950617283950617,-63.295866469135795
4200.000000045256,67,95,0.41358024691358025,-66.26286020987655
4210.000000045474,67,95,0.41358024691358025,-66.26286020987655
4220.000000045692,68,94,0.41975308641975306,-67.25185812345678
4230.00000004591,65,97,0.4012345679012346,-64.28486438271604
4240.000000046129,63,99,0.3888888888888889,-62.30686855555556
4250.000000046347,62,100,0.38271604938271603,-61.317870641975304
4260.000000046565,65,97,0.4012345679012346,-64.28486438271604
4270.0000000467835,65,97,0.4012345679012346,-64.28486438271604
4280.000000047002,64,98,0.3950617283950617,-63.295866469135795
4290.00000004722,64,98,0.3950617283950617,-63.295866469135795
4300.000000047438,66,96,0.4074074074074074,-65.2738622962963
4310.000000047657,68,94,0.41975308641975306,-67.25185812345678
4320.000000047875,63,99,0.3888888888888889,-62.30686855555556
4330.000000048093,69,93,0.42592592592592593,-68.24085603703703
4340.000000048311,68,94,0.41975308641975306,-67.25185812345678
4350.00000004853,65,97,0.4012345679012346,-64.28486438271604
4360.000000048748,67,95,0.41358024691358025,-66.26286020987655
4370.000000048966,63,99,0.3888888888888889,-62.30686855555556
4380.000000049185,65,97,0.4012345679012346,-64.28486438271604
4390.000000049403,66,96,0.4074074074074074,-65.2738622962963
4400.000000049621,67,95,0.41358024691358025,-66.26286020987655
4410.000000049839,66,96,0.4074074074074074,-65.2738622962963
4420.000000050058,61,101,0.3765432098765432,-60.328872728395055
4430.000000050276,64,98,0.3950617283950617,-63.295866469135795
4440.000000050494,62,100,0.38271604938271603,-61.317870641975304
4450.0000000507125,64,98,0.3950617283950617,-63.295866469135795
4460.000000050931,60,102,0.37037037037037035,-59.33987481481481
4470.000000051149,56,106,0.345679012345679,-55.38388316049383
4480.000000051367,56,106,0.345679012345679,-55.38388316049383
4490.000000051586,56,106,0.345679012345679,-55.38388316049383
4500.000000051804,57,105,0.35185185185185186,-56.372881074074066
4510.000000052022,61,101,0.3765432098765432,-60.328872728395055
4520.0000000522405,63,99,0.3888888888888889,-62.30686855555556
4530.000000052459,58,104,0.35802469135802467,-57.36187898765432
4540.000000052677,59,103,0.36419753086419754,-58.350876901234564
4550.000000052895,58,104,0.35802469135802467,-57.36187898765432
4560.000000053114,57,105,0.35185185185185186,-56.372881074074066
4570.000000053332,59,103,0.36419753086419754,-58.350876901234564
4580.00000005355,62,100,0.38271604938271603,-61.317870641975304
4590.000000053768,63,99,0.3888888888888889,-62.30686855555556
4600.000000053987,60,102,0.37037037037037035,-59.33987481481481
4610.000000054205,62,100,0.38271604938271603,-61.317870641975304
4620.000000054423,64,98,0.3950617283950617,-63.295866469135795
4630.0000000546415,58,104,0.35802469135802467,-57.36187898765432
4640.00000005486,61,101,0.3765432098765432,-60.328872728395055
4650.000000055078,64,98,0.3950617283950617,-63.295866469135795
4660.000000055296,69,93,0.42592592592592593,-68.24085603703703
4670.000000055515,66,96,0.4074074074074074,-65.2738622962963
4680.000000055733,71,91,0.4382716049382716,-70.21885186419753
4690.000000055951,69,93,0.42592592592592593,-68.24085603703703
4700.0000000561695,74,88,0.4567901234567901,-73.18584560493828
4710.000000056388,68,94,0.41975308641975306,-67.25185812345678
4720.000000056606,68,94,0.41975308641975306,-67.25185812345678
4730.000000056824,64,98,0.3950617283950617,-63.295866469135795
4740.000000057043,64,98,0.3950617283950617,-63.295866469135795
4750.000000057261,62,100,0.38271604938271603,-61.317870641975304
4760.000000057479,66,96,0.4074074074074074,-65.2738622962963
4770.000000057697,61,101,0.3765432098765432,-60.328872728395055
4780.000000057916,63,99,0.3888888888888889,-62.30686855555556
4790.000000058134,67,95,0.41358024691358025,-66.26286020987655
4800.000000058352,67,95,0.41358024691358025,-66.26286020987655
4810.000000058571,59,103,0.36419753086419754,-58.350876901234564
4820.000000058789,66,96,0.4074074074074074,-65.2738622962963
4830.000000059007,66,96,0.4074074074074074,-65.2738622962963
4840.000000059225,61,101,0.3765432098765432,-60.328872728395055
4850.000000059444,64,98,0.3950617283950617,-63.295866469135795
4860.000000059662,67,95,0.41358024691358025,-66.26286020987655
4870.00000005988,68,94,0.41975308641975306,-67.25185812345678
4880.0000000600985,62,100,0.38271604938271603,-61.317870641975304
4890.000000060317,64,98,0.3950617283950617,-63.295866469135795
4900.000000060535,63,99,0.3888888888888889,-62.30686855555556
4910.000000060753,64,98,0.3950617283950617,-63.295866469135795
4920.000000060972,63,99,0.3888888888888889,-62.30686855555556
4930.00000006119,63,99,0.3888888888888889,-62.30686855555556
4940.000000061408,60,102,0.37037037037037035,-59.33987481481481
4950.000000061626,60,102,0.37037037037037035,-59.33987481481481
4960.000000061845,62,100,0.38271604938271603,-61.317870641975304
4970.000000062063,66,96,0.4074074074074074,-65.2738622962963
4980.000000062281,64,98,0.3950617283950617,-63.295866469135795
4990.0000000625,61,101,0.3765432098765432,-60.328872728395055
5000.000000062718,62,100,0.38271604938271603,-61.317870641975304
5010.000000062936,62,100,0.38271604938271603,-61.317870641975304
5020.000000063154,61,101,0.3765432098765432,-60.328872728395055
5030.000000063373,65,97,0.4012345679012346,-64.28486438271604
5040.000000063591,62,100,0.38271604938271603,-61.317870641975304
5050.000000063809,63,99,0.3888888888888889,-62.30686855555556
5060.0000000640275,61,101,0.3765432098765432,-60.328872728395055
5070.000000064246,61,101,0.3765432098765432,-60.328872728395055
5080.000000064464,59,103,0.36419753086419754,-58.350876901234564
5090.000000064682,62,100,0.38271604938271603,-61.317870641975304
5100.000000064901,63,99,0.3888888888888889,-62.30686855555556
5110.000000065119,56,106,0.345679012345679,-55.38388316049383
5120.000000065337,60,102,0.37037037037037035,-59.33987481481481
5130.0000000655555,57,105,0.35185185185185186,-56.372881074074066
5140.000000065774,59,103,0.36419753086419754,-58.350876901234564
5150.000000065992,59,103,0.36419753086419754,-58.350876901234564
5160.00000006621,64,98,0.3950617283950617,-63.295866469135795
5170.000000066429,64,98,0.3950617283950617,-63.295866469135795
5180.000000066647,59,103,0.36419753086419754,-58.350876901234564
5190.000000066865,63,99,0.3888888888888889,-62.30686855555556
5200.000000067083,61,101,0.3765432098765432,-60.328872728395055
5210.000000067302,58,104,0.35802469135802467,-57.36187898765432
5220.00000006752,60,102,0.37037037037037035,-59.33987481481481
5230.000000067738,61,101,0.3765432098765432,-60.328872728395055
5240.0000000679565,61,101,0.3765432098765432,-60.328872728395055
5250.000000068175,63,99,0.3888888888888889,-62.30686855555556
5260.000000068393,63,99,0.3888888888888889,-62.30686855555556
5270.000000068611,60,102,0.37037037037037035,-59.33987481481481
5280.00000006883,62,100,0.38271604938271603,-61.317870641975304
5290.000000069048,61,101,0.3765432098765432,-60.328872728395055
5300.000000069266,62,100,0.38271604938271603,-61.317870641975304
5310.0000000694845,59,103,0.36419753086419754,-58.350876901234564
5320.000000069703,54,108,0.3333333333333333,-53.405887333333325
5330.000000069921,56,106,0.345679012345679,-55.38388316049383
5340.000000070139,58,104,0.35802469135802467,-57.36187898765432
5350.000000070358,56,106,0.345679012345679,-55.38388316049383
5360.000000070576,58,104,0.35802469135802467,-57.36187898765432
5370.000000070794,59,103,0.36419753086419754,-58.350876901234564
5380.000000071012,62,100,0.38271604938271603,-61.317870641975304
5390.000000071231,59,103,0.36419753086419754,-58.350876901234564
5400.000000071449,60,102,0.37037037037037035,-59.33987481481481
5410.000000071667,63,99,0.3888888888888889,-62.30686855555556
5420.000000071886,64,98,0.3950617283950617,-63.295866469135795
5430.000000072104,63,99,0.3888888888888889,-62.30686855555556
5440.000000072322,65,97,0.4012345679012346,-64.28486438271604
5450.00000007254,61,101,0.3765432098765432,-60.328872728395055
5460.000000072759,64,98,0.3950617283950617,-63.295866469135795
5470.000000072977,66,96,0.4074074074074074,-65.2738622962963
5480.000000073195,65,97,0.4012345679012346,-64.28486438271604
5490.0000000734135,62,100,0.38271604938271603,-61.317870641975304
5500.000000073632,65,97,0.4012345679012346,-64.28486438271604
5510.00000007385,64,98,0.3950617283950617,-63.295866469135795
5520.000000074068,64,98,0.3950617283950617,-63.295866469135795
5530.000000074287,63,99,0.3888888888888889,-62.30686855555556
5540.000000074505,59,103,0.36419753086419754,-58.350876901234564
5550.000000074723,65,97,0.4012345679012346,-64.28486438271604
5560.000000074941,60,102,0.37037037037037035,-59.33987481481481
5570.00000007516,56,106,0.345679012345679,-55.38388316049383
5580.000000075378,58,104,0.35802469135802467,-57.36187898765432
5590.000000075596,55,107,0.3395061728395062,-54.39488524691358
5600.000000075815,64,98,0.3950617283950617,-63.295866469135795
5610.000000076033,59,103,0.36419753086419754,-58.350876901234564
5620.000000076251,59,103,0.36419753086419754,-58.350876901234564
5630.000000076469,57,105,0.35185185185185186,-56.372881074074066
5640.000000076688,59,103,0.36419753086419754,-58.350876901234564
5650.000000076906,61,101,0.3765432098765432,-60.328872728395055
5660.000000077124,62,100,0.38271604938271603,-61.317870641975304
5670.0000000773425,60,102,0.37037037037037035,-59.33987481481481
5680.000000077561,62,100,0.38271604938271603,-61.317870641975304
5690.000000077779,60,102,0.37037037037037035,-59.33987481481481
5700.000000077997,66,96,0.4074074074074074,-65.2738622962963
5710.000000078216,66,96,0.4074074074074074,-65.2738622962963
5720.000000078434,65,97,0.4012345679012346,-64.28486438271604
5730.000000078652,63,99,0.3888888888888889,-62.30686855555556
5740.0000000788705,64,98,0.3950617283950617,-63.295866469135795
5750.000000079089,63,99,0.3888888888888889,-62.30686855555556
5760.000000079307,59,103,0.36419753086419754,-58.350876901234564
5770.000000079525,64,98,0.3950617283950617,-63.295866469135795
5780.000000079744,59,103,0.36419753086419754,-58.350876901234564
5790.000000079962,61,101,0.3765432098765432,-60.328872728395055
5800.00000008018,61,101,0.3765432098765432,-60.328872728395055
5810.000000080398,63,99,0.3888888888888889,-62.30686855555556
5820.000000080617,61,101,0.3765432098765432,-60.328872728395055
5830.000000080835,63,99,0.3888888888888889,-62.30686855555556
5840.000000081053,65,97,0.4012345679012346,-64.28486438271604
5850.0000000812715,60,102,0.37037037037037035,-59.33987481481481
5860.00000008149,63,99,0.3888888888888889,-62.30686855555556
5870.000000081708,60,102,0.37037037037037035,-59.33987481481481
5880.000000081926,64,98,0.3950617283950617,-63.295866469135795
5890.000000082145,69,93,0.42592592592592593,-68.24085603703703
5900.000000082363,67,95,0.41358024691358025,-66.26286020987655
5910.000000082581,64,98,0.3950617283950617,-63.295866469135795
5920.0000000827995,64,98,0.3950617283950617,-63.295866469135795
5930.000000083018,64,98,0.3950617283950617,-63.295866469135795
5940.000000083236,63,99,0.3888888888888889,-62.30686855555556
5950.000000083454,65,97,0.4012345679012346,-64.28486438271604
5960.000000083673,63,99,0.3888888888888889,-62.30686855555556
5970.000000083891,62,100,0.38271604938271603,-61.317870641975304
5980.000000084109,64,98,0.3950617283950617,-63.295866469135795
5990.000000084327,66,96,0.4074074074074074,-65.2738622962963
6000.000000084546,70,92,0.43209876543209874,-69.22985395061728
6010.000000084764,68,94,0.41975308641975306,-67.25185812345678
6020.000000084982,68,94,0.41975308641975306,-67.25185812345678
6030.000000085201,69,93,0.42592592592592593,-68.24085603703703
6040.000000085419,67,95,0.41358024691358025,-66.26286020987655
6050.000000085637,66,96,0.4074074074074074,-65.2738622962963
6060.000000085855,66,96,0.4074074074074074,-65.2738622962963
6070.000000086074,66,96,0.4074074074074074,-65.2738622962963
6080.000000086292,66,96,0.4074074074074074,-65.2738622962963
6090.00000008651,66,96,0.4074074074074074,-65.2738622962963
6100.0000000867285,62,100,0.38271604938271603,-61.317870641975304
6110.000000086947,61,101,0.3765432098765432,-60.328872728395055
6120.000000087165,56,106,0.345679012345679,-55.38388316049383
6130.000000087383,61,101,0.3765432098765432,-60.328872728395055
6140.000000087602,65,97,0.4012345679012346,-64.28486438271604
6150.00000008782,60,102,0.37037037037037035,-59.33987481481481
6160.000000088038,60,102,0.37037037037037035,-59.33987481481481
6170.0000000882565,61,101,0.3765432098765432,-60.328872728395055
6180.000000088475,61,101,0.3765432098765432,-60.328872728395055
6190.000000088693,63,99,0.3888888888888889,-62.30686855555556
6200.000000088911,59,103,0.36419753086419754,-58.350876901234564
6210.00000008913,61,101,0.3765432098765432,-60.328872728395055
6220.000000089348,60,102,0.37037037037037035,-59.33987481481481
6230.000000089566,61,101,0.3765432098765432,-60.328872728395055
6240.000000089784,60,102,0.37037037037037035,-59.33987481481481
6250.000000090003,67,95,0.41358024691358025,-66.26286020987655
6260.000000090221,64,98,0.3950617283950617,-63.295866469135795
6270.000000090439,66,96,0.4074074074074074,-65.2738622962963
6280.0000000906575,64,98,0.3950617283950617,-63.295866469135795
6290.000000090876,70,92,0.43209876543209874,-69.22985395061728
6300.000000091094,71,91,0.4382716049382716,-70.21885186419753
6310.000000091312,72,90,0.4444444444444444,-71.20784977777777
6320.000000091531,68,94,0.41975308641975306,-67.25185812345678
6330.000000091749,66,96,0.4074074074074074,-65.2738622962963
6340.000000091967,68,94,0.41975308641975306,-67.25185812345678
6350.0000000921855,71,91,0.4382716049382716,-70.21885186419753
6360.000000092404,67,95,0.41358024691358025,-66.26286020987655
6370.000000092622,68,94,0.41975308641975306,-67.25185812345678
6380.00000009284,65,97,0.4012345679012346,-64.28486438271604
6390.000000093059,67,95,0.41358024691358025,-66.26286020987655
6400.000000093277,67,95,0.41358024691358025,-66.26286020987655
6410.000000093495,71,91,0.4382716049382716,-70.21885186419753
6420.000000093713,65,97,0.4012345679012346,-64.28486438271604
6430.000000093932,68,94,0.41975308641975306,-67.25185812345678
6440.00000009415,67,95,0.41358024691358025,-66.26286020987655
6450.000000094368,64,98,0.3950617283950617,-63.295866469135795
6460.0000000945865,64,98,0.3950617283950617,-63.295866469135795
6470.000000094805,65,97,0.4012345679012346,-64.28486438271604
6480.000000095023,60,102,0.37037037037037035,-59.33987481481481
6490.000000095241,62,100,0.38271604938271603,-61.317870641975304
6500.00000009546,66,96,0.4074074074074074,-65.2738622962963
6510.000000095678,67,95,0.41358024691358025,-66.26286020987655
6520.000000095896,68,94,0.41975308641975306,-67.25185812345678
6530.0000000961145,63,99,0.3888888888888889,-62.30686855555556
6540.000000096333,62,100,0.38271604938271603,-61.317870641975304
6550.000000096551,62,100,0.38271604938271603,-61.317870641975304
6560.000000096769,64,98,0.3950617283950617,-63.295866469135795
6570.000000096988,66,96,0.4074074074074074,-65.2738622962963
6580.000000097206,64,98,0.3950617283950617,-63.295866469135795
6590.000000097424,65,97,0.4012345679012346,-64.28486438271604
6600.000000097642,66,96,0.4074074074074074,-65.2738622962963
6610.000000097861,69,93,0.42592592592592593,-68.24085603703703
6620.000000098079,65,97,0.4012345679012346,-64.28486438271604
6630.000000098297,58,104,0.35802469135802467,-57.36187898765432
6640.000000098516,57,105,0.35185185185185186,-56.372881074074066
6650.000000098734,60,102,0.37037037037037035,-59.33987481481481
6660.000000098952,58,104,0.35802469135802467,-57.36187898765432
6670.00000009917,63,99,0.3888888888888889,-62.30686855555556
6680.000000099389,57,105,0.35185185185185186,-56.372881074074066
6690.000000099607,60,102,0.37037037037037035,-59.33987481481481
6700.000000099825,58,104,0.35802469135802467,-57.36187898765432
6710.0000001000435,59,103,0.36419753086419754,-58.350876901234564
6720.000000100262,57,105,0.35185185185185186,-56.372881074074066
6730.00000010048,56,106,0.345679012345679,-55.38388316049383
6740.000000100698,60,102,0.37037037037037035,-59.33987481481481
6750.000000100917,67,95,0.41358024691358025,-66.26286020987655
6760.000000101135,61,101,0.3765432098765432,-60.328872728395055
6770.000000101353,62,100,0.38271604938271603,-61.317870641975304
6780.0000001015715,62,100,0.38271604938271603,-61.317870641975304
6790.00000010179,61,101,0.3765432098765432,-60.328872728395055
6800.000000102008,64,98,0.3950617283950617,-63.295866469135795
6810.000000102226,62,100,0.38271604938271603,-61.317870641975304
6820.000000102445,60,102,0.37037037037037035,-59.33987481481481
6830.000000102663,65,97,0.4012345679012346,-64.28486438271604
6840.000000102881,61,101,0.3765432098765432,-60.328872728395055
6850.000000103099,64,98,0.3950617283950617,-63.295866469135795
6860.000000103318,61,101,0.3765432098765432,-60.328872728395055
6870.000000103536,59,103,0.36419753086419754,-58.350876901234564
6880.000000103754,54,108,0.3333333333333333,-53.405887333333325
6890.0000001039725,58,104,0.35802469135802467,-57.36187898765432
6900.000000104191,58,104,0.35802469135802467,-57.36187898765432
6910.000000104409,55,107,0.3395061728395062,-54.39488524691358
6920.000000104627,50,112,0.30864197530864196,-49.44989567901234
6930.000000104846,54,108,0.3333333333333333,-53.405887333333325
6940.000000105064,55,107,0.3395061728395062,-54.39488524691358
6950.000000105282,59,103,0.36419753086419754,-58.350876901234564
6960.0000001055005,56,106,0.345679012345679,-55.38388316049383
6970.000000105719,64,98,0.3950617283950617,-63.295866469135795
6980.000000105937,59,103,0.36419753086419754,-58.350876901234564
6990.000000106155,62,100,0.38271604938271603,-61.317870641975304
7000.000000106374,55,107,0.3395061728395062,-54.39488524691358
7010.000000106592,59,103,0.36419753086419754,-58.350876901234564
7020.00000010681,56,106,0.345679012345679,-55.38388316049383
7030.000000107028,59,103,0.36419753086419754,-58.350876901234564
7040.000000107247,60,102,0.37037037037037035,-59.33987481481481
7050.000000107465,61,101,0.3765432098765432,-60.328872728395055
7060.000000107683,66,96,0.4074074074074074,-65.2738622962963
7070.0000001079015,58,104,0.35802469135802467,-57.36187898765432
7080.00000010812,64,98,0.3950617283950617,-63.295866469135795
7090.000000108338,58,104,0.35802469135802467,-57.36187898765432
7100.000000108556,60,102,0.37037037037037035,-59.33987481481481
7110.000000108775,61,101,0.3765432098765432,-60.328872728395055
7120.000000108993,56,106,0.345679012345679,-55.38388316049383
7130.000000109211,61,101,0.3765432098765432,-60.328872728395055
7140.0000001094295,65,97,0.4012345679012346,-64.28486438271604
7150.000000109648,62,100,0.38271604938271603,-61.317870641975304
7160.000000109866,61,101,0.3765432098765432,-60.328872728395055
7170.000000110084,64,98,0.3950617283950617,-63.295866469135795
7180.000000110303,61,101,0.3765432098765432,-60.328872728395055
7190.000000110521,64,98,0.3950617283950617,-63.295866469135795
7200.000000110739,62,100,0.38271604938271603,-61.317870641975304
7210.000000110957,66,96,0.4074074074074074,-65.2738622962963
7220.000000111176,62,100,0.38271604938271603,-61.317870641975304
7230.000000111394,59,103,0.36419753086419754,-58.350876901234564
7240.000000111612,57,105,0.35185185185185186,-56.372881074074066
7250.000000111831,63,99,0.3888888888888889,-62.30686855555556
7260.000000112049,60,102,0.37037037037037035,-59.33987481481481
7270.000000112267,61,101,0.3765432098765432,-60.328872728395055
7280.000000112485,63,99,0.3888888888888889,-62.30686855555556
7290.000000112704,57,105,0.35185185185185186,-56.372881074074066
7300.000000112922,62,100,0.38271604938271603,-61.317870641975304
7310.00000011314,60,102,0.37037037037037035,-59.33987481481481
7320.0000001133585,62,100,0.38271604938271603,-61.317870641975304
7330.000000113577,65,97,0.4012345679012346,-64.28486438271604
7340.000000113795,63,99,0.3888888888888889,-62.30686855555556
7350.000000114013,63,99,0.3888888888888889,-62.30686855555556
7360.000000114232,63,99,0.3888888888888889,-62.30686855555556
7370.00000011445,63,99,0.3888888888888889,-62.30686855555556
7380.000000114668,63,99,0.3888888888888889,-62.30686855555556
7390.0000001148865,65,97,0.4012345679012346,-64.28486438271604
7400.000000115105,65,97,0.4012345679012346,-64.28486438271604
7410.000000115323,65,97,0.4012345679012346,-64.28486438271604
7420.000000115541,62,100,0.38271604938271603,-61.317870641975304
7430.00000011576,65,97,0.4012345679012346,-64.28486438271604
7440.000000115978,66,96,0.4074074074074074,-65.2738622962963
7450.000000116196,65,97,0.4012345679012346,-64.28486438271604
7460.000000116414,61,101,0.3765432098765432,-60.328872728395055
7470.000000116633,66,96,0.4074074074074074,-65.2738622962963
7480.000000116851,61,101,0.3765432098765432,-60.328872728395055
7490.000000117069,59,103,0.36419753086419754,-58.350876901234564
7500.0000001172875,62,100,0.38271604938271603,-61.317870641975304
7510.000000117506,59,103,0.36419753086419754,-58.350876901234564
7520.000000117724,64,98,0.3950617283950617,-63.295866469135795
7530.000000117942,65,97,0.4012345679012346,-64.28486438271604
7540.000000118161,62,100,0.38271604938271603,-61.317870641975304
7550.000000118379,65,97,0.4012345679012346,-64.28486438271604
7560.000000118597,58,104,0.35802469135802467,-57.36187898765432
7570.0000001188155,62,100,0.38271604938271603,-61.317870641975304
7580.000000119034,61,101,0.3765432098765432,-60.328872728395055
7590.000000119252,57,105,0.35185185185185186,-56.372881074074066
7600.00000011947,63,99,0.3888888888888889,-62.30686855555556
7610.000000119689,61,101,0.3765432098765432,-60.328872728395055
7620.000000119907,61,101,0.3765432098765432,-60.328872728395055
7630.000000120125,67,95,0.41358024691358025,-66.26286020987655
7640.000000120343,60,102,0.37037037037037035,-59.33987481481481
7650.000000120562,58,104,0.35802469135802467,-57.36187898765432
7660.00000012078,57,105,0.35185185185185186,-56.372881074074066
7670.000000120998,59,103,0.36419753086419754,-58.350876901234564
7680.0000001212165,57,105,0.35185185185185186,-56.372881074074066
7690.000000121435,53,109,0.3271604938271605,-52.41688941975308
7700.000000121653,51,111,0.3148148148148148,-50.43889359259259
7710.000000121871,52,110,0.32098765432098764,-51.42789150617284
7720.00000012209,53,109,0.3271604938271605,-52.41688941975308
7730.000000122308,56,106,0.345679012345679,-55.38388316049383
7740.000000122526,55,107,0.3395061728395062,-54.39488524691358
7750.0000001227445,58,104,0.35802469135802467,-57.36187898765432
7760.000000122963,57,105,0.35185185185185186,-56.372881074074066
7770.000000123181,57,105,0.35185185185185186,-56.372881074074066
7780.000000123399,52,110,0.32098765432098764,-51.42789150617284
7790.000000123618,54,108,0.3333333333333333,-53.405887333333325
7800.000000123836,58,104,0.35802469135802467,-57.36187898765432
7810.000000124054,61,101,0.3765432098765432,-60.328872728395055
7820.000000124272,57,105,0.35185185185185186,-56.372881074074066
7830.000000124491,61,101,0.3765432098765432,-60.328872728395055
7840.000000124709,57,105,0.35185185185185186,-56.372881074074066
7850.000000124927,63,99,0.3888888888888889,-62.30686855555556
7860.000000125146,58,104,0.35802469135802467,-57.36187898765432
7870.000000125364,54,108,0.3333333333333333,-53.405887333333325
7880.000000125582,60,102,0.37037037037037035,-59.33987481481481
7890.0000001258,59,103,0.36419753086419754,-58.350876901234564
7900.000000126019,57,105,0.35185185185185186,-56.372881074074066
7910.000000126237,63,99,0.3888888888888889,-62.30686855555556
7920.000000126455,59,103,0.36419753086419754,-58.350876901234564
7930.0000001266735,60,102,0.37037037037037035,-59.33987481481481
7940.000000126892,60,102,0.37037037037037035,-59.33987481481481
7950.00000012711,63,99,0.3888888888888889,-62.30686855555556
7960.000000127328,67,95,0.41358024691358025,-66.26286020987655
7970.000000127547,62,100,0.38271604938271603,-61.317870641975304
7980.000000127765,58,104,0.35802469135802467,-57.36187898765432
7990.000000127983,61,101,0.3765432098765432,-60.328872728395055
8000.0000001282015,55,107,0.3395061728395062,-54.39488524691358
8010.00000012842,58,104,0.35802469135802467,-57.36187898765432
8020.000000128638,62,100,0.38271604938271603,-61.317870641975304
8030.000000128856,54,108,0.3333333333333333,-53.405887333333325
8040.000000129075,55,107,0.3395061728395062,-54.39488524691358
8050.000000129293,58,104,0.35802469135802467,-57.36187898765432
8060.000000129511,59,103,0.36419753086419754,-58.350876901234564
8070.000000129729,62,100,0.38271604938271603,-61.317870641975304
8080.000000129948,61,101,0.3765432098765432,-60.328872728395055
8090.000000130166,54,108,0.3333333333333333,-53.405887333333325
8100.000000130384,59,103,0.36419753086419754,-58.350876901234564
8110.0000001306025,64,98,0.3950617283950617,-63.295866469135795
8120.000000130821,62,100,0.38271604938271603,-61.317870641975304
8130.000000131039,69,93,0.42592592592592593,-68.24085603703703
8140.000000131257,64,98,0.3950617283950617,-63.295866469135795
8150.000000131476,64,98,0.3950617283950617,-63.295866469135795
8160.000000131694,67,95,0.41358024691358025,-66.26286020987655
8170.000000131912,65,97,0.4012345679012346,-64.28486438271604
8180.0000001321305,65,97,0.4012345679012346,-64.28486438271604
8190.000000132349,63,99,0.3888888888888889,-62.30686855555556
8200.000000132566,63,99,0.3888888888888889,-62.30686855555556
8210.000000132784,63,99,0.3888888888888889,-62.30686855555556
8220.000000133003,65,97,0.4012345679012346,-64.28486438271604
8230.000000133221,63,99,0.3888888888888889,-62.30686855555556
8240.00000013344,67,95,0.41358024691358025,-66.26286020987655
8250.000000133658,70,92,0.43209876543209874,-69.22985395061728
8260.000000133876,69,93,0.42592592592592593,-68.24085603703703
8270.000000134094,69,93,0.42592592592592593,-68.24085603703703
8280.000000134312,63,99,0.3888888888888889,-62.30686855555556
8290.00000013453,60,102,0.37037037037037035,-59.33987481481481
8300.000000134749,66,96,0.4074074074074074,-65.2738622962963
8310.000000134967,58,104,0.35802469135802467,-57.36187898765432
8320.000000135185,65,97,0.4012345679012346,-64.28486438271604
8330.000000135404,67,95,0.41358024691358025,-66.26286020987655
8340.000000135622,62,100,0.38271604938271603,-61.317870641975304
8350.00000013584,63,99,0.3888888888888889,-62.30686855555556
8360.000000136059,57,105,0.35185185185185186,-56.372881074074066
8370.000000136277,58,104,0.35802469135802467,-57.36187898765432
8380.000000136495,56,106,0.345679012345679,-55.38388316049383
8390.000000136713,59,103,0.36419753086419754,-58.350876901234564
8400.000000136932,59,103,0.36419753086419754,-58.350876901234564
8410.00000013715,58,104,0.35802469135802467,-57.36187898765432
8420.000000137368,62,100,0.38271604938271603,-61.317870641975304
8430.000000137587,59,103,0.36419753086419754,-58.350876901234564
8440.000000137805,57,105,0.35185185185185186,-56.372881074074066
8450.000000138023,57,105,0.35185185185185186,-56.372881074074066
8460.000000138241,58,104,0.35802469135802467,-57.36187898765432
8470.00000013846,59,103,0.36419753086419754,-58.350876901234564
8480.000000138678,55,107,0.3395061728395062,-54.39488524691358
8490.000000138896,62,100,0.38271604938271603,-61.317870641975304
8500.000000139114,64,98,0.3950617283950617,-63.295866469135795
8510.000000139333,66,96,0.4074074074074074,-65.2738622962963
8520.000000139551,64,98,0.3950617283950617,-63.295866469135795
8530.00000013977,64,98,0.3950617283950617,-63.295866469135795
8540.000000139988,62,100,0.38271604938271603,-61.317870641975304
8550.000000140206,66,96,0.4074074074074074,-65.2738622962963
8560.000000140424,63,99,0.3888888888888889,-62.30686855555556
8570.000000140642,66,96,0.4074074074074074,-65.2738622962963
8580.00000014086,65,97,0.4012345679012346,-64.28486438271604
8590.000000141079,66,96,0.4074074074074074,-65.2738622962963
8600.000000141297,63,99,0.3888888888888889,-62.30686855555556
8610.000000141516,59,103,0.36419753086419754,-58.350876901234564
8620.000000141734,62,100,0.38271604938271603,-61.317870641975304
8630.000000141952,60,102,0.37037037037037035,-59.33987481481481
8640.00000014217,64,98,0.3950617283950617,-63.295866469135795
8650.000000142389,63,99,0.3888888888888889,-62.30686855555556
8660.000000142607,62,100,0.38271604938271603,-61.317870641975304
8670.000000142825,63,99,0.3888888888888889,-62.30686855555556
8680.000000143044,60,102,0.37037037037037035,-59.33987481481481
8690.000000143262,63,99,0.3888888888888889,-62.30686855555556
8700.00000014348,65,97,0.4012345679012346,-64.28486438271604
8710.000000143698,62,100,0.38271604938271603,-61.317870641975304
8720.000000143917,64,98,0.3950617283950617,-63.295866469135795
8730.000000144135,60,102,0.37037037037037035,-59.33987481481481
8740.000000144353,61,101,0.3765432098765432,-60.328872728395055
8750.000000144571,62,100,0.38271604938271603,-61.317870641975304
8760.00000014479,59,103,0.36419753086419754,-58.350876901234564
8770.000000145008,57,105,0.35185185185185186,-56.372881074074066
8780.000000145226,56,106,0.345679012345679,-55.38388316049383
8790.000000145445,61,101,0.3765432098765432,-60.328872728395055
8800.000000145663,58,104,0.35802469135802467,-57.36187898765432
8810.000000145881,60,102,0.37037037037037035,-59.33987481481481
8820.0000001461,60,102,0.37037037037037035,-59.33987481481481
8830.000000146318,62,100,0.38271604938271603,-61.317870641975304
8840.000000146536,64,98,0.3950617283950617,-63.295866469135795
8850.000000146754,62,100,0.38271604938271603,-61.317870641975304
8860.000000146973,66,96,0.4074074074074074,-65.2738622962963
8870.00000014719,64,98,0.3950617283950617,-63.295866469135795
8880.000000147409,64,98,0.3950617283950617,-63.295866469135795
8890.000000147627,65,97,0.4012345679012346,-64.28486438271604
8900.000000147846,64,98,0.3950617283950617,-63.295866469135795
8910.000000148064,64,98,0.3950617283950617,-63.295866469135795
8920.000000148282,68,94,0.41975308641975306,-67.25185812345678
8930.0000001485,64,98,0.3950617283950617,-63.295866469135795
8940.000000148719,66,96,0.4074074074074074,-65.2738622962963
8950.000000148937,63,99,0.3888888888888889,-62.30686855555556
8960.000000149155,63,99,0.3888888888888889,-62.30686855555556
8970.000000149374,61,101,0.3765432098765432,-60.328872728395055
8980.000000149592,62,100,0.38271604938271603,-61.317870641975304
8990.00000014981,61,101,0.3765432098765432,-60.328872728395055
9000.000000150028,60,102,0.37037037037037035,-59.33987481481481
9010.000000150247,62,100,0.38271604938271603,-61.317870641975304
9020.000000150465,62,100,0.38271604938271603,-61.317870641975304
9030.000000150683,65,97,0.4012345679012346,-64.28486438271604
9040.000000150902,66,96,0.4074074074074074,-65.2738622962963
9050.00000015112,61,101,0.3765432098765432,-60.328872728395055
9060.000000151338,60,102,0.37037037037037035,-59.33987481481481
9070.000000151556,68,94,0.41975308641975306,-67.25185812345678
9080.000000151775,64,98,0.3950617283950617,-63.295866469135795
9090.000000151993,63,99,0.3888888888888889,-62.30686855555556
9100.000000152211,66,96,0.4074074074074074,-65.2738622962963
9110.00000015243,65,97,0.4012345679012346,-64.28486438271604
9120.000000152648,67,95,0.41358024691358025,-66.26286020987655
9130.000000152866,69,93,0.42592592592592593,-68.24085603703703
9140.000000153084,70,92,0.43209876543209874,-69.22985395061728
9150.000000153303,71,91,0.4382716049382716,-70.21885186419753
9160.00000015352,68,94,0.41975308641975306,-67.25185812345678
9170.00000015374,67,95,0.41358024691358025,-66.26286020987655
9180.000000153957,70,92,0.43209876543209874,-69.22985395061728
9190.000000154176,68,94,0.41975308641975306,-67.25185812345678
9200.000000154394,69,93,0.42592592592592593,-68.24085603703703
9210.000000154612,65,97,0.4012345679012346,-64.28486438271604
9220.00000015483,61,101,0.3765432098765432,-60.328872728395055
9230.000000155049,65,97,0.4012345679012346,-64.28486438271604
9240.000000155267,58,104,0.35802469135802467,-57.36187898765432
9250.000000155485,62,100,0.38271604938271603,-61.317870641975304
9260.000000155704,58,104,0.35802469135802467,-57.36187898765432
9270.000000155922,56,106,0.345679012345679,-55.38388316049383
9280.00000015614,58,104,0.35802469135802467,-57.36187898765432
9290.000000156359,57,105,0.35185185185185186,-56.372881074074066
9300.000000156577,62,100,0.38271604938271603,-61.317870641975304
9310.000000156795,60,102,0.37037037037037035,-59.33987481481481
9320.000000157013,63,99,0.3888888888888889,-62.30686855555556
9330.000000157232,64,98,0.3950617283950617,-63.295866469135795
9340.00000015745,61,101,0.3765432098765432,-60.328872728395055
9350.000000157668,56,106,0.345679012345679,-55.38388316049383
9360.000000157886,60,102,0.37037037037037035,-59.33987481481481
9370.000000158105,59,103,0.36419753086419754,-58.350876901234564
9380.000000158323,63,99,0.3888888888888889,-62.30686855555556
9390.000000158541,63,99,0.3888888888888889,-62.30686855555556
9400.00000015876,63,99,0.3888888888888889,-62.30686855555556
9410.000000158978,65,97,0.4012345679012346,-64.28486438271604
9420.000000159196,62,100,0.38271604938271603,-61.317870641975304
9430.000000159414,63,99,0.3888888888888889,-62.30686855555556
9440.000000159633,62,100,0.38271604938271603,-61.317870641975304
9450.000000159851,60,102,0.37037037037037035,-59.33987481481481
9460.00000016007,59,103,0.36419753086419754,-58.350876901234564
9470.000000160288,57,105,0.35185185185185186,-56.372881074074066
9480.000000160506,61,101,0.3765432098765432,-60.328872728395055
9490.000000160724,58,104,0.35802469135802467,-57.36187898765432
9500.000000160942,57,105,0.35185185185185186,-56.372881074074066
9510.00000016116,64,98,0.3950617283950617,-63.295866469135795
9520.000000161379,57,105,0.35185185185185186,-56.372881074074066
9530.000000161597,63,99,0.3888888888888889,-62.30686855555556
9540.000000161815,58,104,0.35802469135802467,-57.36187898765432
9550.000000162034,67,95,0.41358024691358025,-66.26286020987655
9560.000000162252,63,99,0.3888888888888889,-62.30686855555556
9570.00000016247,63,99,0.3888888888888889,-62.30686855555556
9580.000000162689,63,99,0.3888888888888889,-62.30686855555556
9590.000000162907,69,93,0.42592592592592593,-68.24085603703703
9600.000000163125,68,94,0.41975308641975306,-67.25185812345678
9610.000000163343,64,98,0.3950617283950617,-63.295866469135795
9620.000000163562,59,103,0.36419753086419754,-58.350876901234564
9630.00000016378,61,101,0.3765432098765432,-60.328872728395055
9640.000000163998,64,98,0.3950617283950617,-63.295866469135795
9650.000000164217,62,100,0.38271604938271603,-61.317870641975304
9660.000000164435,59,103,0.36419753086419754,-58.350876901234564
9670.000000164653,62,100,0.38271604938271603,-61.317870641975304
9680.000000164871,57,105,0.35185185185185186,-56.372881074074066
9690.00000016509,62,100,0.38271604938271603,-61.317870641975304
9700.000000165308,62,100,0.38271604938271603,-61.317870641975304
9710.000000165526,64,98,0.3950617283950617,-63.295866469135795
9720.000000165744,60,102,0.37037037037037035,-59.33987481481481
9730.000000165963,62,100,0.38271604938271603,-61.317870641975304
9740.000000166181,58,104,0.35802469135802467,-57.36187898765432
9750.0000001664,64,98,0.3950617283950617,-63.295866469135795
9760.000000166618,64,98,0.3950617283950617,-63.295866469135795
9770.000000166836,65,97,0.4012345679012346,-64.28486438271604
9780.000000167054,66,96,0.4074074074074074,-65.2738622962963
9790.000000167272,66,96,0.4074074074074074,-65.2738622962963
9800.00000016749,62,100,0.38271604938271603,-61.317870641975304
9810.000000167709,62,100,0.38271604938271603,-61.317870641975304
9820.000000167927,63,99,0.3888888888888889,-62.30686855555556
9830.000000168146,61,101,0.3765432098765432,-60.328872728395055
9840.000000168364,67,95,0.41358024691358025,-66.26286020987655
9850.000000168582,67,95,0.41358024691358025,-66.26286020987655
9860.0000001688,62,100,0.38271604938271603,-61.317870641975304
9870.000000169019,71,91,0.4382716049382716,-70.21885186419753
9880.000000169237,64,98,0.3950617283950617,-63.295866469135795
9890.000000169455,67,95,0.41358024691358025,-66.26286020987655
9900.000000169674,66,96,0.4074074074074074,-65.2738622962963
9910.000000169892,66,96,0.4074074074074074,-65.2738622962963
9920.00000017011,64,98,0.3950617283950617,-63.295866469135795
9930.000000170328,66,96,0.4074074074074074,-65.2738622962963
9940.000000170547,67,95,0.41358024691358025,-66.26286020987655
9950.000000170765,64,98,0.3950617283950617,-63.295866469135795
9960.000000170983,64,98,0.3950617283950617,-63.295866469135795
9970.000000171201,71,91,0.4382716049382716,-70.21885186419753
9980.00000017142,74,88,0.4567901234567901,-73.18584560493828
9990.000000171638,69,93,0.42592592592592593,-68.24085603703703
10000.000000171856,71,91,0.4382716049382716,-70.21885186419753
10010.000000172075,63,99,0.3888888888888889,-62.30686855555556
10020.000000172293,69,93,0.42592592592592593,-68.24085603703703
10030.000000172511,71,91,0.4382716049382716,-70.21885186419753
10040.00000017273,72,90,0.4444444444444444,-71.20784977777777
10050.000000172948,67,95,0.41358024691358025,-66.26286020987655
10060.000000173166,65,97,0.4012345679012346,-64.28486438271604
10070.000000173384,62,100,0.38271604938271603,-61.317870641975304
10080.000000173603,66,96,0.4074074074074074,-65.2738622962963
10090.00000017382,70,92,0.43209876543209874,-69.22985395061728
10100.000000174039,70,92,0.43209876543209874,-69.22985395061728
10110.000000174257,62,100,0.38271604938271603,-61.317870641975304
10120.000000174476,65,97,0.4012345679012346,-64.28486438271604
10130.000000174694,65,97,0.4012345679012346,-64.28486438271604
10140.000000174912,64,98,0.3950617283950617,-63.295866469135795
10150.00000017513,69,93,0.42592592592592593,-68.24085603703703
10160.000000175349,65,97,0.4012345679012346,-64.28486438271604
10170.000000175567,71,91,0.4382716049382716,-70.21885186419753
10180.000000175785,69,93,0.42592592592592593,-68.24085603703703
10190.000000176004,71,91,0.4382716049382716,-70.21885186419753
10200.000000176222,69,93,0.42592592592592593,-68.24085603703703
10210.00000017644,63,99,0.3888888888888889,-62.30686855555556
10220.000000176658,66,96,0.4074074074074074,-65.2738622962963
10230.000000176877,62,100,0.38271604938271603,-61.317870641975304
10240.000000177095,62,100,0.38271604938271603,-61.317870641975304
10250.000000177313,65,97,0.4012345679012346,-64.28486438271604
10260.000000177532,65,97,0.4012345679012346,-64.28486438271604
10270.00000017775,62,100,0.38271604938271603,-61.317870641975304
10280.000000177968,67,95,0.41358024691358025,-66.26286020987655
10290.000000178186,68,94,0.41975308641975306,-67.25185812345678
10300.000000178405,69,93,0.42592592592592593,-68.24085603703703
10310.000000178623,68,94,0.41975308641975306,-67.25185812345678
10320.000000178841,68,94,0.41975308641975306,-67.25185812345678
10330.00000017906,74,88,0.4567901234567901,-73.18584560493828
10340.000000179278,74,88,0.4567901234567901,-73.18584560493828
10350.000000179496,72,90,0.4444444444444444,-71.20784977777777
10360.000000179714,70,92,0.43209876543209874,-69.22985395061728
10370.000000179933,65,97,0.4012345679012346,-64.28486438271604
10380.00000018015,67,95,0.41358024691358025,-66.26286020987655
10390.00000018037,69,93,0.42592592592592593,-68.24085603703703
10400.000000180587,69,93,0.42592592592592593,-68.24085603703703
10410.000000180806,68,94,0.41975308641975306,-67.25185812345678
10420.000000181024,66,96,0.4074074074074074,-65.2738622962963
10430.000000181242,67,95,0.41358024691358025,-66.26286020987655
10440.00000018146,67,95,0.41358024691358025,-66.26286020987655
10450.000000181679,69,93,0.42592592592592593,-68.24085603703703
10460.000000181897,68,94,0.41975308641975306,-67.25185812345678
10470.000000182115,67,95,0.41358024691358025,-66.26286020987655
10480.000000182334,69,93,0.42592592592592593,-68.24085603703703
10490.000000182552,68,94,0.41975308641975306,-67.25185812345678
10500.00000018277,73,89,0.4506172839506173,-72.19684769135802
10510.000000182989,72,90,0.4444444444444444,-71.20784977777777
10520.000000183207,68,94,0.41975308641975306,-67.25185812345678
10530.000000183425,72,90,0.4444444444444444,-71.20784977777777
10540.000000183643,69,93,0.42592592592592593,-68.24085603703703
10550.000000183862,66,96,0.4074074074074074,-65.2738622962963
10560.00000018408,71,91,0.4382716049382716,-70.21885186419753
10570.000000184298,68,94,0.41975308641975306,-67.25185812345678
10580.000000184516,66,96,0.4074074074074074,-65.2738622962963
10590.000000184735,68,94,0.41975308641975306,-67.25185812345678
10600.000000184953,68,94,0.41975308641975306,-67.25185812345678
10610.000000185171,68,94,0.41975308641975306,-67.25185812345678
10620.00000018539,68,94,0.41975308641975306,-67.25185812345678
10630.000000185608,65,97,0.4012345679012346,-64.28486438271604
10640.000000185826,63,99,0.3888888888888889,-62.30686855555556
10650.000000186044,64,98,0.3950617283950617,-63.295866469135795
10660.000000186263,64,98,0.3950617283950617,-63.295866469135795
10670.000000186481,61,101,0.3765432098765432,-60.328872728395055
10680.0000001867,62,100,0.38271604938271603,-61.317870641975304
10690.000000186918,62,100,0.38271604938271603,-61.317870641975304
10700.000000187136,60,102,0.37037037037037035,-59.33987481481481
10710.000000187354,62,100,0.38271604938271603,-61.317870641975304
10720.000000187572,57,105,0.35185185185185186,-56.372881074074066
10730.00000018779,60,102,0.37037037037037035,-59.33987481481481
10740.000000188009,58,104,0.35802469135802467,-57.36187898765432
10750.000000188227,60,102,0.37037037037037035,-59.33987481481481
10760.000000188445,53,109,0.3271604938271605,-52.41688941975308
10770.000000188664,63,99,0.3888888888888889,-62.30686855555556
10780.000000188882,61,101,0.3765432098765432,-60.328872728395055
10790.0000001891,59,103,0.36419753086419754,-58.350876901234564
10800.000000189319,59,103,0.36419753086419754,-58.350876901234564
10810.000000189537,62,100,0.38271604938271603,-61.317870641975304
10820.000000189755,61,101,0.3765432098765432,-60.328872728395055
10830.000000189973,63,99,0.3888888888888889,-62.30686855555556
10840.000000190192,60,102,0.37037037037037035,-59.33987481481481
10850.00000019041,60,102,0.37037037037037035,-59.33987481481481
10860.000000190628,65,97,0.4012345679012346,-64.28486438271604
10870.000000190847,63,99,0.3888888888888889,-62.30686855555556
10880.000000191065,65,97,0.4012345679012346,-64.28486438271604
10890.000000191283,61,101,0.3765432098765432,-60.328872728395055
10900.000000191501,62,100,0.38271604938271603,-61.317870641975304
10910.00000019172,61,101,0.3765432098765432,-60.328872728395055
10920.000000191938,65,97,0.4012345679012346,-64.28486438271604
10930.000000192156,63,99,0.3888888888888889,-62.30686855555556
10940.000000192375,65,97,0.4012345679012346,-64.28486438271604
10950.000000192593,56,106,0.345679012345679,-55.38388316049383
10960.000000192811,59,103,0.36419753086419754,-58.350876901234564
10970.00000019303,60,102,0.37037037037037035,-59.33987481481481
10980.000000193248,60,102,0.37037037037037035,-59.33987481481481
10990.000000193466,60,102,0.37037037037037035,-59.33987481481481
11000.000000193684,60,102,0.37037037037037035,-59.33987481481481
11010.000000193902,60,102,0.37037037037037035,-59.33987481481481
11020.00000019412,65,97,0.4012345679012346,-64.28486438271604
11030.000000194339,61,101,0.3765432098765432,-60.328872728395055
11040.000000194557,64,98,0.3950617283950617,-63.295866469135795
11050.000000194776,61,101,0.3765432098765432,-60.328872728395055
11060.000000194994,60,102,0.37037037037037035,-59.33987481481481
11070.000000195212,62,100,0.38271604938271603,-61.317870641975304
11080.00000019543,62,100,0.38271604938271603,-61.317870641975304
11090.000000195649,64,98,0.3950617283950617,-63.295866469135795
11100.000000195867,58,104,0.35802469135802467,-57.36187898765432
11110.000000196085,60,102,0.37037037037037035,-59.33987481481481
11120.000000196304,62,100,0.38271604938271603,-61.317870641975304
11130.000000196522,59,103,0.36419753086419754,-58.350876901234564
11140.00000019674,63,99,0.3888888888888889,-62.30686855555556
11150.000000196958,62,100,0.38271604938271603,-61.317870641975304
11160.000000197177,59,103,0.36419753086419754,-58.350876901234564
11170.000000197395,62,100,0.38271604938271603,-61.317870641975304
11180.000000197613,67,95,0.41358024691358025,-66.26286020987655
11190.000000197831,60,102,0.37037037037037035,-59.33987481481481
11200.00000019805,57,105,0.35185185185185186,-56.372881074074066
11210.000000198268,59,103,0.36419753086419754,-58.350876901234564
11220.000000198486,61,101,0.3765432098765432,-60.328872728395055
11230.000000198705,66,96,0.4074074074074074,-65.2738622962963
11240.000000198923,62,100,0.38271604938271603,-61.317870641975304
11250.000000199141,61,101,0.3765432098765432,-60.328872728395055
11260.00000019936,63,99,0.3888888888888889,-62.30686855555556
11270.000000199578,66,96,0.4074074074074074,-65.2738622962963
11280.000000199796,60,102,0.37037037037037035,-59.33987481481481
11290.000000200014,64,98,0.3950617283950617,-63.295866469135795
11300.000000200233,62,100,0.38271604938271603,-61.317870641975304
11310.00000020045,62,100,0.38271604938271603,-61.317870641975304
11320.00000020067,60,102,0.37037037037037035,-59.33987481481481
11330.000000200887,69,93,0.42592592592592593,-68.24085603703703
11340.000000201106,62,100,0.38271604938271603,-61.317870641975304
11350.000000201324,60,102,0.37037037037037035,-59.33987481481481
11360.000000201542,60,102,0.37037037037037035,-59.33987481481481
11370.00000020176,63,99,0.3888888888888889,-62.30686855555556
11380.000000201979,61,101,0.3765432098765432,-60.328872728395055
11390.000000202197,57,105,0.35185185185185186,-56.372881074074066
11400.000000202415,65,97,0.4012345679012346,-64.28486438271604
11410.000000202634,59,103,0.36419753086419754,-58.350876901234564
11420.000000202852,58,104,0.35802469135802467,-57.36187898765432
11430.00000020307,54,108,0.3333333333333333,-53.405887333333325
11440.000000203288,60,102,0.37037037037037035,-59.33987481481481
11450.000000203507,61,101,0.3765432098765432,-60.328872728395055
11460.000000203725,60,102,0.37037037037037035,-59.33987481481481
11470.000000203943,64,98,0.3950617283950617,-63.295866469135795
11480.000000204162,64,98,0.3950617283950617,-63.295866469135795
11490.00000020438,62,100,0.38271604938271603,-61.317870641975304
11500.000000204598,62,100,0.38271604938271603,-61.317870641975304
11510.000000204816,63,99,0.3888888888888889,-62.30686855555556
11520.000000205035,66,96,0.4074074074074074,-65.2738622962963
11530.000000205253,63,99,0.3888888888888889,-62.30686855555556
11540.000000205471,66,96,0.4074074074074074,-65.2738622962963
11550.00000020569,65,97,0.4012345679012346,-64.28486438271604
11560.000000205908,58,104,0.35802469135802467,-57.36187898765432
11570.000000206126,59,103,0.36419753086419754,-58.350876901234564
11580.000000206344,61,101,0.3765432098765432,-60.328872728395055
11590.000000206563,58,104,0.35802469135802467,-57.36187898765432
11600.00000020678,62,100,0.38271604938271603,-61.317870641975304
11610.000000207,58,104,0.35802469135802467,-57.36187898765432
11620.000000207217,62,100,0.38271604938271603,-61.317870641975304
11630.000000207436,57,105,0.35185185185185186,-56.372881074074066
11640.000000207654,64,98,0.3950617283950617,-63.295866469135795
11650.000000207872,61,101,0.3765432098765432,-60.328872728395055
11660.00000020809,61,101,0.3765432098765432,-60.328872728395055
11670.000000208309,64,98,0.3950617283950617,-63.295866469135795
11680.000000208527,64,98,0.3950617283950617,-63.295866469135795
11690.000000208745,64,98,0.3950617283950617,-63.295866469135795
11700.000000208964,62,100,0.38271604938271603,-61.317870641975304
11710.000000209182,65,97,0.4012345679012346,-64.28486438271604
11720.0000002094,70,92,0.43209876543209874,-69.22985395061728
11730.000000209619,63,99,0.3888888888888889,-62.30686855555556
11740.000000209837,66,96,0.4074074074074074,-65.2738622962963
11750.000000210055,68,94,0.41975308641975306,-67.25185812345678
11760.000000210273,67,95,0.41358024691358025,-66.26286020987655
11770.000000210492,67,95,0.41358024691358025,-66.26286020987655
11780.00000021071,67,95,0.41358024691358025,-66.26286020987655
11790.000000210928,71,91,0.4382716049382716,-70.21885186419753
11800.000000211146,69,93,0.42592592592592593,-68.24085603703703
11810.000000211365,68,94,0.41975308641975306,-67.25185812345678
11820.000000211583,67,95,0.41358024691358025,-66.26286020987655
11830.000000211801,62,100,0.38271604938271603,-61.317870641975304
11840.00000021202,65,97,0.4012345679012346,-64.28486438271604
11850.000000212238,64,98,0.3950617283950617,-63.295866469135795
11860.000000212456,69,93,0.42592592592592593,-68.24085603703703
11870.000000212674,64,98,0.3950617283950617,-63.295866469135795
11880.000000212893,63,99,0.3888888888888889,-62.30686855555556
11890.000000213111,63,99,0.3888888888888889,-62.30686855555556
11900.00000021333,68,94,0.41975308641975306,-67.25185812345678
11910.000000213548,64,98,0.3950617283950617,-63.295866469135795
11920.000000213766,64,98,0.3950617283950617,-63.295866469135795
11930.000000213984,70,92,0.43209876543209874,-69.22985395061728
11940.000000214202,65,97,0.4012345679012346,-64.28486438271604
11950.00000021442,72,90,0.4444444444444444,-71.20784977777777
11960.000000214639,72,90,0.4444444444444444,-71.20784977777777
11970.000000214857,65,97,0.4012345679012346,-64.28486438271604
11980.000000215075,65,97,0.4012345679012346,-64.28486438271604
11990.000000215294,67,95,0.41358024691358025,-66.26286020987655
12000.000000215512,69,93,0.42592592592592593,-68.24085603703703
12010.00000021573,68,94,0.41975308641975306,-67.25185812345678
12020.000000215949,68,94,0.41975308641975306,-67.25185812345678
12030.000000216167,67,95,0.41358024691358025,-66.26286020987655
12040.000000216385,74,88,0.4567901234567901,-73.18584560493828
12050.000000216603,73,89,0.4506172839506173,-72.19684769135802
12060.000000216822,73,89,0.4506172839506173,-72.19684769135802
12070.00000021704,68,94,0.41975308641975306,-67.25185812345678
12080.000000217258,67,95,0.41358024691358025,-66.26286020987655
12090.000000217477,68,94,0.41975308641975306,-67.25185812345678
12100.000000217695,64,98,0.3950617283950617,-63.295866469135795
12110.000000217913,63,99,0.3888888888888889,-62.30686855555556
12120.000000218131,66,96,0.4074074074074074,-65.2738622962963
12130.00000021835,64,98,0.3950617283950617,-63.295866469135795
12140.000000218568,64,98,0.3950617283950617,-63.295866469135795
12150.000000218786,60,102,0.37037037037037035,-59.33987481481481
12160.000000219005,62,100,0.38271604938271603,-61.317870641975304
12170.000000219223,63,99,0.3888888888888889,-62.30686855555556
12180.000000219441,62,100,0.38271604938271603,-61.317870641975304
12190.00000021966,64,98,0.3950617283950617,-63.295866469135795
12200.000000219878,63,99,0.3888888888888889,-62.30686855555556
12210.000000220096,59,103,0.36419753086419754,-58.350876901234564
12220.000000220314,59,103,0.36419753086419754,-58.350876901234564
12230.000000220532,59,103,0.36419753086419754,-58.350876901234564
12240.00000022075,60,102,0.37037037037037035,-59.33987481481481
12250.000000220969,63,99,0.3888888888888889,-62.30686855555556
12260.000000221187,62,100,0.38271604938271603,-61.317870641975304
12270.000000221406,58,104,0.35802469135802467,-57.36187898765432
12280.000000221624,57,105,0.35185185185185186,-56.372881074074066
12290.000000221842,57,105,0.35185185185185186,-56.372881074074066
12300.00000022206,60,102,0.37037037037037035,-59.33987481481481
12310.000000222279,58,104,0.35802469135802467,-57.36187898765432
12320.000000222497,59,103,0.36419753086419754,-58.350876901234564
12330.000000222715,62,100,0.38271604938271603,-61.317870641975304
12340.000000222934,61,101,0.3765432098765432,-60.328872728395055
12350.000000223152,63,99,0.3888888888888889,-62.30686855555556
12360.00000022337,67,95,0.41358024691358025,-66.26286020987655
12370.000000223588,62,100,0.38271604938271603,-61.317870641975304
12380.000000223807,66,96,0.4074074074074074,-65.2738622962963
12390.000000224025,62,100,0.38271604938271603,-61.317870641975304
12400.000000224243,67,95,0.41358024691358025,-66.26286020987655
12410.000000224461,62,100,0.38271604938271603,-61.317870641975304
12420.00000022468,65,97,0.4012345679012346,-64.28486438271604
12430.000000224898,60,102,0.37037037037037035,-59.33987481481481
12440.000000225116,65,97,0.4012345679012346,-64.28486438271604
12450.000000225335,58,104,0.35802469135802467,-57.36187898765432
12460.000000225553,64,98,0.3950617283950617,-63.295866469135795
12470.000000225771,61,101,0.3765432098765432,-60.328872728395055
12480.00000022599,60,102,0.37037037037037035,-59.33987481481481
12490.000000226208,59,103,0.36419753086419754,-58.350876901234564
12500.000000226426,62,100,0.38271604938271603,-61.317870641975304
12510.000000226644,58,104,0.35802469135802467,-57.36187898765432
12520.000000226863,61,101,0.3765432098765432,-60.328872728395055
12530.00000022708,60,102,0.37037037037037035,-59.33987481481481
12540.0000002273,62,100,0.38271604938271603,-61.317870641975304
12550.000000227517,59,103,0.36419753086419754,-58.350876901234564
12560.000000227736,62,100,0.38271604938271603,-61.317870641975304
12570.000000227954,55,107,0.3395061728395062,-54.39488524691358
12580.000000228172,62,100,0.38271604938271603,-61.317870641975304
12590.00000022839,62,100,0.38271604938271603,-61.317870641975304
12600.000000228609,62,100,0.38271604938271603,-61.317870641975304
12610.000000228827,61,101,0.3765432098765432,-60.328872728395055
12620.000000229045,61,101,0.3765432098765432,-60.328872728395055
12630.000000229264,62,100,0.38271604938271603,-61.317870641975304
12640.000000229482,62,100,0.38271604938271603,-61.317870641975304
12650.0000002297,69,93,0.42592592592592593,-68.24085603703703
12660.000000229918,63,99,0.3888888888888889,-62.30686855555556
12670.000000230137,66,96,0.4074074074074074,-65.2738622962963
12680.000000230355,66,96,0.4074074074074074,-65.2738622962963
12690.000000230573,67,95,0.41358024691358025,-66.26286020987655
12700.000000230792,64,98,0.3950617283950617,-63.295866469135795
12710.00000023101,67,95,0.41358024691358025,-66.26286020987655
12720.000000231228,61,101,0.3765432098765432,-60.328872728395055
12730.000000231446,65,97,0.4012345679012346,-64.28486438271604
12740.000000231665,66,96,0.4074074074074074,-65.2738622962963
12750.000000231883,67,95,0.41358024691358025,-66.26286020987655
12760.000000232101,69,93,0.42592592592592593,-68.24085603703703
12770.00000023232,70,92,0.43209876543209874,-69.22985395061728
12780.000000232538,66,96,0.4074074074074074,-65.2738622962963
12790.000000232756,64,98,0.3950617283950617,-63.295866469135795
12800.000000232974,65,97,0.4012345679012346,-64.28486438271604
12810.000000233193,65,97,0.4012345679012346,-64.28486438271604
12820.00000023341,63,99,0.3888888888888889,-62.30686855555556
12830.00000023363,59,103,0.36419753086419754,-58.350876901234564
12840.000000233847,60,102,0.37037037037037035,-59.33987481481481
12850.000000234066,60,102,0.37037037037037035,-59.33987481481481
12860.000000234284,61,101,0.3765432098765432,-60.328872728395055
12870.000000234502,59,103,0.36419753086419754,-58.350876901234564
12880.00000023472,62,100,0.38271604938271603,-61.317870641975304
12890.000000234939,63,99,0.3888888888888889,-62.30686855555556
12900.000000235157,66,96,0.4074074074074074,-65.2738622962963
12910.000000235375,66,96,0.4074074074074074,-65.2738622962963
12920.000000235594,70,92,0.43209876543209874,-69.22985395061728
12930.000000235812,66,96,0.4074074074074074,-65.2738622962963
12940.00000023603,61,101,0.3765432098765432,-60.328872728395055
12950.000000236249,63,99,0.3888888888888889,-62.30686855555556
12960.000000236467,63,99,0.3888888888888889,-62.30686855555556
12970.000000236685,63,99,0.3888888888888889,-62.30686855555556
12980.000000236903,66,96,0.4074074074074074,-65.2738622962963
12990.000000237122,68,94,0.41975308641975306,-67.25185812345678
13000.00000023734,68,94,0.41975308641975306,-67.25185812345678
13010.000000237558,69,93,0.42592592592592593,-68.24085603703703
13020.000000237776,65,97,0.4012345679012346,-64.28486438271604
13030.000000237995,66,96,0.4074074074074074,-65.2738622962963
13040.000000238213,66,96,0.4074074074074074,-65.2738622962963
13050.000000238431,64,98,0.3950617283950617,-63.295866469135795
13060.00000023865,65,97,0.4012345679012346,-64.28486438271604
13070.000000238868,66,96,0.4074074074074074,-65.2738622962963
13080.000000239086,60,102,0.37037037037037035,-59.33987481481481
13090.000000239304,62,100,0.38271604938271603,-61.317870641975304
13100.000000239523,62,100,0.38271604938271603,-61.317870641975304
13110.000000239741,63,99,0.3888888888888889,-62.30686855555556
13120.00000023996,58,104,0.35802469135802467,-57.36187898765432
13130.000000240178,63,99,0.3888888888888889,-62.30686855555556
13140.000000240396,64,98,0.3950617283950617,-63.295866469135795
13150.000000240614,65,97,0.4012345679012346,-64.28486438271604
13160.000000240832,65,97,0.4012345679012346,-64.28486438271604
13170.00000024105,64,98,0.3950617283950617,-63.295866469135795
13180.000000241269,68,94,0.41975308641975306,-67.25185812345678
13190.000000241487,66,96,0.4074074074074074,-65.2738622962963
13200.000000241705,66,96,0.4074074074074074,-65.2738622962963
13210.000000241924,72,90,0.4444444444444444,-71.20784977777777
13220.000000242142,73,89,0.4506172839506173,-72.19684769135802
13230.00000024236,72,90,0.4444444444444444,-71.20784977777777
13240.000000242579,75,87,0.46296296296296297,-74.17484351851851
13250.000000242797,74,88,0.4567901234567901,-73.18584560493828
13260.000000243015,72,90,0.4444444444444444,-71.20784977777777
13270.000000243233,71,91,0.4382716049382716,-70.21885186419753
13280.000000243452,71,91,0.4382716049382716,-70.21885186419753
13290.00000024367,70,92,0.43209876543209874,-69.22985395061728
13300.000000243888,72,90,0.4444444444444444,-71.20784977777777
13310.000000244107,73,89,0.4506172839506173,-72.19684769135802
13320.000000244325,72,90,0.4444444444444444,-71.20784977777777
13330.000000244543,69,93,0.42592592592592593,-68.24085603703703
13340.000000244761,72,90,0.4444444444444444,-71.20784977777777
13350.00000024498,67,95,0.41358024691358025,-66.26286020987655
13360.000000245198,66,96,0.4074074074074074,-65.2738622962963
13370.000000245416,68,94,0.41975308641975306,-67.25185812345678
13380.000000245635,65,97,0.4012345679012346,-64.28486438271604
13390.000000245853,69,93,0.42592592592592593,-68.24085603703703
13400.000000246071,65,97,0.4012345679012346,-64.28486438271604
13410.00000024629,65,97,0.4012345679012346,-64.28486438271604
13420.000000246508,68,94,0.41975308641975306,-67.25185812345678
13430.000000246726,62,100,0.38271604938271603,-61.317870641975304
13440.000000246944,65,97,0.4012345679012346,-64.28486438271604
13450.000000247162,69,93,0.42592592592592593,-68.24085603703703
13460.00000024738,70,92,0.43209876543209874,-69.22985395061728
13470.000000247599,72,90,0.4444444444444444,-71.20784977777777
13480.000000247817,67,95,0.41358024691358025,-66.26286020987655
13490.000000248036,65,97,0.4012345679012346,-64.28486438271604
13500.000000248254,69,93,0.42592592592592593,-68.24085603703703
13510.000000248472,65,97,0.4012345679012346,-64.28486438271604
13520.00000024869,69,93,0.42592592592592593,-68.24085603703703
13530.000000248909,64,98,0.3950617283950617,-63.295866469135795
13540.000000249127,64,98,0.3950617283950617,-63.295866469135795
13550.000000249345,56,106,0.345679012345679,-55.38388316049383
13560.000000249564,64,98,0.3950617283950617,-63.295866469135795
13570.000000249782,64,98,0.3950617283950617,-63.295866469135795
13580.00000025,60,102,0.37037037037037035,-59.33987481481481
13590.000000250218,65,97,0.4012345679012346,-64.28486438271604
13600.000000250437,69,93,0.42592592592592593,-68.24085603703703
13610.000000250655,64,98,0.3950617283950617,-63.295866469135795
13620.000000250873,62,100,0.38271604938271603,-61.317870641975304
13630.000000251091,65,97,0.4012345679012346,-64.28486438271604
13640.00000025131,59,103,0.36419753086419754,-58.350876901234564
13650.000000251528,65,97,0.4012345679012346,-64.28486438271604
13660.000000251746,64,98,0.3950617283950617,-63.295866469135795
13670.000000251965,63,99,0.3888888888888889,-62.30686855555556
13680.000000252183,63,99,0.3888888888888889,-62.30686855555556
13690.000000252401,63,99,0.3888888888888889,-62.30686855555556
13700.00000025262,58,104,0.35802469135802467,-57.36187898765432
13710.000000252838,67,95,0.41358024691358025,-66.26286020987655
13720.000000253056,61,101,0.3765432098765432,-60.328872728395055
13730.000000253274,62,100,0.38271604938271603,-61.317870641975304
13740.000000253493,61,101,0.3765432098765432,-60.328872728395055
13750.00000025371,61,101,0.3765432098765432,-60.328872728395055
13760.00000025393,64,98,0.3950617283950617,-63.295866469135795
13770.000000254147,56,106,0.345679012345679,-55.38388316049383
13780.000000254366,60,102,0.37037037037037035,-59.33987481481481
13790.000000254584,57,105,0.35185185185185186,-56.372881074074066
13800.000000254802,55,107,0.3395061728395062,-54.39488524691358
13810.00000025502,59,103,0.36419753086419754,-58.350876901234564
13820.000000255239,57,105,0.35185185185185186,-56.372881074074066
13830.000000255457,57,105,0.35185185185185186,-56.372881074074066
13840.000000255675,56,106,0.345679012345679,-55.38388316049383
13850.000000255894,58,104,0.35802469135802467,-57.36187898765432
13860.000000256112,61,101,0.3765432098765432,-60.328872728395055
13870.00000025633,61,101,0.3765432098765432,-60.328872728395055
13880.000000256548,60,102,0.37037037037037035,-59.33987481481481
13890.000000256767,64,98,0.3950617283950617,-63.295866469135795
13900.000000256985,55,107,0.3395061728395062,-54.39488524691358
13910.000000257203,60,102,0.37037037037037035,-59.33987481481481
13920.000000257422,59,103,0.36419753086419754,-58.350876901234564
13930.00000025764,57,105,0.35185185185185186,-56.372881074074066
13940.000000257858,61,101,0.3765432098765432,-60.328872728395055
13950.000000258076,60,102,0.37037037037037035,-59.33987481481481
13960.000000258295,60,102,0.37037037037037035,-59.33987481481481
13970.000000258513,62,100,0.38271604938271603,-61.317870641975304
13980.000000258731,59,103,0.36419753086419754,-58.350876901234564
13990.00000025895,62,100,0.38271604938271603,-61.317870641975304
14000.000000259168,62,100,0.38271604938271603,-61.317870641975304
14010.000000259386,61,101,0.3765432098765432,-60.328872728395055
14020.000000259604,58,104,0.35802469135802467,-57.36187898765432
14030.000000259823,57,105,0.35185185185185186,-56.372881074074066
14040.00000026004,62,100,0.38271604938271603,-61.317870641975304
14050.00000026026,61,101,0.3765432098765432,-60.328872728395055
14060.000000260477,65,97,0.4012345679012346,-64.28486438271604
14070.000000260696,61,101,0.3765432098765432,-60.328872728395055
14080.000000260914,63,99,0.3888888888888889,-62.30686855555556
14090.000000261132,60,102,0.37037037037037035,-59.33987481481481
14100.00000026135,60,102,0.37037037037037035,-59.33987481481481
14110.000000261569,60,102,0.37037037037037035,-59.33987481481481
14120.000000261787,58,104,0.35802469135802467,-57.36187898765432
14130.000000262005,63,99,0.3888888888888889,-62.30686855555556
14140.000000262224,55,107,0.3395061728395062,-54.39488524691358
14150.000000262442,63,99,0.3888888888888889,-62.30686855555556
14160.00000026266,58,104,0.35802469135802467,-57.36187898765432
14170.000000262879,64,98,0.3950617283950617,-63.295866469135795
14180.000000263097,63,99,0.3888888888888889,-62.30686855555556
14190.000000263315,58,104,0.35802469135802467,-57.36187898765432
14200.000000263533,62,100,0.38271604938271603,-61.317870641975304
14210.000000263752,61,101,0.3765432098765432,-60.328872728395055
14220.00000026397,64,98,0.3950617283950617,-63.295866469135795
14230.000000264188,60,102,0.37037037037037035,-59.33987481481481
14240.000000264406,63,99,0.3888888888888889,-62.30686855555556
14250.000000264625,58,104,0.35802469135802467,-57.36187898765432
14260.000000264843,62,100,0.38271604938271603,-61.317870641975304
14270.000000265061,67,95,0.41358024691358025,-66.26286020987655
14280.00000026528,66,96,0.4074074074074074,-65.2738622962963
14290.000000265498,70,92,0.43209876543209874,-69.22985395061728
14300.000000265716,61,101,0.3765432098765432,-60.328872728395055
14310.000000265934,62,100,0.38271604938271603,-61.317870641975304
14320.000000266153,63,99,0.3888888888888889,-62.30686855555556
14330.000000266371,61,101,0.3765432098765432,-60.328872728395055
14340.00000026659,60,102,0.37037037037037035,-59.33987481481481
14350.000000266808,62,100,0.38271604938271603,-61.317870641975304
14360.000000267026,63,99,0.3888888888888889,-62.30686855555556
14370.000000267244,64,98,0.3950617283950617,-63.295866469135795
14380.000000267462,63,99,0.3888888888888889,-62.30686855555556
14390.00000026768,63,99,0.3888888888888889,-62.30686855555556
14400.000000267899,64,98,0.3950617283950617,-63.295866469135795
14410.000000268117,59,103,0.36419753086419754,-58.350876901234564
14420.000000268335,63,99,0.3888888888888889,-62.30686855555556
14430.000000268554,60,102,0.37037037037037035,-59.33987481481481
14440.000000268772,54,108,0.3333333333333333,-53.405887333333325
14450.00000026899,56,106,0.345679012345679,-55.38388316049383
14460.000000269209,57,105,0.35185185185185186,-56.372881074074066
14470.000000269427,59,103,0.36419753086419754,-58.350876901234564
14480.000000269645,59,103,0.36419753086419754,-58.350876901234564
14490.000000269863,62,100,0.38271604938271603,-61.317870641975304
14500.000000270082,63,99,0.3888888888888889,-62.30686855555556
14510.0000002703,63,99,0.3888888888888889,-62.30686855555556
14520.000000270518,60,102,0.37037037037037035,-59.33987481481481
14530.000000270737,64,98,0.3950617283950617,-63.295866469135795
14540.000000270955,60,102,0.37037037037037035,-59.33987481481481
14550.000000271173,63,99,0.3888888888888889,-62.30686855555556
14560.000000271391,65,97,0.4012345679012346,-64.28486438271604
14570.00000027161,62,100,0.38271604938271603,-61.317870641975304
14580.000000271828,63,99,0.3888888888888889,-62.30686855555556
14590.000000272046,56,106,0.345679012345679,-55.38388316049383
14600.000000272265,62,100,0.38271604938271603,-61.317870641975304
14610.000000272483,60,102,0.37037037037037035,-59.33987481481481
14620.000000272701,66,96,0.4074074074074074,-65.2738622962963
14630.00000027292,62,100,0.38271604938271603,-61.317870641975304
14640.000000273138,62,100,0.38271604938271603,-61.317870641975304
14650.000000273356,64,98,0.3950617283950617,-63.295866469135795
14660.000000273574,67,95,0.41358024691358025,-66.26286020987655
14670.000000273792,64,98,0.3950617283950617,-63.295866469135795
14680.00000027401,62,100,0.38271604938271603,-61.317870641975304
14690.000000274229,61,101,0.3765432098765432,-60.328872728395055
14700.000000274447,61,101,0.3765432098765432,-60.328872728395055
14710.000000274666,62,100,0.38271604938271603,-61.317870641975304
14720.000000274884,62,100,0.38271604938271603,-61.317870641975304
14730.000000275102,66,96,0.4074074074074074,-65.2738622962963
14740.00000027532,66,96,0.4074074074074074,-65.2738622962963
14750.000000275539,59,103,0.36419753086419754,-58.350876901234564
14760.000000275757,57,105,0.35185185185185186,-56.372881074074066
14770.000000275975,62,100,0.38271604938271603,-61.317870641975304
14780.000000276194,64,98,0.3950617283950617,-63.295866469135795
14790.000000276412,66,96,0.4074074074074074,-65.2738622962963
14800.00000027663,62,100,0.38271604938271603,-61.317870641975304
14810.000000276848,65,97,0.4012345679012346,-64.28486438271604
14820.000000277067,65,97,0.4012345679012346,-64.28486438271604
14830.000000277285,62,100,0.38271604938271603,-61.317870641975304
14840.000000277503,61,101,0.3765432098765432,-60.328872728395055
14850.000000277721,61,101,0.3765432098765432,-60.328872728395055
14860.00000027794,57,105,0.35185185185185186,-56.372881074074066
14870.000000278158,56,106,0.345679012345679,-55.38388316049383
14880.000000278376,58,104,0.35802469135802467,-57.36187898765432
14890.000000278595,56,106,0.345679012345679,-55.38388316049383
14900.000000278813,56,106,0.345679012345679,-55.38388316049383
14910.000000279031,60,102,0.37037037037037035,-59.33987481481481
14920.00000027925,58,104,0.35802469135802467,-57.36187898765432
14930.000000279468,64,98,0.3950617283950617,-63.295866469135795
14940.000000279686,59,103,0.36419753086419754,-58.350876901234564
14950.000000279904,55,107,0.3395061728395062,-54.39488524691358
14960.000000280123,58,104,0.35802469135802467,-57.36187898765432
14970.00000028034,59,103,0.36419753086419754,-58.350876901234564
14980.00000028056,62,100,0.38271604938271603,-61.317870641975304
14990.000000280777,57,105,0.35185185185185186,-56.372881074074066
15000.000000280996,57,105,0.35185185185185186,-56.372881074074066
15010.000000281214,62,100,0.38271604938271603,-61.317870641975304
15020.000000281432,58,104,0.35802469135802467,-57.36187898765432
15030.00000028165,63,99,0.3888888888888889,-62.30686855555556
15040.000000281869,61,101,0.3765432098765432,-60.328872728395055
15050.000000282087,61,101,0.3765432098765432,-60.328872728395055
15060.000000282305,63,99,0.3888888888888889,-62.30686855555556
15070.000000282524,62,100,0.38271604938271603,-61.317870641975304
15080.000000282742,61,101,0.3765432098765432,-60.328872728395055
15090.00000028296,64,98,0.3950617283950617,-63.295866469135795
15100.000000283178,61,101,0.3765432098765432,-60.328872728395055
15110.000000283397,61,101,0.3765432098765432,-60.328872728395055
15120.000000283615,64,98,0.3950617283950617,-63.295866469135795
15130.000000283833,59,103,0.36419753086419754,-58.350876901234564
15140.000000284052,59,103,0.36419753086419754,-58.350876901234564
15150.00000028427,60,102,0.37037037037037035,-59.33987481481481
15160.000000284488,63,99,0.3888888888888889,-62.30686855555556
15170.000000284706,65,97,0.4012345679012346,-64.28486438271604
15180.000000284925,63,99,0.3888888888888889,-62.30686855555556
15190.000000285143,62,100,0.38271604938271603,-61.317870641975304
15200.000000285361,63,99,0.3888888888888889,-62.30686855555556
15210.00000028558,62,100,0.38271604938271603,-61.317870641975304
15220.000000285798,62,100,0.38271604938271603,-61.317870641975304
15230.000000286016,66,96,0.4074074074074074,-65.2738622962963
15240.000000286234,63,99,0.3888888888888889,-62.30686855555556
15250.000000286453,61,101,0.3765432098765432,-60.328872728395055
15260.000000286671,62,100,0.38271604938271603,-61.317870641975304
15270.00000028689,66,96,0.4074074074074074,-65.2738622962963
15280.000000287107,67,95,0.41358024691358025,-66.26286020987655
15290.000000287326,69,93,0.42592592592592593,-68.24085603703703
15300.000000287544,67,95,0.41358024691358025,-66.26286020987655
15310.000000287762,67,95,0.41358024691358025,-66.26286020987655
15320.00000028798,65,97,0.4012345679012346,-64.28486438271604
15330.000000288199,63,99,0.3888888888888889,-62.30686855555556
15340.000000288417,69,93,0.42592592592592593,-68.24085603703703
15350.000000288635,68,94,0.41975308641975306,-67.25185812345678
15360.000000288854,62,100,0.38271604938271603,-61.317870641975304
15370.000000289072,67,95,0.41358024691358025,-66.26286020987655
15380.00000028929,63,99,0.3888888888888889,-62.30686855555556
15390.000000289509,65,97,0.4012345679012346,-64.28486438271604
15400.000000289727,66,96,0.4074074074074074,-65.2738622962963
15410.000000289945,63,99,0.3888888888888889,-62.30686855555556
15420.000000290163,66,96,0.4074074074074074,-65.2738622962963
15430.000000290382,62,100,0.38271604938271603,-61.317870641975304
15440.0000002906,67,95,0.41358024691358025,-66.26286020987655
15450.000000290818,66,96,0.4074074074074074,-65.2738622962963
15460.000000291036,65,97,0.4012345679012346,-64.28486438271604
15470.000000291255,62,100,0.38271604938271603,-61.317870641975304
15480.000000291473,64,98,0.3950617283950617,-63.295866469135795
15490.000000291691,64,98,0.3950617283950617,-63.295866469135795
15500.00000029191,67,95,0.41358024691358025,-66.26286020987655
15510.000000292128,62,100,0.38271604938271603,-61.317870641975304
15520.000000292346,63,99,0.3888888888888889,-62.30686855555556
15530.000000292564,65,97,0.4012345679012346,-64.28486438271604
15540.000000292783,64,98,0.3950617283950617,-63.295866469135795
15550.000000293001,67,95,0.41358024691358025,-66.26286020987655
15560.00000029322,69,93,0.42592592592592593,-68.24085603703703
15570.000000293438,63,99,0.3888888888888889,-62.30686855555556
15580.000000293656,59,103,0.36419753086419754,-58.350876901234564
15590.000000293874,62,100,0.38271604938271603,-61.317870641975304
15600.000000294092,63,99,0.3888888888888889,-62.30686855555556
15610.00000029431,62,100,0.38271604938271603,-61.317870641975304
15620.000000294529,64,98,0.3950617283950617,-63.295866469135795
15630.000000294747,63,99,0.3888888888888889,-62.30686855555556
15640.000000294966,58,104,0.35802469135802467,-57.36187898765432
15650.000000295184,64,98,0.3950617283950617,-63.295866469135795
15660.000000295402,60,102,0.37037037037037035,-59.33987481481481
15670.00000029562,61,101,0.3765432098765432,-60.328872728395055
15680.000000295839,60,102,0.37037037037037035,-59.33987481481481
15690.000000296057,67,95,0.41358024691358025,-66.26286020987655
15700.000000296275,65,97,0.4012345679012346,-64.28486438271604
15710.000000296493,62,100,0.38271604938271603,-61.317870641975304
15720.000000296712,68,94,0.41975308641975306,-67.25185812345678
15730.00000029693,63,99,0.3888888888888889,-62.30686855555556
15740.000000297148,65,97,0.4012345679012346,-64.28486438271604
15750.000000297367,66,96,0.4074074074074074,-65.2738622962963
15760.000000297585,68,94,0.41975308641975306,-67.25185812345678
15770.000000297803,64,98,0.3950617283950617,-63.295866469135795
15780.000000298021,64,98,0.3950617283950617,-63.295866469135795
15790.00000029824,69,93,0.42592592592592593,-68.24085603703703
15800.000000298458,67,95,0.41358024691358025,-66.26286020987655
15810.000000298676,69,93,0.42592592592592593,-68.24085603703703
15820.000000298895,70,92,0.43209876543209874,-69.22985395061728
15830.000000299113,69,93,0.42592592592592593,-68.24085603703703
15840.000000299331,66,96,0.4074074074074074,-65.2738622962963
15850.00000029955,69,93,0.42592592592592593,-68.24085603703703
15860.000000299768,63,99,0.3888888888888889,-62.30686855555556
15870.000000299986,64,98,0.3950617283950617,-63.295866469135795
15880.000000300204,65,97,0.4012345679012346,-64.28486438271604
15890.000000300422,66,96,0.4074074074074074,-65.2738622962963
15900.00000030064,68,94,0.41975308641975306,-67.25185812345678
15910.000000300859,63,99,0.3888888888888889,-62.30686855555556
15920.000000301077,66,96,0.4074074074074074,-65.2738622962963
15930.000000301296,66,96,0.4074074074074074,-65.2738622962963
15940.000000301514,65,97,0.4012345679012346,-64.28486438271604
15950.000000301732,63,99,0.3888888888888889,-62.30686855555556
15960.00000030195,64,98,0.3950617283950617,-63.295866469135795
15970.000000302169,64,98,0.3950617283950617,-63.295866469135795
15980.000000302387,66,96,0.4074074074074074,-65.2738622962963
15990.000000302605,60,102,0.37037037037037035,-59.33987481481481
16000.000000302824,65,97,0.4012345679012346,-64.28486438271604
16010.000000303042,65,97,0.4012345679012346,-64.28486438271604
16020.00000030326,64,98,0.3950617283950617,-63.295866469135795
16030.000000303478,63,99,0.3888888888888889,-62.30686855555556
16040.000000303697,65,97,0.4012345679012346,-64.28486438271604
16050.000000303915,63,99,0.3888888888888889,-62.30686855555556
16060.000000304133,64,98,0.3950617283950617,-63.295866469135795
16070.000000304351,59,103,0.36419753086419754,-58.350876901234564
16080.00000030457,58,104,0.35802469135802467,-57.36187898765432
16090.000000304788,59,103,0.36419753086419754,-58.350876901234564
16100.000000305006,56,106,0.345679012345679,-55.38388316049383
16110.000000305225,56,106,0.345679012345679,-55.38388316049383
16120.000000305443,62,100,0.38271604938271603,-61.317870641975304
16130.000000305661,56,106,0.345679012345679,-55.38388316049383
16140.00000030588,58,104,0.35802469135802467,-57.36187898765432
16150.000000306098,58,104,0.35802469135802467,-57.36187898765432
16160.000000306316,57,105,0.35185185185185186,-56.372881074074066
16170.000000306534,58,104,0.35802469135802467,-57.36187898765432
16180.000000306753,59,103,0.36419753086419754,-58.350876901234564
16190.00000030697,59,103,0.36419753086419754,-58.350876901234564
16200.00000030719,54,108,0.3333333333333333,-53.405887333333325
16210.000000307407,62,100,0.38271604938271603,-61.317870641975304
16220.000000307626,62,100,0.38271604938271603,-61.317870641975304
16230.000000307844,57,105,0.35185185185185186,-56.372881074074066
16240.000000308062,61,101,0.3765432098765432,-60.328872728395055
16250.00000030828,57,105,0.35185185185185186,-56.372881074074066
16260.000000308499,60,102,0.37037037037037035,-59.33987481481481
16270.000000308717,60,102,0.37037037037037035,-59.33987481481481
16280.000000308935,59,103,0.36419753086419754,-58.350876901234564
16290.000000309154,55,107,0.3395061728395062,-54.39488524691358
16300.000000309372,58,104,0.35802469135802467,-57.36187898765432
16310.00000030959,56,106,0.345679012345679,-55.38388316049383
16320.000000309808,59,103,0.36419753086419754,-58.350876901234564
16330.000000310027,58,104,0.35802469135802467,-57.36187898765432
16340.000000310245,59,103,0.36419753086419754,-58.350876901234564
16350.000000310463,59,103,0.36419753086419754,-58.350876901234564
16360.000000310682,59,103,0.36419753086419754,-58.350876901234564
16370.0000003109,60,102,0.37037037037037035,-59.33987481481481
16380.000000311118,57,105,0.35185185185185186,-56.372881074074066
16390.000000310243,64,98,0.3950617283950617,-63.295866469135795
16400.000000308642,57,105,0.35185185185185186,-56.372881074074066
16410.00000030704,59,103,0.36419753086419754,-58.350876901234564
16420.00000030544,60,102,0.37037037037037035,-59.33987481481481
16430.00000030384,59,103,0.36419753086419754,-58.350876901234564
16440.00000030224,59,103,0.36419753086419754,-58.350876901234564
16450.00000030064,60,102,0.37037037037037035,-59.33987481481481
16460.00000029904,57,105,0.35185185185185186,-56.372881074074066
16470.000000297438,57,105,0.35185185185185186,-56.372881074074066
16480.000000295837,62,100,0.38271604938271603,-61.317870641975304
16490.000000294236,63,99,0.3888888888888889,-62.30686855555556
16500.000000292635,62,100,0.38271604938271603,-61.317870641975304
16510.000000291035,61,101,0.3765432098765432,-60.328872728395055
16520.000000289434,61,101,0.3765432098765432,-60.328872728395055
16530.000000287833,64,98,0.3950617283950617,-63.295866469135795
16540.000000286233,65,97,0.4012345679012346,-64.28486438271604
16550.000000284632,61,101,0.3765432098765432,-60.328872728395055
16560.00000028303,61,101,0.3765432098765432,-60.328872728395055
16570.00000028143,62,100,0.38271604938271603,-61.317870641975304
16580.00000027983,67,95,0.41358024691358025,-66.26286020987655
16590.00000027823,63,99,0.3888888888888889,-62.30686855555556
16600.00000027663,62,100,0.38271604938271603,-61.317870641975304
16610.000000275028,66,96,0.4074074074074074,-65.2738622962963
16620.000000273427,63,99,0.3888888888888889,-62.30686855555556
16630.000000271826,63,99,0.3888888888888889,-62.30686855555556
16640.000000270225,62,100,0.38271604938271603,-61.317870641975304
16650.000000268625,63,99,0.3888888888888889,-62.30686855555556
16660.000000267024,62,100,0.38271604938271603,-61.317870641975304
16670.000000265423,68,94,0.41975308641975306,-67.25185812345678
16680.000000263823,70,92,0.43209876543209874,-69.22985395061728
16690.000000262222,67,95,0.41358024691358025,-66.26286020987655
16700.00000026062,67,95,0.41358024691358025,-66.26286020987655
16710.00000025902,67,95,0.41358024691358025,-66.26286020987655
16720.00000025742,68,94,0.41975308641975306,-67.25185812345678
16730.00000025582,67,95,0.41358024691358025,-66.26286020987655
16740.00000025422,67,95,0.41358024691358025,-66.26286020987655
16750.000000252618,69,93,0.42592592592592593,-68.24085603703703
16760.000000251017,63,99,0.3888888888888889,-62.30686855555556
16770.000000249416,64,98,0.3950617283950617,-63.295866469135795
16780.000000247815,61,101,0.3765432098765432,-60.328872728395055
16790.000000246215,65,97,0.4012345679012346,-64.28486438271604
16800.000000244614,59,103,0.36419753086419754,-58.350876901234564
16810.000000243013,64,98,0.3950617283950617,-63.295866469135795
16820.000000241413,62,100,0.38271604938271603,-61.317870641975304
16830.000000239812,66,96,0.4074074074074074,-65.2738622962963
16840.00000023821,63,99,0.3888888888888889,-62.30686855555556
16850.00000023661,67,95,0.41358024691358025,-66.26286020987655
16860.00000023501,63,99,0.3888888888888889,-62.30686855555556
16870.00000023341,70,92,0.43209876543209874,-69.22985395061728
16880.00000023181,69,93,0.42592592592592593,-68.24085603703703
16890.000000230208,68,94,0.41975308641975306,-67.25185812345678
16900.000000228607,70,92,0.43209876543209874,-69.22985395061728
16910.000000227006,70,92,0.43209876543209874,-69.22985395061728
16920.000000225406,67,95,0.41358024691358025,-66.26286020987655
16930.000000223805,68,94,0.41975308641975306,-67.25185812345678
16940.000000222204,69,93,0.42592592592592593,-68.24085603703703
16950.000000220603,69,93,0.42592592592592593,-68.24085603703703
16960.000000219003,65,97,0.4012345679012346,-64.28486438271604
16970.000000217402,69,93,0.42592592592592593,-68.24085603703703
16980.0000002158,66,96,0.4074074074074074,-65.2738622962963
16990.0000002142,70,92,0.43209876543209874,-69.22985395061728
17000.0000002126,69,93,0.42592592592592593,-68.24085603703703
17010.000000211,70,92,0.43209876543209874,-69.22985395061728
17020.0000002094,66,96,0.4074074074074074,-65.2738622962963
17030.000000207798,69,93,0.42592592592592593,-68.24085603703703
17040.000000206197,68,94,0.41975308641975306,-67.25185812345678
17050.000000204596,65,97,0.4012345679012346,-64.28486438271604
17060.000000202996,66,96,0.4074074074074074,-65.2738622962963
17070.000000201395,72,90,0.4444444444444444,-71.20784977777777
17080.000000199794,72,90,0.4444444444444444,-71.20784977777777
17090.000000198193,66,96,0.4074074074074074,-65.2738622962963
17100.000000196593,67,95,0.41358024691358025,-66.26286020987655
17110.000000194992,66,96,0.4074074074074074,-65.2738622962963
17120.00000019339,67,95,0.41358024691358025,-66.26286020987655
17130.00000019179,69,93,0.42592592592592593,-68.24085603703703
17140.00000019019,67,95,0.41358024691358025,-66.26286020987655
17150.00000018859,65,97,0.4012345679012346,-64.28486438271604
17160.00000018699,64,98,0.3950617283950617,-63.295866469135795
17170.000000185388,65,97,0.4012345679012346,-64.28486438271604
17180.000000183787,65,97,0.4012345679012346,-64.28486438271604
17190.000000182186,70,92,0.43209876543209874,-69.22985395061728
17200.000000180586,60,102,0.37037037037037035,-59.33987481481481
17210.000000178985,60,102,0.37037037037037035,-59.33987481481481
17220.000000177384,61,101,0.3765432098765432,-60.328872728395055
17230.000000175783,63,99,0.3888888888888889,-62.30686855555556
17240.000000174183,65,97,0.4012345679012346,-64.28486438271604
17250.000000172582,70,92,0.43209876543209874,-69.22985395061728
17260.00000017098,66,96,0.4074074074074074,-65.2738622962963
17270.00000016938,64,98,0.3950617283950617,-63.295866469135795
17280.00000016778,64,98,0.3950617283950617,-63.295866469135795
17290.00000016618,64,98,0.3950617283950617,-63.295866469135795
17300.00000016458,61,101,0.3765432098765432,-60.328872728395055
17310.000000162978,66,96,0.4074074074074074,-65.2738622962963
17320.000000161377,65,97,0.4012345679012346,-64.28486438271604
17330.000000159776,60,102,0.37037037037037035,-59.33987481481481
17340.000000158176,64,98,0.3950617283950617,-63.295866469135795
17350.000000156575,64,98,0.3950617283950617,-63.295866469135795
17360.000000154974,65,97,0.4012345679012346,-64.28486438271604
17370.000000153374,64,98,0.3950617283950617,-63.295866469135795
17380.000000151773,63,99,0.3888888888888889,-62.30686855555556
17390.000000150172,63,99,0.3888888888888889,-62.30686855555556
17400.00000014857,60,102,0.37037037037037035,-59.33987481481481
17410.00000014697,66,96,0.4074074074074074,-65.2738622962963
17420.00000014537,62,100,0.38271604938271603,-61.317870641975304
17430.00000014377,64,98,0.3950617283950617,-63.295866469135795
17440.00000014217,59,103,0.36419753086419754,-58.350876901234564
17450.000000140568,58,104,0.35802469135802467,-57.36187898765432
17460.000000138967,62,100,0.38271604938271603,-61.317870641975304
17470.000000137366,58,104,0.35802469135802467,-57.36187898765432
17480.000000135766,57,105,0.35185185185185186,-56.372881074074066
17490.000000134165,59,103,0.36419753086419754,-58.350876901234564
17500.000000132564,61,101,0.3765432098765432,-60.328872728395055
17510.000000130964,60,102,0.37037037037037035,-59.33987481481481
17520.000000129363,63,99,0.3888888888888889,-62.30686855555556
17530.000000127762,64,98,0.3950617283950617,-63.295866469135795
17540.00000012616,65,97,0.4012345679012346,-64.28486438271604
17550.00000012456,56,106,0.345679012345679,-55.38388316049383
17560.00000012296,59,103,0.36419753086419754,-58.350876901234564
17570.00000012136,59,103,0.36419753086419754,-58.350876901234564
17580.00000011976,61,101,0.3765432098765432,-60.328872728395055
17590.000000118158,65,97,0.4012345679012346,-64.28486438271604
17600.000000116557,63,99,0.3888888888888889,-62.30686855555556
17610.000000114956,66,96,0.4074074074074074,-65.2738622962963
17620.000000113356,62,100,0.38271604938271603,-61.317870641975304
17630.000000111755,66,96,0.4074074074074074,-65.2738622962963
17640.000000110154,63,99,0.3888888888888889,-62.30686855555556
17650.000000108554,63,99,0.3888888888888889,-62.30686855555556
17660.000000106953,67,95,0.41358024691358025,-66.26286020987655
17670.000000105352,65,97,0.4012345679012346,-64.28486438271604
17680.00000010375,64,98,0.3950617283950617,-63.295866469135795
17690.00000010215,68,94,0.41975308641975306,-67.25185812345678
17700.00000010055,64,98,0.3950617283950617,-63.295866469135795
17710.00000009895,63,99,0.3888888888888889,-62.30686855555556
17720.00000009735,67,95,0.41358024691358025,-66.26286020987655
17730.000000095748,66,96,0.4074074074074074,-65.2738622962963
17740.000000094147,62,100,0.38271604938271603,-61.317870641975304
17750.000000092547,65,97,0.4012345679012346,-64.28486438271604
17760.000000090946,62,100,0.38271604938271603,-61.317870641975304
17770.000000089345,60,102,0.37037037037037035,-59.33987481481481
17780.000000087744,70,92,0.43209876543209874,-69.22985395061728
17790.000000086144,64,98,0.3950617283950617,-63.295866469135795
17800.000000084543,64,98,0.3950617283950617,-63.295866469135795
17810.000000082942,67,95,0.41358024691358025,-66.26286020987655
17820.00000008134,65,97,0.4012345679012346,-64.28486438271604
17830.00000007974,60,102,0.37037037037037035,-59.33987481481481
17840.00000007814,63,99,0.3888888888888889,-62.30686855555556
17850.00000007654,62,100,0.38271604938271603,-61.317870641975304
17860.00000007494,63,99,0.3888888888888889,-62.30686855555556
17870.000000073338,59,103,0.36419753086419754,-58.350876901234564
17880.000000071737,66,96,0.4074074074074074,-65.2738622962963
17890.000000070137,61,101,0.3765432098765432,-60.328872728395055
17900.000000068536,63,99,0.3888888888888889,-62.30686855555556
17910.000000066935,65,97,0.4012345679012346,-64.28486438271604
17920.000000065334,65,97,0.4012345679012346,-64.28486438271604
17930.000000063734,67,95,0.41358024691358025,-66.26286020987655
17940.000000062133,68,94,0.41975308641975306,-67.25185812345678
17950.000000060532,66,96,0.4074074074074074,-65.2738622962963
17960.00000005893,65,97,0.4012345679012346,-64.28486438271604
17970.00000005733,70,92,0.43209876543209874,-69.22985395061728
17980.00000005573,71,91,0.4382716049382716,-70.21885186419753
17990.00000005413,67,95,0.41358024691358025,-66.26286020987655
18000.00000005253,67,95,0.41358024691358025,-66.26286020987655
18010.000000050928,65,97,0.4012345679012346,-64.28486438271604
18020.000000049327,70,92,0.43209876543209874,-69.22985395061728
18030.000000047727,71,91,0.4382716049382716,-70.21885186419753
18040.000000046126,67,95,0.41358024691358025,-66.26286020987655
18050.000000044525,67,95,0.41358024691358025,-66.26286020987655
18060.000000042925,70,92,0.43209876543209874,-69.22985395061728
18070.000000041324,68,94,0.41975308641975306,-67.25185812345678
18080.000000039723,68,94,0.41975308641975306,-67.25185812345678
18090.000000038122,72,90,0.4444444444444444,-71.20784977777777
18100.00000003652,70,92,0.43209876543209874,-69.22985395061728
18110.00000003492,70,92,0.43209876543209874,-69.22985395061728
18120.00000003332,66,96,0.4074074074074074,-65.2738622962963
18130.00000003172,67,95,0.41358024691358025,-66.26286020987655
18140.00000003012,61,101,0.3765432098765432,-60.328872728395055
18150.000000028518,66,96,0.4074074074074074,-65.2738622962963
18160.000000026917,63,99,0.3888888888888889,-62.30686855555556
18170.000000025317,62,100,0.38271604938271603,-61.317870641975304
18180.000000023716,60,102,0.37037037037037035,-59.33987481481481
18190.000000022115,66,96,0.4074074074074074,-65.2738622962963
18200.000000020515,64,98,0.3950617283950617,-63.295866469135795
18210.000000018914,64,98,0.3950617283950617,-63.295866469135795
18220.000000017313,67,95,0.41358024691358025,-66.26286020987655
18230.000000015712,67,95,0.41358024691358025,-66.26286020987655
18240.00000001411,64,98,0.3950617283950617,-63.295866469135795
18250.00000001251,65,97,0.4012345679012346,-64.28486438271604
18260.00000001091,70,92,0.43209876543209874,-69.22985395061728
18270.00000000931,64,98,0.3950617283950617,-63.295866469135795
18280.00000000771,67,95,0.41358024691358025,-66.26286020987655
18290.000000006108,63,99,0.3888888888888889,-62.30686855555556
18300.000000004507,64,98,0.3950617283950617,-63.295866469135795
18310.000000002907,64,98,0.3950617283950617,-63.295866469135795
18320.000000001306,61,101,0.3765432098765432,-60.328872728395055
18329.999999999705,62,100,0.38271604938271603,-61.317870641975304
18339.999999998105,66,96,0.4074074074074074,-65.2738622962963
18349.999999996504,61,101,0.3765432098765432,-60.328872728395055
18359.999999994903,59,103,0.36419753086419754,-58.350876901234564
18369.999999993302,61,101,0.3765432098765432,-60.328872728395055
18379.9999999917,62,100,0.38271604938271603,-61.317870641975304
18389.9999999901,63,99,0.3888888888888889,-62.30686855555556
18399.9999999885,58,104,0.35802469135802467,-57.36187898765432
18409.9999999869,58,104,0.35802469135802467,-57.36187898765432
18419.9999999853,58,104,0.35802469135802467,-57.36187898765432
18429.9999999837,58,104,0.35802469135802467,-57.36187898765432
18439.999999982098,57,105,0.35185185185185186,-56.372881074074066
18449.999999980497,62,100,0.38271604938271603,-61.317870641975304
18459.999999978896,58,104,0.35802469135802467,-57.36187898765432
18469.999999977295,55,107,0.3395061728395062,-54.39488524691358
18479.999999975695,59,103,0.36419753086419754,-58.350876901234564
18489.999999974094,61,101,0.3765432098765432,-60.328872728395055
18499.999999972493,64,98,0.3950617283950617,-63.295866469135795
18509.999999970893,61,101,0.3765432098765432,-60.328872728395055
18519.999999969292,58,104,0.35802469135802467,-57.36187898765432
18529.99999996769,59,103,0.36419753086419754,-58.350876901234564
18539.99999996609,66,96,0.4074074074074074,-65.2738622962963
18549.99999996449,68,94,0.41975308641975306,-67.25185812345678
18559.99999996289,67,95,0.41358024691358025,-66.26286020987655
18569.99999996129,69,93,0.42592592592592593,-68.24085603703703
18579.999999959688,67,95,0.41358024691358025,-66.26286020987655
18589.999999958087,66,96,0.4074074074074074,-65.2738622962963
18599.999999956486,65,97,0.4012345679012346,-64.28486438271604
18609.999999954885,61,101,0.3765432098765432,-60.328872728395055
18619.999999953285,64,98,0.3950617283950617,-63.295866469135795
18629.999999951684,65,97,0.4012345679012346,-64.28486438271604
18639.999999950083,65,97,0.4012345679012346,-64.28486438271604
18649.999999948483,67,95,0.41358024691358025,-66.26286020987655
18659.999999946882,63,99,0.3888888888888889,-62.30686855555556
18669.99999994528,63,99,0.3888888888888889,-62.30686855555556
18679.99999994368,64,98,0.3950617283950617,-63.295866469135795
18689.99999994208,64,98,0.3950617283950617,-63.295866469135795
18699.99999994048,65,97,0.4012345679012346,-64.28486438271604
18709.99999993888,60,102,0.37037037037037035,-59.33987481481481
18719.999999937278,56,106,0.345679012345679,-55.38388316049383
18729.999999935677,59,103,0.36419753086419754,-58.350876901234564
18739.999999934076,59,103,0.36419753086419754,-58.350876901234564
18749.999999932475,62,100,0.38271604938271603,-61.317870641975304
18759.999999930875,64,98,0.3950617283950617,-63.295866469135795
18769.999999929274,67,95,0.41358024691358025,-66.26286020987655
18779.999999927673,64,98,0.3950617283950617,-63.295866469135795
18789.999999926073,63,99,0.3888888888888889,-62.30686855555556
18799.999999924472,64,98,0.3950617283950617,-63.295866469135795
18809.99999992287,56,106,0.345679012345679,-55.38388316049383
18819.99999992127,60,102,0.37037037037037035,-59.33987481481481
18829.99999991967,58,104,0.35802469135802467,-57.36187898765432
18839.99999991807,59,103,0.36419753086419754,-58.350876901234564
18849.99999991647,58,104,0.35802469135802467,-57.36187898765432
18859.999999914868,66,96,0.4074074074074074,-65.2738622962963
18869.999999913267,57,105,0.35185185185185186,-56.372881074074066
18879.999999911666,61,101,0.3765432098765432,-60.328872728395055
18889.999999910066,64,98,0.3950617283950617,-63.295866469135795
18899.999999908465,61,101,0.3765432098765432,-60.328872728395055
18909.999999906864,62,100,0.38271604938271603,-61.317870641975304
18919.999999905263,64,98,0.3950617283950617,-63.295866469135795
18929.999999903663,65,97,0.4012345679012346,-64.28486438271604
18939.999999902062,68,94,0.41975308641975306,-67.25185812345678
18949.99999990046,63,99,0.3888888888888889,-62.30686855555556
18959.99999989886,63,99,0.3888888888888889,-62.30686855555556
18969.99999989726,68,94,0.41975308641975306,-67.25185812345678
18979.99999989566,63,99,0.3888888888888889,-62.30686855555556
18989.99999989406,62,100,0.38271604938271603,-61.317870641975304
18999.999999892458,64,98,0.3950617283950617,-63.295866469135795
19009.999999890857,64,98,0.3950617283950617,-63.295866469135795
19019.999999889256,62,100,0.38271604938271603,-61.317870641975304
19029.999999887656,63,99,0.3888888888888889,-62.30686855555556
19039.999999886055,62,100,0.38271604938271603,-61.317870641975304
19049.999999884454,63,99,0.3888888888888889,-62.30686855555556
19059.999999882853,64,98,0.3950617283950617,-63.295866469135795
19069.999999881253,57,105,0.35185185185185186,-56.372881074074066
19079.999999879652,60,102,0.37037037037037035,-59.33987481481481
19089.99999987805,63,99,0.3888888888888889,-62.30686855555556
19099.99999987645,64,98,0.3950617283950617,-63.295866469135795
19109.99999987485,59,103,0.36419753086419754,-58.350876901234564
19119.99999987325,60,102,0.37037037037037035,-59.33987481481481
19129.99999987165,58,104,0.35802469135802467,-57.36187898765432
19139.999999870048,61,101,0.3765432098765432,-60.328872728395055
19149.999999868447,67,95,0.41358024691358025,-66.26286020987655
19159.999999866846,62,100,0.38271604938271603,-61.317870641975304
19169.999999865246,61,101,0.3765432098765432,-60.328872728395055
19179.999999863645,63,99,0.3888888888888889,-62.30686855555556
19189.999999862044,67,95,0.41358024691358025,-66.26286020987655
19199.999999860443,69,93,0.42592592592592593,-68.24085603703703
19209.999999858843,66,96,0.4074074074074074,-65.2738622962963
19219.999999857242,70,92,0.43209876543209874,-69.22985395061728
19229.99999985564,69,93,0.42592592592592593,-68.24085603703703
19239.99999985404,68,94,0.41975308641975306,-67.25185812345678
19249.99999985244,64,98,0.3950617283950617,-63.295866469135795
19259.99999985084,62,100,0.38271604938271603,-61.317870641975304
19269.99999984924,65,97,0.4012345679012346,-64.28486438271604
19279.999999847638,67,95,0.41358024691358025,-66.26286020987655
19289.999999846037,62,100,0.38271604938271603,-61.317870641975304
19299.999999844436,66,96,0.4074074074074074,-65.2738622962963
19309.999999842836,64,98,0.3950617283950617,-63.295866469135795
19319.999999841235,59,103,0.36419753086419754,-58.350876901234564
19329.999999839634,70,92,0.43209876543209874,-69.22985395061728
19339.999999838034,65,97,0.4012345679012346,-64.28486438271604
19349.999999836433,67,95,0.41358024691358025,-66.26286020987655
19359.999999834832,64,98,0.3950617283950617,-63.295866469135795
19369.99999983323,66,96,0.4074074074074074,-65.2738622962963
19379.99999983163,66,96,0.4074074074074074,-65.2738622962963
19389.99999983003,65,97,0.4012345679012346,-64.28486438271604
19399.99999982843,69,93,0.42592592592592593,-68.24085603703703
19409.99999982683,64,98,0.3950617283950617,-63.295866469135795
19419.999999825228,69,93,0.42592592592592593,-68.24085603703703
19429.999999823627,73,89,0.4506172839506173,-72.19684769135802
19439.999999822026,69,93,0.42592592592592593,-68.24085603703703
19449.999999820426,72,90,0.4444444444444444,-71.20784977777777
19459.999999818825,73,89,0.4506172839506173,-72.19684769135802
19469.999999817224,71,91,0.4382716049382716,-70.21885186419753
19479.999999815624,72,90,0.4444444444444444,-71.20784977777777
19489.999999814023,69,93,0.42592592592592593,-68.24085603703703
19499.999999812422,70,92,0.43209876543209874,-69.22985395061728
19509.99999981082,68,94,0.41975308641975306,-67.25185812345678
19519.99999980922,69,93,0.42592592592592593,-68.24085603703703
19529.99999980762,68,94,0.41975308641975306,-67.25185812345678
19539.99999980602,67,95,0.41358024691358025,-66.26286020987655
19549.99999980442,74,88,0.4567901234567901,-73.18584560493828
19559.999999802818,65,97,0.4012345679012346,-64.28486438271604
19569.999999801217,67,95,0.41358024691358025,-66.26286020987655
19579.999999799616,70,92,0.43209876543209874,-69.22985395061728
19589.999999798016,71,91,0.4382716049382716,-70.21885186419753
19599.999999796415,65,97,0.4012345679012346,-64.28486438271604
19609.999999794814,65,97,0.4012345679012346,-64.28486438271604
19619.999999793214,65,97,0.4012345679012346,-64.28486438271604
19629.999999791613,64,98,0.3950617283950617,-63.295866469135795
19639.999999790012,66,96,0.4074074074074074,-65.2738622962963
19649.99999978841,64,98,0.3950617283950617,-63.295866469135795
19659.99999978681,66,96,0.4074074074074074,-65.2738622962963
19669.99999978521,68,94,0.41975308641975306,-67.25185812345678
19679.99999978361,75,87,0.46296296296296297,-74.17484351851851
19689.99999978201,67,95,0.41358024691358025,-66.26286020987655
19699.999999780408,69,93,0.42592592592592593,-68.24085603703703
19709.999999778807,68,94,0.41975308641975306,-67.25185812345678
19719.999999777207,65,97,0.4012345679012346,-64.28486438271604
19729.999999775606,64,98,0.3950617283950617,-63.295866469135795
19739.999999774005,62,100,0.38271604938271603,-61.317870641975304
19749.999999772404,63,99,0.3888888888888889,-62.30686855555556
19759.999999770804,62,100,0.38271604938271603,-61.317870641975304
19769.999999769203,57,105,0.35185185185185186,-56.372881074074066
19779.999999767602,60,102,0.37037037037037035,-59.33987481481481
19789.999999766,59,103,0.36419753086419754,-58.350876901234564
19799.9999997644,63,99,0.3888888888888889,-62.30686855555556
19809.9999997628,65,97,0.4012345679012346,-64.28486438271604
19819.9999997612,66,96,0.4074074074074074,-65.2738622962963
19829.9999997596,68,94,0.41975308641975306,-67.25185812345678
19839.999999757998,64,98,0.3950617283950617,-63.295866469135795
19849.999999756397,64,98,0.3950617283950617,-63.295866469135795
19859.999999754797,67,95,0.41358024691358025,-66.26286020987655
19869.999999753196,69,93,0.42592592592592593,-68.24085603703703
19879.999999751595,67,95,0.41358024691358025,-66.26286020987655
19889.999999749994,68,94,0.41975308641975306,-67.25185812345678
19899.999999748394,69,93,0.42592592592592593,-68.24085603703703
19909.999999746793,64,98,0.3950617283950617,-63.295866469135795
19919.999999745192,67,95,0.41358024691358025,-66.26286020987655
19929.99999974359,64,98,0.3950617283950617,-63.295866469135795
19939.99999974199,65,97,0.4012345679012346,-64.28486438271604
19949.99999974039,67,95,0.41358024691358025,-66.26286020987655
19959.99999973879,61,101,0.3765432098765432,-60.328872728395055
19969.99999973719,62,100,0.38271604938271603,-61.317870641975304
19979.999999735588,61,101,0.3765432098765432,-60.328872728395055
19989.999999733987,61,101,0.3765432098765432,-60.328872728395055
19999.999999732387,57,105,0.35185185185185186,-56.372881074074066
20009.999999730786,61,101,0.3765432098765432,-60.328872728395055
20019.999999729185,61,101,0.3765432098765432,-60.328872728395055
20029.999999727585,60,102,0.37037037037037035,-59.33987481481481
20039.999999725984,61,101,0.3765432098765432,-60.328872728395055
20049.999999724383,61,101,0.3765432098765432,-60.328872728395055
20059.999999722782,65,97,0.4012345679012346,-64.28486438271604
20069.99999972118,65,97,0.4012345679012346,-64.28486438271604
20079.99999971958,62,100,0.38271604938271603,-61.317870641975304
20089.99999971798,63,99,0.3888888888888889,-62.30686855555556
20099.99999971638,64,98,0.3950617283950617,-63.295866469135795
20109.99999971478,62,100,0.38271604938271603,-61.317870641975304
20119.999999713178,67,95,0.41358024691358025,-66.26286020987655
20129.999999711577,62,100,0.38271604938271603,-61.317870641975304
20139.999999709977,60,102,0.37037037037037035,-59.33987481481481
20149.999999708376,68,94,0.41975308641975306,-67.25185812345678
20159.999999706775,67,95,0.41358024691358025,-66.26286020987655
20169.999999705175,63,99,0.3888888888888889,-62.30686855555556
20179.999999703574,66,96,0.4074074074074074,-65.2738622962963
20189.999999701973,66,96,0.4074074074074074,-65.2738622962963
20199.999999700372,65,97,0.4012345679012346,-64.28486438271604
20209.99999969877,62,100,0.38271604938271603,-61.317870641975304
20219.99999969717,64,98,0.3950617283950617,-63.295866469135795
20229.99999969557,61,101,0.3765432098765432,-60.328872728395055
20239.99999969397,66,96,0.4074074074074074,-65.2738622962963
20249.99999969237,65,97,0.4012345679012346,-64.28486438271604
20259.999999690768,64,98,0.3950617283950617,-63.295866469135795
20269.999999689167,63,99,0.3888888888888889,-62.30686855555556
20279.999999687567,65,97,0.4012345679012346,-64.28486438271604
20289.999999685966,65,97,0.4012345679012346,-64.28486438271604
20299.999999684365,65,97,0.4012345679012346,-64.28486438271604
20309.999999682765,66,96,0.4074074074074074,-65.2738622962963
20319.999999681164,68,94,0.41975308641975306,-67.25185812345678
20329.999999679563,61,101,0.3765432098765432,-60.328872728395055
20339.999999677962,59,103,0.36419753086419754,-58.350876901234564
20349.99999967636,61,101,0.3765432098765432,-60.328872728395055
20359.99999967476,65,97,0.4012345679012346,-64.28486438271604
20369.99999967316,59,103,0.36419753086419754,-58.350876901234564
20379.99999967156,57,105,0.35185185185185186,-56.372881074074066
20389.99999966996,54,108,0.3333333333333333,-53.405887333333325
20399.99999966836,60,102,0.37037037037037035,-59.33987481481481
20409.999999666758,65,97,0.4012345679012346,-64.28486438271604
20419.999999665157,71,91,0.4382716049382716,-70.21885186419753
20429.999999663556,68,94,0.41975308641975306,-67.25185812345678
20439.999999661955,65,97,0.4012345679012346,-64.28486438271604
20449.999999660355,67,95,0.41358024691358025,-66.26286020987655
20459.999999658754,63,99,0.3888888888888889,-62.30686855555556
20469.999999657153,59,103,0.36419753086419754,-58.350876901234564
20479.999999655553,59,103,0.36419753086419754,-58.350876901234564
20489.99999965395,62,100,0.38271604938271603,-61.317870641975304
20499.99999965235,60,102,0.37037037037037035,-59.33987481481481
20509.99999965075,61,101,0.3765432098765432,-60.328872728395055
20519.99999964915,61,101,0.3765432098765432,-60.328872728395055
20529.99999964755,59,103,0.36419753086419754,-58.350876901234564
20539.99999964595,54,108,0.3333333333333333,-53.405887333333325
20549.999999644348,58,104,0.35802469135802467,-57.36187898765432
20559.999999642747,60,102,0.37037037037037035,-59.33987481481481
20569.999999641146,59,103,0.36419753086419754,-58.350876901234564
20579.999999639545,58,104,0.35802469135802467,-57.36187898765432
20589.999999637945,55,107,0.3395061728395062,-54.39488524691358
20599.999999636344,60,102,0.37037037037037035,-59.33987481481481
20609.999999634743,60,102,0.37037037037037035,-59.33987481481481
20619.999999633143,56,106,0.345679012345679,-55.38388316049383
20629.999999631542,56,106,0.345679012345679,-55.38388316049383
20639.99999962994,63,99,0.3888888888888889,-62.30686855555556
20649.99999962834,62,100,0.38271604938271603,-61.317870641975304
20659.99999962674,58,104,0.35802469135802467,-57.36187898765432
20669.99999962514,58,104,0.35802469135802467,-57.36187898765432
20679.99999962354,58,104,0.35802469135802467,-57.36187898765432
20689.999999621938,63,99,0.3888888888888889,-62.30686855555556
20699.999999620337,62,100,0.38271604938271603,-61.317870641975304
20709.999999618736,61,101,0.3765432098765432,-60.328872728395055
20719.999999617135,61,101,0.3765432098765432,-60.328872728395055
20729.999999615535,55,107,0.3395061728395062,-54.39488524691358
20739.999999613934,57,105,0.35185185185185186,-56.372881074074066
20749.999999612333,58,104,0.35802469135802467,-57.36187898765432
20759.999999610733,56,106,0.345679012345679,-55.38388316049383
20769.999999609132,55,107,0.3395061728395062,-54.39488524691358
20779.99999960753,58,104,0.35802469135802467,-57.36187898765432
20789.99999960593,57,105,0.35185185185185186,-56.372881074074066
20799.99999960433,59,103,0.36419753086419754,-58.350876901234564
20809.99999960273,58,104,0.35802469135802467,-57.36187898765432
20819.99999960113,58,104,0.35802469135802467,-57.36187898765432
20829.999999599528,58,104,0.35802469135802467,-57.36187898765432
20839.999999597927,57,105,0.35185185185185186,-56.372881074074066
20849.999999596326,62,100,0.38271604938271603,-61.317870641975304
20859.999999594726,60,102,0.37037037037037035,-59.33987481481481
20869.999999593125,58,104,0.35802469135802467,-57.36187898765432
20879.999999591524,64,98,0.3950617283950617,-63.295866469135795
20889.999999589923,58,104,0.35802469135802467,-57.36187898765432
20899.999999588323,65,97,0.4012345679012346,-64.28486438271604
20909.999999586722,59,103,0.36419753086419754,-58.350876901234564
20919.99999958512,57,105,0.35185185185185186,-56.372881074074066
20929.99999958352,57,105,0.35185185185185186,-56.372881074074066
20939.99999958192,60,102,0.37037037037037035,-59.33987481481481
20949.99999958032,59,103,0.36419753086419754,-58.350876901234564
20959.99999957872,61,101,0.3765432098765432,-60.328872728395055
20969.999999577118,61,101,0.3765432098765432,-60.328872728395055
20979.999999575517,59,103,0.36419753086419754,-58.350876901234564
20989.999999573916,61,101,0.3765432098765432,-60.328872728395055
20999.999999572316,61,101,0.3765432098765432,-60.328872728395055
21009.999999570715,62,100,0.38271604938271603,-61.317870641975304
21019.999999569114,58,104,0.35802469135802467,-57.36187898765432
21029.999999567513,64,98,0.3950617283950617,-63.295866469135795
21039.999999565913,62,100,0.38271604938271603,-61.317870641975304
21049.999999564312,63,99,0.3888888888888889,-62.30686855555556
21059.99999956271,64,98,0.3950617283950617,-63.295866469135795
21069.99999956111,69,93,0.42592592592592593,-68.24085603703703
21079.99999955951,64,98,0.3950617283950617,-63.295866469135795
21089.99999955791,65,97,0.4012345679012346,-64.28486438271604
21099.99999955631,66,96,0.4074074074074074,-65.2738622962963
21109.999999554708,66,96,0.4074074074074074,-65.2738622962963
21119.999999553107,65,97,0.4012345679012346,-64.28486438271604
21129.999999551506,65,97,0.4012345679012346,-64.28486438271604
21139.999999549906,66,96,0.4074074074074074,-65.2738622962963
21149.999999548305,65,97,0.4012345679012346,-64.28486438271604
21159.999999546704,66,96,0.4074074074074074,-65.2738622962963
21169.999999545103,65,97,0.4012345679012346,-64.28486438271604
21179.999999543503,66,96,0.4074074074074074,-65.2738622962963
21189.999999541902,63,99,0.3888888888888889,-62.30686855555556
21199.9999995403,61,101,0.3765432098765432,-60.328872728395055
21209.9999995387,63,99,0.3888888888888889,-62.30686855555556
21219.9999995371,61,101,0.3765432098765432,-60.328872728395055
21229.9999995355,60,102,0.37037037037037035,-59.33987481481481
21239.9999995339,63,99,0.3888888888888889,-62.30686855555556
21249.999999532298,64,98,0.3950617283950617,-63.295866469135795
21259.999999530697,64,98,0.3950617283950617,-63.295866469135795
21269.999999529096,61,101,0.3765432098765432,-60.328872728395055
21279.999999527496,65,97,0.4012345679012346,-64.28486438271604
21289.999999525895,59,103,0.36419753086419754,-58.350876901234564
21299.999999524294,63,99,0.3888888888888889,-62.30686855555556
21309.999999522694,62,100,0.38271604938271603,-61.317870641975304
21319.999999521093,65,97,0.4012345679012346,-64.28486438271604
21329.999999519492,68,94,0.41975308641975306,-67.25185812345678
21339.99999951789,63,99,0.3888888888888889,-62.30686855555556
21349.99999951629,64,98,0.3950617283950617,-63.295866469135795
21359.99999951469,68,94,0.41975308641975306,-67.25185812345678
21369.99999951309,60,102,0.37037037037037035,-59.33987481481481
21379.99999951149,63,99,0.3888888888888889,-62.30686855555556
21389.999999509888,62,100,0.38271604938271603,-61.317870641975304
21399.999999508287,62,100,0.38271604938271603,-61.317870641975304
21409.999999506686,60,102,0.37037037037037035,-59.33987481481481
21419.999999505086,61,101,0.3765432098765432,-60.328872728395055
21429.999999503485,63,99,0.3888888888888889,-62.30686855555556
21439.999999501884,68,94,0.41975308641975306,-67.25185812345678
21449.999999500284,68,94,0.41975308641975306,-67.25185812345678
21459.999999498683,67,95,0.41358024691358025,-66.26286020987655
21469.999999497082,62,100,0.38271604938271603,-61.317870641975304
21479.99999949548,61,101,0.3765432098765432,-60.328872728395055
21489.99999949388,69,93,0.42592592592592593,-68.24085603703703
21499.99999949228,65,97,0.4012345679012346,-64.28486438271604
21509.99999949068,66,96,0.4074074074074074,-65.2738622962963
21519.99999948908,67,95,0.41358024691358025,-66.26286020987655
21529.999999487478,71,91,0.4382716049382716,-70.21885186419753
21539.999999485877,66,96,0.4074074074074074,-65.2738622962963
21549.999999484276,68,94,0.41975308641975306,-67.25185812345678
21559.999999482676,68,94,0.41975308641975306,-67.25185812345678
21569.999999481075,70,92,0.43209876543209874,-69.22985395061728
21579.999999479474,70,92,0.43209876543209874,-69.22985395061728
21589.999999477874,72,90,0.4444444444444444,-71.20784977777777
21599.999999476273,71,91,0.4382716049382716,-70.21885186419753
21609.999999474672,68,94,0.41975308641975306,-67.25185812345678
21619.99999947307,69,93,0.42592592592592593,-68.24085603703703
21629.99999947147,65,97,0.4012345679012346,-64.28486438271604
21639.99999946987,68,94,0.41975308641975306,-67.25185812345678
21649.99999946827,68,94,0.41975308641975306,-67.25185812345678
21659.99999946667,62,100,0.38271604938271603,-61.317870641975304
21669.999999465068,64,98,0.3950617283950617,-63.295866469135795
21679.999999463467,61,101,0.3765432098765432,-60.328872728395055
21689.999999461867,63,99,0.3888888888888889,-62.30686855555556
21699.999999460266,63,99,0.3888888888888889,-62.30686855555556
21709.999999458665,70,92,0.43209876543209874,-69.22985395061728
21719.999999457064,69,93,0.42592592592592593,-68.24085603703703
21729.999999455464,67,95,0.41358024691358025,-66.26286020987655
21739.999999453863,66,96,0.4074074074074074,-65.2738622962963
21749.999999452262,62,100,0.38271604938271603,-61.317870641975304
21759.99999945066,65,97,0.4012345679012346,-64.28486438271604
21769.99999944906,64,98,0.3950617283950617,-63.295866469135795
21779.99999944746,67,95,0.41358024691358025,-66.26286020987655
21789.99999944586,66,96,0.4074074074074074,-65.2738622962963
21799.99999944426,64,98,0.3950617283950617,-63.295866469135795
21809.999999442658,64,98,0.3950617283950617,-63.295866469135795
21819.999999441057,68,94,0.41975308641975306,-67.25185812345678
21829.999999439457,66,96,0.4074074074074074,-65.2738622962963
21839.999999437856,68,94,0.41975308641975306,-67.25185812345678
21849.999999436255,63,99,0.3888888888888889,-62.30686855555556
21859.999999434654,61,101,0.3765432098765432,-60.328872728395055
21869.999999433054,62,100,0.38271604938271603,-61.317870641975304
21879.999999431453,65,97,0.4012345679012346,-64.28486438271604
21889.999999429852,64,98,0.3950617283950617,-63.295866469135795
21899.99999942825,64,98,0.3950617283950617,-63.295866469135795
21909.99999942665,63,99,0.3888888888888889,-62.30686855555556
21919.99999942505,70,92,0.43209876543209874,-69.22985395061728
21929.99999942345,61,101,0.3765432098765432,-60.328872728395055
21939.99999942185,64,98,0.3950617283950617,-63.295866469135795
21949.999999420248,64,98,0.3950617283950617,-63.295866469135795
21959.999999418647,70,92,0.43209876543209874,-69.22985395061728
21969.999999417047,61,101,0.3765432098765432,-60.328872728395055
21979.999999415446,65,97,0.4012345679012346,-64.28486438271604
21989.999999413845,67,95,0.41358024691358025,-66.26286020987655
21999.999999412245,58,104,0.35802469135802467,-57.36187898765432
22009.999999410644,60,102,0.37037037037037035,-59.33987481481481
22019.999999409043,66,96,0.4074074074074074,-65.2738622962963
22029.999999407442,65,97,0.4012345679012346,-64.28486438271604
22039.99999940584,59,103,0.36419753086419754,-58.350876901234564
22049.99999940424,63,99,0.3888888888888889,-62.30686855555556
22059.99999940264,65,97,0.4012345679012346,-64.28486438271604
22069.99999940104,66,96,0.4074074074074074,-65.2738622962963
22079.99999939944,69,93,0.42592592592592593,-68.24085603703703
22089.999999397838,63,99,0.3888888888888889,-62.30686855555556
22099.999999396237,65,97,0.4012345679012346,-64.28486438271604
22109.999999394637,67,95,0.41358024691358025,-66.26286020987655
22119.999999393036,59,103,0.36419753086419754,-58.350876901234564
22129.999999391435,61,101,0.3765432098765432,-60.328872728395055
22139.999999389835,66,96,0.4074074074074074,-65.2738622962963
22149.999999388234,69,93,0.42592592592592593,-68.24085603703703
22159.999999386633,63,99,0.3888888888888889,-62.30686855555556
22169.999999385032,65,97,0.4012345679012346,-64.28486438271604
22179.99999938343,62,100,0.38271604938271603,-61.317870641975304
22189.99999938183,61,101,0.3765432098765432,-60.328872728395055
22199.99999938023,58,104,0.35802469135802467,-57.36187898765432
22209.99999937863,60,102,0.37037037037037035,-59.33987481481481
22219.99999937703,62,100,0.38271604938271603,-61.317870641975304
22229.999999375428,62,100,0.38271604938271603,-61.317870641975304
22239.999999373827,65,97,0.4012345679012346,-64.28486438271604
22249.999999372227,62,100,0.38271604938271603,-61.317870641975304
22259.999999370626,65,97,0.4012345679012346,-64.28486438271604
22269.999999369025,67,95,0.41358024691358025,-66.26286020987655
22279.999999367425,70,92,0.43209876543209874,-69.22985395061728
22289.999999365824,68,94,0.41975308641975306,-67.25185812345678
22299.999999364223,70,92,0.43209876543209874,-69.22985395061728
22309.999999362622,67,95,0.41358024691358025,-66.26286020987655
22319.99999936102,72,90,0.4444444444444444,-71.20784977777777
22329.99999935942,72,90,0.4444444444444444,-71.20784977777777
22339.99999935782,74,88,0.4567901234567901,-73.18584560493828
22349.99999935622,74,88,0.4567901234567901,-73.18584560493828
22359.99999935462,71,91,0.4382716049382716,-70.21885186419753
22369.99999935302,71,91,0.4382716049382716,-70.21885186419753
22379.999999351418,73,89,0.4506172839506173,-72.19684769135802
22389.999999349817,63,99,0.3888888888888889,-62.30686855555556
22399.999999348216,65,97,0.4012345679012346,-64.28486438271604
22409.999999346615,66,96,0.4074074074074074,-65.2738622962963
22419.999999345015,68,94,0.41975308641975306,-67.25185812345678
22429.999999343414,71,91,0.4382716049382716,-70.21885186419753
22439.999999341813,66,96,0.4074074074074074,-65.2738622962963
22449.999999340213,66,96,0.4074074074074074,-65.2738622962963
22459.99999933861,62,100,0.38271604938271603,-61.317870641975304
22469.99999933701,63,99,0.3888888888888889,-62.30686855555556
22479.99999933541,67,95,0.41358024691358025,-66.26286020987655
22489.99999933381,67,95,0.41358024691358025,-66.26286020987655
22499.99999933221,64,98,0.3950617283950617,-63.295866469135795
22509.99999933061,67,95,0.41358024691358025,-66.26286020987655
22519.999999329008,65,97,0.4012345679012346,-64.28486438271604
22529.999999327407,69,93,0.42592592592592593,-68.24085603703703
22539.999999325806,67,95,0.41358024691358025,-66.26286020987655
22549.999999324205,66,96,0.4074074074074074,-65.2738622962963
22559.999999322605,61,101,0.3765432098765432,-60.328872728395055
22569.999999321004,65,97,0.4012345679012346,-64.28486438271604
22579.999999319403,64,98,0.3950617283950617,-63.295866469135795
22589.999999317803,62,100,0.38271604938271603,-61.317870641975304
22599.999999316202,66,96,0.4074074074074074,-65.2738622962963
22609.9999993146,62,100,0.38271604938271603,-61.317870641975304
22619.999999313,65,97,0.4012345679012346,-64.28486438271604
22629.9999993114,63,99,0.3888888888888889,-62.30686855555556
22639.9999993098,58,104,0.35802469135802467,-57.36187898765432
22649.9999993082,60,102,0.37037037037037035,-59.33987481481481
22659.999999306598,65,97,0.4012345679012346,-64.28486438271604
22669.999999304997,62,100,0.38271604938271603,-61.317870641975304
22679.999999303396,62,100,0.38271604938271603,-61.317870641975304
22689.999999301795,64,98,0.3950617283950617,-63.295866469135795
22699.999999300195,59,103,0.36419753086419754,-58.350876901234564
22709.999999298594,62,100,0.38271604938271603,-61.317870641975304
22719.999999296993,62,100,0.38271604938271603,-61.317870641975304
22729.999999295393,62,100,0.38271604938271603,-61.317870641975304
22739.999999293792,65,97,0.4012345679012346,-64.28486438271604
22749.99999929219,69,93,0.42592592592592593,-68.24085603703703
22759.99999929059,64,98,0.3950617283950617,-63.295866469135795
22769.99999928899,65,97,0.4012345679012346,-64.28486438271604
22779.99999928739,64,98,0.3950617283950617,-63.295866469135795
22789.99999928579,65,97,0.4012345679012346,-64.28486438271604
22799.999999284188,69,93,0.42592592592592593,-68.24085603703703
22809.999999282587,68,94,0.41975308641975306,-67.25185812345678
22819.999999280986,71,91,0.4382716049382716,-70.21885186419753
22829.999999279386,67,95,0.41358024691358025,-66.26286020987655
22839.999999277785,68,94,0.41975308641975306,-67.25185812345678
22849.999999276184,65,97,0.4012345679012346,-64.28486438271604
22859.999999274583,66,96,0.4074074074074074,-65.2738622962963
22869.999999272983,68,94,0.41975308641975306,-67.25185812345678
22879.999999271382,63,99,0.3888888888888889,-62.30686855555556
22889.99999926978,62,100,0.38271604938271603,-61.317870641975304
22899.99999926818,65,97,0.4012345679012346,-64.28486438271604
22909.99999926658,63,99,0.3888888888888889,-62.30686855555556
22919.99999926498,62,100,0.38271604938271603,-61.317870641975304
22929.99999926338,65,97,0.4012345679012346,-64.28486438271604
22939.999999261778,66,96,0.4074074074074074,-65.2738622962963
22949.999999260177,63,99,0.3888888888888889,-62.30686855555556
22959.999999258576,60,102,0.37037037037037035,-59.33987481481481
22969.999999256976,62,100,0.38271604938271603,-61.317870641975304
22979.999999255375,64,98,0.3950617283950617,-63.295866469135795
22989.999999253774,62,100,0.38271604938271603,-61.317870641975304
22999.999999252173,64,98,0.3950617283950617,-63.295866469135795
23009.999999250573,65,97,0.4012345679012346,-64.28486438271604
23019.999999248972,63,99,0.3888888888888889,-62.30686855555556
23029.99999924737,67,95,0.41358024691358025,-66.26286020987655
23039.99999924577,67,95,0.41358024691358025,-66.26286020987655
23049.99999924417,63,99,0.3888888888888889,-62.30686855555556
23059.99999924257,57,105,0.35185185185185186,-56.372881074074066
23069.99999924097,61,101,0.3765432098765432,-60.328872728395055
23079.999999239368,66,96,0.4074074074074074,-65.2738622962963
23089.999999237767,63,99,0.3888888888888889,-62.30686855555556
23099.999999236166,66,96,0.4074074074074074,-65.2738622962963
23109.999999234566,66,96,0.4074074074074074,-65.2738622962963
23119.999999232965,69,93,0.42592592592592593,-68.24085603703703
23129.999999231364,68,94,0.41975308641975306,-67.25185812345678
23139.999999229763,72,90,0.4444444444444444,-71.20784977777777
23149.999999228163,70,92,0.43209876543209874,-69.22985395061728
23159.999999226562,73,89,0.4506172839506173,-72.19684769135802
23169.99999922496,68,94,0.41975308641975306,-67.25185812345678
23179.99999922336,70,92,0.43209876543209874,-69.22985395061728
23189.99999922176,65,97,0.4012345679012346,-64.28486438271604
23199.99999922016,67,95,0.41358024691358025,-66.26286020987655
23209.99999921856,67,95,0.41358024691358025,-66.26286020987655
23219.999999216958,66,96,0.4074074074074074,-65.2738622962963
23229.999999215357,69,93,0.42592592592592593,-68.24085603703703
23239.999999213756,71,91,0.4382716049382716,-70.21885186419753
23249.999999212156,69,93,0.42592592592592593,-68.24085603703703
23259.999999210555,67,95,0.41358024691358025,-66.26286020987655
23269.999999208954,67,95,0.41358024691358025,-66.26286020987655
23279.999999207354,69,93,0.42592592592592593,-68.24085603703703
23289.999999205753,69,93,0.42592592592592593,-68.24085603703703
23299.999999204152,68,94,0.41975308641975306,-67.25185812345678
23309.99999920255,69,93,0.42592592592592593,-68.24085603703703
23319.99999920095,70,92,0.43209876543209874,-69.22985395061728
23329.99999919935,72,90,0.4444444444444444,-71.20784977777777
23339.99999919775,68,94,0.41975308641975306,-67.25185812345678
23349.99999919615,66,96,0.4074074074074074,-65.2738622962963
23359.999999194548,65,97,0.4012345679012346,-64.28486438271604
23369.999999192947,64,98,0.3950617283950617,-63.295866469135795
23379.999999191346,67,95,0.41358024691358025,-66.26286020987655
23389.999999189746,68,94,0.41975308641975306,-67.25185812345678
23399.999999188145,64,98,0.3950617283950617,-63.295866469135795
23409.999999186544,68,94,0.41975308641975306,-67.25185812345678
23419.999999184944,67,95,0.41358024691358025,-66.26286020987655
23429.999999183343,66,96,0.4074074074074074,-65.2738622962963
23439.999999181742,66,96,0.4074074074074074,-65.2738622962963
23449.99999918014,68,94,0.41975308641975306,-67.25185812345678
23459.99999917854,60,102,0.37037037037037035,-59.33987481481481
23469.99999917694,64,98,0.3950617283950617,-63.295866469135795
23479.99999917534,68,94,0.41975308641975306,-67.25185812345678
23489.99999917374,68,94,0.41975308641975306,-67.25185812345678
23499.999999172138,65,97,0.4012345679012346,-64.28486438271604
23509.999999170537,67,95,0.41358024691358025,-66.26286020987655
23519.999999168936,67,95,0.41358024691358025,-66.26286020987655
23529.999999167336,64,98,0.3950617283950617,-63.295866469135795
23539.999999165735,64,98,0.3950617283950617,-63.295866469135795
23549.999999164134,67,95,0.41358024691358025,-66.26286020987655
23559.999999162534,64,98,0.3950617283950617,-63.295866469135795
23569.999999160933,62,100,0.38271604938271603,-61.317870641975304
23579.999999159332,61,101,0.3765432098765432,-60.328872728395055
23589.99999915773,64,98,0.3950617283950617,-63.295866469135795
23599.99999915613,68,94,0.41975308641975306,-67.25185812345678
23609.99999915453,63,99,0.3888888888888889,-62.30686855555556
23619.99999915293,67,95,0.41358024691358025,-66.26286020987655
23629.99999915133,59,103,0.36419753086419754,-58.350876901234564
23639.999999149728,67,95,0.41358024691358025,-66.26286020987655
23649.999999148127,66,96,0.4074074074074074,-65.2738622962963
23659.999999146527,61,101,0.3765432098765432,-60.328872728395055
23669.999999144926,67,95,0.41358024691358025,-66.26286020987655
23679.999999143325,61,101,0.3765432098765432,-60.328872728395055
23689.999999141724,63,99,0.3888888888888889,-62.30686855555556
23699.999999140124,60,102,0.37037037037037035,-59.33987481481481
23709.999999138523,63,99,0.3888888888888889,-62.30686855555556
23719.999999136922,61,101,0.3765432098765432,-60.328872728395055
23729.99999913532,61,101,0.3765432098765432,-60.328872728395055
23739.99999913372,59,103,0.36419753086419754,-58.350876901234564
23749.99999913212,59,103,0.36419753086419754,-58.350876901234564
23759.99999913052,55,107,0.3395061728395062,-54.39488524691358
23769.99999912892,57,105,0.35185185185185186,-56.372881074074066
23779.999999127318,57,105,0.35185185185185186,-56.372881074074066
23789.999999125717,59,103,0.36419753086419754,-58.350876901234564
23799.999999124117,58,104,0.35802469135802467,-57.36187898765432
23809.999999122516,60,102,0.37037037037037035,-59.33987481481481
23819.999999120915,62,100,0.38271604938271603,-61.317870641975304
23829.999999119314,63,99,0.3888888888888889,-62.30686855555556
23839.999999117714,59,103,0.36419753086419754,-58.350876901234564
23849.999999116113,62,100,0.38271604938271603,-61.317870641975304
23859.999999114512,61,101,0.3765432098765432,-60.328872728395055
23869.99999911291,57,105,0.35185185185185186,-56.372881074074066
23879.99999911131,58,104,0.35802469135802467,-57.36187898765432
23889.99999910971,55,107,0.3395061728395062,-54.39488524691358
23899.99999910811,57,105,0.35185185185185186,-56.372881074074066
23909.99999910651,57,105,0.35185185185185186,-56.372881074074066
23919.999999104908,56,106,0.345679012345679,-55.38388316049383
23929.999999103307,57,105,0.35185185185185186,-56.372881074074066
23939.999999101707,56,106,0.345679012345679,-55.38388316049383
23949.999999100106,57,105,0.35185185185185186,-56.372881074074066
23959.999999098505,63,99,0.3888888888888889,-62.30686855555556
23969.999999096905,64,98,0.3950617283950617,-63.295866469135795
23979.999999095304,62,100,0.38271604938271603,-61.317870641975304
23989.999999093703,66,96,0.4074074074074074,-65.2738622962963
23999.999999092102,63,99,0.3888888888888889,-62.30686855555556
24009.9999990905,62,100,0.38271604938271603,-61.317870641975304
24019.9999990889,64,98,0.3950617283950617,-63.295866469135795
24029.9999990873,62,100,0.38271604938271603,-61.317870641975304
24039.9999990857,63,99,0.3888888888888889,-62.30686855555556
24049.9999990841,63,99,0.3888888888888889,-62.30686855555556
24059.999999082498,64,98,0.3950617283950617,-63.295866469135795
24069.999999080897,59,103,0.36419753086419754,-58.350876901234564
24079.999999079297,66,96,0.4074074074074074,-65.2738622962963
24089.999999077696,60,102,0.37037037037037035,-59.33987481481481
24099.999999076095,60,102,0.37037037037037035,-59.33987481481481
24109.999999074495,62,100,0.38271604938271603,-61.317870641975304
24119.999999072894,59,103,0.36419753086419754,-58.350876901234564
24129.999999071293,62,100,0.38271604938271603,-61.317870641975304
