time,number_A,number_HA,alpha,surf_ch_dens
140.00000000001765,134,28,0.8271604938271605,-265.0514408395062
150.00000000000855,112,50,0.691358024691358,-221.53553264197532
159.99999999999946,101,61,0.6234567901234568,-199.77757854320987
169.99999999999037,91,71,0.5617283950617284,-179.99762027160494
179.99999999998127,87,75,0.5370370370370371,-172.08563696296295
189.99999999997218,78,84,0.48148148148148145,-154.28367451851852
199.99999999996308,76,86,0.4691358024691358,-150.3276828641975
209.99999999995399,73,89,0.4506172839506173,-144.39369538271603
219.9999999999449,72,90,0.4444444444444444,-142.41569955555553
229.9999999999358,70,92,0.43209876543209874,-138.45970790123457
239.9999999999267,74,88,0.4567901234567901,-146.37169120987656
249.9999999999176,69,93,0.42592592592592593,-136.48171207407407
259.99999999990854,65,97,0.4012345679012346,-128.56972876543207
269.99999999989944,67,95,0.41358024691358025,-132.5257204197531
279.99999999989035,66,96,0.4074074074074074,-130.5477245925926
289.99999999988125,66,96,0.4074074074074074,-130.5477245925926
299.99999999987216,71,91,0.4382716049382716,-140.43770372839506
309.99999999986306,73,89,0.4506172839506173,-144.39369538271603
319.99999999985397,69,93,0.42592592592592593,-136.48171207407407
329.9999999998449,69,93,0.42592592592592593,-136.48171207407407
339.9999999998358,70,92,0.43209876543209874,-138.45970790123457
349.9999999998267,71,91,0.4382716049382716,-140.43770372839506
359.9999999998176,73,89,0.4506172839506173,-144.39369538271603
369.9999999998085,75,87,0.46296296296296297,-148.34968703703703
379.9999999997994,74,88,0.4567901234567901,-146.37169120987656
389.9999999997903,71,91,0.4382716049382716,-140.43770372839506
399.9999999997812,67,95,0.41358024691358025,-132.5257204197531
409.9999999997721,66,96,0.4074074074074074,-130.5477245925926
419.999999999763,69,93,0.42592592592592593,-136.48171207407407
429.9999999997539,64,98,0.3950617283950617,-126.59173293827159
439.99999999974483,62,100,0.38271604938271603,-122.63574128395061
449.99999999973573,61,101,0.3765432098765432,-120.65774545679011
459.99999999972664,60,102,0.37037037037037035,-118.67974962962963
469.99999999971755,58,104,0.35802469135802467,-114.72375797530864
479.99999999970845,60,102,0.37037037037037035,-118.67974962962963
489.99999999969936,62,100,0.38271604938271603,-122.63574128395061
499.99999999969026,63,99,0.3888888888888889,-124.61373711111112
509.99999999968117,69,93,0.42592592592592593,-136.48171207407407
519.9999999996721,67,95,0.41358024691358025,-132.5257204197531
529.999999999663,69,93,0.42592592592592593,-136.48171207407407
539.9999999996539,69,93,0.42592592592592593,-136.48171207407407
549.9999999996448,68,94,0.41975308641975306,-134.50371624691357
559.9999999996357,66,96,0.4074074074074074,-130.5477245925926
569.9999999996267,68,94,0.41975308641975306,-134.50371624691357
579.9999999996176,66,96,0.4074074074074074,-130.5477245925926
589.9999999996085,66,96,0.4074074074074074,-130.5477245925926
599.9999999995994,68,94,0.41975308641975306,-134.50371624691357
609.9999999995903,64,98,0.3950617283950617,-126.59173293827159
619.9999999995812,64,98,0.3950617283950617,-126.59173293827159
629.9999999995721,61,101,0.3765432098765432,-120.65774545679011
639.999999999563,61,101,0.3765432098765432,-120.65774545679011
649.9999999995539,65,97,0.4012345679012346,-128.56972876543207
659.9999999995448,64,98,0.3950617283950617,-126.59173293827159
669.9999999995357,68,94,0.41975308641975306,-134.50371624691357
679.9999999995266,65,97,0.4012345679012346,-128.56972876543207
689.9999999995175,65,97,0.4012345679012346,-128.56972876543207
699.9999999995084,65,97,0.4012345679012346,-128.56972876543207
709.9999999994993,63,99,0.3888888888888889,-124.61373711111112
719.9999999994902,65,97,0.4012345679012346,-128.56972876543207
729.9999999994811,62,100,0.38271604938271603,-122.63574128395061
739.999999999472,63,99,0.3888888888888889,-124.61373711111112
749.999999999463,62,100,0.38271604938271603,-122.63574128395061
759.9999999994538,59,103,0.36419753086419754,-116.70175380246913
769.9999999994448,59,103,0.36419753086419754,-116.70175380246913
779.9999999994357,61,101,0.3765432098765432,-120.65774545679011
789.9999999994266,61,101,0.3765432098765432,-120.65774545679011
799.9999999994175,58,104,0.35802469135802467,-114.72375797530864
809.9999999994084,59,103,0.36419753086419754,-116.70175380246913
819.9999999993993,60,102,0.37037037037037035,-118.67974962962963
829.9999999993902,60,102,0.37037037037037035,-118.67974962962963
839.9999999993811,60,102,0.37037037037037035,-118.67974962962963
849.999999999372,65,97,0.4012345679012346,-128.56972876543207
859.9999999993629,67,95,0.41358024691358025,-132.5257204197531
869.9999999993538,66,96,0.4074074074074074,-130.5477245925926
879.9999999993447,63,99,0.3888888888888889,-124.61373711111112
889.9999999993356,66,96,0.4074074074074074,-130.5477245925926
899.9999999993265,66,96,0.4074074074074074,-130.5477245925926
909.9999999993174,67,95,0.41358024691358025,-132.5257204197531
919.9999999993083,65,97,0.4012345679012346,-128.56972876543207
929.9999999992992,64,98,0.3950617283950617,-126.59173293827159
939.9999999992901,61,101,0.3765432098765432,-120.65774545679011
949.999999999281,60,102,0.37037037037037035,-118.67974962962963
959.999999999272,61,101,0.3765432098765432,-120.65774545679011
969.9999999992629,54,108,0.3333333333333333,-106.81177466666665
979.9999999992538,58,104,0.35802469135802467,-114.72375797530864
989.9999999992447,58,104,0.35802469135802467,-114.72375797530864
999.9999999992356,55,107,0.3395061728395062,-108.78977049382716
1009.9999999992265,58,104,0.35802469135802467,-114.72375797530864
1019.9999999992174,61,101,0.3765432098765432,-120.65774545679011
1029.9999999992083,58,104,0.35802469135802467,-114.72375797530864
1039.9999999991992,61,101,0.3765432098765432,-120.65774545679011
1049.99999999919,60,102,0.37037037037037035,-118.67974962962963
1059.999999999181,57,105,0.35185185185185186,-112.74576214814813
1069.999999999172,59,103,0.36419753086419754,-116.70175380246913
1079.9999999991628,56,106,0.345679012345679,-110.76776632098766
1089.9999999991537,52,110,0.32098765432098764,-102.85578301234568
1099.9999999991446,54,108,0.3333333333333333,-106.81177466666665
1109.9999999991355,52,110,0.32098765432098764,-102.85578301234568
1119.9999999991264,56,106,0.345679012345679,-110.76776632098766
1129.9999999991173,54,108,0.3333333333333333,-106.81177466666665
1139.9999999991082,53,109,0.3271604938271605,-104.83377883950617
1149.9999999990991,53,109,0.3271604938271605,-104.83377883950617
1159.99999999909,52,110,0.32098765432098764,-102.85578301234568
1169.999999999081,52,110,0.32098765432098764,-102.85578301234568
1179.9999999990719,50,112,0.30864197530864196,-98.89979135802469
1189.9999999990628,52,110,0.32098765432098764,-102.85578301234568
1199.9999999990537,48,114,0.2962962962962963,-94.9437997037037
1209.9999999990446,47,115,0.29012345679012347,-92.9658038765432
1219.9999999990355,49,113,0.30246913580246915,-96.9217955308642
1229.9999999990264,50,112,0.30864197530864196,-98.89979135802469
1239.9999999990173,49,113,0.30246913580246915,-96.9217955308642
1249.9999999990082,47,115,0.29012345679012347,-92.9658038765432
1259.999999998999,48,114,0.2962962962962963,-94.9437997037037
1269.99999999899,49,113,0.30246913580246915,-96.9217955308642
1279.999999998981,49,113,0.30246913580246915,-96.9217955308642
1289.9999999989718,48,114,0.2962962962962963,-94.9437997037037
1299.9999999989627,48,114,0.2962962962962963,-94.9437997037037
1309.9999999989536,49,113,0.30246913580246915,-96.9217955308642
1319.9999999989445,51,111,0.3148148148148148,-100.87778718518518
1329.9999999989354,49,113,0.30246913580246915,-96.9217955308642
1339.9999999989263,50,112,0.30864197530864196,-98.89979135802469
1349.9999999989172,50,112,0.30864197530864196,-98.89979135802469
1359.9999999989082,48,114,0.2962962962962963,-94.9437997037037
1369.999999998899,51,111,0.3148148148148148,-100.87778718518518
1379.99999999889,51,111,0.3148148148148148,-100.87778718518518
1389.9999999988809,51,111,0.3148148148148148,-100.87778718518518
1399.9999999988718,48,114,0.2962962962962963,-94.9437997037037
1409.9999999988627,58,104,0.35802469135802467,-114.72375797530864
1419.9999999988536,51,111,0.3148148148148148,-100.87778718518518
1429.9999999988445,47,115,0.29012345679012347,-92.9658038765432
1439.9999999988354,46,116,0.2839506172839506,-90.98780804938272
1449.9999999988263,51,111,0.3148148148148148,-100.87778718518518
1459.9999999988172,52,110,0.32098765432098764,-102.85578301234568
1469.999999998808,52,110,0.32098765432098764,-102.85578301234568
1479.999999998799,45,117,0.2777777777777778,-89.00981222222221
1489.99999999879,47,115,0.29012345679012347,-92.9658038765432
1499.9999999987808,45,117,0.2777777777777778,-89.00981222222221
1509.9999999987717,43,119,0.2654320987654321,-85.05382056790124
1519.9999999987626,48,114,0.2962962962962963,-94.9437997037037
1529.9999999987535,46,116,0.2839506172839506,-90.98780804938272
1539.9999999987444,46,116,0.2839506172839506,-90.98780804938272
1549.9999999987353,45,117,0.2777777777777778,-89.00981222222221
1559.9999999987263,46,116,0.2839506172839506,-90.98780804938272
1569.9999999987172,50,112,0.30864197530864196,-98.89979135802469
1579.999999998708,48,114,0.2962962962962963,-94.9437997037037
1589.999999998699,49,113,0.30246913580246915,-96.9217955308642
1599.9999999986899,47,115,0.29012345679012347,-92.9658038765432
1609.9999999986808,47,115,0.29012345679012347,-92.9658038765432
1619.9999999986717,49,113,0.30246913580246915,-96.9217955308642
1629.9999999986626,49,113,0.30246913580246915,-96.9217955308642
1639.9999999986535,47,115,0.29012345679012347,-92.9658038765432
1649.9999999986444,48,114,0.2962962962962963,-94.9437997037037
1659.9999999986353,47,115,0.29012345679012347,-92.9658038765432
1669.9999999986262,49,113,0.30246913580246915,-96.9217955308642
1679.999999998617,50,112,0.30864197530864196,-98.89979135802469
1689.999999998608,49,113,0.30246913580246915,-96.9217955308642
1699.999999998599,52,110,0.32098765432098764,-102.85578301234568
1709.9999999985898,48,114,0.2962962962962963,-94.9437997037037
1719.9999999985807,47,115,0.29012345679012347,-92.9658038765432
1729.9999999985716,49,113,0.30246913580246915,-96.9217955308642
1739.9999999985625,46,116,0.2839506172839506,-90.98780804938272
1749.9999999985534,50,112,0.30864197530864196,-98.89979135802469
1759.9999999985444,48,114,0.2962962962962963,-94.9437997037037
1769.9999999985353,51,111,0.3148148148148148,-100.87778718518518
1779.9999999985262,51,111,0.3148148148148148,-100.87778718518518
1789.999999998517,52,110,0.32098765432098764,-102.85578301234568
1799.999999998508,54,108,0.3333333333333333,-106.81177466666665
1809.9999999984989,52,110,0.32098765432098764,-102.85578301234568
1819.9999999984898,52,110,0.32098765432098764,-102.85578301234568
1829.9999999984807,48,114,0.2962962962962963,-94.9437997037037
1839.9999999984716,46,116,0.2839506172839506,-90.98780804938272
1849.9999999984625,43,119,0.2654320987654321,-85.05382056790124
1859.9999999984534,46,116,0.2839506172839506,-90.98780804938272
1869.9999999984443,45,117,0.2777777777777778,-89.00981222222221
1879.9999999984352,43,119,0.2654320987654321,-85.05382056790124
1889.9999999984261,45,117,0.2777777777777778,-89.00981222222221
1899.999999998417,45,117,0.2777777777777778,-89.00981222222221
1909.999999998408,44,118,0.2716049382716049,-87.03181639506174
1919.9999999983988,41,121,0.25308641975308643,-81.09782891358024
1929.9999999983897,44,118,0.2716049382716049,-87.03181639506174
1939.9999999983806,44,118,0.2716049382716049,-87.03181639506174
1949.9999999983715,43,119,0.2654320987654321,-85.05382056790124
1959.9999999983625,43,119,0.2654320987654321,-85.05382056790124
1969.9999999983534,43,119,0.2654320987654321,-85.05382056790124
1979.9999999983443,45,117,0.2777777777777778,-89.00981222222221
1989.9999999983352,44,118,0.2716049382716049,-87.03181639506174
1999.999999998326,44,118,0.2716049382716049,-87.03181639506174
2009.999999998317,46,116,0.2839506172839506,-90.98780804938272
2019.9999999983079,45,117,0.2777777777777778,-89.00981222222221
2029.9999999982988,43,119,0.2654320987654321,-85.05382056790124
2039.9999999982897,39,123,0.24074074074074073,-77.14183725925926
2049.999999998326,44,118,0.2716049382716049,-87.03181639506174
2059.9999999985444,44,118,0.2716049382716049,-87.03181639506174
2069.9999999987626,39,123,0.24074074074074073,-77.14183725925926
2079.999999998981,43,119,0.2654320987654321,-85.05382056790124
2089.999999999199,42,120,0.25925925925925924,-83.07582474074073
2099.9999999994175,40,122,0.24691358024691357,-79.11983308641975
2109.9999999996357,39,123,0.24074074074074073,-77.14183725925926
2119.999999999854,41,121,0.25308641975308643,-81.09782891358024
2130.0000000000723,38,124,0.2345679012345679,-75.16384143209875
2140.0000000002906,38,124,0.2345679012345679,-75.16384143209875
2150.000000000509,39,123,0.24074074074074073,-77.14183725925926
2160.000000000727,40,122,0.24691358024691357,-79.11983308641975
2170.0000000009454,41,121,0.25308641975308643,-81.09782891358024
2180.0000000011637,43,119,0.2654320987654321,-85.05382056790124
2190.000000001382,47,115,0.29012345679012347,-92.9658038765432
2200.0000000016003,41,121,0.25308641975308643,-81.09782891358024
2210.0000000018185,44,118,0.2716049382716049,-87.03181639506174
2220.000000002037,40,122,0.24691358024691357,-79.11983308641975
2230.000000002255,48,114,0.2962962962962963,-94.9437997037037
2240.0000000024734,40,122,0.24691358024691357,-79.11983308641975
2250.0000000026916,37,125,0.22839506172839505,-73.18584560493828
2260.00000000291,40,122,0.24691358024691357,-79.11983308641975
2270.000000003128,39,123,0.24074074074074073,-77.14183725925926
2280.0000000033465,40,122,0.24691358024691357,-79.11983308641975
2290.0000000035648,43,119,0.2654320987654321,-85.05382056790124
2300.000000003783,44,118,0.2716049382716049,-87.03181639506174
2310.0000000040013,42,120,0.25925925925925924,-83.07582474074073
2320.0000000042196,40,122,0.24691358024691357,-79.11983308641975
2330.000000004438,45,117,0.2777777777777778,-89.00981222222221
2340.000000004656,45,117,0.2777777777777778,-89.00981222222221
2350.0000000048744,46,116,0.2839506172839506,-90.98780804938272
2360.0000000050927,43,119,0.2654320987654321,-85.05382056790124
2370.000000005311,48,114,0.2962962962962963,-94.9437997037037
2380.0000000055293,45,117,0.2777777777777778,-89.00981222222221
2390.0000000057476,44,118,0.2716049382716049,-87.03181639506174
2400.000000005966,44,118,0.2716049382716049,-87.03181639506174
2410.000000006184,40,122,0.24691358024691357,-79.11983308641975
2420.0000000064024,45,117,0.2777777777777778,-89.00981222222221
2430.0000000066207,45,117,0.2777777777777778,-89.00981222222221
2440.000000006839,47,115,0.29012345679012347,-92.9658038765432
2450.000000007057,45,117,0.2777777777777778,-89.00981222222221
2460.0000000072755,43,119,0.2654320987654321,-85.05382056790124
2470.000000007494,45,117,0.2777777777777778,-89.00981222222221
2480.000000007712,38,124,0.2345679012345679,-75.16384143209875
2490.0000000079303,45,117,0.2777777777777778,-89.00981222222221
2500.0000000081486,49,113,0.30246913580246915,-96.9217955308642
2510.000000008367,49,113,0.30246913580246915,-96.9217955308642
2520.000000008585,47,115,0.29012345679012347,-92.9658038765432
2530.0000000088035,43,119,0.2654320987654321,-85.05382056790124
2540.0000000090217,46,116,0.2839506172839506,-90.98780804938272
2550.00000000924,45,117,0.2777777777777778,-89.00981222222221
2560.0000000094583,46,116,0.2839506172839506,-90.98780804938272
2570.0000000096766,46,116,0.2839506172839506,-90.98780804938272
2580.000000009895,46,116,0.2839506172839506,-90.98780804938272
2590.000000010113,49,113,0.30246913580246915,-96.9217955308642
2600.0000000103314,49,113,0.30246913580246915,-96.9217955308642
2610.0000000105497,47,115,0.29012345679012347,-92.9658038765432
2620.000000010768,46,116,0.2839506172839506,-90.98780804938272
2630.0000000109862,45,117,0.2777777777777778,-89.00981222222221
2640.0000000112045,50,112,0.30864197530864196,-98.89979135802469
2650.000000011423,45,117,0.2777777777777778,-89.00981222222221
2660.000000011641,50,112,0.30864197530864196,-98.89979135802469
2670.0000000118594,49,113,0.30246913580246915,-96.9217955308642
2680.0000000120776,48,114,0.2962962962962963,-94.9437997037037
2690.000000012296,46,116,0.2839506172839506,-90.98780804938272
2700.000000012514,51,111,0.3148148148148148,-100.87778718518518
2710.0000000127325,48,114,0.2962962962962963,-94.9437997037037
2720.0000000129507,48,114,0.2962962962962963,-94.9437997037037
2730.000000013169,51,111,0.3148148148148148,-100.87778718518518
2740.0000000133873,47,115,0.29012345679012347,-92.9658038765432
2750.0000000136056,48,114,0.2962962962962963,-94.9437997037037
2760.000000013824,52,110,0.32098765432098764,-102.85578301234568
2770.000000014042,50,112,0.30864197530864196,-98.89979135802469
2780.0000000142604,49,113,0.30246913580246915,-96.9217955308642
2790.0000000144787,46,116,0.2839506172839506,-90.98780804938272
2800.000000014697,46,116,0.2839506172839506,-90.98780804938272
2810.0000000149153,43,119,0.2654320987654321,-85.05382056790124
2820.0000000151335,42,120,0.25925925925925924,-83.07582474074073
2830.000000015352,44,118,0.2716049382716049,-87.03181639506174
2840.00000001557,47,115,0.29012345679012347,-92.9658038765432
2850.0000000157884,45,117,0.2777777777777778,-89.00981222222221
2860.0000000160067,44,118,0.2716049382716049,-87.03181639506174
2870.000000016225,40,122,0.24691358024691357,-79.11983308641975
2880.000000016443,43,119,0.2654320987654321,-85.05382056790124
2890.0000000166615,41,121,0.25308641975308643,-81.09782891358024
2900.0000000168798,46,116,0.2839506172839506,-90.98780804938272
2910.000000017098,43,119,0.2654320987654321,-85.05382056790124
2920.0000000173163,49,113,0.30246913580246915,-96.9217955308642
2930.0000000175346,49,113,0.30246913580246915,-96.9217955308642
2940.000000017753,49,113,0.30246913580246915,-96.9217955308642
2950.000000017971,50,112,0.30864197530864196,-98.89979135802469
2960.0000000181894,47,115,0.29012345679012347,-92.9658038765432
2970.0000000184077,40,122,0.24691358024691357,-79.11983308641975
2980.000000018626,45,117,0.2777777777777778,-89.00981222222221
2990.0000000188443,45,117,0.2777777777777778,-89.00981222222221
3000.0000000190626,44,118,0.2716049382716049,-87.03181639506174
3010.000000019281,45,117,0.2777777777777778,-89.00981222222221
3020.000000019499,46,116,0.2839506172839506,-90.98780804938272
3030.0000000197174,50,112,0.30864197530864196,-98.89979135802469
3040.0000000199357,47,115,0.29012345679012347,-92.9658038765432
3050.000000020154,45,117,0.2777777777777778,-89.00981222222221
3060.000000020372,45,117,0.2777777777777778,-89.00981222222221
3070.0000000205905,46,116,0.2839506172839506,-90.98780804938272
3080.000000020809,42,120,0.25925925925925924,-83.07582474074073
3090.000000021027,43,119,0.2654320987654321,-85.05382056790124
3100.0000000212453,43,119,0.2654320987654321,-85.05382056790124
3110.0000000214636,40,122,0.24691358024691357,-79.11983308641975
3120.000000021682,40,122,0.24691358024691357,-79.11983308641975
3130.0000000219,41,121,0.25308641975308643,-81.09782891358024
3140.0000000221185,41,121,0.25308641975308643,-81.09782891358024
3150.0000000223367,39,123,0.24074074074074073,-77.14183725925926
3160.000000022555,42,120,0.25925925925925924,-83.07582474074073
3170.0000000227733,38,124,0.2345679012345679,-75.16384143209875
3180.0000000229916,43,119,0.2654320987654321,-85.05382056790124
3190.00000002321,43,119,0.2654320987654321,-85.05382056790124
3200.000000023428,39,123,0.24074074074074073,-77.14183725925926
3210.0000000236464,39,123,0.24074074074074073,-77.14183725925926
3220.0000000238647,38,124,0.2345679012345679,-75.16384143209875
3230.000000024083,40,122,0.24691358024691357,-79.11983308641975
3240.0000000243012,37,125,0.22839506172839505,-73.18584560493828
3250.0000000245195,40,122,0.24691358024691357,-79.11983308641975
3260.000000024738,39,123,0.24074074074074073,-77.14183725925926
3270.000000024956,39,123,0.24074074074074073,-77.14183725925926
3280.0000000251744,43,119,0.2654320987654321,-85.05382056790124
3290.0000000253926,38,124,0.2345679012345679,-75.16384143209875
3300.000000025611,39,123,0.24074074074074073,-77.14183725925926
3310.000000025829,42,120,0.25925925925925924,-83.07582474074073
3320.0000000260475,42,120,0.25925925925925924,-83.07582474074073
3330.0000000262658,42,120,0.25925925925925924,-83.07582474074073
3340.000000026484,43,119,0.2654320987654321,-85.05382056790124
3350.0000000267023,42,120,0.25925925925925924,-83.07582474074073
3360.0000000269206,44,118,0.2716049382716049,-87.03181639506174
3370.000000027139,43,119,0.2654320987654321,-85.05382056790124
3380.000000027357,41,121,0.25308641975308643,-81.09782891358024
3390.0000000275754,41,121,0.25308641975308643,-81.09782891358024
3400.0000000277937,42,120,0.25925925925925924,-83.07582474074073
3410.000000028012,38,124,0.2345679012345679,-75.16384143209875
3420.0000000282303,42,120,0.25925925925925924,-83.07582474074073
3430.0000000284485,39,123,0.24074074074074073,-77.14183725925926
3440.000000028667,40,122,0.24691358024691357,-79.11983308641975
3450.000000028885,44,118,0.2716049382716049,-87.03181639506174
3460.0000000291034,44,118,0.2716049382716049,-87.03181639506174
3470.0000000293217,44,118,0.2716049382716049,-87.03181639506174
3480.00000002954,46,116,0.2839506172839506,-90.98780804938272
3490.000000029758,41,121,0.25308641975308643,-81.09782891358024
3500.0000000299765,44,118,0.2716049382716049,-87.03181639506174
3510.0000000301948,37,125,0.22839506172839505,-73.18584560493828
3520.000000030413,39,123,0.24074074074074073,-77.14183725925926
3530.0000000306313,42,120,0.25925925925925924,-83.07582474074073
3540.0000000308496,43,119,0.2654320987654321,-85.05382056790124
3550.000000031068,45,117,0.2777777777777778,-89.00981222222221
3560.000000031286,41,121,0.25308641975308643,-81.09782891358024
3570.0000000315044,43,119,0.2654320987654321,-85.05382056790124
3580.0000000317227,43,119,0.2654320987654321,-85.05382056790124
3590.000000031941,42,120,0.25925925925925924,-83.07582474074073
3600.0000000321593,44,118,0.2716049382716049,-87.03181639506174
3610.0000000323776,41,121,0.25308641975308643,-81.09782891358024
3620.000000032596,41,121,0.25308641975308643,-81.09782891358024
3630.000000032814,46,116,0.2839506172839506,-90.98780804938272
3640.0000000330324,47,115,0.29012345679012347,-92.9658038765432
3650.0000000332507,44,118,0.2716049382716049,-87.03181639506174
3660.000000033469,42,120,0.25925925925925924,-83.07582474074073
3670.0000000336872,43,119,0.2654320987654321,-85.05382056790124
3680.0000000339055,43,119,0.2654320987654321,-85.05382056790124
3690.000000034124,45,117,0.2777777777777778,-89.00981222222221
3700.000000034342,44,118,0.2716049382716049,-87.03181639506174
3710.0000000345603,42,120,0.25925925925925924,-83.07582474074073
3720.0000000347786,44,118,0.2716049382716049,-87.03181639506174
3730.000000034997,40,122,0.24691358024691357,-79.11983308641975
3740.000000035215,43,119,0.2654320987654321,-85.05382056790124
3750.0000000354335,45,117,0.2777777777777778,-89.00981222222221
3760.0000000356517,45,117,0.2777777777777778,-89.00981222222221
3770.00000003587,48,114,0.2962962962962963,-94.9437997037037
3780.0000000360883,48,114,0.2962962962962963,-94.9437997037037
3790.0000000363066,49,113,0.30246913580246915,-96.9217955308642
3800.000000036525,48,114,0.2962962962962963,-94.9437997037037
3810.000000036743,47,115,0.29012345679012347,-92.9658038765432
3820.0000000369614,48,114,0.2962962962962963,-94.9437997037037
3830.0000000371797,47,115,0.29012345679012347,-92.9658038765432
3840.000000037398,43,119,0.2654320987654321,-85.05382056790124
3850.0000000376162,43,119,0.2654320987654321,-85.05382056790124
3860.0000000378345,47,115,0.29012345679012347,-92.9658038765432
3870.000000038053,42,120,0.25925925925925924,-83.07582474074073
3880.000000038271,42,120,0.25925925925925924,-83.07582474074073
3890.0000000384894,42,120,0.25925925925925924,-83.07582474074073
3900.0000000387076,41,121,0.25308641975308643,-81.09782891358024
3910.000000038926,41,121,0.25308641975308643,-81.09782891358024
3920.000000039144,42,120,0.25925925925925924,-83.07582474074073
3930.0000000393625,43,119,0.2654320987654321,-85.05382056790124
3940.0000000395808,45,117,0.2777777777777778,-89.00981222222221
3950.000000039799,45,117,0.2777777777777778,-89.00981222222221
3960.0000000400173,42,120,0.25925925925925924,-83.07582474074073
3970.0000000402356,44,118,0.2716049382716049,-87.03181639506174
3980.000000040454,41,121,0.25308641975308643,-81.09782891358024
3990.000000040672,39,123,0.24074074074074073,-77.14183725925926
4000.0000000408904,42,120,0.25925925925925924,-83.07582474074073
4010.0000000411087,45,117,0.2777777777777778,-89.00981222222221
4020.000000041327,40,122,0.24691358024691357,-79.11983308641975
4030.0000000415453,45,117,0.2777777777777778,-89.00981222222221
4040.0000000417635,43,119,0.2654320987654321,-85.05382056790124
4050.000000041982,43,119,0.2654320987654321,-85.05382056790124
4060.0000000422,42,120,0.25925925925925924,-83.07582474074073
4070.0000000424184,45,117,0.2777777777777778,-89.00981222222221
4080.0000000426367,48,114,0.2962962962962963,-94.9437997037037
4090.000000042855,46,116,0.2839506172839506,-90.98780804938272
4100.000000043073,48,114,0.2962962962962963,-94.9437997037037
4110.000000043291,47,115,0.29012345679012347,-92.9658038765432
4120.000000043509,54,108,0.3333333333333333,-106.81177466666665
4130.000000043728,48,114,0.2962962962962963,-94.9437997037037
4140.000000043946,44,118,0.2716049382716049,-87.03181639506174
4150.000000044164,43,119,0.2654320987654321,-85.05382056790124
4160.000000044382,43,119,0.2654320987654321,-85.05382056790124
4170.000000044601,46,116,0.2839506172839506,-90.98780804938272
4180.000000044819,49,113,0.30246913580246915,-96.9217955308642
4190.000000045037,48,114,0.2962962962962963,-94.9437997037037
4200.000000045256,45,117,0.2777777777777778,-89.00981222222221
4210.000000045474,45,117,0.2777777777777778,-89.00981222222221
4220.000000045692,48,114,0.2962962962962963,-94.9437997037037
4230.00000004591,43,119,0.2654320987654321,-85.05382056790124
4240.000000046129,42,120,0.25925925925925924,-83.07582474074073
4250.000000046347,41,121,0.25308641975308643,-81.09782891358024
4260.000000046565,46,116,0.2839506172839506,-90.98780804938272
4270.0000000467835,43,119,0.2654320987654321,-85.05382056790124
4280.000000047002,42,120,0.25925925925925924,-83.07582474074073
4290.00000004722,43,119,0.2654320987654321,-85.05382056790124
4300.000000047438,41,121,0.25308641975308643,-81.09782891358024
4310.000000047657,46,116,0.2839506172839506,-90.98780804938272
4320.000000047875,43,119,0.2654320987654321,-85.05382056790124
4330.000000048093,47,115,0.29012345679012347,-92.9658038765432
4340.000000048311,46,116,0.2839506172839506,-90.98780804938272
4350.00000004853,46,116,0.2839506172839506,-90.98780804938272
4360.000000048748,45,117,0.2777777777777778,-89.00981222222221
4370.000000048966,40,122,0.24691358024691357,-79.11983308641975
4380.000000049185,42,120,0.25925925925925924,-83.07582474074073
4390.000000049403,42,120,0.25925925925925924,-83.07582474074073
4400.000000049621,41,121,0.25308641975308643,-81.09782891358024
4410.000000049839,43,119,0.2654320987654321,-85.05382056790124
4420.000000050058,38,124,0.2345679012345679,-75.16384143209875
4430.000000050276,41,121,0.25308641975308643,-81.09782891358024
4440.000000050494,39,123,0.24074074074074073,-77.14183725925926
4450.0000000507125,43,119,0.2654320987654321,-85.05382056790124
4460.000000050931,45,117,0.2777777777777778,-89.00981222222221
4470.000000051149,40,122,0.24691358024691357,-79.11983308641975
4480.000000051367,43,119,0.2654320987654321,-85.05382056790124
4490.000000051586,41,121,0.25308641975308643,-81.09782891358024
4500.000000051804,41,121,0.25308641975308643,-81.09782891358024
4510.000000052022,43,119,0.2654320987654321,-85.05382056790124
4520.0000000522405,42,120,0.25925925925925924,-83.07582474074073
4530.000000052459,37,125,0.22839506172839505,-73.18584560493828
4540.000000052677,39,123,0.24074074074074073,-77.14183725925926
4550.000000052895,38,124,0.2345679012345679,-75.16384143209875
4560.000000053114,42,120,0.25925925925925924,-83.07582474074073
4570.000000053332,40,122,0.24691358024691357,-79.11983308641975
4580.00000005355,42,120,0.25925925925925924,-83.07582474074073
4590.000000053768,45,117,0.2777777777777778,-89.00981222222221
4600.000000053987,41,121,0.25308641975308643,-81.09782891358024
4610.000000054205,42,120,0.25925925925925924,-83.07582474074073
4620.000000054423,43,119,0.2654320987654321,-85.05382056790124
4630.0000000546415,39,123,0.24074074074074073,-77.14183725925926
4640.00000005486,41,121,0.25308641975308643,-81.09782891358024
4650.000000055078,44,118,0.2716049382716049,-87.03181639506174
4660.000000055296,45,117,0.2777777777777778,-89.00981222222221
4670.000000055515,43,119,0.2654320987654321,-85.05382056790124
4680.000000055733,45,117,0.2777777777777778,-89.00981222222221
4690.000000055951,47,115,0.29012345679012347,-92.9658038765432
4700.0000000561695,47,115,0.29012345679012347,-92.9658038765432
4710.000000056388,44,118,0.2716049382716049,-87.03181639506174
4720.000000056606,40,122,0.24691358024691357,-79.11983308641975
4730.000000056824,39,123,0.24074074074074073,-77.14183725925926
4740.000000057043,42,120,0.25925925925925924,-83.07582474074073
4750.000000057261,40,122,0.24691358024691357,-79.11983308641975
4760.000000057479,41,121,0.25308641975308643,-81.09782891358024
4770.000000057697,35,127,0.21604938271604937,-69.22985395061728
4780.000000057916,37,125,0.22839506172839505,-73.18584560493828
4790.000000058134,39,123,0.24074074074074073,-77.14183725925926
4800.000000058352,42,120,0.25925925925925924,-83.07582474074073
4810.000000058571,37,125,0.22839506172839505,-73.18584560493828
4820.000000058789,42,120,0.25925925925925924,-83.07582474074073
4830.000000059007,42,120,0.25925925925925924,-83.07582474074073
4840.000000059225,39,123,0.24074074074074073,-77.14183725925926
4850.000000059444,42,120,0.25925925925925924,-83.07582474074073
4860.000000059662,42,120,0.25925925925925924,-83.07582474074073
4870.00000005988,45,117,0.2777777777777778,-89.00981222222221
4880.0000000600985,41,121,0.25308641975308643,-81.09782891358024
4890.000000060317,43,119,0.2654320987654321,-85.05382056790124
4900.000000060535,45,117,0.2777777777777778,-89.00981222222221
4910.000000060753,42,120,0.25925925925925924,-83.07582474074073
4920.000000060972,42,120,0.25925925925925924,-83.07582474074073
4930.00000006119,44,118,0.2716049382716049,-87.03181639506174
4940.000000061408,42,120,0.25925925925925924,-83.07582474074073
4950.000000061626,41,121,0.25308641975308643,-81.09782891358024
4960.000000061845,44,118,0.2716049382716049,-87.03181639506174
4970.000000062063,49,113,0.30246913580246915,-96.9217955308642
4980.000000062281,44,118,0.2716049382716049,-87.03181639506174
4990.0000000625,43,119,0.2654320987654321,-85.05382056790124
5000.000000062718,45,117,0.2777777777777778,-89.00981222222221
5010.000000062936,44,118,0.2716049382716049,-87.03181639506174
5020.000000063154,45,117,0.2777777777777778,-89.00981222222221
5030.000000063373,46,116,0.2839506172839506,-90.98780804938272
5040.000000063591,44,118,0.2716049382716049,-87.03181639506174
5050.000000063809,44,118,0.2716049382716049,-87.03181639506174
5060.0000000640275,39,123,0.24074074074074073,-77.14183725925926
5070.000000064246,40,122,0.24691358024691357,-79.11983308641975
5080.000000064464,37,125,0.22839506172839505,-73.18584560493828
5090.000000064682,39,123,0.24074074074074073,-77.14183725925926
5100.000000064901,41,121,0.25308641975308643,-81.09782891358024
5110.000000065119,38,124,0.2345679012345679,-75.16384143209875
5120.000000065337,39,123,0.24074074074074073,-77.14183725925926
5130.0000000655555,37,125,0.22839506172839505,-73.18584560493828
5140.000000065774,39,123,0.24074074074074073,-77.14183725925926
5150.000000065992,39,123,0.24074074074074073,-77.14183725925926
5160.00000006621,35,127,0.21604938271604937,-69.22985395061728
5170.000000066429,36,126,0.2222222222222222,-71.20784977777777
5180.000000066647,37,125,0.22839506172839505,-73.18584560493828
5190.000000066865,39,123,0.24074074074074073,-77.14183725925926
5200.000000067083,38,124,0.2345679012345679,-75.16384143209875
5210.000000067302,35,127,0.21604938271604937,-69.22985395061728
5220.00000006752,34,128,0.20987654320987653,-67.25185812345678
5230.000000067738,37,125,0.22839506172839505,-73.18584560493828
5240.0000000679565,36,126,0.2222222222222222,-71.20784977777777
5250.000000068175,36,126,0.2222222222222222,-71.20784977777777
5260.000000068393,35,127,0.21604938271604937,-69.22985395061728
5270.000000068611,34,128,0.20987654320987653,-67.25185812345678
5280.00000006883,37,125,0.22839506172839505,-73.18584560493828
5290.000000069048,39,123,0.24074074074074073,-77.14183725925926
5300.000000069266,37,125,0.22839506172839505,-73.18584560493828
5310.0000000694845,39,123,0.24074074074074073,-77.14183725925926
5320.000000069703,36,126,0.2222222222222222,-71.20784977777777
5330.000000069921,39,123,0.24074074074074073,-77.14183725925926
5340.000000070139,40,122,0.24691358024691357,-79.11983308641975
5350.000000070358,41,121,0.25308641975308643,-81.09782891358024
5360.000000070576,40,122,0.24691358024691357,-79.11983308641975
5370.000000070794,42,120,0.25925925925925924,-83.07582474074073
5380.000000071012,45,117,0.2777777777777778,-89.00981222222221
5390.000000071231,46,116,0.2839506172839506,-90.98780804938272
5400.000000071449,42,120,0.25925925925925924,-83.07582474074073
5410.000000071667,49,113,0.30246913580246915,-96.9217955308642
5420.000000071886,43,119,0.2654320987654321,-85.05382056790124
5430.000000072104,47,115,0.29012345679012347,-92.9658038765432
5440.000000072322,46,116,0.2839506172839506,-90.98780804938272
5450.00000007254,45,117,0.2777777777777778,-89.00981222222221
5460.000000072759,48,114,0.2962962962962963,-94.9437997037037
5470.000000072977,46,116,0.2839506172839506,-90.98780804938272
5480.000000073195,42,120,0.25925925925925924,-83.07582474074073
5490.0000000734135,43,119,0.2654320987654321,-85.05382056790124
5500.000000073632,46,116,0.2839506172839506,-90.98780804938272
5510.00000007385,45,117,0.2777777777777778,-89.00981222222221
5520.000000074068,41,121,0.25308641975308643,-81.09782891358024
5530.000000074287,44,118,0.2716049382716049,-87.03181639506174
5540.000000074505,40,122,0.24691358024691357,-79.11983308641975
5550.000000074723,45,117,0.2777777777777778,-89.00981222222221
5560.000000074941,43,119,0.2654320987654321,-85.05382056790124
5570.00000007516,44,118,0.2716049382716049,-87.03181639506174
5580.000000075378,43,119,0.2654320987654321,-85.05382056790124
5590.000000075596,38,124,0.2345679012345679,-75.16384143209875
5600.000000075815,45,117,0.2777777777777778,-89.00981222222221
5610.000000076033,41,121,0.25308641975308643,-81.09782891358024
5620.000000076251,44,118,0.2716049382716049,-87.03181639506174
5630.000000076469,46,116,0.2839506172839506,-90.98780804938272
5640.000000076688,45,117,0.2777777777777778,-89.00981222222221
5650.000000076906,48,114,0.2962962962962963,-94.9437997037037
5660.000000077124,42,120,0.25925925925925924,-83.07582474074073
5670.0000000773425,41,121,0.25308641975308643,-81.09782891358024
5680.000000077561,42,120,0.25925925925925924,-83.07582474074073
5690.000000077779,41,121,0.25308641975308643,-81.09782891358024
5700.000000077997,40,122,0.24691358024691357,-79.11983308641975
5710.000000078216,43,119,0.2654320987654321,-85.05382056790124
5720.000000078434,41,121,0.25308641975308643,-81.09782891358024
5730.000000078652,42,120,0.25925925925925924,-83.07582474074073
5740.0000000788705,40,122,0.24691358024691357,-79.11983308641975
5750.000000079089,42,120,0.25925925925925924,-83.07582474074073
5760.000000079307,42,120,0.25925925925925924,-83.07582474074073
5770.000000079525,43,119,0.2654320987654321,-85.05382056790124
5780.000000079744,39,123,0.24074074074074073,-77.14183725925926
5790.000000079962,43,119,0.2654320987654321,-85.05382056790124
5800.00000008018,42,120,0.25925925925925924,-83.07582474074073
5810.000000080398,44,118,0.2716049382716049,-87.03181639506174
5820.000000080617,40,122,0.24691358024691357,-79.11983308641975
5830.000000080835,43,119,0.2654320987654321,-85.05382056790124
5840.000000081053,43,119,0.2654320987654321,-85.05382056790124
5850.0000000812715,42,120,0.25925925925925924,-83.07582474074073
5860.00000008149,43,119,0.2654320987654321,-85.05382056790124
5870.000000081708,38,124,0.2345679012345679,-75.16384143209875
5880.000000081926,41,121,0.25308641975308643,-81.09782891358024
5890.000000082145,43,119,0.2654320987654321,-85.05382056790124
5900.000000082363,42,120,0.25925925925925924,-83.07582474074073
5910.000000082581,42,120,0.25925925925925924,-83.07582474074073
5920.0000000827995,42,120,0.25925925925925924,-83.07582474074073
5930.000000083018,42,120,0.25925925925925924,-83.07582474074073
5940.000000083236,37,125,0.22839506172839505,-73.18584560493828
5950.000000083454,40,122,0.24691358024691357,-79.11983308641975
5960.000000083673,39,123,0.24074074074074073,-77.14183725925926
5970.000000083891,42,120,0.25925925925925924,-83.07582474074073
5980.000000084109,45,117,0.2777777777777778,-89.00981222222221
5990.000000084327,42,120,0.25925925925925924,-83.07582474074073
6000.000000084546,43,119,0.2654320987654321,-85.05382056790124
6010.000000084764,39,123,0.24074074074074073,-77.14183725925926
6020.000000084982,43,119,0.2654320987654321,-85.05382056790124
6030.000000085201,44,118,0.2716049382716049,-87.03181639506174
6040.000000085419,45,117,0.2777777777777778,-89.00981222222221
6050.000000085637,45,117,0.2777777777777778,-89.00981222222221
6060.000000085855,45,117,0.2777777777777778,-89.00981222222221
6070.000000086074,49,113,0.30246913580246915,-96.9217955308642
6080.000000086292,44,118,0.2716049382716049,-87.03181639506174
6090.00000008651,46,116,0.2839506172839506,-90.98780804938272
6100.0000000867285,43,119,0.2654320987654321,-85.05382056790124
6110.000000086947,45,117,0.2777777777777778,-89.00981222222221
6120.000000087165,41,121,0.25308641975308643,-81.09782891358024
6130.000000087383,44,118,0.2716049382716049,-87.03181639506174
6140.000000087602,43,119,0.2654320987654321,-85.05382056790124
6150.00000008782,41,121,0.25308641975308643,-81.09782891358024
6160.000000088038,42,120,0.25925925925925924,-83.07582474074073
6170.0000000882565,41,121,0.25308641975308643,-81.09782891358024
6180.000000088475,42,120,0.25925925925925924,-83.07582474074073
6190.000000088693,42,120,0.25925925925925924,-83.07582474074073
6200.000000088911,40,122,0.24691358024691357,-79.11983308641975
6210.00000008913,39,123,0.24074074074074073,-77.14183725925926
6220.000000089348,37,125,0.22839506172839505,-73.18584560493828
6230.000000089566,39,123,0.24074074074074073,-77.14183725925926
6240.000000089784,39,123,0.24074074074074073,-77.14183725925926
6250.000000090003,42,120,0.25925925925925924,-83.07582474074073
6260.000000090221,42,120,0.25925925925925924,-83.07582474074073
6270.000000090439,41,121,0.25308641975308643,-81.09782891358024
6280.0000000906575,38,124,0.2345679012345679,-75.16384143209875
6290.000000090876,41,121,0.25308641975308643,-81.09782891358024
6300.000000091094,42,120,0.25925925925925924,-83.07582474074073
6310.000000091312,40,122,0.24691358024691357,-79.11983308641975
6320.000000091531,41,121,0.25308641975308643,-81.09782891358024
6330.000000091749,43,119,0.2654320987654321,-85.05382056790124
6340.000000091967,45,117,0.2777777777777778,-89.00981222222221
6350.0000000921855,45,117,0.2777777777777778,-89.00981222222221
6360.000000092404,42,120,0.25925925925925924,-83.07582474074073
6370.000000092622,44,118,0.2716049382716049,-87.03181639506174
6380.00000009284,37,125,0.22839506172839505,-73.18584560493828
6390.000000093059,40,122,0.24691358024691357,-79.11983308641975
6400.000000093277,41,121,0.25308641975308643,-81.09782891358024
6410.000000093495,42,120,0.25925925925925924,-83.07582474074073
6420.000000093713,42,120,0.25925925925925924,-83.07582474074073
6430.000000093932,46,116,0.2839506172839506,-90.98780804938272
6440.00000009415,42,120,0.25925925925925924,-83.07582474074073
6450.000000094368,45,117,0.2777777777777778,-89.00981222222221
6460.0000000945865,39,123,0.24074074074074073,-77.14183725925926
6470.000000094805,37,125,0.22839506172839505,-73.18584560493828
6480.000000095023,33,129,0.2037037037037037,-65.2738622962963
6490.000000095241,35,127,0.21604938271604937,-69.22985395061728
6500.00000009546,38,124,0.2345679012345679,-75.16384143209875
6510.000000095678,37,125,0.22839506172839505,-73.18584560493828
6520.000000095896,40,122,0.24691358024691357,-79.11983308641975
6530.0000000961145,36,126,0.2222222222222222,-71.20784977777777
6540.000000096333,35,127,0.21604938271604937,-69.22985395061728
6550.000000096551,35,127,0.21604938271604937,-69.22985395061728
6560.000000096769,36,126,0.2222222222222222,-71.20784977777777
6570.000000096988,39,123,0.24074074074074073,-77.14183725925926
6580.000000097206,38,124,0.2345679012345679,-75.16384143209875
6590.000000097424,41,121,0.25308641975308643,-81.09782891358024
6600.000000097642,41,121,0.25308641975308643,-81.09782891358024
6610.000000097861,41,121,0.25308641975308643,-81.09782891358024
6620.000000098079,41,121,0.25308641975308643,-81.09782891358024
6630.000000098297,35,127,0.21604938271604937,-69.22985395061728
6640.000000098516,39,123,0.24074074074074073,-77.14183725925926
6650.000000098734,36,126,0.2222222222222222,-71.20784977777777
6660.000000098952,35,127,0.21604938271604937,-69.22985395061728
6670.00000009917,40,122,0.24691358024691357,-79.11983308641975
6680.000000099389,37,125,0.22839506172839505,-73.18584560493828
6690.000000099607,37,125,0.22839506172839505,-73.18584560493828
6700.000000099825,35,127,0.21604938271604937,-69.22985395061728
6710.0000001000435,38,124,0.2345679012345679,-75.16384143209875
6720.000000100262,37,125,0.22839506172839505,-73.18584560493828
6730.00000010048,39,123,0.24074074074074073,-77.14183725925926
6740.000000100698,38,124,0.2345679012345679,-75.16384143209875
6750.000000100917,48,114,0.2962962962962963,-94.9437997037037
6760.000000101135,40,122,0.24691358024691357,-79.11983308641975
6770.000000101353,43,119,0.2654320987654321,-85.05382056790124
6780.0000001015715,38,124,0.2345679012345679,-75.16384143209875
6790.00000010179,39,123,0.24074074074074073,-77.14183725925926
6800.000000102008,41,121,0.25308641975308643,-81.09782891358024
6810.000000102226,40,122,0.24691358024691357,-79.11983308641975
6820.000000102445,37,125,0.22839506172839505,-73.18584560493828
6830.000000102663,38,124,0.2345679012345679,-75.16384143209875
6840.000000102881,35,127,0.21604938271604937,-69.22985395061728
6850.000000103099,37,125,0.22839506172839505,-73.18584560493828
6860.000000103318,37,125,0.22839506172839505,-73.18584560493828
6870.000000103536,37,125,0.22839506172839505,-73.18584560493828
6880.000000103754,35,127,0.21604938271604937,-69.22985395061728
6890.0000001039725,38,124,0.2345679012345679,-75.16384143209875
6900.000000104191,40,122,0.24691358024691357,-79.11983308641975
6910.000000104409,38,124,0.2345679012345679,-75.16384143209875
6920.000000104627,37,125,0.22839506172839505,-73.18584560493828
6930.000000104846,39,123,0.24074074074074073,-77.14183725925926
6940.000000105064,41,121,0.25308641975308643,-81.09782891358024
6950.000000105282,42,120,0.25925925925925924,-83.07582474074073
6960.0000001055005,43,119,0.2654320987654321,-85.05382056790124
6970.000000105719,45,117,0.2777777777777778,-89.00981222222221
6980.000000105937,39,123,0.24074074074074073,-77.14183725925926
6990.000000106155,44,118,0.2716049382716049,-87.03181639506174
7000.000000106374,42,120,0.25925925925925924,-83.07582474074073
7010.000000106592,44,118,0.2716049382716049,-87.03181639506174
7020.00000010681,40,122,0.24691358024691357,-79.11983308641975
7030.000000107028,40,122,0.24691358024691357,-79.11983308641975
7040.000000107247,42,120,0.25925925925925924,-83.07582474074073
7050.000000107465,41,121,0.25308641975308643,-81.09782891358024
7060.000000107683,41,121,0.25308641975308643,-81.09782891358024
7070.0000001079015,41,121,0.25308641975308643,-81.09782891358024
7080.00000010812,45,117,0.2777777777777778,-89.00981222222221
7090.000000108338,43,119,0.2654320987654321,-85.05382056790124
7100.000000108556,40,122,0.24691358024691357,-79.11983308641975
7110.000000108775,39,123,0.24074074074074073,-77.14183725925926
7120.000000108993,36,126,0.2222222222222222,-71.20784977777777
7130.000000109211,37,125,0.22839506172839505,-73.18584560493828
7140.0000001094295,36,126,0.2222222222222222,-71.20784977777777
7150.000000109648,37,125,0.22839506172839505,-73.18584560493828
7160.000000109866,36,126,0.2222222222222222,-71.20784977777777
7170.000000110084,39,123,0.24074074074074073,-77.14183725925926
7180.000000110303,36,126,0.2222222222222222,-71.20784977777777
7190.000000110521,42,120,0.25925925925925924,-83.07582474074073
7200.000000110739,39,123,0.24074074074074073,-77.14183725925926
7210.000000110957,41,121,0.25308641975308643,-81.09782891358024
7220.000000111176,38,124,0.2345679012345679,-75.16384143209875
7230.000000111394,38,124,0.2345679012345679,-75.16384143209875
7240.000000111612,37,125,0.22839506172839505,-73.18584560493828
7250.000000111831,40,122,0.24691358024691357,-79.11983308641975
7260.000000112049,39,123,0.24074074074074073,-77.14183725925926
7270.000000112267,42,120,0.25925925925925924,-83.07582474074073
7280.000000112485,41,121,0.25308641975308643,-81.09782891358024
7290.000000112704,39,123,0.24074074074074073,-77.14183725925926
7300.000000112922,41,121,0.25308641975308643,-81.09782891358024
7310.00000011314,40,122,0.24691358024691357,-79.11983308641975
7320.0000001133585,40,122,0.24691358024691357,-79.11983308641975
7330.000000113577,38,124,0.2345679012345679,-75.16384143209875
7340.000000113795,40,122,0.24691358024691357,-79.11983308641975
7350.000000114013,39,123,0.24074074074074073,-77.14183725925926
7360.000000114232,40,122,0.24691358024691357,-79.11983308641975
7370.00000011445,39,123,0.24074074074074073,-77.14183725925926
7380.000000114668,37,125,0.22839506172839505,-73.18584560493828
7390.0000001148865,36,126,0.2222222222222222,-71.20784977777777
7400.000000115105,35,127,0.21604938271604937,-69.22985395061728
7410.000000115323,36,126,0.2222222222222222,-71.20784977777777
7420.000000115541,35,127,0.21604938271604937,-69.22985395061728
7430.00000011576,40,122,0.24691358024691357,-79.11983308641975
7440.000000115978,39,123,0.24074074074074073,-77.14183725925926
7450.000000116196,41,121,0.25308641975308643,-81.09782891358024
7460.000000116414,40,122,0.24691358024691357,-79.11983308641975
7470.000000116633,44,118,0.2716049382716049,-87.03181639506174
7480.000000116851,41,121,0.25308641975308643,-81.09782891358024
7490.000000117069,40,122,0.24691358024691357,-79.11983308641975
7500.0000001172875,39,123,0.24074074074074073,-77.14183725925926
7510.000000117506,39,123,0.24074074074074073,-77.14183725925926
7520.000000117724,41,121,0.25308641975308643,-81.09782891358024
7530.000000117942,41,121,0.25308641975308643,-81.09782891358024
7540.000000118161,39,123,0.24074074074074073,-77.14183725925926
7550.000000118379,40,122,0.24691358024691357,-79.11983308641975
7560.000000118597,39,123,0.24074074074074073,-77.14183725925926
7570.0000001188155,38,124,0.2345679012345679,-75.16384143209875
7580.000000119034,41,121,0.25308641975308643,-81.09782891358024
7590.000000119252,37,125,0.22839506172839505,-73.18584560493828
7600.00000011947,43,119,0.2654320987654321,-85.05382056790124
7610.000000119689,40,122,0.24691358024691357,-79.11983308641975
7620.000000119907,43,119,0.2654320987654321,-85.05382056790124
7630.000000120125,48,114,0.2962962962962963,-94.9437997037037
7640.000000120343,44,118,0.2716049382716049,-87.03181639506174
7650.000000120562,44,118,0.2716049382716049,-87.03181639506174
7660.00000012078,42,120,0.25925925925925924,-83.07582474074073
7670.000000120998,44,118,0.2716049382716049,-87.03181639506174
7680.0000001212165,39,123,0.24074074074074073,-77.14183725925926
7690.000000121435,40,122,0.24691358024691357,-79.11983308641975
7700.000000121653,41,121,0.25308641975308643,-81.09782891358024
7710.000000121871,38,124,0.2345679012345679,-75.16384143209875
7720.00000012209,36,126,0.2222222222222222,-71.20784977777777
7730.000000122308,41,121,0.25308641975308643,-81.09782891358024
7740.000000122526,39,123,0.24074074074074073,-77.14183725925926
7750.0000001227445,39,123,0.24074074074074073,-77.14183725925926
7760.000000122963,38,124,0.2345679012345679,-75.16384143209875
7770.000000123181,39,123,0.24074074074074073,-77.14183725925926
7780.000000123399,37,125,0.22839506172839505,-73.18584560493828
7790.000000123618,37,125,0.22839506172839505,-73.18584560493828
7800.000000123836,37,125,0.22839506172839505,-73.18584560493828
7810.000000124054,38,124,0.2345679012345679,-75.16384143209875
7820.000000124272,39,123,0.24074074074074073,-77.14183725925926
7830.000000124491,40,122,0.24691358024691357,-79.11983308641975
7840.000000124709,40,122,0.24691358024691357,-79.11983308641975
7850.000000124927,40,122,0.24691358024691357,-79.11983308641975
7860.000000125146,40,122,0.24691358024691357,-79.11983308641975
7870.000000125364,39,123,0.24074074074074073,-77.14183725925926
7880.000000125582,38,124,0.2345679012345679,-75.16384143209875
7890.0000001258,37,125,0.22839506172839505,-73.18584560493828
7900.000000126019,36,126,0.2222222222222222,-71.20784977777777
7910.000000126237,37,125,0.22839506172839505,-73.18584560493828
7920.000000126455,38,124,0.2345679012345679,-75.16384143209875
7930.0000001266735,38,124,0.2345679012345679,-75.16384143209875
7940.000000126892,39,123,0.24074074074074073,-77.14183725925926
7950.00000012711,43,119,0.2654320987654321,-85.05382056790124
7960.000000127328,45,117,0.2777777777777778,-89.00981222222221
7970.000000127547,43,119,0.2654320987654321,-85.05382056790124
7980.000000127765,43,119,0.2654320987654321,-85.05382056790124
7990.000000127983,38,124,0.2345679012345679,-75.16384143209875
8000.0000001282015,38,124,0.2345679012345679,-75.16384143209875
8010.00000012842,41,121,0.25308641975308643,-81.09782891358024
8020.000000128638,42,120,0.25925925925925924,-83.07582474074073
8030.000000128856,38,124,0.2345679012345679,-75.16384143209875
8040.000000129075,39,123,0.24074074074074073,-77.14183725925926
8050.000000129293,41,121,0.25308641975308643,-81.09782891358024
8060.000000129511,43,119,0.2654320987654321,-85.05382056790124
8070.000000129729,42,120,0.25925925925925924,-83.07582474074073
8080.000000129948,42,120,0.25925925925925924,-83.07582474074073
8090.000000130166,37,125,0.22839506172839505,-73.18584560493828
8100.000000130384,42,120,0.25925925925925924,-83.07582474074073
8110.0000001306025,43,119,0.2654320987654321,-85.05382056790124
8120.000000130821,40,122,0.24691358024691357,-79.11983308641975
8130.000000131039,45,117,0.2777777777777778,-89.00981222222221
8140.000000131257,45,117,0.2777777777777778,-89.00981222222221
8150.000000131476,45,117,0.2777777777777778,-89.00981222222221
8160.000000131694,44,118,0.2716049382716049,-87.03181639506174
8170.000000131912,44,118,0.2716049382716049,-87.03181639506174
8180.0000001321305,44,118,0.2716049382716049,-87.03181639506174
8190.000000132349,41,121,0.25308641975308643,-81.09782891358024
8200.000000132566,39,123,0.24074074074074073,-77.14183725925926
8210.000000132784,42,120,0.25925925925925924,-83.07582474074073
8220.000000133003,42,120,0.25925925925925924,-83.07582474074073
8230.000000133221,41,121,0.25308641975308643,-81.09782891358024
8240.00000013344,43,119,0.2654320987654321,-85.05382056790124
8250.000000133658,43,119,0.2654320987654321,-85.05382056790124
8260.000000133876,44,118,0.2716049382716049,-87.03181639506174
8270.000000134094,44,118,0.2716049382716049,-87.03181639506174
8280.000000134312,39,123,0.24074074074074073,-77.14183725925926
8290.00000013453,39,123,0.24074074074074073,-77.14183725925926
8300.000000134749,42,120,0.25925925925925924,-83.07582474074073
8310.000000134967,39,123,0.24074074074074073,-77.14183725925926
8320.000000135185,43,119,0.2654320987654321,-85.05382056790124
8330.000000135404,40,122,0.24691358024691357,-79.11983308641975
8340.000000135622,40,122,0.24691358024691357,-79.11983308641975
8350.00000013584,42,120,0.25925925925925924,-83.07582474074073
8360.000000136059,38,124,0.2345679012345679,-75.16384143209875
8370.000000136277,38,124,0.2345679012345679,-75.16384143209875
8380.000000136495,39,123,0.24074074074074073,-77.14183725925926
8390.000000136713,40,122,0.24691358024691357,-79.11983308641975
8400.000000136932,38,124,0.2345679012345679,-75.16384143209875
8410.00000013715,41,121,0.25308641975308643,-81.09782891358024
8420.000000137368,42,120,0.25925925925925924,-83.07582474074073
8430.000000137587,41,121,0.25308641975308643,-81.09782891358024
8440.000000137805,38,124,0.2345679012345679,-75.16384143209875
8450.000000138023,38,124,0.2345679012345679,-75.16384143209875
8460.000000138241,34,128,0.20987654320987653,-67.25185812345678
8470.00000013846,37,125,0.22839506172839505,-73.18584560493828
8480.000000138678,36,126,0.2222222222222222,-71.20784977777777
8490.000000138896,41,121,0.25308641975308643,-81.09782891358024
8500.000000139114,41,121,0.25308641975308643,-81.09782891358024
8510.000000139333,39,123,0.24074074074074073,-77.14183725925926
8520.000000139551,40,122,0.24691358024691357,-79.11983308641975
8530.00000013977,43,119,0.2654320987654321,-85.05382056790124
8540.000000139988,41,121,0.25308641975308643,-81.09782891358024
8550.000000140206,43,119,0.2654320987654321,-85.05382056790124
8560.000000140424,46,116,0.2839506172839506,-90.98780804938272
8570.000000140642,42,120,0.25925925925925924,-83.07582474074073
8580.00000014086,42,120,0.25925925925925924,-83.07582474074073
8590.000000141079,39,123,0.24074074074074073,-77.14183725925926
8600.000000141297,40,122,0.24691358024691357,-79.11983308641975
8610.000000141516,41,121,0.25308641975308643,-81.09782891358024
8620.000000141734,43,119,0.2654320987654321,-85.05382056790124
8630.000000141952,43,119,0.2654320987654321,-85.05382056790124
8640.00000014217,44,118,0.2716049382716049,-87.03181639506174
8650.000000142389,42,120,0.25925925925925924,-83.07582474074073
8660.000000142607,43,119,0.2654320987654321,-85.05382056790124
8670.000000142825,42,120,0.25925925925925924,-83.07582474074073
8680.000000143044,42,120,0.25925925925925924,-83.07582474074073
8690.000000143262,44,118,0.2716049382716049,-87.03181639506174
8700.00000014348,43,119,0.2654320987654321,-85.05382056790124
8710.000000143698,44,118,0.2716049382716049,-87.03181639506174
8720.000000143917,44,118,0.2716049382716049,-87.03181639506174
8730.000000144135,39,123,0.24074074074074073,-77.14183725925926
8740.000000144353,40,122,0.24691358024691357,-79.11983308641975
8750.000000144571,44,118,0.2716049382716049,-87.03181639506174
8760.00000014479,38,124,0.2345679012345679,-75.16384143209875
8770.000000145008,38,124,0.2345679012345679,-75.16384143209875
8780.000000145226,36,126,0.2222222222222222,-71.20784977777777
8790.000000145445,39,123,0.24074074074074073,-77.14183725925926
8800.000000145663,41,121,0.25308641975308643,-81.09782891358024
8810.000000145881,41,121,0.25308641975308643,-81.09782891358024
8820.0000001461,43,119,0.2654320987654321,-85.05382056790124
8830.000000146318,44,118,0.2716049382716049,-87.03181639506174
8840.000000146536,43,119,0.2654320987654321,-85.05382056790124
8850.000000146754,40,122,0.24691358024691357,-79.11983308641975
8860.000000146973,43,119,0.2654320987654321,-85.05382056790124
8870.00000014719,38,124,0.2345679012345679,-75.16384143209875
8880.000000147409,43,119,0.2654320987654321,-85.05382056790124
8890.000000147627,40,122,0.24691358024691357,-79.11983308641975
8900.000000147846,40,122,0.24691358024691357,-79.11983308641975
8910.000000148064,43,119,0.2654320987654321,-85.05382056790124
8920.000000148282,42,120,0.25925925925925924,-83.07582474074073
8930.0000001485,41,121,0.25308641975308643,-81.09782891358024
8940.000000148719,44,118,0.2716049382716049,-87.03181639506174
8950.000000148937,43,119,0.2654320987654321,-85.05382056790124
8960.000000149155,40,122,0.24691358024691357,-79.11983308641975
8970.000000149374,38,124,0.2345679012345679,-75.16384143209875
8980.000000149592,42,120,0.25925925925925924,-83.07582474074073
8990.00000014981,38,124,0.2345679012345679,-75.16384143209875
9000.000000150028,44,118,0.2716049382716049,-87.03181639506174
9010.000000150247,42,120,0.25925925925925924,-83.07582474074073
9020.000000150465,41,121,0.25308641975308643,-81.09782891358024
9030.000000150683,43,119,0.2654320987654321,-85.05382056790124
9040.000000150902,44,118,0.2716049382716049,-87.03181639506174
9050.00000015112,41,121,0.25308641975308643,-81.09782891358024
9060.000000151338,42,120,0.25925925925925924,-83.07582474074073
9070.000000151556,41,121,0.25308641975308643,-81.09782891358024
9080.000000151775,38,124,0.2345679012345679,-75.16384143209875
9090.000000151993,41,121,0.25308641975308643,-81.09782891358024
9100.000000152211,41,121,0.25308641975308643,-81.09782891358024
9110.00000015243,41,121,0.25308641975308643,-81.09782891358024
9120.000000152648,42,120,0.25925925925925924,-83.07582474074073
9130.000000152866,45,117,0.2777777777777778,-89.00981222222221
9140.000000153084,42,120,0.25925925925925924,-83.07582474074073
9150.000000153303,42,120,0.25925925925925924,-83.07582474074073
9160.00000015352,41,121,0.25308641975308643,-81.09782891358024
9170.00000015374,41,121,0.25308641975308643,-81.09782891358024
9180.000000153957,44,118,0.2716049382716049,-87.03181639506174
9190.000000154176,45,117,0.2777777777777778,-89.00981222222221
9200.000000154394,42,120,0.25925925925925924,-83.07582474074073
9210.000000154612,41,121,0.25308641975308643,-81.09782891358024
9220.00000015483,40,122,0.24691358024691357,-79.11983308641975
9230.000000155049,39,123,0.24074074074074073,-77.14183725925926
9240.000000155267,38,124,0.2345679012345679,-75.16384143209875
9250.000000155485,37,125,0.22839506172839505,-73.18584560493828
9260.000000155704,40,122,0.24691358024691357,-79.11983308641975
9270.000000155922,41,121,0.25308641975308643,-81.09782891358024
9280.00000015614,42,120,0.25925925925925924,-83.07582474074073
9290.000000156359,43,119,0.2654320987654321,-85.05382056790124
9300.000000156577,42,120,0.25925925925925924,-83.07582474074073
9310.000000156795,42,120,0.25925925925925924,-83.07582474074073
9320.000000157013,42,120,0.25925925925925924,-83.07582474074073
9330.000000157232,47,115,0.29012345679012347,-92.9658038765432
9340.00000015745,46,116,0.2839506172839506,-90.98780804938272
9350.000000157668,40,122,0.24691358024691357,-79.11983308641975
9360.000000157886,40,122,0.24691358024691357,-79.11983308641975
9370.000000158105,46,116,0.2839506172839506,-90.98780804938272
9380.000000158323,44,118,0.2716049382716049,-87.03181639506174
9390.000000158541,44,118,0.2716049382716049,-87.03181639506174
9400.00000015876,41,121,0.25308641975308643,-81.09782891358024
9410.000000158978,44,118,0.2716049382716049,-87.03181639506174
9420.000000159196,41,121,0.25308641975308643,-81.09782891358024
9430.000000159414,45,117,0.2777777777777778,-89.00981222222221
9440.000000159633,43,119,0.2654320987654321,-85.05382056790124
9450.000000159851,42,120,0.25925925925925924,-83.07582474074073
9460.00000016007,42,120,0.25925925925925924,-83.07582474074073
9470.000000160288,39,123,0.24074074074074073,-77.14183725925926
9480.000000160506,43,119,0.2654320987654321,-85.05382056790124
9490.000000160724,40,122,0.24691358024691357,-79.11983308641975
9500.000000160942,41,121,0.25308641975308643,-81.09782891358024
9510.00000016116,42,120,0.25925925925925924,-83.07582474074073
9520.000000161379,40,122,0.24691358024691357,-79.11983308641975
9530.000000161597,39,123,0.24074074074074073,-77.14183725925926
9540.000000161815,37,125,0.22839506172839505,-73.18584560493828
9550.000000162034,42,120,0.25925925925925924,-83.07582474074073
9560.000000162252,38,124,0.2345679012345679,-75.16384143209875
9570.00000016247,36,126,0.2222222222222222,-71.20784977777777
9580.000000162689,42,120,0.25925925925925924,-83.07582474074073
9590.000000162907,43,119,0.2654320987654321,-85.05382056790124
9600.000000163125,40,122,0.24691358024691357,-79.11983308641975
9610.000000163343,44,118,0.2716049382716049,-87.03181639506174
9620.000000163562,40,122,0.24691358024691357,-79.11983308641975
9630.00000016378,39,123,0.24074074074074073,-77.14183725925926
9640.000000163998,44,118,0.2716049382716049,-87.03181639506174
9650.000000164217,45,117,0.2777777777777778,-89.00981222222221
9660.000000164435,42,120,0.25925925925925924,-83.07582474074073
9670.000000164653,42,120,0.25925925925925924,-83.07582474074073
9680.000000164871,38,124,0.2345679012345679,-75.16384143209875
9690.00000016509,43,119,0.2654320987654321,-85.05382056790124
9700.000000165308,39,123,0.24074074074074073,-77.14183725925926
9710.000000165526,39,123,0.24074074074074073,-77.14183725925926
9720.000000165744,40,122,0.24691358024691357,-79.11983308641975
9730.000000165963,38,124,0.2345679012345679,-75.16384143209875
9740.000000166181,37,125,0.22839506172839505,-73.18584560493828
9750.0000001664,37,125,0.22839506172839505,-73.18584560493828
9760.000000166618,43,119,0.2654320987654321,-85.05382056790124
9770.000000166836,40,122,0.24691358024691357,-79.11983308641975
9780.000000167054,41,121,0.25308641975308643,-81.09782891358024
9790.000000167272,44,118,0.2716049382716049,-87.03181639506174
9800.00000016749,42,120,0.25925925925925924,-83.07582474074073
9810.000000167709,40,122,0.24691358024691357,-79.11983308641975
9820.000000167927,38,124,0.2345679012345679,-75.16384143209875
9830.000000168146,39,123,0.24074074074074073,-77.14183725925926
9840.000000168364,43,119,0.2654320987654321,-85.05382056790124
9850.000000168582,46,116,0.2839506172839506,-90.98780804938272
9860.0000001688,42,120,0.25925925925925924,-83.07582474074073
9870.000000169019,46,116,0.2839506172839506,-90.98780804938272
9880.000000169237,42,120,0.25925925925925924,-83.07582474074073
9890.000000169455,44,118,0.2716049382716049,-87.03181639506174
9900.000000169674,45,117,0.2777777777777778,-89.00981222222221
9910.000000169892,43,119,0.2654320987654321,-85.05382056790124
9920.00000017011,45,117,0.2777777777777778,-89.00981222222221
9930.000000170328,45,117,0.2777777777777778,-89.00981222222221
9940.000000170547,44,118,0.2716049382716049,-87.03181639506174
9950.000000170765,38,124,0.2345679012345679,-75.16384143209875
9960.000000170983,42,120,0.25925925925925924,-83.07582474074073
9970.000000171201,46,116,0.2839506172839506,-90.98780804938272
9980.00000017142,47,115,0.29012345679012347,-92.9658038765432
9990.000000171638,45,117,0.2777777777777778,-89.00981222222221
10000.000000171856,45,117,0.2777777777777778,-89.00981222222221
10010.000000172075,41,121,0.25308641975308643,-81.09782891358024
10020.000000172293,41,121,0.25308641975308643,-81.09782891358024
10030.000000172511,41,121,0.25308641975308643,-81.09782891358024
10040.00000017273,41,121,0.25308641975308643,-81.09782891358024
10050.000000172948,41,121,0.25308641975308643,-81.09782891358024
10060.000000173166,43,119,0.2654320987654321,-85.05382056790124
10070.000000173384,40,122,0.24691358024691357,-79.11983308641975
10080.000000173603,41,121,0.25308641975308643,-81.09782891358024
10090.00000017382,40,122,0.24691358024691357,-79.11983308641975
10100.000000174039,38,124,0.2345679012345679,-75.16384143209875
10110.000000174257,40,122,0.24691358024691357,-79.11983308641975
10120.000000174476,38,124,0.2345679012345679,-75.16384143209875
10130.000000174694,36,126,0.2222222222222222,-71.20784977777777
10140.000000174912,38,124,0.2345679012345679,-75.16384143209875
10150.00000017513,36,126,0.2222222222222222,-71.20784977777777
10160.000000175349,39,123,0.24074074074074073,-77.14183725925926
10170.000000175567,41,121,0.25308641975308643,-81.09782891358024
10180.000000175785,43,119,0.2654320987654321,-85.05382056790124
10190.000000176004,41,121,0.25308641975308643,-81.09782891358024
10200.000000176222,44,118,0.2716049382716049,-87.03181639506174
10210.00000017644,43,119,0.2654320987654321,-85.05382056790124
10220.000000176658,41,121,0.25308641975308643,-81.09782891358024
10230.000000176877,39,123,0.24074074074074073,-77.14183725925926
10240.000000177095,40,122,0.24691358024691357,-79.11983308641975
10250.000000177313,43,119,0.2654320987654321,-85.05382056790124
10260.000000177532,41,121,0.25308641975308643,-81.09782891358024
10270.00000017775,44,118,0.2716049382716049,-87.03181639506174
10280.000000177968,44,118,0.2716049382716049,-87.03181639506174
10290.000000178186,44,118,0.2716049382716049,-87.03181639506174
10300.000000178405,45,117,0.2777777777777778,-89.00981222222221
10310.000000178623,44,118,0.2716049382716049,-87.03181639506174
10320.000000178841,43,119,0.2654320987654321,-85.05382056790124
10330.00000017906,45,117,0.2777777777777778,-89.00981222222221
10340.000000179278,47,115,0.29012345679012347,-92.9658038765432
10350.000000179496,45,117,0.2777777777777778,-89.00981222222221
10360.000000179714,45,117,0.2777777777777778,-89.00981222222221
10370.000000179933,42,120,0.25925925925925924,-83.07582474074073
10380.00000018015,44,118,0.2716049382716049,-87.03181639506174
10390.00000018037,44,118,0.2716049382716049,-87.03181639506174
10400.000000180587,43,119,0.2654320987654321,-85.05382056790124
10410.000000180806,40,122,0.24691358024691357,-79.11983308641975
10420.000000181024,41,121,0.25308641975308643,-81.09782891358024
10430.000000181242,43,119,0.2654320987654321,-85.05382056790124
10440.00000018146,40,122,0.24691358024691357,-79.11983308641975
10450.000000181679,40,122,0.24691358024691357,-79.11983308641975
10460.000000181897,40,122,0.24691358024691357,-79.11983308641975
10470.000000182115,43,119,0.2654320987654321,-85.05382056790124
10480.000000182334,41,121,0.25308641975308643,-81.09782891358024
10490.000000182552,42,120,0.25925925925925924,-83.07582474074073
10500.00000018277,39,123,0.24074074074074073,-77.14183725925926
10510.000000182989,42,120,0.25925925925925924,-83.07582474074073
10520.000000183207,40,122,0.24691358024691357,-79.11983308641975
10530.000000183425,46,116,0.2839506172839506,-90.98780804938272
10540.000000183643,44,118,0.2716049382716049,-87.03181639506174
10550.000000183862,43,119,0.2654320987654321,-85.05382056790124
10560.00000018408,43,119,0.2654320987654321,-85.05382056790124
10570.000000184298,46,116,0.2839506172839506,-90.98780804938272
10580.000000184516,47,115,0.29012345679012347,-92.9658038765432
10590.000000184735,44,118,0.2716049382716049,-87.03181639506174
10600.000000184953,47,115,0.29012345679012347,-92.9658038765432
10610.000000185171,44,118,0.2716049382716049,-87.03181639506174
10620.00000018539,45,117,0.2777777777777778,-89.00981222222221
10630.000000185608,45,117,0.2777777777777778,-89.00981222222221
10640.000000185826,43,119,0.2654320987654321,-85.05382056790124
10650.000000186044,45,117,0.2777777777777778,-89.00981222222221
10660.000000186263,43,119,0.2654320987654321,-85.05382056790124
10670.000000186481,43,119,0.2654320987654321,-85.05382056790124
10680.0000001867,44,118,0.2716049382716049,-87.03181639506174
10690.000000186918,40,122,0.24691358024691357,-79.11983308641975
10700.000000187136,39,123,0.24074074074074073,-77.14183725925926
10710.000000187354,40,122,0.24691358024691357,-79.11983308641975
10720.000000187572,40,122,0.24691358024691357,-79.11983308641975
10730.00000018779,42,120,0.25925925925925924,-83.07582474074073
10740.000000188009,42,120,0.25925925925925924,-83.07582474074073
10750.000000188227,41,121,0.25308641975308643,-81.09782891358024
10760.000000188445,37,125,0.22839506172839505,-73.18584560493828
10770.000000188664,43,119,0.2654320987654321,-85.05382056790124
10780.000000188882,41,121,0.25308641975308643,-81.09782891358024
10790.0000001891,43,119,0.2654320987654321,-85.05382056790124
10800.000000189319,41,121,0.25308641975308643,-81.09782891358024
10810.000000189537,44,118,0.2716049382716049,-87.03181639506174
10820.000000189755,44,118,0.2716049382716049,-87.03181639506174
10830.000000189973,43,119,0.2654320987654321,-85.05382056790124
10840.000000190192,39,123,0.24074074074074073,-77.14183725925926
10850.00000019041,40,122,0.24691358024691357,-79.11983308641975
10860.000000190628,44,118,0.2716049382716049,-87.03181639506174
10870.000000190847,42,120,0.25925925925925924,-83.07582474074073
10880.000000191065,42,120,0.25925925925925924,-83.07582474074073
10890.000000191283,38,124,0.2345679012345679,-75.16384143209875
10900.000000191501,40,122,0.24691358024691357,-79.11983308641975
10910.00000019172,41,121,0.25308641975308643,-81.09782891358024
10920.000000191938,42,120,0.25925925925925924,-83.07582474074073
10930.000000192156,37,125,0.22839506172839505,-73.18584560493828
10940.000000192375,41,121,0.25308641975308643,-81.09782891358024
10950.000000192593,38,124,0.2345679012345679,-75.16384143209875
10960.000000192811,43,119,0.2654320987654321,-85.05382056790124
10970.00000019303,43,119,0.2654320987654321,-85.05382056790124
10980.000000193248,41,121,0.25308641975308643,-81.09782891358024
10990.000000193466,42,120,0.25925925925925924,-83.07582474074073
11000.000000193684,40,122,0.24691358024691357,-79.11983308641975
11010.000000193902,42,120,0.25925925925925924,-83.07582474074073
11020.00000019412,44,118,0.2716049382716049,-87.03181639506174
11030.000000194339,40,122,0.24691358024691357,-79.11983308641975
11040.000000194557,43,119,0.2654320987654321,-85.05382056790124
11050.000000194776,40,122,0.24691358024691357,-79.11983308641975
11060.000000194994,40,122,0.24691358024691357,-79.11983308641975
11070.000000195212,42,120,0.25925925925925924,-83.07582474074073
11080.00000019543,41,121,0.25308641975308643,-81.09782891358024
11090.000000195649,44,118,0.2716049382716049,-87.03181639506174
11100.000000195867,43,119,0.2654320987654321,-85.05382056790124
11110.000000196085,40,122,0.24691358024691357,-79.11983308641975
11120.000000196304,41,121,0.25308641975308643,-81.09782891358024
11130.000000196522,40,122,0.24691358024691357,-79.11983308641975
11140.00000019674,45,117,0.2777777777777778,-89.00981222222221
11150.000000196958,42,120,0.25925925925925924,-83.07582474074073
11160.000000197177,42,120,0.25925925925925924,-83.07582474074073
11170.000000197395,42,120,0.25925925925925924,-83.07582474074073
11180.000000197613,47,115,0.29012345679012347,-92.9658038765432
11190.000000197831,43,119,0.2654320987654321,-85.05382056790124
11200.00000019805,43,119,0.2654320987654321,-85.05382056790124
11210.000000198268,42,120,0.25925925925925924,-83.07582474074073
11220.000000198486,43,119,0.2654320987654321,-85.05382056790124
11230.000000198705,42,120,0.25925925925925924,-83.07582474074073
11240.000000198923,38,124,0.2345679012345679,-75.16384143209875
11250.000000199141,43,119,0.2654320987654321,-85.05382056790124
11260.00000019936,41,121,0.25308641975308643,-81.09782891358024
11270.000000199578,43,119,0.2654320987654321,-85.05382056790124
11280.000000199796,40,122,0.24691358024691357,-79.11983308641975
11290.000000200014,41,121,0.25308641975308643,-81.09782891358024
11300.000000200233,40,122,0.24691358024691357,-79.11983308641975
11310.00000020045,41,121,0.25308641975308643,-81.09782891358024
11320.00000020067,41,121,0.25308641975308643,-81.09782891358024
11330.000000200887,46,116,0.2839506172839506,-90.98780804938272
11340.000000201106,39,123,0.24074074074074073,-77.14183725925926
11350.000000201324,40,122,0.24691358024691357,-79.11983308641975
11360.000000201542,37,125,0.22839506172839505,-73.18584560493828
11370.00000020176,38,124,0.2345679012345679,-75.16384143209875
11380.000000201979,38,124,0.2345679012345679,-75.16384143209875
11390.000000202197,38,124,0.2345679012345679,-75.16384143209875
11400.000000202415,41,121,0.25308641975308643,-81.09782891358024
11410.000000202634,42,120,0.25925925925925924,-83.07582474074073
11420.000000202852,40,122,0.24691358024691357,-79.11983308641975
11430.00000020307,39,123,0.24074074074074073,-77.14183725925926
11440.000000203288,43,119,0.2654320987654321,-85.05382056790124
11450.000000203507,46,116,0.2839506172839506,-90.98780804938272
11460.000000203725,45,117,0.2777777777777778,-89.00981222222221
11470.000000203943,47,115,0.29012345679012347,-92.9658038765432
11480.000000204162,45,117,0.2777777777777778,-89.00981222222221
11490.00000020438,43,119,0.2654320987654321,-85.05382056790124
11500.000000204598,43,119,0.2654320987654321,-85.05382056790124
11510.000000204816,44,118,0.2716049382716049,-87.03181639506174
11520.000000205035,45,117,0.2777777777777778,-89.00981222222221
11530.000000205253,44,118,0.2716049382716049,-87.03181639506174
11540.000000205471,43,119,0.2654320987654321,-85.05382056790124
11550.00000020569,39,123,0.24074074074074073,-77.14183725925926
11560.000000205908,38,124,0.2345679012345679,-75.16384143209875
11570.000000206126,38,124,0.2345679012345679,-75.16384143209875
11580.000000206344,37,125,0.22839506172839505,-73.18584560493828
11590.000000206563,38,124,0.2345679012345679,-75.16384143209875
11600.00000020678,41,121,0.25308641975308643,-81.09782891358024
11610.000000207,41,121,0.25308641975308643,-81.09782891358024
11620.000000207217,43,119,0.2654320987654321,-85.05382056790124
11630.000000207436,40,122,0.24691358024691357,-79.11983308641975
11640.000000207654,45,117,0.2777777777777778,-89.00981222222221
11650.000000207872,43,119,0.2654320987654321,-85.05382056790124
11660.00000020809,42,120,0.25925925925925924,-83.07582474074073
11670.000000208309,43,119,0.2654320987654321,-85.05382056790124
11680.000000208527,44,118,0.2716049382716049,-87.03181639506174
11690.000000208745,44,118,0.2716049382716049,-87.03181639506174
11700.000000208964,44,118,0.2716049382716049,-87.03181639506174
11710.000000209182,42,120,0.25925925925925924,-83.07582474074073
11720.0000002094,46,116,0.2839506172839506,-90.98780804938272
11730.000000209619,42,120,0.25925925925925924,-83.07582474074073
11740.000000209837,44,118,0.2716049382716049,-87.03181639506174
11750.000000210055,44,118,0.2716049382716049,-87.03181639506174
11760.000000210273,45,117,0.2777777777777778,-89.00981222222221
11770.000000210492,39,123,0.24074074074074073,-77.14183725925926
11780.00000021071,42,120,0.25925925925925924,-83.07582474074073
11790.000000210928,38,124,0.2345679012345679,-75.16384143209875
11800.000000211146,38,124,0.2345679012345679,-75.16384143209875
11810.000000211365,39,123,0.24074074074074073,-77.14183725925926
11820.000000211583,39,123,0.24074074074074073,-77.14183725925926
11830.000000211801,36,126,0.2222222222222222,-71.20784977777777
11840.00000021202,37,125,0.22839506172839505,-73.18584560493828
11850.000000212238,39,123,0.24074074074074073,-77.14183725925926
11860.000000212456,43,119,0.2654320987654321,-85.05382056790124
11870.000000212674,41,121,0.25308641975308643,-81.09782891358024
11880.000000212893,38,124,0.2345679012345679,-75.16384143209875
11890.000000213111,38,124,0.2345679012345679,-75.16384143209875
11900.00000021333,43,119,0.2654320987654321,-85.05382056790124
11910.000000213548,40,122,0.24691358024691357,-79.11983308641975
11920.000000213766,39,123,0.24074074074074073,-77.14183725925926
11930.000000213984,42,120,0.25925925925925924,-83.07582474074073
11940.000000214202,39,123,0.24074074074074073,-77.14183725925926
11950.00000021442,46,116,0.2839506172839506,-90.98780804938272
11960.000000214639,48,114,0.2962962962962963,-94.9437997037037
11970.000000214857,44,118,0.2716049382716049,-87.03181639506174
11980.000000215075,46,116,0.2839506172839506,-90.98780804938272
11990.000000215294,45,117,0.2777777777777778,-89.00981222222221
12000.000000215512,46,116,0.2839506172839506,-90.98780804938272
12010.00000021573,47,115,0.29012345679012347,-92.9658038765432
12020.000000215949,45,117,0.2777777777777778,-89.00981222222221
12030.000000216167,44,118,0.2716049382716049,-87.03181639506174
12040.000000216385,47,115,0.29012345679012347,-92.9658038765432
12050.000000216603,44,118,0.2716049382716049,-87.03181639506174
12060.000000216822,47,115,0.29012345679012347,-92.9658038765432
12070.00000021704,46,116,0.2839506172839506,-90.98780804938272
12080.000000217258,43,119,0.2654320987654321,-85.05382056790124
12090.000000217477,43,119,0.2654320987654321,-85.05382056790124
12100.000000217695,42,120,0.25925925925925924,-83.07582474074073
12110.000000217913,39,123,0.24074074074074073,-77.14183725925926
12120.000000218131,42,120,0.25925925925925924,-83.07582474074073
12130.00000021835,42,120,0.25925925925925924,-83.07582474074073
12140.000000218568,44,118,0.2716049382716049,-87.03181639506174
12150.000000218786,41,121,0.25308641975308643,-81.09782891358024
12160.000000219005,42,120,0.25925925925925924,-83.07582474074073
12170.000000219223,46,116,0.2839506172839506,-90.98780804938272
12180.000000219441,44,118,0.2716049382716049,-87.03181639506174
12190.00000021966,45,117,0.2777777777777778,-89.00981222222221
12200.000000219878,43,119,0.2654320987654321,-85.05382056790124
12210.000000220096,43,119,0.2654320987654321,-85.05382056790124
12220.000000220314,42,120,0.25925925925925924,-83.07582474074073
12230.000000220532,42,120,0.25925925925925924,-83.07582474074073
12240.00000022075,39,123,0.24074074074074073,-77.14183725925926
12250.000000220969,43,119,0.2654320987654321,-85.05382056790124
12260.000000221187,40,122,0.24691358024691357,-79.11983308641975
12270.000000221406,38,124,0.2345679012345679,-75.16384143209875
12280.000000221624,40,122,0.24691358024691357,-79.11983308641975
12290.000000221842,38,124,0.2345679012345679,-75.16384143209875
12300.00000022206,41,121,0.25308641975308643,-81.09782891358024
12310.000000222279,40,122,0.24691358024691357,-79.11983308641975
12320.000000222497,44,118,0.2716049382716049,-87.03181639506174
12330.000000222715,43,119,0.2654320987654321,-85.05382056790124
12340.000000222934,40,122,0.24691358024691357,-79.11983308641975
12350.000000223152,38,124,0.2345679012345679,-75.16384143209875
12360.00000022337,41,121,0.25308641975308643,-81.09782891358024
12370.000000223588,42,120,0.25925925925925924,-83.07582474074073
12380.000000223807,44,118,0.2716049382716049,-87.03181639506174
12390.000000224025,40,122,0.24691358024691357,-79.11983308641975
12400.000000224243,45,117,0.2777777777777778,-89.00981222222221
12410.000000224461,42,120,0.25925925925925924,-83.07582474074073
12420.00000022468,43,119,0.2654320987654321,-85.05382056790124
12430.000000224898,38,124,0.2345679012345679,-75.16384143209875
12440.000000225116,42,120,0.25925925925925924,-83.07582474074073
12450.000000225335,35,127,0.21604938271604937,-69.22985395061728
12460.000000225553,41,121,0.25308641975308643,-81.09782891358024
12470.000000225771,41,121,0.25308641975308643,-81.09782891358024
12480.00000022599,39,123,0.24074074074074073,-77.14183725925926
12490.000000226208,42,120,0.25925925925925924,-83.07582474074073
12500.000000226426,38,124,0.2345679012345679,-75.16384143209875
12510.000000226644,36,126,0.2222222222222222,-71.20784977777777
12520.000000226863,39,123,0.24074074074074073,-77.14183725925926
12530.00000022708,39,123,0.24074074074074073,-77.14183725925926
12540.0000002273,37,125,0.22839506172839505,-73.18584560493828
12550.000000227517,37,125,0.22839506172839505,-73.18584560493828
12560.000000227736,41,121,0.25308641975308643,-81.09782891358024
12570.000000227954,35,127,0.21604938271604937,-69.22985395061728
12580.000000228172,39,123,0.24074074074074073,-77.14183725925926
12590.00000022839,39,123,0.24074074074074073,-77.14183725925926
12600.000000228609,40,122,0.24691358024691357,-79.11983308641975
12610.000000228827,38,124,0.2345679012345679,-75.16384143209875
12620.000000229045,36,126,0.2222222222222222,-71.20784977777777
12630.000000229264,34,128,0.20987654320987653,-67.25185812345678
12640.000000229482,35,127,0.21604938271604937,-69.22985395061728
12650.0000002297,40,122,0.24691358024691357,-79.11983308641975
12660.000000229918,36,126,0.2222222222222222,-71.20784977777777
12670.000000230137,39,123,0.24074074074074073,-77.14183725925926
12680.000000230355,36,126,0.2222222222222222,-71.20784977777777
12690.000000230573,38,124,0.2345679012345679,-75.16384143209875
12700.000000230792,37,125,0.22839506172839505,-73.18584560493828
12710.00000023101,38,124,0.2345679012345679,-75.16384143209875
12720.000000231228,39,123,0.24074074074074073,-77.14183725925926
12730.000000231446,40,122,0.24691358024691357,-79.11983308641975
12740.000000231665,38,124,0.2345679012345679,-75.16384143209875
12750.000000231883,39,123,0.24074074074074073,-77.14183725925926
12760.000000232101,37,125,0.22839506172839505,-73.18584560493828
12770.00000023232,39,123,0.24074074074074073,-77.14183725925926
12780.000000232538,43,119,0.2654320987654321,-85.05382056790124
12790.000000232756,37,125,0.22839506172839505,-73.18584560493828
12800.000000232974,36,126,0.2222222222222222,-71.20784977777777
12810.000000233193,40,122,0.24691358024691357,-79.11983308641975
12820.00000023341,39,123,0.24074074074074073,-77.14183725925926
12830.00000023363,33,129,0.2037037037037037,-65.2738622962963
12840.000000233847,38,124,0.2345679012345679,-75.16384143209875
12850.000000234066,37,125,0.22839506172839505,-73.18584560493828
12860.000000234284,41,121,0.25308641975308643,-81.09782891358024
12870.000000234502,39,123,0.24074074074074073,-77.14183725925926
12880.00000023472,42,120,0.25925925925925924,-83.07582474074073
12890.000000234939,37,125,0.22839506172839505,-73.18584560493828
12900.000000235157,39,123,0.24074074074074073,-77.14183725925926
12910.000000235375,38,124,0.2345679012345679,-75.16384143209875
12920.000000235594,39,123,0.24074074074074073,-77.14183725925926
12930.000000235812,40,122,0.24691358024691357,-79.11983308641975
12940.00000023603,39,123,0.24074074074074073,-77.14183725925926
12950.000000236249,40,122,0.24691358024691357,-79.11983308641975
12960.000000236467,38,124,0.2345679012345679,-75.16384143209875
12970.000000236685,40,122,0.24691358024691357,-79.11983308641975
12980.000000236903,42,120,0.25925925925925924,-83.07582474074073
12990.000000237122,40,122,0.24691358024691357,-79.11983308641975
13000.00000023734,38,124,0.2345679012345679,-75.16384143209875
13010.000000237558,40,122,0.24691358024691357,-79.11983308641975
13020.000000237776,45,117,0.2777777777777778,-89.00981222222221
13030.000000237995,42,120,0.25925925925925924,-83.07582474074073
13040.000000238213,45,117,0.2777777777777778,-89.00981222222221
13050.000000238431,41,121,0.25308641975308643,-81.09782891358024
13060.00000023865,42,120,0.25925925925925924,-83.07582474074073
13070.000000238868,45,117,0.2777777777777778,-89.00981222222221
13080.000000239086,44,118,0.2716049382716049,-87.03181639506174
13090.000000239304,43,119,0.2654320987654321,-85.05382056790124
13100.000000239523,43,119,0.2654320987654321,-85.05382056790124
13110.000000239741,42,120,0.25925925925925924,-83.07582474074073
13120.00000023996,39,123,0.24074074074074073,-77.14183725925926
13130.000000240178,43,119,0.2654320987654321,-85.05382056790124
13140.000000240396,43,119,0.2654320987654321,-85.05382056790124
13150.000000240614,43,119,0.2654320987654321,-85.05382056790124
13160.000000240832,43,119,0.2654320987654321,-85.05382056790124
13170.00000024105,42,120,0.25925925925925924,-83.07582474074073
13180.000000241269,47,115,0.29012345679012347,-92.9658038765432
13190.000000241487,45,117,0.2777777777777778,-89.00981222222221
13200.000000241705,44,118,0.2716049382716049,-87.03181639506174
13210.000000241924,45,117,0.2777777777777778,-89.00981222222221
13220.000000242142,46,116,0.2839506172839506,-90.98780804938272
13230.00000024236,42,120,0.25925925925925924,-83.07582474074073
13240.000000242579,47,115,0.29012345679012347,-92.9658038765432
13250.000000242797,45,117,0.2777777777777778,-89.00981222222221
13260.000000243015,44,118,0.2716049382716049,-87.03181639506174
13270.000000243233,45,117,0.2777777777777778,-89.00981222222221
13280.000000243452,42,120,0.25925925925925924,-83.07582474074073
13290.00000024367,40,122,0.24691358024691357,-79.11983308641975
13300.000000243888,41,121,0.25308641975308643,-81.09782891358024
13310.000000244107,41,121,0.25308641975308643,-81.09782891358024
13320.000000244325,43,119,0.2654320987654321,-85.05382056790124
13330.000000244543,41,121,0.25308641975308643,-81.09782891358024
13340.000000244761,45,117,0.2777777777777778,-89.00981222222221
13350.00000024498,42,120,0.25925925925925924,-83.07582474074073
13360.000000245198,46,116,0.2839506172839506,-90.98780804938272
13370.000000245416,45,117,0.2777777777777778,-89.00981222222221
13380.000000245635,43,119,0.2654320987654321,-85.05382056790124
13390.000000245853,45,117,0.2777777777777778,-89.00981222222221
13400.000000246071,40,122,0.24691358024691357,-79.11983308641975
13410.00000024629,43,119,0.2654320987654321,-85.05382056790124
13420.000000246508,43,119,0.2654320987654321,-85.05382056790124
13430.000000246726,38,124,0.2345679012345679,-75.16384143209875
13440.000000246944,38,124,0.2345679012345679,-75.16384143209875
13450.000000247162,43,119,0.2654320987654321,-85.05382056790124
13460.00000024738,38,124,0.2345679012345679,-75.16384143209875
13470.000000247599,44,118,0.2716049382716049,-87.03181639506174
13480.000000247817,42,120,0.25925925925925924,-83.07582474074073
13490.000000248036,41,121,0.25308641975308643,-81.09782891358024
13500.000000248254,43,119,0.2654320987654321,-85.05382056790124
13510.000000248472,42,120,0.25925925925925924,-83.07582474074073
13520.00000024869,41,121,0.25308641975308643,-81.09782891358024
13530.000000248909,43,119,0.2654320987654321,-85.05382056790124
13540.000000249127,38,124,0.2345679012345679,-75.16384143209875
13550.000000249345,35,127,0.21604938271604937,-69.22985395061728
13560.000000249564,41,121,0.25308641975308643,-81.09782891358024
13570.000000249782,40,122,0.24691358024691357,-79.11983308641975
13580.00000025,38,124,0.2345679012345679,-75.16384143209875
13590.000000250218,39,123,0.24074074074074073,-77.14183725925926
13600.000000250437,39,123,0.24074074074074073,-77.14183725925926
13610.000000250655,41,121,0.25308641975308643,-81.09782891358024
13620.000000250873,37,125,0.22839506172839505,-73.18584560493828
13630.000000251091,42,120,0.25925925925925924,-83.07582474074073
13640.00000025131,39,123,0.24074074074074073,-77.14183725925926
13650.000000251528,42,120,0.25925925925925924,-83.07582474074073
13660.000000251746,40,122,0.24691358024691357,-79.11983308641975
13670.000000251965,41,121,0.25308641975308643,-81.09782891358024
13680.000000252183,41,121,0.25308641975308643,-81.09782891358024
13690.000000252401,43,119,0.2654320987654321,-85.05382056790124
13700.00000025262,40,122,0.24691358024691357,-79.11983308641975
13710.000000252838,46,116,0.2839506172839506,-90.98780804938272
13720.000000253056,42,120,0.25925925925925924,-83.07582474074073
13730.000000253274,43,119,0.2654320987654321,-85.05382056790124
13740.000000253493,48,114,0.2962962962962963,-94.9437997037037
13750.00000025371,44,118,0.2716049382716049,-87.03181639506174
13760.00000025393,45,117,0.2777777777777778,-89.00981222222221
13770.000000254147,41,121,0.25308641975308643,-81.09782891358024
13780.000000254366,44,118,0.2716049382716049,-87.03181639506174
13790.000000254584,46,116,0.2839506172839506,-90.98780804938272
13800.000000254802,40,122,0.24691358024691357,-79.11983308641975
13810.00000025502,43,119,0.2654320987654321,-85.05382056790124
13820.000000255239,40,122,0.24691358024691357,-79.11983308641975
13830.000000255457,44,118,0.2716049382716049,-87.03181639506174
13840.000000255675,44,118,0.2716049382716049,-87.03181639506174
13850.000000255894,42,120,0.25925925925925924,-83.07582474074073
13860.000000256112,42,120,0.25925925925925924,-83.07582474074073
13870.00000025633,42,120,0.25925925925925924,-83.07582474074073
13880.000000256548,44,118,0.2716049382716049,-87.03181639506174
13890.000000256767,46,116,0.2839506172839506,-90.98780804938272
13900.000000256985,40,122,0.24691358024691357,-79.11983308641975
13910.000000257203,40,122,0.24691358024691357,-79.11983308641975
13920.000000257422,41,121,0.25308641975308643,-81.09782891358024
13930.00000025764,40,122,0.24691358024691357,-79.11983308641975
13940.000000257858,40,122,0.24691358024691357,-79.11983308641975
13950.000000258076,39,123,0.24074074074074073,-77.14183725925926
13960.000000258295,41,121,0.25308641975308643,-81.09782891358024
13970.000000258513,41,121,0.25308641975308643,-81.09782891358024
13980.000000258731,39,123,0.24074074074074073,-77.14183725925926
13990.00000025895,36,126,0.2222222222222222,-71.20784977777777
14000.000000259168,39,123,0.24074074074074073,-77.14183725925926
14010.000000259386,36,126,0.2222222222222222,-71.20784977777777
14020.000000259604,37,125,0.22839506172839505,-73.18584560493828
14030.000000259823,35,127,0.21604938271604937,-69.22985395061728
14040.00000026004,41,121,0.25308641975308643,-81.09782891358024
14050.00000026026,39,123,0.24074074074074073,-77.14183725925926
14060.000000260477,40,122,0.24691358024691357,-79.11983308641975
14070.000000260696,39,123,0.24074074074074073,-77.14183725925926
14080.000000260914,40,122,0.24691358024691357,-79.11983308641975
14090.000000261132,42,120,0.25925925925925924,-83.07582474074073
14100.00000026135,41,121,0.25308641975308643,-81.09782891358024
14110.000000261569,44,118,0.2716049382716049,-87.03181639506174
14120.000000261787,44,118,0.2716049382716049,-87.03181639506174
14130.000000262005,45,117,0.2777777777777778,-89.00981222222221
14140.000000262224,40,122,0.24691358024691357,-79.11983308641975
14150.000000262442,45,117,0.2777777777777778,-89.00981222222221
14160.00000026266,46,116,0.2839506172839506,-90.98780804938272
14170.000000262879,46,116,0.2839506172839506,-90.98780804938272
14180.000000263097,42,120,0.25925925925925924,-83.07582474074073
14190.000000263315,43,119,0.2654320987654321,-85.05382056790124
14200.000000263533,42,120,0.25925925925925924,-83.07582474074073
14210.000000263752,41,121,0.25308641975308643,-81.09782891358024
14220.00000026397,43,119,0.2654320987654321,-85.05382056790124
14230.000000264188,41,121,0.25308641975308643,-81.09782891358024
14240.000000264406,39,123,0.24074074074074073,-77.14183725925926
14250.000000264625,37,125,0.22839506172839505,-73.18584560493828
14260.000000264843,40,122,0.24691358024691357,-79.11983308641975
14270.000000265061,43,119,0.2654320987654321,-85.05382056790124
14280.00000026528,44,118,0.2716049382716049,-87.03181639506174
14290.000000265498,42,120,0.25925925925925924,-83.07582474074073
14300.000000265716,42,120,0.25925925925925924,-83.07582474074073
14310.000000265934,40,122,0.24691358024691357,-79.11983308641975
14320.000000266153,42,120,0.25925925925925924,-83.07582474074073
14330.000000266371,42,120,0.25925925925925924,-83.07582474074073
14340.00000026659,43,119,0.2654320987654321,-85.05382056790124
14350.000000266808,45,117,0.2777777777777778,-89.00981222222221
14360.000000267026,41,121,0.25308641975308643,-81.09782891358024
14370.000000267244,42,120,0.25925925925925924,-83.07582474074073
14380.000000267462,39,123,0.24074074074074073,-77.14183725925926
14390.00000026768,41,121,0.25308641975308643,-81.09782891358024
14400.000000267899,43,119,0.2654320987654321,-85.05382056790124
14410.000000268117,42,120,0.25925925925925924,-83.07582474074073
14420.000000268335,44,118,0.2716049382716049,-87.03181639506174
14430.000000268554,46,116,0.2839506172839506,-90.98780804938272
14440.000000268772,43,119,0.2654320987654321,-85.05382056790124
14450.00000026899,41,121,0.25308641975308643,-81.09782891358024
14460.000000269209,42,120,0.25925925925925924,-83.07582474074073
14470.000000269427,38,124,0.2345679012345679,-75.16384143209875
14480.000000269645,39,123,0.24074074074074073,-77.14183725925926
14490.000000269863,40,122,0.24691358024691357,-79.11983308641975
14500.000000270082,46,116,0.2839506172839506,-90.98780804938272
14510.0000002703,43,119,0.2654320987654321,-85.05382056790124
14520.000000270518,40,122,0.24691358024691357,-79.11983308641975
14530.000000270737,40,122,0.24691358024691357,-79.11983308641975
14540.000000270955,38,124,0.2345679012345679,-75.16384143209875
14550.000000271173,40,122,0.24691358024691357,-79.11983308641975
14560.000000271391,41,121,0.25308641975308643,-81.09782891358024
14570.00000027161,37,125,0.22839506172839505,-73.18584560493828
14580.000000271828,38,124,0.2345679012345679,-75.16384143209875
14590.000000272046,37,125,0.22839506172839505,-73.18584560493828
14600.000000272265,39,123,0.24074074074074073,-77.14183725925926
14610.000000272483,34,128,0.20987654320987653,-67.25185812345678
14620.000000272701,40,122,0.24691358024691357,-79.11983308641975
14630.00000027292,38,124,0.2345679012345679,-75.16384143209875
14640.000000273138,36,126,0.2222222222222222,-71.20784977777777
14650.000000273356,40,122,0.24691358024691357,-79.11983308641975
14660.000000273574,39,123,0.24074074074074073,-77.14183725925926
14670.000000273792,39,123,0.24074074074074073,-77.14183725925926
14680.00000027401,41,121,0.25308641975308643,-81.09782891358024
14690.000000274229,40,122,0.24691358024691357,-79.11983308641975
14700.000000274447,38,124,0.2345679012345679,-75.16384143209875
14710.000000274666,42,120,0.25925925925925924,-83.07582474074073
14720.000000274884,40,122,0.24691358024691357,-79.11983308641975
14730.000000275102,44,118,0.2716049382716049,-87.03181639506174
14740.00000027532,42,120,0.25925925925925924,-83.07582474074073
14750.000000275539,45,117,0.2777777777777778,-89.00981222222221
14760.000000275757,42,120,0.25925925925925924,-83.07582474074073
14770.000000275975,42,120,0.25925925925925924,-83.07582474074073
14780.000000276194,40,122,0.24691358024691357,-79.11983308641975
14790.000000276412,44,118,0.2716049382716049,-87.03181639506174
14800.00000027663,39,123,0.24074074074074073,-77.14183725925926
14810.000000276848,38,124,0.2345679012345679,-75.16384143209875
14820.000000277067,41,121,0.25308641975308643,-81.09782891358024
14830.000000277285,39,123,0.24074074074074073,-77.14183725925926
14840.000000277503,38,124,0.2345679012345679,-75.16384143209875
14850.000000277721,40,122,0.24691358024691357,-79.11983308641975
14860.00000027794,35,127,0.21604938271604937,-69.22985395061728
14870.000000278158,36,126,0.2222222222222222,-71.20784977777777
14880.000000278376,39,123,0.24074074074074073,-77.14183725925926
14890.000000278595,36,126,0.2222222222222222,-71.20784977777777
14900.000000278813,35,127,0.21604938271604937,-69.22985395061728
14910.000000279031,41,121,0.25308641975308643,-81.09782891358024
14920.00000027925,43,119,0.2654320987654321,-85.05382056790124
14930.000000279468,40,122,0.24691358024691357,-79.11983308641975
14940.000000279686,40,122,0.24691358024691357,-79.11983308641975
14950.000000279904,39,123,0.24074074074074073,-77.14183725925926
14960.000000280123,42,120,0.25925925925925924,-83.07582474074073
14970.00000028034,44,118,0.2716049382716049,-87.03181639506174
14980.00000028056,42,120,0.25925925925925924,-83.07582474074073
14990.000000280777,42,120,0.25925925925925924,-83.07582474074073
15000.000000280996,42,120,0.25925925925925924,-83.07582474074073
15010.000000281214,44,118,0.2716049382716049,-87.03181639506174
15020.000000281432,39,123,0.24074074074074073,-77.14183725925926
15030.00000028165,43,119,0.2654320987654321,-85.05382056790124
15040.000000281869,43,119,0.2654320987654321,-85.05382056790124
15050.000000282087,43,119,0.2654320987654321,-85.05382056790124
15060.000000282305,40,122,0.24691358024691357,-79.11983308641975
15070.000000282524,41,121,0.25308641975308643,-81.09782891358024
15080.000000282742,40,122,0.24691358024691357,-79.11983308641975
15090.00000028296,41,121,0.25308641975308643,-81.09782891358024
15100.000000283178,42,120,0.25925925925925924,-83.07582474074073
15110.000000283397,41,121,0.25308641975308643,-81.09782891358024
15120.000000283615,44,118,0.2716049382716049,-87.03181639506174
15130.000000283833,40,122,0.24691358024691357,-79.11983308641975
15140.000000284052,38,124,0.2345679012345679,-75.16384143209875
15150.00000028427,40,122,0.24691358024691357,-79.11983308641975
15160.000000284488,44,118,0.2716049382716049,-87.03181639506174
15170.000000284706,44,118,0.2716049382716049,-87.03181639506174
15180.000000284925,41,121,0.25308641975308643,-81.09782891358024
15190.000000285143,43,119,0.2654320987654321,-85.05382056790124
15200.000000285361,43,119,0.2654320987654321,-85.05382056790124
15210.00000028558,40,122,0.24691358024691357,-79.11983308641975
15220.000000285798,42,120,0.25925925925925924,-83.07582474074073
15230.000000286016,45,117,0.2777777777777778,-89.00981222222221
15240.000000286234,43,119,0.2654320987654321,-85.05382056790124
15250.000000286453,40,122,0.24691358024691357,-79.11983308641975
15260.000000286671,45,117,0.2777777777777778,-89.00981222222221
15270.00000028689,47,115,0.29012345679012347,-92.9658038765432
15280.000000287107,45,117,0.2777777777777778,-89.00981222222221
15290.000000287326,50,112,0.30864197530864196,-98.89979135802469
15300.000000287544,44,118,0.2716049382716049,-87.03181639506174
15310.000000287762,46,116,0.2839506172839506,-90.98780804938272
15320.00000028798,47,115,0.29012345679012347,-92.9658038765432
15330.000000288199,41,121,0.25308641975308643,-81.09782891358024
15340.000000288417,46,116,0.2839506172839506,-90.98780804938272
15350.000000288635,45,117,0.2777777777777778,-89.00981222222221
15360.000000288854,41,121,0.25308641975308643,-81.09782891358024
15370.000000289072,42,120,0.25925925925925924,-83.07582474074073
15380.00000028929,39,123,0.24074074074074073,-77.14183725925926
15390.000000289509,43,119,0.2654320987654321,-85.05382056790124
15400.000000289727,42,120,0.25925925925925924,-83.07582474074073
15410.000000289945,42,120,0.25925925925925924,-83.07582474074073
15420.000000290163,42,120,0.25925925925925924,-83.07582474074073
15430.000000290382,39,123,0.24074074074074073,-77.14183725925926
15440.0000002906,45,117,0.2777777777777778,-89.00981222222221
15450.000000290818,44,118,0.2716049382716049,-87.03181639506174
15460.000000291036,41,121,0.25308641975308643,-81.09782891358024
15470.000000291255,38,124,0.2345679012345679,-75.16384143209875
15480.000000291473,43,119,0.2654320987654321,-85.05382056790124
15490.000000291691,40,122,0.24691358024691357,-79.11983308641975
15500.00000029191,41,121,0.25308641975308643,-81.09782891358024
15510.000000292128,39,123,0.24074074074074073,-77.14183725925926
15520.000000292346,43,119,0.2654320987654321,-85.05382056790124
15530.000000292564,43,119,0.2654320987654321,-85.05382056790124
15540.000000292783,42,120,0.25925925925925924,-83.07582474074073
15550.000000293001,42,120,0.25925925925925924,-83.07582474074073
15560.00000029322,45,117,0.2777777777777778,-89.00981222222221
15570.000000293438,44,118,0.2716049382716049,-87.03181639506174
15580.000000293656,40,122,0.24691358024691357,-79.11983308641975
15590.000000293874,41,121,0.25308641975308643,-81.09782891358024
15600.000000294092,39,123,0.24074074074074073,-77.14183725925926
15610.00000029431,39,123,0.24074074074074073,-77.14183725925926
15620.000000294529,38,124,0.2345679012345679,-75.16384143209875
15630.000000294747,41,121,0.25308641975308643,-81.09782891358024
15640.000000294966,39,123,0.24074074074074073,-77.14183725925926
15650.000000295184,40,122,0.24691358024691357,-79.11983308641975
15660.000000295402,38,124,0.2345679012345679,-75.16384143209875
15670.00000029562,36,126,0.2222222222222222,-71.20784977777777
15680.000000295839,36,126,0.2222222222222222,-71.20784977777777
15690.000000296057,42,120,0.25925925925925924,-83.07582474074073
15700.000000296275,40,122,0.24691358024691357,-79.11983308641975
15710.000000296493,37,125,0.22839506172839505,-73.18584560493828
15720.000000296712,38,124,0.2345679012345679,-75.16384143209875
15730.00000029693,38,124,0.2345679012345679,-75.16384143209875
15740.000000297148,37,125,0.22839506172839505,-73.18584560493828
15750.000000297367,35,127,0.21604938271604937,-69.22985395061728
15760.000000297585,36,126,0.2222222222222222,-71.20784977777777
15770.000000297803,36,126,0.2222222222222222,-71.20784977777777
15780.000000298021,37,125,0.22839506172839505,-73.18584560493828
15790.00000029824,36,126,0.2222222222222222,-71.20784977777777
15800.000000298458,35,127,0.21604938271604937,-69.22985395061728
15810.000000298676,38,124,0.2345679012345679,-75.16384143209875
15820.000000298895,36,126,0.2222222222222222,-71.20784977777777
15830.000000299113,37,125,0.22839506172839505,-73.18584560493828
15840.000000299331,36,126,0.2222222222222222,-71.20784977777777
15850.00000029955,41,121,0.25308641975308643,-81.09782891358024
15860.000000299768,37,125,0.22839506172839505,-73.18584560493828
15870.000000299986,39,123,0.24074074074074073,-77.14183725925926
15880.000000300204,40,122,0.24691358024691357,-79.11983308641975
15890.000000300422,40,122,0.24691358024691357,-79.11983308641975
15900.00000030064,40,122,0.24691358024691357,-79.11983308641975
15910.000000300859,40,122,0.24691358024691357,-79.11983308641975
15920.000000301077,39,123,0.24074074074074073,-77.14183725925926
15930.000000301296,40,122,0.24691358024691357,-79.11983308641975
15940.000000301514,39,123,0.24074074074074073,-77.14183725925926
15950.000000301732,39,123,0.24074074074074073,-77.14183725925926
15960.00000030195,39,123,0.24074074074074073,-77.14183725925926
15970.000000302169,38,124,0.2345679012345679,-75.16384143209875
15980.000000302387,39,123,0.24074074074074073,-77.14183725925926
15990.000000302605,37,125,0.22839506172839505,-73.18584560493828
16000.000000302824,37,125,0.22839506172839505,-73.18584560493828
16010.000000303042,37,125,0.22839506172839505,-73.18584560493828
16020.00000030326,38,124,0.2345679012345679,-75.16384143209875
16030.000000303478,36,126,0.2222222222222222,-71.20784977777777
16040.000000303697,40,122,0.24691358024691357,-79.11983308641975
16050.000000303915,37,125,0.22839506172839505,-73.18584560493828
16060.000000304133,38,124,0.2345679012345679,-75.16384143209875
16070.000000304351,38,124,0.2345679012345679,-75.16384143209875
16080.00000030457,36,126,0.2222222222222222,-71.20784977777777
16090.000000304788,39,123,0.24074074074074073,-77.14183725925926
16100.000000305006,36,126,0.2222222222222222,-71.20784977777777
16110.000000305225,38,124,0.2345679012345679,-75.16384143209875
16120.000000305443,41,121,0.25308641975308643,-81.09782891358024
16130.000000305661,39,123,0.24074074074074073,-77.14183725925926
16140.00000030588,40,122,0.24691358024691357,-79.11983308641975
16150.000000306098,40,122,0.24691358024691357,-79.11983308641975
16160.000000306316,40,122,0.24691358024691357,-79.11983308641975
16170.000000306534,38,124,0.2345679012345679,-75.16384143209875
16180.000000306753,41,121,0.25308641975308643,-81.09782891358024
16190.00000030697,40,122,0.24691358024691357,-79.11983308641975
16200.00000030719,37,125,0.22839506172839505,-73.18584560493828
16210.000000307407,40,122,0.24691358024691357,-79.11983308641975
16220.000000307626,41,121,0.25308641975308643,-81.09782891358024
16230.000000307844,37,125,0.22839506172839505,-73.18584560493828
16240.000000308062,39,123,0.24074074074074073,-77.14183725925926
16250.00000030828,37,125,0.22839506172839505,-73.18584560493828
16260.000000308499,39,123,0.24074074074074073,-77.14183725925926
16270.000000308717,38,124,0.2345679012345679,-75.16384143209875
16280.000000308935,40,122,0.24691358024691357,-79.11983308641975
16290.000000309154,38,124,0.2345679012345679,-75.16384143209875
16300.000000309372,39,123,0.24074074074074073,-77.14183725925926
16310.00000030959,42,120,0.25925925925925924,-83.07582474074073
16320.000000309808,40,122,0.24691358024691357,-79.11983308641975
16330.000000310027,41,121,0.25308641975308643,-81.09782891358024
16340.000000310245,44,118,0.2716049382716049,-87.03181639506174
16350.000000310463,42,120,0.25925925925925924,-83.07582474074073
16360.000000310682,45,117,0.2777777777777778,-89.00981222222221
16370.0000003109,45,117,0.2777777777777778,-89.00981222222221
16380.000000311118,43,119,0.2654320987654321,-85.05382056790124
16390.000000310243,40,122,0.24691358024691357,-79.11983308641975
16400.000000308642,38,124,0.2345679012345679,-75.16384143209875
16410.00000030704,41,121,0.25308641975308643,-81.09782891358024
16420.00000030544,41,121,0.25308641975308643,-81.09782891358024
16430.00000030384,42,120,0.25925925925925924,-83.07582474074073
16440.00000030224,42,120,0.25925925925925924,-83.07582474074073
16450.00000030064,41,121,0.25308641975308643,-81.09782891358024
16460.00000029904,41,121,0.25308641975308643,-81.09782891358024
16470.000000297438,40,122,0.24691358024691357,-79.11983308641975
16480.000000295837,41,121,0.25308641975308643,-81.09782891358024
16490.000000294236,46,116,0.2839506172839506,-90.98780804938272
16500.000000292635,43,119,0.2654320987654321,-85.05382056790124
16510.000000291035,46,116,0.2839506172839506,-90.98780804938272
16520.000000289434,41,121,0.25308641975308643,-81.09782891358024
16530.000000287833,43,119,0.2654320987654321,-85.05382056790124
16540.000000286233,44,118,0.2716049382716049,-87.03181639506174
16550.000000284632,44,118,0.2716049382716049,-87.03181639506174
16560.00000028303,44,118,0.2716049382716049,-87.03181639506174
16570.00000028143,41,121,0.25308641975308643,-81.09782891358024
16580.00000027983,46,116,0.2839506172839506,-90.98780804938272
16590.00000027823,43,119,0.2654320987654321,-85.05382056790124
16600.00000027663,41,121,0.25308641975308643,-81.09782891358024
16610.000000275028,43,119,0.2654320987654321,-85.05382056790124
16620.000000273427,41,121,0.25308641975308643,-81.09782891358024
16630.000000271826,43,119,0.2654320987654321,-85.05382056790124
16640.000000270225,45,117,0.2777777777777778,-89.00981222222221
16650.000000268625,45,117,0.2777777777777778,-89.00981222222221
16660.000000267024,43,119,0.2654320987654321,-85.05382056790124
16670.000000265423,46,116,0.2839506172839506,-90.98780804938272
16680.000000263823,43,119,0.2654320987654321,-85.05382056790124
16690.000000262222,41,121,0.25308641975308643,-81.09782891358024
16700.00000026062,41,121,0.25308641975308643,-81.09782891358024
16710.00000025902,43,119,0.2654320987654321,-85.05382056790124
16720.00000025742,44,118,0.2716049382716049,-87.03181639506174
16730.00000025582,43,119,0.2654320987654321,-85.05382056790124
16740.00000025422,47,115,0.29012345679012347,-92.9658038765432
16750.000000252618,48,114,0.2962962962962963,-94.9437997037037
16760.000000251017,42,120,0.25925925925925924,-83.07582474074073
16770.000000249416,40,122,0.24691358024691357,-79.11983308641975
16780.000000247815,38,124,0.2345679012345679,-75.16384143209875
16790.000000246215,41,121,0.25308641975308643,-81.09782891358024
16800.000000244614,39,123,0.24074074074074073,-77.14183725925926
16810.000000243013,45,117,0.2777777777777778,-89.00981222222221
16820.000000241413,41,121,0.25308641975308643,-81.09782891358024
16830.000000239812,45,117,0.2777777777777778,-89.00981222222221
16840.00000023821,44,118,0.2716049382716049,-87.03181639506174
16850.00000023661,43,119,0.2654320987654321,-85.05382056790124
16860.00000023501,41,121,0.25308641975308643,-81.09782891358024
16870.00000023341,44,118,0.2716049382716049,-87.03181639506174
16880.00000023181,41,121,0.25308641975308643,-81.09782891358024
16890.000000230208,39,123,0.24074074074074073,-77.14183725925926
16900.000000228607,38,124,0.2345679012345679,-75.16384143209875
16910.000000227006,40,122,0.24691358024691357,-79.11983308641975
16920.000000225406,40,122,0.24691358024691357,-79.11983308641975
16930.000000223805,36,126,0.2222222222222222,-71.20784977777777
16940.000000222204,38,124,0.2345679012345679,-75.16384143209875
16950.000000220603,38,124,0.2345679012345679,-75.16384143209875
16960.000000219003,39,123,0.24074074074074073,-77.14183725925926
16970.000000217402,45,117,0.2777777777777778,-89.00981222222221
16980.0000002158,42,120,0.25925925925925924,-83.07582474074073
16990.0000002142,40,122,0.24691358024691357,-79.11983308641975
17000.0000002126,39,123,0.24074074074074073,-77.14183725925926
17010.000000211,40,122,0.24691358024691357,-79.11983308641975
17020.0000002094,40,122,0.24691358024691357,-79.11983308641975
17030.000000207798,40,122,0.24691358024691357,-79.11983308641975
17040.000000206197,39,123,0.24074074074074073,-77.14183725925926
17050.000000204596,36,126,0.2222222222222222,-71.20784977777777
17060.000000202996,37,125,0.22839506172839505,-73.18584560493828
17070.000000201395,41,121,0.25308641975308643,-81.09782891358024
17080.000000199794,41,121,0.25308641975308643,-81.09782891358024
17090.000000198193,41,121,0.25308641975308643,-81.09782891358024
17100.000000196593,42,120,0.25925925925925924,-83.07582474074073
17110.000000194992,43,119,0.2654320987654321,-85.05382056790124
17120.00000019339,40,122,0.24691358024691357,-79.11983308641975
17130.00000019179,37,125,0.22839506172839505,-73.18584560493828
17140.00000019019,42,120,0.25925925925925924,-83.07582474074073
17150.00000018859,41,121,0.25308641975308643,-81.09782891358024
17160.00000018699,39,123,0.24074074074074073,-77.14183725925926
17170.000000185388,42,120,0.25925925925925924,-83.07582474074073
17180.000000183787,39,123,0.24074074074074073,-77.14183725925926
17190.000000182186,40,122,0.24691358024691357,-79.11983308641975
17200.000000180586,39,123,0.24074074074074073,-77.14183725925926
17210.000000178985,38,124,0.2345679012345679,-75.16384143209875
17220.000000177384,40,122,0.24691358024691357,-79.11983308641975
17230.000000175783,40,122,0.24691358024691357,-79.11983308641975
17240.000000174183,44,118,0.2716049382716049,-87.03181639506174
17250.000000172582,46,116,0.2839506172839506,-90.98780804938272
17260.00000017098,40,122,0.24691358024691357,-79.11983308641975
17270.00000016938,42,120,0.25925925925925924,-83.07582474074073
17280.00000016778,45,117,0.2777777777777778,-89.00981222222221
17290.00000016618,41,121,0.25308641975308643,-81.09782891358024
17300.00000016458,41,121,0.25308641975308643,-81.09782891358024
17310.000000162978,40,122,0.24691358024691357,-79.11983308641975
17320.000000161377,46,116,0.2839506172839506,-90.98780804938272
17330.000000159776,43,119,0.2654320987654321,-85.05382056790124
17340.000000158176,45,117,0.2777777777777778,-89.00981222222221
17350.000000156575,44,118,0.2716049382716049,-87.03181639506174
17360.000000154974,45,117,0.2777777777777778,-89.00981222222221
17370.000000153374,44,118,0.2716049382716049,-87.03181639506174
17380.000000151773,43,119,0.2654320987654321,-85.05382056790124
17390.000000150172,46,116,0.2839506172839506,-90.98780804938272
17400.00000014857,45,117,0.2777777777777778,-89.00981222222221
17410.00000014697,46,116,0.2839506172839506,-90.98780804938272
17420.00000014537,46,116,0.2839506172839506,-90.98780804938272
17430.00000014377,46,116,0.2839506172839506,-90.98780804938272
17440.00000014217,43,119,0.2654320987654321,-85.05382056790124
17450.000000140568,43,119,0.2654320987654321,-85.05382056790124
17460.000000138967,44,118,0.2716049382716049,-87.03181639506174
17470.000000137366,43,119,0.2654320987654321,-85.05382056790124
17480.000000135766,42,120,0.25925925925925924,-83.07582474074073
17490.000000134165,45,117,0.2777777777777778,-89.00981222222221
17500.000000132564,44,118,0.2716049382716049,-87.03181639506174
17510.000000130964,43,119,0.2654320987654321,-85.05382056790124
17520.000000129363,45,117,0.2777777777777778,-89.00981222222221
17530.000000127762,42,120,0.25925925925925924,-83.07582474074073
17540.00000012616,45,117,0.2777777777777778,-89.00981222222221
17550.00000012456,42,120,0.25925925925925924,-83.07582474074073
17560.00000012296,42,120,0.25925925925925924,-83.07582474074073
17570.00000012136,44,118,0.2716049382716049,-87.03181639506174
17580.00000011976,42,120,0.25925925925925924,-83.07582474074073
17590.000000118158,39,123,0.24074074074074073,-77.14183725925926
17600.000000116557,40,122,0.24691358024691357,-79.11983308641975
17610.000000114956,44,118,0.2716049382716049,-87.03181639506174
17620.000000113356,39,123,0.24074074074074073,-77.14183725925926
17630.000000111755,39,123,0.24074074074074073,-77.14183725925926
17640.000000110154,40,122,0.24691358024691357,-79.11983308641975
17650.000000108554,40,122,0.24691358024691357,-79.11983308641975
17660.000000106953,38,124,0.2345679012345679,-75.16384143209875
17670.000000105352,42,120,0.25925925925925924,-83.07582474074073
17680.00000010375,40,122,0.24691358024691357,-79.11983308641975
17690.00000010215,43,119,0.2654320987654321,-85.05382056790124
17700.00000010055,37,125,0.22839506172839505,-73.18584560493828
17710.00000009895,38,124,0.2345679012345679,-75.16384143209875
17720.00000009735,38,124,0.2345679012345679,-75.16384143209875
17730.000000095748,42,120,0.25925925925925924,-83.07582474074073
17740.000000094147,38,124,0.2345679012345679,-75.16384143209875
17750.000000092547,39,123,0.24074074074074073,-77.14183725925926
17760.000000090946,36,126,0.2222222222222222,-71.20784977777777
17770.000000089345,35,127,0.21604938271604937,-69.22985395061728
17780.000000087744,40,122,0.24691358024691357,-79.11983308641975
17790.000000086144,36,126,0.2222222222222222,-71.20784977777777
17800.000000084543,39,123,0.24074074074074073,-77.14183725925926
17810.000000082942,39,123,0.24074074074074073,-77.14183725925926
17820.00000008134,40,122,0.24691358024691357,-79.11983308641975
17830.00000007974,38,124,0.2345679012345679,-75.16384143209875
17840.00000007814,41,121,0.25308641975308643,-81.09782891358024
17850.00000007654,38,124,0.2345679012345679,-75.16384143209875
17860.00000007494,43,119,0.2654320987654321,-85.05382056790124
17870.000000073338,40,122,0.24691358024691357,-79.11983308641975
17880.000000071737,40,122,0.24691358024691357,-79.11983308641975
17890.000000070137,39,123,0.24074074074074073,-77.14183725925926
17900.000000068536,37,125,0.22839506172839505,-73.18584560493828
17910.000000066935,40,122,0.24691358024691357,-79.11983308641975
17920.000000065334,42,120,0.25925925925925924,-83.07582474074073
17930.000000063734,42,120,0.25925925925925924,-83.07582474074073
17940.000000062133,41,121,0.25308641975308643,-81.09782891358024
17950.000000060532,42,120,0.25925925925925924,-83.07582474074073
17960.00000005893,40,122,0.24691358024691357,-79.11983308641975
17970.00000005733,43,119,0.2654320987654321,-85.05382056790124
17980.00000005573,42,120,0.25925925925925924,-83.07582474074073
17990.00000005413,39,123,0.24074074074074073,-77.14183725925926
18000.00000005253,39,123,0.24074074074074073,-77.14183725925926
18010.000000050928,37,125,0.22839506172839505,-73.18584560493828
18020.000000049327,42,120,0.25925925925925924,-83.07582474074073
18030.000000047727,44,118,0.2716049382716049,-87.03181639506174
18040.000000046126,39,123,0.24074074074074073,-77.14183725925926
18050.000000044525,41,121,0.25308641975308643,-81.09782891358024
18060.000000042925,44,118,0.2716049382716049,-87.03181639506174
18070.000000041324,39,123,0.24074074074074073,-77.14183725925926
18080.000000039723,38,124,0.2345679012345679,-75.16384143209875
18090.000000038122,40,122,0.24691358024691357,-79.11983308641975
18100.00000003652,36,126,0.2222222222222222,-71.20784977777777
18110.00000003492,40,122,0.24691358024691357,-79.11983308641975
18120.00000003332,36,126,0.2222222222222222,-71.20784977777777
18130.00000003172,41,121,0.25308641975308643,-81.09782891358024
18140.00000003012,37,125,0.22839506172839505,-73.18584560493828
18150.000000028518,41,121,0.25308641975308643,-81.09782891358024
18160.000000026917,37,125,0.22839506172839505,-73.18584560493828
18170.000000025317,37,125,0.22839506172839505,-73.18584560493828
18180.000000023716,39,123,0.24074074074074073,-77.14183725925926
18190.000000022115,41,121,0.25308641975308643,-81.09782891358024
18200.000000020515,39,123,0.24074074074074073,-77.14183725925926
18210.000000018914,38,124,0.2345679012345679,-75.16384143209875
18220.000000017313,42,120,0.25925925925925924,-83.07582474074073
18230.000000015712,39,123,0.24074074074074073,-77.14183725925926
18240.00000001411,36,126,0.2222222222222222,-71.20784977777777
18250.00000001251,38,124,0.2345679012345679,-75.16384143209875
18260.00000001091,40,122,0.24691358024691357,-79.11983308641975
18270.00000000931,41,121,0.25308641975308643,-81.09782891358024
18280.00000000771,42,120,0.25925925925925924,-83.07582474074073
18290.000000006108,42,120,0.25925925925925924,-83.07582474074073
18300.000000004507,41,121,0.25308641975308643,-81.09782891358024
18310.000000002907,41,121,0.25308641975308643,-81.09782891358024
18320.000000001306,41,121,0.25308641975308643,-81.09782891358024
18329.999999999705,41,121,0.25308641975308643,-81.09782891358024
18339.999999998105,43,119,0.2654320987654321,-85.05382056790124
18349.999999996504,42,120,0.25925925925925924,-83.07582474074073
18359.999999994903,42,120,0.25925925925925924,-83.07582474074073
18369.999999993302,41,121,0.25308641975308643,-81.09782891358024
18379.9999999917,44,118,0.2716049382716049,-87.03181639506174
18389.9999999901,43,119,0.2654320987654321,-85.05382056790124
18399.9999999885,42,120,0.25925925925925924,-83.07582474074073
18409.9999999869,43,119,0.2654320987654321,-85.05382056790124
18419.9999999853,43,119,0.2654320987654321,-85.05382056790124
18429.9999999837,42,120,0.25925925925925924,-83.07582474074073
18439.999999982098,38,124,0.2345679012345679,-75.16384143209875
18449.999999980497,42,120,0.25925925925925924,-83.07582474074073
18459.999999978896,41,121,0.25308641975308643,-81.09782891358024
18469.999999977295,41,121,0.25308641975308643,-81.09782891358024
18479.999999975695,40,122,0.24691358024691357,-79.11983308641975
18489.999999974094,39,123,0.24074074074074073,-77.14183725925926
18499.999999972493,41,121,0.25308641975308643,-81.09782891358024
18509.999999970893,39,123,0.24074074074074073,-77.14183725925926
18519.999999969292,36,126,0.2222222222222222,-71.20784977777777
18529.99999996769,38,124,0.2345679012345679,-75.16384143209875
18539.99999996609,43,119,0.2654320987654321,-85.05382056790124
18549.99999996449,41,121,0.25308641975308643,-81.09782891358024
18559.99999996289,39,123,0.24074074074074073,-77.14183725925926
18569.99999996129,40,122,0.24691358024691357,-79.11983308641975
18579.999999959688,39,123,0.24074074074074073,-77.14183725925926
18589.999999958087,39,123,0.24074074074074073,-77.14183725925926
18599.999999956486,36,126,0.2222222222222222,-71.20784977777777
18609.999999954885,35,127,0.21604938271604937,-69.22985395061728
18619.999999953285,36,126,0.2222222222222222,-71.20784977777777
18629.999999951684,32,130,0.19753086419753085,-63.295866469135795
18639.999999950083,35,127,0.21604938271604937,-69.22985395061728
18649.999999948483,35,127,0.21604938271604937,-69.22985395061728
18659.999999946882,35,127,0.21604938271604937,-69.22985395061728
18669.99999994528,38,124,0.2345679012345679,-75.16384143209875
18679.99999994368,39,123,0.24074074074074073,-77.14183725925926
18689.99999994208,43,119,0.2654320987654321,-85.05382056790124
18699.99999994048,43,119,0.2654320987654321,-85.05382056790124
18709.99999993888,40,122,0.24691358024691357,-79.11983308641975
18719.999999937278,37,125,0.22839506172839505,-73.18584560493828
18729.999999935677,40,122,0.24691358024691357,-79.11983308641975
18739.999999934076,39,123,0.24074074074074073,-77.14183725925926
18749.999999932475,39,123,0.24074074074074073,-77.14183725925926
18759.999999930875,43,119,0.2654320987654321,-85.05382056790124
18769.999999929274,42,120,0.25925925925925924,-83.07582474074073
18779.999999927673,38,124,0.2345679012345679,-75.16384143209875
18789.999999926073,39,123,0.24074074074074073,-77.14183725925926
18799.999999924472,38,124,0.2345679012345679,-75.16384143209875
18809.99999992287,33,129,0.2037037037037037,-65.2738622962963
18819.99999992127,37,125,0.22839506172839505,-73.18584560493828
18829.99999991967,36,126,0.2222222222222222,-71.20784977777777
18839.99999991807,36,126,0.2222222222222222,-71.20784977777777
18849.99999991647,36,126,0.2222222222222222,-71.20784977777777
18859.999999914868,39,123,0.24074074074074073,-77.14183725925926
18869.999999913267,36,126,0.2222222222222222,-71.20784977777777
18879.999999911666,40,122,0.24691358024691357,-79.11983308641975
18889.999999910066,40,122,0.24691358024691357,-79.11983308641975
18899.999999908465,38,124,0.2345679012345679,-75.16384143209875
18909.999999906864,40,122,0.24691358024691357,-79.11983308641975
18919.999999905263,43,119,0.2654320987654321,-85.05382056790124
18929.999999903663,38,124,0.2345679012345679,-75.16384143209875
18939.999999902062,41,121,0.25308641975308643,-81.09782891358024
18949.99999990046,37,125,0.22839506172839505,-73.18584560493828
18959.99999989886,39,123,0.24074074074074073,-77.14183725925926
18969.99999989726,43,119,0.2654320987654321,-85.05382056790124
18979.99999989566,39,123,0.24074074074074073,-77.14183725925926
18989.99999989406,38,124,0.2345679012345679,-75.16384143209875
18999.999999892458,41,121,0.25308641975308643,-81.09782891358024
19009.999999890857,43,119,0.2654320987654321,-85.05382056790124
19019.999999889256,38,124,0.2345679012345679,-75.16384143209875
19029.999999887656,41,121,0.25308641975308643,-81.09782891358024
19039.999999886055,39,123,0.24074074074074073,-77.14183725925926
19049.999999884454,40,122,0.24691358024691357,-79.11983308641975
19059.999999882853,41,121,0.25308641975308643,-81.09782891358024
19069.999999881253,41,121,0.25308641975308643,-81.09782891358024
19079.999999879652,42,120,0.25925925925925924,-83.07582474074073
19089.99999987805,44,118,0.2716049382716049,-87.03181639506174
19099.99999987645,43,119,0.2654320987654321,-85.05382056790124
19109.99999987485,41,121,0.25308641975308643,-81.09782891358024
19119.99999987325,41,121,0.25308641975308643,-81.09782891358024
19129.99999987165,41,121,0.25308641975308643,-81.09782891358024
19139.999999870048,41,121,0.25308641975308643,-81.09782891358024
19149.999999868447,47,115,0.29012345679012347,-92.9658038765432
19159.999999866846,41,121,0.25308641975308643,-81.09782891358024
19169.999999865246,43,119,0.2654320987654321,-85.05382056790124
19179.999999863645,44,118,0.2716049382716049,-87.03181639506174
19189.999999862044,44,118,0.2716049382716049,-87.03181639506174
19199.999999860443,42,120,0.25925925925925924,-83.07582474074073
19209.999999858843,42,120,0.25925925925925924,-83.07582474074073
19219.999999857242,48,114,0.2962962962962963,-94.9437997037037
19229.99999985564,43,119,0.2654320987654321,-85.05382056790124
19239.99999985404,44,118,0.2716049382716049,-87.03181639506174
19249.99999985244,40,122,0.24691358024691357,-79.11983308641975
19259.99999985084,42,120,0.25925925925925924,-83.07582474074073
19269.99999984924,42,120,0.25925925925925924,-83.07582474074073
19279.999999847638,44,118,0.2716049382716049,-87.03181639506174
19289.999999846037,42,120,0.25925925925925924,-83.07582474074073
19299.999999844436,43,119,0.2654320987654321,-85.05382056790124
19309.999999842836,42,120,0.25925925925925924,-83.07582474074073
19319.999999841235,38,124,0.2345679012345679,-75.16384143209875
19329.999999839634,43,119,0.2654320987654321,-85.05382056790124
19339.999999838034,42,120,0.25925925925925924,-83.07582474074073
19349.999999836433,43,119,0.2654320987654321,-85.05382056790124
19359.999999834832,45,117,0.2777777777777778,-89.00981222222221
19369.99999983323,41,121,0.25308641975308643,-81.09782891358024
19379.99999983163,40,122,0.24691358024691357,-79.11983308641975
19389.99999983003,38,124,0.2345679012345679,-75.16384143209875
19399.99999982843,42,120,0.25925925925925924,-83.07582474074073
19409.99999982683,37,125,0.22839506172839505,-73.18584560493828
19419.999999825228,45,117,0.2777777777777778,-89.00981222222221
19429.999999823627,42,120,0.25925925925925924,-83.07582474074073
19439.999999822026,42,120,0.25925925925925924,-83.07582474074073
19449.999999820426,45,117,0.2777777777777778,-89.00981222222221
19459.999999818825,42,120,0.25925925925925924,-83.07582474074073
19469.999999817224,42,120,0.25925925925925924,-83.07582474074073
19479.999999815624,43,119,0.2654320987654321,-85.05382056790124
19489.999999814023,43,119,0.2654320987654321,-85.05382056790124
19499.999999812422,43,119,0.2654320987654321,-85.05382056790124
19509.99999981082,45,117,0.2777777777777778,-89.00981222222221
19519.99999980922,44,118,0.2716049382716049,-87.03181639506174
19529.99999980762,44,118,0.2716049382716049,-87.03181639506174
19539.99999980602,44,118,0.2716049382716049,-87.03181639506174
19549.99999980442,50,112,0.30864197530864196,-98.89979135802469
19559.999999802818,44,118,0.2716049382716049,-87.03181639506174
19569.999999801217,46,116,0.2839506172839506,-90.98780804938272
19579.999999799616,42,120,0.25925925925925924,-83.07582474074073
19589.999999798016,41,121,0.25308641975308643,-81.09782891358024
19599.999999796415,41,121,0.25308641975308643,-81.09782891358024
19609.999999794814,39,123,0.24074074074074073,-77.14183725925926
19619.999999793214,39,123,0.24074074074074073,-77.14183725925926
19629.999999791613,40,122,0.24691358024691357,-79.11983308641975
19639.999999790012,41,121,0.25308641975308643,-81.09782891358024
19649.99999978841,37,125,0.22839506172839505,-73.18584560493828
19659.99999978681,36,126,0.2222222222222222,-71.20784977777777
19669.99999978521,39,123,0.24074074074074073,-77.14183725925926
19679.99999978361,42,120,0.25925925925925924,-83.07582474074073
19689.99999978201,36,126,0.2222222222222222,-71.20784977777777
19699.999999780408,37,125,0.22839506172839505,-73.18584560493828
19709.999999778807,36,126,0.2222222222222222,-71.20784977777777
19719.999999777207,35,127,0.21604938271604937,-69.22985395061728
19729.999999775606,36,126,0.2222222222222222,-71.20784977777777
19739.999999774005,37,125,0.22839506172839505,-73.18584560493828
19749.999999772404,42,120,0.25925925925925924,-83.07582474074073
19759.999999770804,37,125,0.22839506172839505,-73.18584560493828
19769.999999769203,35,127,0.21604938271604937,-69.22985395061728
19779.999999767602,38,124,0.2345679012345679,-75.16384143209875
19789.999999766,34,128,0.20987654320987653,-67.25185812345678
19799.9999997644,36,126,0.2222222222222222,-71.20784977777777
19809.9999997628,38,124,0.2345679012345679,-75.16384143209875
19819.9999997612,38,124,0.2345679012345679,-75.16384143209875
19829.9999997596,40,122,0.24691358024691357,-79.11983308641975
19839.999999757998,37,125,0.22839506172839505,-73.18584560493828
19849.999999756397,40,122,0.24691358024691357,-79.11983308641975
19859.999999754797,40,122,0.24691358024691357,-79.11983308641975
19869.999999753196,43,119,0.2654320987654321,-85.05382056790124
19879.999999751595,43,119,0.2654320987654321,-85.05382056790124
19889.999999749994,45,117,0.2777777777777778,-89.00981222222221
19899.999999748394,43,119,0.2654320987654321,-85.05382056790124
19909.999999746793,43,119,0.2654320987654321,-85.05382056790124
19919.999999745192,43,119,0.2654320987654321,-85.05382056790124
19929.99999974359,41,121,0.25308641975308643,-81.09782891358024
19939.99999974199,42,120,0.25925925925925924,-83.07582474074073
19949.99999974039,43,119,0.2654320987654321,-85.05382056790124
19959.99999973879,40,122,0.24691358024691357,-79.11983308641975
19969.99999973719,41,121,0.25308641975308643,-81.09782891358024
19979.999999735588,41,121,0.25308641975308643,-81.09782891358024
19989.999999733987,41,121,0.25308641975308643,-81.09782891358024
19999.999999732387,40,122,0.24691358024691357,-79.11983308641975
20009.999999730786,39,123,0.24074074074074073,-77.14183725925926
20019.999999729185,40,122,0.24691358024691357,-79.11983308641975
20029.999999727585,35,127,0.21604938271604937,-69.22985395061728
20039.999999725984,39,123,0.24074074074074073,-77.14183725925926
20049.999999724383,36,126,0.2222222222222222,-71.20784977777777
20059.999999722782,39,123,0.24074074074074073,-77.14183725925926
20069.99999972118,38,124,0.2345679012345679,-75.16384143209875
20079.99999971958,40,122,0.24691358024691357,-79.11983308641975
20089.99999971798,39,123,0.24074074074074073,-77.14183725925926
20099.99999971638,38,124,0.2345679012345679,-75.16384143209875
20109.99999971478,40,122,0.24691358024691357,-79.11983308641975
20119.999999713178,42,120,0.25925925925925924,-83.07582474074073
20129.999999711577,38,124,0.2345679012345679,-75.16384143209875
20139.999999709977,38,124,0.2345679012345679,-75.16384143209875
20149.999999708376,46,116,0.2839506172839506,-90.98780804938272
20159.999999706775,43,119,0.2654320987654321,-85.05382056790124
20169.999999705175,46,116,0.2839506172839506,-90.98780804938272
20179.999999703574,43,119,0.2654320987654321,-85.05382056790124
20189.999999701973,44,118,0.2716049382716049,-87.03181639506174
20199.999999700372,39,123,0.24074074074074073,-77.14183725925926
20209.99999969877,41,121,0.25308641975308643,-81.09782891358024
20219.99999969717,41,121,0.25308641975308643,-81.09782891358024
20229.99999969557,40,122,0.24691358024691357,-79.11983308641975
20239.99999969397,42,120,0.25925925925925924,-83.07582474074073
20249.99999969237,41,121,0.25308641975308643,-81.09782891358024
20259.999999690768,37,125,0.22839506172839505,-73.18584560493828
20269.999999689167,41,121,0.25308641975308643,-81.09782891358024
20279.999999687567,43,119,0.2654320987654321,-85.05382056790124
20289.999999685966,41,121,0.25308641975308643,-81.09782891358024
20299.999999684365,41,121,0.25308641975308643,-81.09782891358024
20309.999999682765,41,121,0.25308641975308643,-81.09782891358024
20319.999999681164,38,124,0.2345679012345679,-75.16384143209875
20329.999999679563,40,122,0.24691358024691357,-79.11983308641975
20339.999999677962,38,124,0.2345679012345679,-75.16384143209875
20349.99999967636,39,123,0.24074074074074073,-77.14183725925926
20359.99999967476,40,122,0.24691358024691357,-79.11983308641975
20369.99999967316,39,123,0.24074074074074073,-77.14183725925926
20379.99999967156,34,128,0.20987654320987653,-67.25185812345678
20389.99999966996,36,126,0.2222222222222222,-71.20784977777777
20399.99999966836,41,121,0.25308641975308643,-81.09782891358024
20409.999999666758,41,121,0.25308641975308643,-81.09782891358024
20419.999999665157,40,122,0.24691358024691357,-79.11983308641975
20429.999999663556,37,125,0.22839506172839505,-73.18584560493828
20439.999999661955,39,123,0.24074074074074073,-77.14183725925926
20449.999999660355,42,120,0.25925925925925924,-83.07582474074073
20459.999999658754,38,124,0.2345679012345679,-75.16384143209875
20469.999999657153,38,124,0.2345679012345679,-75.16384143209875
20479.999999655553,39,123,0.24074074074074073,-77.14183725925926
20489.99999965395,39,123,0.24074074074074073,-77.14183725925926
20499.99999965235,42,120,0.25925925925925924,-83.07582474074073
20509.99999965075,39,123,0.24074074074074073,-77.14183725925926
20519.99999964915,39,123,0.24074074074074073,-77.14183725925926
20529.99999964755,40,122,0.24691358024691357,-79.11983308641975
20539.99999964595,38,124,0.2345679012345679,-75.16384143209875
20549.999999644348,40,122,0.24691358024691357,-79.11983308641975
20559.999999642747,40,122,0.24691358024691357,-79.11983308641975
20569.999999641146,42,120,0.25925925925925924,-83.07582474074073
20579.999999639545,38,124,0.2345679012345679,-75.16384143209875
20589.999999637945,39,123,0.24074074074074073,-77.14183725925926
20599.999999636344,40,122,0.24691358024691357,-79.11983308641975
20609.999999634743,40,122,0.24691358024691357,-79.11983308641975
20619.999999633143,38,124,0.2345679012345679,-75.16384143209875
20629.999999631542,39,123,0.24074074074074073,-77.14183725925926
20639.99999962994,42,120,0.25925925925925924,-83.07582474074073
20649.99999962834,40,122,0.24691358024691357,-79.11983308641975
20659.99999962674,42,120,0.25925925925925924,-83.07582474074073
20669.99999962514,39,123,0.24074074074074073,-77.14183725925926
20679.99999962354,39,123,0.24074074074074073,-77.14183725925926
20689.999999621938,41,121,0.25308641975308643,-81.09782891358024
20699.999999620337,38,124,0.2345679012345679,-75.16384143209875
20709.999999618736,42,120,0.25925925925925924,-83.07582474074073
20719.999999617135,39,123,0.24074074074074073,-77.14183725925926
20729.999999615535,40,122,0.24691358024691357,-79.11983308641975
20739.999999613934,45,117,0.2777777777777778,-89.00981222222221
20749.999999612333,43,119,0.2654320987654321,-85.05382056790124
20759.999999610733,42,120,0.25925925925925924,-83.07582474074073
20769.999999609132,44,118,0.2716049382716049,-87.03181639506174
20779.99999960753,43,119,0.2654320987654321,-85.05382056790124
20789.99999960593,44,118,0.2716049382716049,-87.03181639506174
20799.99999960433,42,120,0.25925925925925924,-83.07582474074073
20809.99999960273,46,116,0.2839506172839506,-90.98780804938272
20819.99999960113,40,122,0.24691358024691357,-79.11983308641975
20829.999999599528,43,119,0.2654320987654321,-85.05382056790124
20839.999999597927,46,116,0.2839506172839506,-90.98780804938272
20849.999999596326,48,114,0.2962962962962963,-94.9437997037037
20859.999999594726,43,119,0.2654320987654321,-85.05382056790124
20869.999999593125,43,119,0.2654320987654321,-85.05382056790124
20879.999999591524,46,116,0.2839506172839506,-90.98780804938272
20889.999999589923,40,122,0.24691358024691357,-79.11983308641975
20899.999999588323,47,115,0.29012345679012347,-92.9658038765432
20909.999999586722,43,119,0.2654320987654321,-85.05382056790124
20919.99999958512,41,121,0.25308641975308643,-81.09782891358024
20929.99999958352,42,120,0.25925925925925924,-83.07582474074073
20939.99999958192,42,120,0.25925925925925924,-83.07582474074073
20949.99999958032,42,120,0.25925925925925924,-83.07582474074073
20959.99999957872,45,117,0.2777777777777778,-89.00981222222221
20969.999999577118,43,119,0.2654320987654321,-85.05382056790124
20979.999999575517,42,120,0.25925925925925924,-83.07582474074073
20989.999999573916,42,120,0.25925925925925924,-83.07582474074073
20999.999999572316,41,121,0.25308641975308643,-81.09782891358024
21009.999999570715,45,117,0.2777777777777778,-89.00981222222221
21019.999999569114,41,121,0.25308641975308643,-81.09782891358024
21029.999999567513,41,121,0.25308641975308643,-81.09782891358024
21039.999999565913,39,123,0.24074074074074073,-77.14183725925926
21049.999999564312,43,119,0.2654320987654321,-85.05382056790124
21059.99999956271,40,122,0.24691358024691357,-79.11983308641975
21069.99999956111,42,120,0.25925925925925924,-83.07582474074073
21079.99999955951,41,121,0.25308641975308643,-81.09782891358024
21089.99999955791,42,120,0.25925925925925924,-83.07582474074073
21099.99999955631,40,122,0.24691358024691357,-79.11983308641975
21109.999999554708,42,120,0.25925925925925924,-83.07582474074073
21119.999999553107,40,122,0.24691358024691357,-79.11983308641975
21129.999999551506,40,122,0.24691358024691357,-79.11983308641975
21139.999999549906,42,120,0.25925925925925924,-83.07582474074073
21149.999999548305,42,120,0.25925925925925924,-83.07582474074073
21159.999999546704,38,124,0.2345679012345679,-75.16384143209875
21169.999999545103,44,118,0.2716049382716049,-87.03181639506174
21179.999999543503,38,124,0.2345679012345679,-75.16384143209875
21189.999999541902,41,121,0.25308641975308643,-81.09782891358024
21199.9999995403,42,120,0.25925925925925924,-83.07582474074073
21209.9999995387,42,120,0.25925925925925924,-83.07582474074073
21219.9999995371,40,122,0.24691358024691357,-79.11983308641975
21229.9999995355,40,122,0.24691358024691357,-79.11983308641975
21239.9999995339,42,120,0.25925925925925924,-83.07582474074073
21249.999999532298,38,124,0.2345679012345679,-75.16384143209875
21259.999999530697,41,121,0.25308641975308643,-81.09782891358024
21269.999999529096,42,120,0.25925925925925924,-83.07582474074073
21279.999999527496,42,120,0.25925925925925924,-83.07582474074073
21289.999999525895,40,122,0.24691358024691357,-79.11983308641975
21299.999999524294,41,121,0.25308641975308643,-81.09782891358024
21309.999999522694,39,123,0.24074074074074073,-77.14183725925926
21319.999999521093,40,122,0.24691358024691357,-79.11983308641975
21329.999999519492,42,120,0.25925925925925924,-83.07582474074073
21339.99999951789,37,125,0.22839506172839505,-73.18584560493828
21349.99999951629,42,120,0.25925925925925924,-83.07582474074073
21359.99999951469,44,118,0.2716049382716049,-87.03181639506174
21369.99999951309,41,121,0.25308641975308643,-81.09782891358024
21379.99999951149,40,122,0.24691358024691357,-79.11983308641975
21389.999999509888,39,123,0.24074074074074073,-77.14183725925926
21399.999999508287,40,122,0.24691358024691357,-79.11983308641975
21409.999999506686,39,123,0.24074074074074073,-77.14183725925926
21419.999999505086,36,126,0.2222222222222222,-71.20784977777777
21429.999999503485,37,125,0.22839506172839505,-73.18584560493828
21439.999999501884,38,124,0.2345679012345679,-75.16384143209875
21449.999999500284,42,120,0.25925925925925924,-83.07582474074073
21459.999999498683,41,121,0.25308641975308643,-81.09782891358024
21469.999999497082,39,123,0.24074074074074073,-77.14183725925926
21479.99999949548,37,125,0.22839506172839505,-73.18584560493828
21489.99999949388,43,119,0.2654320987654321,-85.05382056790124
21499.99999949228,41,121,0.25308641975308643,-81.09782891358024
21509.99999949068,38,124,0.2345679012345679,-75.16384143209875
21519.99999948908,40,122,0.24691358024691357,-79.11983308641975
21529.999999487478,43,119,0.2654320987654321,-85.05382056790124
21539.999999485877,41,121,0.25308641975308643,-81.09782891358024
21549.999999484276,39,123,0.24074074074074073,-77.14183725925926
21559.999999482676,41,121,0.25308641975308643,-81.09782891358024
21569.999999481075,42,120,0.25925925925925924,-83.07582474074073
21579.999999479474,38,124,0.2345679012345679,-75.16384143209875
21589.999999477874,36,126,0.2222222222222222,-71.20784977777777
21599.999999476273,34,128,0.20987654320987653,-67.25185812345678
21609.999999474672,38,124,0.2345679012345679,-75.16384143209875
21619.99999947307,37,125,0.22839506172839505,-73.18584560493828
21629.99999947147,37,125,0.22839506172839505,-73.18584560493828
21639.99999946987,39,123,0.24074074074074073,-77.14183725925926
21649.99999946827,39,123,0.24074074074074073,-77.14183725925926
21659.99999946667,34,128,0.20987654320987653,-67.25185812345678
21669.999999465068,37,125,0.22839506172839505,-73.18584560493828
21679.999999463467,37,125,0.22839506172839505,-73.18584560493828
21689.999999461867,38,124,0.2345679012345679,-75.16384143209875
21699.999999460266,39,123,0.24074074074074073,-77.14183725925926
21709.999999458665,38,124,0.2345679012345679,-75.16384143209875
21719.999999457064,39,123,0.24074074074074073,-77.14183725925926
21729.999999455464,40,122,0.24691358024691357,-79.11983308641975
21739.999999453863,39,123,0.24074074074074073,-77.14183725925926
21749.999999452262,38,124,0.2345679012345679,-75.16384143209875
21759.99999945066,38,124,0.2345679012345679,-75.16384143209875
21769.99999944906,37,125,0.22839506172839505,-73.18584560493828
21779.99999944746,38,124,0.2345679012345679,-75.16384143209875
21789.99999944586,41,121,0.25308641975308643,-81.09782891358024
21799.99999944426,39,123,0.24074074074074073,-77.14183725925926
21809.999999442658,41,121,0.25308641975308643,-81.09782891358024
21819.999999441057,42,120,0.25925925925925924,-83.07582474074073
21829.999999439457,41,121,0.25308641975308643,-81.09782891358024
21839.999999437856,43,119,0.2654320987654321,-85.05382056790124
21849.999999436255,43,119,0.2654320987654321,-85.05382056790124
21859.999999434654,38,124,0.2345679012345679,-75.16384143209875
21869.999999433054,36,126,0.2222222222222222,-71.20784977777777
21879.999999431453,40,122,0.24691358024691357,-79.11983308641975
21889.999999429852,42,120,0.25925925925925924,-83.07582474074073
21899.99999942825,37,125,0.22839506172839505,-73.18584560493828
21909.99999942665,39,123,0.24074074074074073,-77.14183725925926
21919.99999942505,42,120,0.25925925925925924,-83.07582474074073
21929.99999942345,40,122,0.24691358024691357,-79.11983308641975
21939.99999942185,41,121,0.25308641975308643,-81.09782891358024
21949.999999420248,38,124,0.2345679012345679,-75.16384143209875
21959.999999418647,40,122,0.24691358024691357,-79.11983308641975
21969.999999417047,39,123,0.24074074074074073,-77.14183725925926
21979.999999415446,38,124,0.2345679012345679,-75.16384143209875
21989.999999413845,43,119,0.2654320987654321,-85.05382056790124
21999.999999412245,38,124,0.2345679012345679,-75.16384143209875
22009.999999410644,38,124,0.2345679012345679,-75.16384143209875
22019.999999409043,41,121,0.25308641975308643,-81.09782891358024
22029.999999407442,37,125,0.22839506172839505,-73.18584560493828
22039.99999940584,38,124,0.2345679012345679,-75.16384143209875
22049.99999940424,41,121,0.25308641975308643,-81.09782891358024
22059.99999940264,43,119,0.2654320987654321,-85.05382056790124
22069.99999940104,43,119,0.2654320987654321,-85.05382056790124
22079.99999939944,42,120,0.25925925925925924,-83.07582474074073
22089.999999397838,38,124,0.2345679012345679,-75.16384143209875
22099.999999396237,41,121,0.25308641975308643,-81.09782891358024
22109.999999394637,41,121,0.25308641975308643,-81.09782891358024
22119.999999393036,38,124,0.2345679012345679,-75.16384143209875
22129.999999391435,39,123,0.24074074074074073,-77.14183725925926
22139.999999389835,43,119,0.2654320987654321,-85.05382056790124
22149.999999388234,42,120,0.25925925925925924,-83.07582474074073
22159.999999386633,42,120,0.25925925925925924,-83.07582474074073
22169.999999385032,42,120,0.25925925925925924,-83.07582474074073
22179.99999938343,42,120,0.25925925925925924,-83.07582474074073
22189.99999938183,41,121,0.25308641975308643,-81.09782891358024
22199.99999938023,38,124,0.2345679012345679,-75.16384143209875
22209.99999937863,40,122,0.24691358024691357,-79.11983308641975
22219.99999937703,42,120,0.25925925925925924,-83.07582474074073
22229.999999375428,46,116,0.2839506172839506,-90.98780804938272
22239.999999373827,44,118,0.2716049382716049,-87.03181639506174
22249.999999372227,42,120,0.25925925925925924,-83.07582474074073
22259.999999370626,42,120,0.25925925925925924,-83.07582474074073
22269.999999369025,42,120,0.25925925925925924,-83.07582474074073
22279.999999367425,44,118,0.2716049382716049,-87.03181639506174
22289.999999365824,39,123,0.24074074074074073,-77.14183725925926
22299.999999364223,46,116,0.2839506172839506,-90.98780804938272
22309.999999362622,41,121,0.25308641975308643,-81.09782891358024
22319.99999936102,40,122,0.24691358024691357,-79.11983308641975
22329.99999935942,40,122,0.24691358024691357,-79.11983308641975
22339.99999935782,45,117,0.2777777777777778,-89.00981222222221
22349.99999935622,42,120,0.25925925925925924,-83.07582474074073
22359.99999935462,42,120,0.25925925925925924,-83.07582474074073
22369.99999935302,41,121,0.25308641975308643,-81.09782891358024
22379.999999351418,43,119,0.2654320987654321,-85.05382056790124
22389.999999349817,40,122,0.24691358024691357,-79.11983308641975
22399.999999348216,41,121,0.25308641975308643,-81.09782891358024
22409.999999346615,40,122,0.24691358024691357,-79.11983308641975
22419.999999345015,44,118,0.2716049382716049,-87.03181639506174
22429.999999343414,46,116,0.2839506172839506,-90.98780804938272
22439.999999341813,40,122,0.24691358024691357,-79.11983308641975
22449.999999340213,45,117,0.2777777777777778,-89.00981222222221
22459.99999933861,37,125,0.22839506172839505,-73.18584560493828
22469.99999933701,39,123,0.24074074074074073,-77.14183725925926
22479.99999933541,42,120,0.25925925925925924,-83.07582474074073
22489.99999933381,43,119,0.2654320987654321,-85.05382056790124
22499.99999933221,44,118,0.2716049382716049,-87.03181639506174
22509.99999933061,40,122,0.24691358024691357,-79.11983308641975
22519.999999329008,41,121,0.25308641975308643,-81.09782891358024
22529.999999327407,39,123,0.24074074074074073,-77.14183725925926
22539.999999325806,42,120,0.25925925925925924,-83.07582474074073
22549.999999324205,41,121,0.25308641975308643,-81.09782891358024
22559.999999322605,37,125,0.22839506172839505,-73.18584560493828
22569.999999321004,41,121,0.25308641975308643,-81.09782891358024
22579.999999319403,39,123,0.24074074074074073,-77.14183725925926
22589.999999317803,38,124,0.2345679012345679,-75.16384143209875
22599.999999316202,38,124,0.2345679012345679,-75.16384143209875
22609.9999993146,37,125,0.22839506172839505,-73.18584560493828
22619.999999313,37,125,0.22839506172839505,-73.18584560493828
22629.9999993114,38,124,0.2345679012345679,-75.16384143209875
22639.9999993098,36,126,0.2222222222222222,-71.20784977777777
22649.9999993082,35,127,0.21604938271604937,-69.22985395061728
22659.999999306598,39,123,0.24074074074074073,-77.14183725925926
22669.999999304997,40,122,0.24691358024691357,-79.11983308641975
22679.999999303396,39,123,0.24074074074074073,-77.14183725925926
22689.999999301795,41,121,0.25308641975308643,-81.09782891358024
22699.999999300195,37,125,0.22839506172839505,-73.18584560493828
22709.999999298594,38,124,0.2345679012345679,-75.16384143209875
22719.999999296993,40,122,0.24691358024691357,-79.11983308641975
22729.999999295393,38,124,0.2345679012345679,-75.16384143209875
22739.999999293792,38,124,0.2345679012345679,-75.16384143209875
22749.99999929219,42,120,0.25925925925925924,-83.07582474074073
22759.99999929059,41,121,0.25308641975308643,-81.09782891358024
22769.99999928899,39,123,0.24074074074074073,-77.14183725925926
22779.99999928739,39,123,0.24074074074074073,-77.14183725925926
22789.99999928579,39,123,0.24074074074074073,-77.14183725925926
22799.999999284188,39,123,0.24074074074074073,-77.14183725925926
22809.999999282587,37,125,0.22839506172839505,-73.18584560493828
22819.999999280986,40,122,0.24691358024691357,-79.11983308641975
22829.999999279386,39,123,0.24074074074074073,-77.14183725925926
22839.999999277785,38,124,0.2345679012345679,-75.16384143209875
22849.999999276184,37,125,0.22839506172839505,-73.18584560493828
22859.999999274583,36,126,0.2222222222222222,-71.20784977777777
22869.999999272983,38,124,0.2345679012345679,-75.16384143209875
22879.999999271382,38,124,0.2345679012345679,-75.16384143209875
22889.99999926978,36,126,0.2222222222222222,-71.20784977777777
22899.99999926818,42,120,0.25925925925925924,-83.07582474074073
22909.99999926658,38,124,0.2345679012345679,-75.16384143209875
22919.99999926498,39,123,0.24074074074074073,-77.14183725925926
22929.99999926338,39,123,0.24074074074074073,-77.14183725925926
22939.999999261778,41,121,0.25308641975308643,-81.09782891358024
22949.999999260177,41,121,0.25308641975308643,-81.09782891358024
22959.999999258576,40,122,0.24691358024691357,-79.11983308641975
22969.999999256976,40,122,0.24691358024691357,-79.11983308641975
22979.999999255375,42,120,0.25925925925925924,-83.07582474074073
22989.999999253774,40,122,0.24691358024691357,-79.11983308641975
22999.999999252173,41,121,0.25308641975308643,-81.09782891358024
23009.999999250573,43,119,0.2654320987654321,-85.05382056790124
23019.999999248972,42,120,0.25925925925925924,-83.07582474074073
23029.99999924737,42,120,0.25925925925925924,-83.07582474074073
23039.99999924577,40,122,0.24691358024691357,-79.11983308641975
23049.99999924417,37,125,0.22839506172839505,-73.18584560493828
23059.99999924257,35,127,0.21604938271604937,-69.22985395061728
23069.99999924097,40,122,0.24691358024691357,-79.11983308641975
23079.999999239368,42,120,0.25925925925925924,-83.07582474074073
23089.999999237767,38,124,0.2345679012345679,-75.16384143209875
23099.999999236166,40,122,0.24691358024691357,-79.11983308641975
23109.999999234566,41,121,0.25308641975308643,-81.09782891358024
23119.999999232965,44,118,0.2716049382716049,-87.03181639506174
23129.999999231364,42,120,0.25925925925925924,-83.07582474074073
23139.999999229763,42,120,0.25925925925925924,-83.07582474074073
23149.999999228163,43,119,0.2654320987654321,-85.05382056790124
23159.999999226562,45,117,0.2777777777777778,-89.00981222222221
23169.99999922496,43,119,0.2654320987654321,-85.05382056790124
23179.99999922336,42,120,0.25925925925925924,-83.07582474074073
23189.99999922176,38,124,0.2345679012345679,-75.16384143209875
23199.99999922016,39,123,0.24074074074074073,-77.14183725925926
23209.99999921856,39,123,0.24074074074074073,-77.14183725925926
23219.999999216958,36,126,0.2222222222222222,-71.20784977777777
23229.999999215357,43,119,0.2654320987654321,-85.05382056790124
23239.999999213756,42,120,0.25925925925925924,-83.07582474074073
23249.999999212156,40,122,0.24691358024691357,-79.11983308641975
23259.999999210555,40,122,0.24691358024691357,-79.11983308641975
23269.999999208954,41,121,0.25308641975308643,-81.09782891358024
23279.999999207354,44,118,0.2716049382716049,-87.03181639506174
23289.999999205753,38,124,0.2345679012345679,-75.16384143209875
23299.999999204152,38,124,0.2345679012345679,-75.16384143209875
23309.99999920255,41,121,0.25308641975308643,-81.09782891358024
23319.99999920095,39,123,0.24074074074074073,-77.14183725925926
23329.99999919935,44,118,0.2716049382716049,-87.03181639506174
23339.99999919775,40,122,0.24691358024691357,-79.11983308641975
23349.99999919615,43,119,0.2654320987654321,-85.05382056790124
23359.999999194548,42,120,0.25925925925925924,-83.07582474074073
23369.999999192947,41,121,0.25308641975308643,-81.09782891358024
23379.999999191346,40,122,0.24691358024691357,-79.11983308641975
23389.999999189746,44,118,0.2716049382716049,-87.03181639506174
23399.999999188145,41,121,0.25308641975308643,-81.09782891358024
23409.999999186544,42,120,0.25925925925925924,-83.07582474074073
23419.999999184944,45,117,0.2777777777777778,-89.00981222222221
23429.999999183343,42,120,0.25925925925925924,-83.07582474074073
23439.999999181742,43,119,0.2654320987654321,-85.05382056790124
23449.99999918014,42,120,0.25925925925925924,-83.07582474074073
23459.99999917854,40,122,0.24691358024691357,-79.11983308641975
23469.99999917694,40,122,0.24691358024691357,-79.11983308641975
23479.99999917534,42,120,0.25925925925925924,-83.07582474074073
23489.99999917374,38,124,0.2345679012345679,-75.16384143209875
23499.999999172138,39,123,0.24074074074074073,-77.14183725925926
23509.999999170537,41,121,0.25308641975308643,-81.09782891358024
23519.999999168936,41,121,0.25308641975308643,-81.09782891358024
23529.999999167336,41,121,0.25308641975308643,-81.09782891358024
23539.999999165735,43,119,0.2654320987654321,-85.05382056790124
23549.999999164134,46,116,0.2839506172839506,-90.98780804938272
23559.999999162534,44,118,0.2716049382716049,-87.03181639506174
23569.999999160933,41,121,0.25308641975308643,-81.09782891358024
23579.999999159332,41,121,0.25308641975308643,-81.09782891358024
23589.99999915773,40,122,0.24691358024691357,-79.11983308641975
23599.99999915613,44,118,0.2716049382716049,-87.03181639506174
23609.99999915453,39,123,0.24074074074074073,-77.14183725925926
23619.99999915293,43,119,0.2654320987654321,-85.05382056790124
23629.99999915133,42,120,0.25925925925925924,-83.07582474074073
23639.999999149728,43,119,0.2654320987654321,-85.05382056790124
23649.999999148127,44,118,0.2716049382716049,-87.03181639506174
23659.999999146527,39,123,0.24074074074074073,-77.14183725925926
23669.999999144926,43,119,0.2654320987654321,-85.05382056790124
23679.999999143325,41,121,0.25308641975308643,-81.09782891358024
23689.999999141724,42,120,0.25925925925925924,-83.07582474074073
23699.999999140124,39,123,0.24074074074074073,-77.14183725925926
23709.999999138523,41,121,0.25308641975308643,-81.09782891358024
23719.999999136922,41,121,0.25308641975308643,-81.09782891358024
23729.99999913532,43,119,0.2654320987654321,-85.05382056790124
23739.99999913372,43,119,0.2654320987654321,-85.05382056790124
23749.99999913212,40,122,0.24691358024691357,-79.11983308641975
23759.99999913052,38,124,0.2345679012345679,-75.16384143209875
23769.99999912892,42,120,0.25925925925925924,-83.07582474074073
23779.999999127318,38,124,0.2345679012345679,-75.16384143209875
23789.999999125717,40,122,0.24691358024691357,-79.11983308641975
23799.999999124117,39,123,0.24074074074074073,-77.14183725925926
23809.999999122516,38,124,0.2345679012345679,-75.16384143209875
23819.999999120915,40,122,0.24691358024691357,-79.11983308641975
23829.999999119314,43,119,0.2654320987654321,-85.05382056790124
23839.999999117714,40,122,0.24691358024691357,-79.11983308641975
23849.999999116113,40,122,0.24691358024691357,-79.11983308641975
23859.999999114512,40,122,0.24691358024691357,-79.11983308641975
23869.99999911291,40,122,0.24691358024691357,-79.11983308641975
23879.99999911131,38,124,0.2345679012345679,-75.16384143209875
23889.99999910971,41,121,0.25308641975308643,-81.09782891358024
23899.99999910811,40,122,0.24691358024691357,-79.11983308641975
23909.99999910651,42,120,0.25925925925925924,-83.07582474074073
23919.999999104908,38,124,0.2345679012345679,-75.16384143209875
23929.999999103307,37,125,0.22839506172839505,-73.18584560493828
23939.999999101707,39,123,0.24074074074074073,-77.14183725925926
23949.999999100106,39,123,0.24074074074074073,-77.14183725925926
23959.999999098505,38,124,0.2345679012345679,-75.16384143209875
23969.999999096905,41,121,0.25308641975308643,-81.09782891358024
23979.999999095304,39,123,0.24074074074074073,-77.14183725925926
23989.999999093703,43,119,0.2654320987654321,-85.05382056790124
23999.999999092102,44,118,0.2716049382716049,-87.03181639506174
24009.9999990905,41,121,0.25308641975308643,-81.09782891358024
24019.9999990889,39,123,0.24074074074074073,-77.14183725925926
24029.9999990873,42,120,0.25925925925925924,-83.07582474074073
24039.9999990857,41,121,0.25308641975308643,-81.09782891358024
24049.9999990841,39,123,0.24074074074074073,-77.14183725925926
24059.999999082498,43,119,0.2654320987654321,-85.05382056790124
24069.999999080897,41,121,0.25308641975308643,-81.09782891358024
24079.999999079297,45,117,0.2777777777777778,-89.00981222222221
24089.999999077696,41,121,0.25308641975308643,-81.09782891358024
24099.999999076095,44,118,0.2716049382716049,-87.03181639506174
24109.999999074495,41,121,0.25308641975308643,-81.09782891358024
24119.999999072894,44,118,0.2716049382716049,-87.03181639506174
24129.999999071293,38,124,0.2345679012345679,-75.16384143209875
