time,number_A,number_HA,alpha,surf_ch_dens
140.00000000001765,124,38,0.7654320987654321,-245.27148256790122
150.00000000000855,100,62,0.6172839506172839,-197.79958271604937
159.99999999999946,88,74,0.5432098765432098,-174.06363279012348
169.99999999999037,79,83,0.4876543209876543,-156.261670345679
179.99999999998127,77,85,0.47530864197530864,-152.30567869135803
189.99999999997218,73,89,0.4506172839506173,-144.39369538271603
199.99999999996308,65,97,0.4012345679012346,-128.56972876543207
209.99999999995399,63,99,0.3888888888888889,-124.61373711111112
219.9999999999449,61,101,0.3765432098765432,-120.65774545679011
229.9999999999358,57,105,0.35185185185185186,-112.74576214814813
239.9999999999267,58,104,0.35802469135802467,-114.72375797530864
249.9999999999176,58,104,0.35802469135802467,-114.72375797530864
259.99999999990854,60,102,0.37037037037037035,-118.67974962962963
269.99999999989944,54,108,0.3333333333333333,-106.81177466666665
279.99999999989035,53,109,0.3271604938271605,-104.83377883950617
289.99999999988125,52,110,0.32098765432098764,-102.85578301234568
299.99999999987216,53,109,0.3271604938271605,-104.83377883950617
309.99999999986306,55,107,0.3395061728395062,-108.78977049382716
319.99999999985397,57,105,0.35185185185185186,-112.74576214814813
329.9999999998449,55,107,0.3395061728395062,-108.78977049382716
339.9999999998358,56,106,0.345679012345679,-110.76776632098766
349.9999999998267,59,103,0.36419753086419754,-116.70175380246913
359.9999999998176,57,105,0.35185185185185186,-112.74576214814813
369.9999999998085,58,104,0.35802469135802467,-114.72375797530864
379.9999999997994,57,105,0.35185185185185186,-112.74576214814813
389.9999999997903,58,104,0.35802469135802467,-114.72375797530864
399.9999999997812,59,103,0.36419753086419754,-116.70175380246913
409.9999999997721,57,105,0.35185185185185186,-112.74576214814813
419.999999999763,56,106,0.345679012345679,-110.76776632098766
429.9999999997539,54,108,0.3333333333333333,-106.81177466666665
439.99999999974483,55,107,0.3395061728395062,-108.78977049382716
449.99999999973573,52,110,0.32098765432098764,-102.85578301234568
459.99999999972664,52,110,0.32098765432098764,-102.85578301234568
469.99999999971755,47,115,0.29012345679012347,-92.9658038765432
479.99999999970845,52,110,0.32098765432098764,-102.85578301234568
489.99999999969936,49,113,0.30246913580246915,-96.9217955308642
499.99999999969026,49,113,0.30246913580246915,-96.9217955308642
509.99999999968117,50,112,0.30864197530864196,-98.89979135802469
519.9999999996721,50,112,0.30864197530864196,-98.89979135802469
529.999999999663,52,110,0.32098765432098764,-102.85578301234568
539.9999999996539,50,112,0.30864197530864196,-98.89979135802469
549.9999999996448,46,116,0.2839506172839506,-90.98780804938272
559.9999999996357,47,115,0.29012345679012347,-92.9658038765432
569.9999999996267,52,110,0.32098765432098764,-102.85578301234568
579.9999999996176,50,112,0.30864197530864196,-98.89979135802469
589.9999999996085,51,111,0.3148148148148148,-100.87778718518518
599.9999999995994,48,114,0.2962962962962963,-94.9437997037037
609.9999999995903,47,115,0.29012345679012347,-92.9658038765432
619.9999999995812,45,117,0.2777777777777778,-89.00981222222221
629.9999999995721,43,119,0.2654320987654321,-85.05382056790124
639.999999999563,46,116,0.2839506172839506,-90.98780804938272
649.9999999995539,47,115,0.29012345679012347,-92.9658038765432
659.9999999995448,44,118,0.2716049382716049,-87.03181639506174
669.9999999995357,49,113,0.30246913580246915,-96.9217955308642
679.9999999995266,47,115,0.29012345679012347,-92.9658038765432
689.9999999995175,46,116,0.2839506172839506,-90.98780804938272
699.9999999995084,46,116,0.2839506172839506,-90.98780804938272
709.9999999994993,48,114,0.2962962962962963,-94.9437997037037
719.9999999994902,47,115,0.29012345679012347,-92.9658038765432
729.9999999994811,46,116,0.2839506172839506,-90.98780804938272
739.999999999472,43,119,0.2654320987654321,-85.05382056790124
749.999999999463,44,118,0.2716049382716049,-87.03181639506174
759.9999999994538,41,121,0.25308641975308643,-81.09782891358024
769.9999999994448,39,123,0.24074074074074073,-77.14183725925926
779.9999999994357,43,119,0.2654320987654321,-85.05382056790124
789.9999999994266,44,118,0.2716049382716049,-87.03181639506174
799.9999999994175,43,119,0.2654320987654321,-85.05382056790124
809.9999999994084,43,119,0.2654320987654321,-85.05382056790124
819.9999999993993,45,117,0.2777777777777778,-89.00981222222221
829.9999999993902,47,115,0.29012345679012347,-92.9658038765432
839.9999999993811,45,117,0.2777777777777778,-89.00981222222221
849.999999999372,44,118,0.2716049382716049,-87.03181639506174
859.9999999993629,44,118,0.2716049382716049,-87.03181639506174
869.9999999993538,43,119,0.2654320987654321,-85.05382056790124
879.9999999993447,44,118,0.2716049382716049,-87.03181639506174
889.9999999993356,45,117,0.2777777777777778,-89.00981222222221
899.9999999993265,45,117,0.2777777777777778,-89.00981222222221
909.9999999993174,47,115,0.29012345679012347,-92.9658038765432
919.9999999993083,47,115,0.29012345679012347,-92.9658038765432
929.9999999992992,45,117,0.2777777777777778,-89.00981222222221
939.9999999992901,44,118,0.2716049382716049,-87.03181639506174
949.999999999281,40,122,0.24691358024691357,-79.11983308641975
959.999999999272,38,124,0.2345679012345679,-75.16384143209875
969.9999999992629,39,123,0.24074074074074073,-77.14183725925926
979.9999999992538,41,121,0.25308641975308643,-81.09782891358024
989.9999999992447,40,122,0.24691358024691357,-79.11983308641975
999.9999999992356,42,120,0.25925925925925924,-83.07582474074073
1009.9999999992265,42,120,0.25925925925925924,-83.07582474074073
1019.9999999992174,47,115,0.29012345679012347,-92.9658038765432
1029.9999999992083,39,123,0.24074074074074073,-77.14183725925926
1039.9999999991992,43,119,0.2654320987654321,-85.05382056790124
1049.99999999919,38,124,0.2345679012345679,-75.16384143209875
1059.999999999181,32,130,0.19753086419753085,-63.295866469135795
1069.999999999172,38,124,0.2345679012345679,-75.16384143209875
1079.9999999991628,40,122,0.24691358024691357,-79.11983308641975
1089.9999999991537,37,125,0.22839506172839505,-73.18584560493828
1099.9999999991446,43,119,0.2654320987654321,-85.05382056790124
1109.9999999991355,43,119,0.2654320987654321,-85.05382056790124
1119.9999999991264,40,122,0.24691358024691357,-79.11983308641975
1129.9999999991173,41,121,0.25308641975308643,-81.09782891358024
1139.9999999991082,41,121,0.25308641975308643,-81.09782891358024
1149.9999999990991,40,122,0.24691358024691357,-79.11983308641975
1159.99999999909,41,121,0.25308641975308643,-81.09782891358024
1169.999999999081,40,122,0.24691358024691357,-79.11983308641975
1179.9999999990719,40,122,0.24691358024691357,-79.11983308641975
1189.9999999990628,36,126,0.2222222222222222,-71.20784977777777
1199.9999999990537,38,124,0.2345679012345679,-75.16384143209875
1209.9999999990446,38,124,0.2345679012345679,-75.16384143209875
1219.9999999990355,36,126,0.2222222222222222,-71.20784977777777
1229.9999999990264,36,126,0.2222222222222222,-71.20784977777777
1239.9999999990173,37,125,0.22839506172839505,-73.18584560493828
1249.9999999990082,37,125,0.22839506172839505,-73.18584560493828
1259.999999998999,37,125,0.22839506172839505,-73.18584560493828
1269.99999999899,41,121,0.25308641975308643,-81.09782891358024
1279.999999998981,38,124,0.2345679012345679,-75.16384143209875
1289.9999999989718,36,126,0.2222222222222222,-71.20784977777777
1299.9999999989627,34,128,0.20987654320987653,-67.25185812345678
1309.9999999989536,33,129,0.2037037037037037,-65.2738622962963
1319.9999999989445,36,126,0.2222222222222222,-71.20784977777777
1329.9999999989354,37,125,0.22839506172839505,-73.18584560493828
1339.9999999989263,35,127,0.21604938271604937,-69.22985395061728
1349.9999999989172,33,129,0.2037037037037037,-65.2738622962963
1359.9999999989082,35,127,0.21604938271604937,-69.22985395061728
1369.999999998899,41,121,0.25308641975308643,-81.09782891358024
1379.99999999889,40,122,0.24691358024691357,-79.11983308641975
1389.9999999988809,43,119,0.2654320987654321,-85.05382056790124
1399.9999999988718,41,121,0.25308641975308643,-81.09782891358024
1409.9999999988627,41,121,0.25308641975308643,-81.09782891358024
1419.9999999988536,40,122,0.24691358024691357,-79.11983308641975
1429.9999999988445,37,125,0.22839506172839505,-73.18584560493828
1439.9999999988354,41,121,0.25308641975308643,-81.09782891358024
1449.9999999988263,36,126,0.2222222222222222,-71.20784977777777
1459.9999999988172,34,128,0.20987654320987653,-67.25185812345678
1469.999999998808,35,127,0.21604938271604937,-69.22985395061728
1479.999999998799,33,129,0.2037037037037037,-65.2738622962963
1489.99999999879,34,128,0.20987654320987653,-67.25185812345678
1499.9999999987808,31,131,0.19135802469135801,-61.317870641975304
1509.9999999987717,31,131,0.19135802469135801,-61.317870641975304
1519.9999999987626,34,128,0.20987654320987653,-67.25185812345678
1529.9999999987535,32,130,0.19753086419753085,-63.295866469135795
1539.9999999987444,33,129,0.2037037037037037,-65.2738622962963
1549.9999999987353,32,130,0.19753086419753085,-63.295866469135795
1559.9999999987263,34,128,0.20987654320987653,-67.25185812345678
1569.9999999987172,34,128,0.20987654320987653,-67.25185812345678
1579.999999998708,35,127,0.21604938271604937,-69.22985395061728
1589.999999998699,35,127,0.21604938271604937,-69.22985395061728
1599.9999999986899,35,127,0.21604938271604937,-69.22985395061728
1609.9999999986808,32,130,0.19753086419753085,-63.295866469135795
1619.9999999986717,36,126,0.2222222222222222,-71.20784977777777
1629.9999999986626,35,127,0.21604938271604937,-69.22985395061728
1639.9999999986535,34,128,0.20987654320987653,-67.25185812345678
1649.9999999986444,36,126,0.2222222222222222,-71.20784977777777
1659.9999999986353,35,127,0.21604938271604937,-69.22985395061728
1669.9999999986262,38,124,0.2345679012345679,-75.16384143209875
1679.999999998617,38,124,0.2345679012345679,-75.16384143209875
1689.999999998608,35,127,0.21604938271604937,-69.22985395061728
1699.999999998599,40,122,0.24691358024691357,-79.11983308641975
1709.9999999985898,35,127,0.21604938271604937,-69.22985395061728
1719.9999999985807,32,130,0.19753086419753085,-63.295866469135795
1729.9999999985716,35,127,0.21604938271604937,-69.22985395061728
1739.9999999985625,35,127,0.21604938271604937,-69.22985395061728
1749.9999999985534,35,127,0.21604938271604937,-69.22985395061728
1759.9999999985444,34,128,0.20987654320987653,-67.25185812345678
1769.9999999985353,37,125,0.22839506172839505,-73.18584560493828
1779.9999999985262,37,125,0.22839506172839505,-73.18584560493828
1789.999999998517,34,128,0.20987654320987653,-67.25185812345678
1799.999999998508,35,127,0.21604938271604937,-69.22985395061728
1809.9999999984989,34,128,0.20987654320987653,-67.25185812345678
1819.9999999984898,35,127,0.21604938271604937,-69.22985395061728
1829.9999999984807,36,126,0.2222222222222222,-71.20784977777777
1839.9999999984716,34,128,0.20987654320987653,-67.25185812345678
1849.9999999984625,33,129,0.2037037037037037,-65.2738622962963
1859.9999999984534,35,127,0.21604938271604937,-69.22985395061728
1869.9999999984443,35,127,0.21604938271604937,-69.22985395061728
1879.9999999984352,33,129,0.2037037037037037,-65.2738622962963
1889.9999999984261,34,128,0.20987654320987653,-67.25185812345678
1899.999999998417,34,128,0.20987654320987653,-67.25185812345678
1909.999999998408,35,127,0.21604938271604937,-69.22985395061728
1919.9999999983988,34,128,0.20987654320987653,-67.25185812345678
1929.9999999983897,36,126,0.2222222222222222,-71.20784977777777
1939.9999999983806,34,128,0.20987654320987653,-67.25185812345678
1949.9999999983715,32,130,0.19753086419753085,-63.295866469135795
1959.9999999983625,30,132,0.18518518518518517,-59.33987481481481
1969.9999999983534,33,129,0.2037037037037037,-65.2738622962963
1979.9999999983443,30,132,0.18518518518518517,-59.33987481481481
1989.9999999983352,32,130,0.19753086419753085,-63.295866469135795
1999.999999998326,31,131,0.19135802469135801,-61.317870641975304
2009.999999998317,33,129,0.2037037037037037,-65.2738622962963
2019.9999999983079,35,127,0.21604938271604937,-69.22985395061728
2029.9999999982988,30,132,0.18518518518518517,-59.33987481481481
2039.9999999982897,30,132,0.18518518518518517,-59.33987481481481
2049.999999998326,32,130,0.19753086419753085,-63.295866469135795
2059.9999999985444,33,129,0.2037037037037037,-65.2738622962963
2069.9999999987626,33,129,0.2037037037037037,-65.2738622962963
2079.999999998981,33,129,0.2037037037037037,-65.2738622962963
2089.999999999199,31,131,0.19135802469135801,-61.317870641975304
2099.9999999994175,30,132,0.18518518518518517,-59.33987481481481
2109.9999999996357,31,131,0.19135802469135801,-61.317870641975304
2119.999999999854,33,129,0.2037037037037037,-65.2738622962963
2130.0000000000723,30,132,0.18518518518518517,-59.33987481481481
2140.0000000002906,31,131,0.19135802469135801,-61.317870641975304
2150.000000000509,32,130,0.19753086419753085,-63.295866469135795
2160.000000000727,32,130,0.19753086419753085,-63.295866469135795
2170.0000000009454,33,129,0.2037037037037037,-65.2738622962963
2180.0000000011637,34,128,0.20987654320987653,-67.25185812345678
2190.000000001382,33,129,0.2037037037037037,-65.2738622962963
2200.0000000016003,33,129,0.2037037037037037,-65.2738622962963
2210.0000000018185,32,130,0.19753086419753085,-63.295866469135795
2220.000000002037,32,130,0.19753086419753085,-63.295866469135795
2230.000000002255,38,124,0.2345679012345679,-75.16384143209875
2240.0000000024734,35,127,0.21604938271604937,-69.22985395061728
2250.0000000026916,33,129,0.2037037037037037,-65.2738622962963
2260.00000000291,33,129,0.2037037037037037,-65.2738622962963
2270.000000003128,33,129,0.2037037037037037,-65.2738622962963
2280.0000000033465,34,128,0.20987654320987653,-67.25185812345678
2290.0000000035648,35,127,0.21604938271604937,-69.22985395061728
2300.000000003783,33,129,0.2037037037037037,-65.2738622962963
2310.0000000040013,33,129,0.2037037037037037,-65.2738622962963
2320.0000000042196,34,128,0.20987654320987653,-67.25185812345678
2330.000000004438,34,128,0.20987654320987653,-67.25185812345678
2340.000000004656,35,127,0.21604938271604937,-69.22985395061728
2350.0000000048744,38,124,0.2345679012345679,-75.16384143209875
2360.0000000050927,35,127,0.21604938271604937,-69.22985395061728
2370.000000005311,35,127,0.21604938271604937,-69.22985395061728
2380.0000000055293,37,125,0.22839506172839505,-73.18584560493828
2390.0000000057476,35,127,0.21604938271604937,-69.22985395061728
2400.000000005966,36,126,0.2222222222222222,-71.20784977777777
2410.000000006184,32,130,0.19753086419753085,-63.295866469135795
2420.0000000064024,36,126,0.2222222222222222,-71.20784977777777
2430.0000000066207,37,125,0.22839506172839505,-73.18584560493828
2440.000000006839,37,125,0.22839506172839505,-73.18584560493828
2450.000000007057,35,127,0.21604938271604937,-69.22985395061728
2460.0000000072755,37,125,0.22839506172839505,-73.18584560493828
2470.000000007494,36,126,0.2222222222222222,-71.20784977777777
2480.000000007712,30,132,0.18518518518518517,-59.33987481481481
2490.0000000079303,32,130,0.19753086419753085,-63.295866469135795
2500.0000000081486,35,127,0.21604938271604937,-69.22985395061728
2510.000000008367,35,127,0.21604938271604937,-69.22985395061728
2520.000000008585,35,127,0.21604938271604937,-69.22985395061728
2530.0000000088035,34,128,0.20987654320987653,-67.25185812345678
2540.0000000090217,31,131,0.19135802469135801,-61.317870641975304
2550.00000000924,33,129,0.2037037037037037,-65.2738622962963
2560.0000000094583,32,130,0.19753086419753085,-63.295866469135795
2570.0000000096766,35,127,0.21604938271604937,-69.22985395061728
2580.000000009895,34,128,0.20987654320987653,-67.25185812345678
2590.000000010113,32,130,0.19753086419753085,-63.295866469135795
2600.0000000103314,32,130,0.19753086419753085,-63.295866469135795
2610.0000000105497,31,131,0.19135802469135801,-61.317870641975304
2620.000000010768,28,134,0.1728395061728395,-55.38388316049383
2630.0000000109862,26,136,0.16049382716049382,-51.42789150617284
2640.0000000112045,28,134,0.1728395061728395,-55.38388316049383
2650.000000011423,28,134,0.1728395061728395,-55.38388316049383
2660.000000011641,33,129,0.2037037037037037,-65.2738622962963
2670.0000000118594,30,132,0.18518518518518517,-59.33987481481481
2680.0000000120776,34,128,0.20987654320987653,-67.25185812345678
2690.000000012296,32,130,0.19753086419753085,-63.295866469135795
2700.000000012514,34,128,0.20987654320987653,-67.25185812345678
2710.0000000127325,32,130,0.19753086419753085,-63.295866469135795
2720.0000000129507,31,131,0.19135802469135801,-61.317870641975304
2730.000000013169,33,129,0.2037037037037037,-65.2738622962963
2740.0000000133873,30,132,0.18518518518518517,-59.33987481481481
2750.0000000136056,31,131,0.19135802469135801,-61.317870641975304
2760.000000013824,32,130,0.19753086419753085,-63.295866469135795
2770.000000014042,31,131,0.19135802469135801,-61.317870641975304
2780.0000000142604,30,132,0.18518518518518517,-59.33987481481481
2790.0000000144787,31,131,0.19135802469135801,-61.317870641975304
2800.000000014697,28,134,0.1728395061728395,-55.38388316049383
2810.0000000149153,26,136,0.16049382716049382,-51.42789150617284
2820.0000000151335,33,129,0.2037037037037037,-65.2738622962963
2830.000000015352,28,134,0.1728395061728395,-55.38388316049383
2840.00000001557,35,127,0.21604938271604937,-69.22985395061728
2850.0000000157884,32,130,0.19753086419753085,-63.295866469135795
2860.0000000160067,35,127,0.21604938271604937,-69.22985395061728
2870.000000016225,31,131,0.19135802469135801,-61.317870641975304
2880.000000016443,33,129,0.2037037037037037,-65.2738622962963
2890.0000000166615,31,131,0.19135802469135801,-61.317870641975304
2900.0000000168798,33,129,0.2037037037037037,-65.2738622962963
2910.000000017098,28,134,0.1728395061728395,-55.38388316049383
2920.0000000173163,32,130,0.19753086419753085,-63.295866469135795
2930.0000000175346,35,127,0.21604938271604937,-69.22985395061728
2940.000000017753,34,128,0.20987654320987653,-67.25185812345678
2950.000000017971,35,127,0.21604938271604937,-69.22985395061728
2960.0000000181894,33,129,0.2037037037037037,-65.2738622962963
2970.0000000184077,31,131,0.19135802469135801,-61.317870641975304
2980.000000018626,34,128,0.20987654320987653,-67.25185812345678
2990.0000000188443,33,129,0.2037037037037037,-65.2738622962963
3000.0000000190626,34,128,0.20987654320987653,-67.25185812345678
3010.000000019281,32,130,0.19753086419753085,-63.295866469135795
3020.000000019499,35,127,0.21604938271604937,-69.22985395061728
3030.0000000197174,37,125,0.22839506172839505,-73.18584560493828
3040.0000000199357,36,126,0.2222222222222222,-71.20784977777777
3050.000000020154,28,134,0.1728395061728395,-55.38388316049383
3060.000000020372,33,129,0.2037037037037037,-65.2738622962963
3070.0000000205905,33,129,0.2037037037037037,-65.2738622962963
3080.000000020809,32,130,0.19753086419753085,-63.295866469135795
3090.000000021027,28,134,0.1728395061728395,-55.38388316049383
3100.0000000212453,29,133,0.17901234567901234,-57.36187898765432
3110.0000000214636,27,135,0.16666666666666666,-53.405887333333325
3120.000000021682,34,128,0.20987654320987653,-67.25185812345678
3130.0000000219,28,134,0.1728395061728395,-55.38388316049383
3140.0000000221185,32,130,0.19753086419753085,-63.295866469135795
3150.0000000223367,31,131,0.19135802469135801,-61.317870641975304
3160.000000022555,30,132,0.18518518518518517,-59.33987481481481
3170.0000000227733,32,130,0.19753086419753085,-63.295866469135795
3180.0000000229916,32,130,0.19753086419753085,-63.295866469135795
3190.00000002321,33,129,0.2037037037037037,-65.2738622962963
3200.000000023428,31,131,0.19135802469135801,-61.317870641975304
3210.0000000236464,31,131,0.19135802469135801,-61.317870641975304
3220.0000000238647,30,132,0.18518518518518517,-59.33987481481481
3230.000000024083,36,126,0.2222222222222222,-71.20784977777777
3240.0000000243012,35,127,0.21604938271604937,-69.22985395061728
3250.0000000245195,34,128,0.20987654320987653,-67.25185812345678
3260.000000024738,34,128,0.20987654320987653,-67.25185812345678
3270.000000024956,34,128,0.20987654320987653,-67.25185812345678
3280.0000000251744,37,125,0.22839506172839505,-73.18584560493828
3290.0000000253926,32,130,0.19753086419753085,-63.295866469135795
3300.000000025611,37,125,0.22839506172839505,-73.18584560493828
3310.000000025829,38,124,0.2345679012345679,-75.16384143209875
3320.0000000260475,35,127,0.21604938271604937,-69.22985395061728
3330.0000000262658,35,127,0.21604938271604937,-69.22985395061728
3340.000000026484,35,127,0.21604938271604937,-69.22985395061728
3350.0000000267023,31,131,0.19135802469135801,-61.317870641975304
3360.0000000269206,33,129,0.2037037037037037,-65.2738622962963
3370.000000027139,32,130,0.19753086419753085,-63.295866469135795
3380.000000027357,33,129,0.2037037037037037,-65.2738622962963
3390.0000000275754,32,130,0.19753086419753085,-63.295866469135795
3400.0000000277937,36,126,0.2222222222222222,-71.20784977777777
3410.000000028012,29,133,0.17901234567901234,-57.36187898765432
3420.0000000282303,31,131,0.19135802469135801,-61.317870641975304
3430.0000000284485,34,128,0.20987654320987653,-67.25185812345678
3440.000000028667,29,133,0.17901234567901234,-57.36187898765432
3450.000000028885,33,129,0.2037037037037037,-65.2738622962963
3460.0000000291034,31,131,0.19135802469135801,-61.317870641975304
3470.0000000293217,28,134,0.1728395061728395,-55.38388316049383
3480.00000002954,33,129,0.2037037037037037,-65.2738622962963
3490.000000029758,29,133,0.17901234567901234,-57.36187898765432
3500.0000000299765,31,131,0.19135802469135801,-61.317870641975304
3510.0000000301948,27,135,0.16666666666666666,-53.405887333333325
3520.000000030413,32,130,0.19753086419753085,-63.295866469135795
3530.0000000306313,33,129,0.2037037037037037,-65.2738622962963
3540.0000000308496,31,131,0.19135802469135801,-61.317870641975304
3550.000000031068,31,131,0.19135802469135801,-61.317870641975304
3560.000000031286,31,131,0.19135802469135801,-61.317870641975304
3570.0000000315044,28,134,0.1728395061728395,-55.38388316049383
3580.0000000317227,30,132,0.18518518518518517,-59.33987481481481
3590.000000031941,28,134,0.1728395061728395,-55.38388316049383
3600.0000000321593,29,133,0.17901234567901234,-57.36187898765432
3610.0000000323776,29,133,0.17901234567901234,-57.36187898765432
3620.000000032596,30,132,0.18518518518518517,-59.33987481481481
3630.000000032814,31,131,0.19135802469135801,-61.317870641975304
3640.0000000330324,33,129,0.2037037037037037,-65.2738622962963
3650.0000000332507,31,131,0.19135802469135801,-61.317870641975304
3660.000000033469,32,130,0.19753086419753085,-63.295866469135795
3670.0000000336872,30,132,0.18518518518518517,-59.33987481481481
3680.0000000339055,32,130,0.19753086419753085,-63.295866469135795
3690.000000034124,33,129,0.2037037037037037,-65.2738622962963
3700.000000034342,31,131,0.19135802469135801,-61.317870641975304
3710.0000000345603,33,129,0.2037037037037037,-65.2738622962963
3720.0000000347786,30,132,0.18518518518518517,-59.33987481481481
3730.000000034997,31,131,0.19135802469135801,-61.317870641975304
3740.000000035215,32,130,0.19753086419753085,-63.295866469135795
3750.0000000354335,32,130,0.19753086419753085,-63.295866469135795
3760.0000000356517,34,128,0.20987654320987653,-67.25185812345678
3770.00000003587,38,124,0.2345679012345679,-75.16384143209875
3780.0000000360883,31,131,0.19135802469135801,-61.317870641975304
3790.0000000363066,32,130,0.19753086419753085,-63.295866469135795
3800.000000036525,33,129,0.2037037037037037,-65.2738622962963
3810.000000036743,31,131,0.19135802469135801,-61.317870641975304
3820.0000000369614,29,133,0.17901234567901234,-57.36187898765432
3830.0000000371797,29,133,0.17901234567901234,-57.36187898765432
3840.000000037398,32,130,0.19753086419753085,-63.295866469135795
3850.0000000376162,34,128,0.20987654320987653,-67.25185812345678
3860.0000000378345,33,129,0.2037037037037037,-65.2738622962963
3870.000000038053,28,134,0.1728395061728395,-55.38388316049383
3880.000000038271,30,132,0.18518518518518517,-59.33987481481481
3890.0000000384894,30,132,0.18518518518518517,-59.33987481481481
3900.0000000387076,30,132,0.18518518518518517,-59.33987481481481
3910.000000038926,29,133,0.17901234567901234,-57.36187898765432
3920.000000039144,31,131,0.19135802469135801,-61.317870641975304
3930.0000000393625,32,130,0.19753086419753085,-63.295866469135795
3940.0000000395808,30,132,0.18518518518518517,-59.33987481481481
3950.000000039799,31,131,0.19135802469135801,-61.317870641975304
3960.0000000400173,27,135,0.16666666666666666,-53.405887333333325
3970.0000000402356,27,135,0.16666666666666666,-53.405887333333325
3980.000000040454,27,135,0.16666666666666666,-53.405887333333325
3990.000000040672,28,134,0.1728395061728395,-55.38388316049383
4000.0000000408904,27,135,0.16666666666666666,-53.405887333333325
4010.0000000411087,32,130,0.19753086419753085,-63.295866469135795
4020.000000041327,28,134,0.1728395061728395,-55.38388316049383
4030.0000000415453,32,130,0.19753086419753085,-63.295866469135795
4040.0000000417635,31,131,0.19135802469135801,-61.317870641975304
4050.000000041982,30,132,0.18518518518518517,-59.33987481481481
4060.0000000422,31,131,0.19135802469135801,-61.317870641975304
4070.0000000424184,36,126,0.2222222222222222,-71.20784977777777
4080.0000000426367,34,128,0.20987654320987653,-67.25185812345678
4090.000000042855,29,133,0.17901234567901234,-57.36187898765432
4100.000000043073,32,130,0.19753086419753085,-63.295866469135795
4110.000000043291,32,130,0.19753086419753085,-63.295866469135795
4120.000000043509,35,127,0.21604938271604937,-69.22985395061728
4130.000000043728,34,128,0.20987654320987653,-67.25185812345678
4140.000000043946,30,132,0.18518518518518517,-59.33987481481481
4150.000000044164,29,133,0.17901234567901234,-57.36187898765432
4160.000000044382,28,134,0.1728395061728395,-55.38388316049383
4170.000000044601,31,131,0.19135802469135801,-61.317870641975304
4180.000000044819,29,133,0.17901234567901234,-57.36187898765432
4190.000000045037,29,133,0.17901234567901234,-57.36187898765432
4200.000000045256,30,132,0.18518518518518517,-59.33987481481481
4210.000000045474,32,130,0.19753086419753085,-63.295866469135795
4220.000000045692,35,127,0.21604938271604937,-69.22985395061728
4230.00000004591,31,131,0.19135802469135801,-61.317870641975304
4240.000000046129,32,130,0.19753086419753085,-63.295866469135795
4250.000000046347,32,130,0.19753086419753085,-63.295866469135795
4260.000000046565,31,131,0.19135802469135801,-61.317870641975304
4270.0000000467835,30,132,0.18518518518518517,-59.33987481481481
4280.000000047002,31,131,0.19135802469135801,-61.317870641975304
4290.00000004722,27,135,0.16666666666666666,-53.405887333333325
4300.000000047438,29,133,0.17901234567901234,-57.36187898765432
4310.000000047657,31,131,0.19135802469135801,-61.317870641975304
4320.000000047875,31,131,0.19135802469135801,-61.317870641975304
4330.000000048093,33,129,0.2037037037037037,-65.2738622962963
4340.000000048311,34,128,0.20987654320987653,-67.25185812345678
4350.00000004853,32,130,0.19753086419753085,-63.295866469135795
4360.000000048748,34,128,0.20987654320987653,-67.25185812345678
4370.000000048966,29,133,0.17901234567901234,-57.36187898765432
4380.000000049185,29,133,0.17901234567901234,-57.36187898765432
4390.000000049403,35,127,0.21604938271604937,-69.22985395061728
4400.000000049621,30,132,0.18518518518518517,-59.33987481481481
4410.000000049839,33,129,0.2037037037037037,-65.2738622962963
4420.000000050058,29,133,0.17901234567901234,-57.36187898765432
4430.000000050276,29,133,0.17901234567901234,-57.36187898765432
4440.000000050494,30,132,0.18518518518518517,-59.33987481481481
4450.0000000507125,33,129,0.2037037037037037,-65.2738622962963
4460.000000050931,29,133,0.17901234567901234,-57.36187898765432
4470.000000051149,32,130,0.19753086419753085,-63.295866469135795
4480.000000051367,32,130,0.19753086419753085,-63.295866469135795
4490.000000051586,31,131,0.19135802469135801,-61.317870641975304
4500.000000051804,29,133,0.17901234567901234,-57.36187898765432
4510.000000052022,30,132,0.18518518518518517,-59.33987481481481
4520.0000000522405,31,131,0.19135802469135801,-61.317870641975304
4530.000000052459,29,133,0.17901234567901234,-57.36187898765432
4540.000000052677,32,130,0.19753086419753085,-63.295866469135795
4550.000000052895,33,129,0.2037037037037037,-65.2738622962963
4560.000000053114,31,131,0.19135802469135801,-61.317870641975304
4570.000000053332,30,132,0.18518518518518517,-59.33987481481481
4580.00000005355,32,130,0.19753086419753085,-63.295866469135795
4590.000000053768,33,129,0.2037037037037037,-65.2738622962963
4600.000000053987,30,132,0.18518518518518517,-59.33987481481481
4610.000000054205,33,129,0.2037037037037037,-65.2738622962963
4620.000000054423,36,126,0.2222222222222222,-71.20784977777777
4630.0000000546415,30,132,0.18518518518518517,-59.33987481481481
4640.00000005486,33,129,0.2037037037037037,-65.2738622962963
4650.000000055078,36,126,0.2222222222222222,-71.20784977777777
4660.000000055296,32,130,0.19753086419753085,-63.295866469135795
4670.000000055515,30,132,0.18518518518518517,-59.33987481481481
4680.000000055733,35,127,0.21604938271604937,-69.22985395061728
4690.000000055951,30,132,0.18518518518518517,-59.33987481481481
4700.0000000561695,31,131,0.19135802469135801,-61.317870641975304
4710.000000056388,32,130,0.19753086419753085,-63.295866469135795
4720.000000056606,31,131,0.19135802469135801,-61.317870641975304
4730.000000056824,31,131,0.19135802469135801,-61.317870641975304
4740.000000057043,31,131,0.19135802469135801,-61.317870641975304
4750.000000057261,33,129,0.2037037037037037,-65.2738622962963
4760.000000057479,33,129,0.2037037037037037,-65.2738622962963
4770.000000057697,33,129,0.2037037037037037,-65.2738622962963
4780.000000057916,31,131,0.19135802469135801,-61.317870641975304
4790.000000058134,31,131,0.19135802469135801,-61.317870641975304
4800.000000058352,34,128,0.20987654320987653,-67.25185812345678
4810.000000058571,31,131,0.19135802469135801,-61.317870641975304
4820.000000058789,37,125,0.22839506172839505,-73.18584560493828
4830.000000059007,35,127,0.21604938271604937,-69.22985395061728
4840.000000059225,31,131,0.19135802469135801,-61.317870641975304
4850.000000059444,32,130,0.19753086419753085,-63.295866469135795
4860.000000059662,35,127,0.21604938271604937,-69.22985395061728
4870.00000005988,34,128,0.20987654320987653,-67.25185812345678
4880.0000000600985,30,132,0.18518518518518517,-59.33987481481481
4890.000000060317,31,131,0.19135802469135801,-61.317870641975304
4900.000000060535,34,128,0.20987654320987653,-67.25185812345678
4910.000000060753,30,132,0.18518518518518517,-59.33987481481481
4920.000000060972,33,129,0.2037037037037037,-65.2738622962963
4930.00000006119,35,127,0.21604938271604937,-69.22985395061728
4940.000000061408,32,130,0.19753086419753085,-63.295866469135795
4950.000000061626,34,128,0.20987654320987653,-67.25185812345678
4960.000000061845,35,127,0.21604938271604937,-69.22985395061728
4970.000000062063,33,129,0.2037037037037037,-65.2738622962963
4980.000000062281,29,133,0.17901234567901234,-57.36187898765432
4990.0000000625,31,131,0.19135802469135801,-61.317870641975304
5000.000000062718,31,131,0.19135802469135801,-61.317870641975304
5010.000000062936,31,131,0.19135802469135801,-61.317870641975304
5020.000000063154,33,129,0.2037037037037037,-65.2738622962963
5030.000000063373,33,129,0.2037037037037037,-65.2738622962963
5040.000000063591,31,131,0.19135802469135801,-61.317870641975304
5050.000000063809,33,129,0.2037037037037037,-65.2738622962963
5060.0000000640275,33,129,0.2037037037037037,-65.2738622962963
5070.000000064246,34,128,0.20987654320987653,-67.25185812345678
5080.000000064464,31,131,0.19135802469135801,-61.317870641975304
5090.000000064682,30,132,0.18518518518518517,-59.33987481481481
5100.000000064901,34,128,0.20987654320987653,-67.25185812345678
5110.000000065119,30,132,0.18518518518518517,-59.33987481481481
5120.000000065337,28,134,0.1728395061728395,-55.38388316049383
5130.0000000655555,28,134,0.1728395061728395,-55.38388316049383
5140.000000065774,30,132,0.18518518518518517,-59.33987481481481
5150.000000065992,30,132,0.18518518518518517,-59.33987481481481
5160.00000006621,32,130,0.19753086419753085,-63.295866469135795
5170.000000066429,30,132,0.18518518518518517,-59.33987481481481
5180.000000066647,30,132,0.18518518518518517,-59.33987481481481
5190.000000066865,33,129,0.2037037037037037,-65.2738622962963
5200.000000067083,30,132,0.18518518518518517,-59.33987481481481
5210.000000067302,31,131,0.19135802469135801,-61.317870641975304
5220.00000006752,28,134,0.1728395061728395,-55.38388316049383
5230.000000067738,28,134,0.1728395061728395,-55.38388316049383
5240.0000000679565,29,133,0.17901234567901234,-57.36187898765432
5250.000000068175,30,132,0.18518518518518517,-59.33987481481481
5260.000000068393,27,135,0.16666666666666666,-53.405887333333325
5270.000000068611,29,133,0.17901234567901234,-57.36187898765432
5280.00000006883,28,134,0.1728395061728395,-55.38388316049383
5290.000000069048,27,135,0.16666666666666666,-53.405887333333325
5300.000000069266,31,131,0.19135802469135801,-61.317870641975304
5310.0000000694845,25,137,0.15432098765432098,-49.44989567901234
5320.000000069703,26,136,0.16049382716049382,-51.42789150617284
5330.000000069921,25,137,0.15432098765432098,-49.44989567901234
5340.000000070139,29,133,0.17901234567901234,-57.36187898765432
5350.000000070358,30,132,0.18518518518518517,-59.33987481481481
5360.000000070576,28,134,0.1728395061728395,-55.38388316049383
5370.000000070794,29,133,0.17901234567901234,-57.36187898765432
5380.000000071012,36,126,0.2222222222222222,-71.20784977777777
5390.000000071231,34,128,0.20987654320987653,-67.25185812345678
5400.000000071449,34,128,0.20987654320987653,-67.25185812345678
5410.000000071667,33,129,0.2037037037037037,-65.2738622962963
5420.000000071886,30,132,0.18518518518518517,-59.33987481481481
5430.000000072104,33,129,0.2037037037037037,-65.2738622962963
5440.000000072322,31,131,0.19135802469135801,-61.317870641975304
5450.00000007254,30,132,0.18518518518518517,-59.33987481481481
5460.000000072759,32,130,0.19753086419753085,-63.295866469135795
5470.000000072977,32,130,0.19753086419753085,-63.295866469135795
5480.000000073195,29,133,0.17901234567901234,-57.36187898765432
5490.0000000734135,29,133,0.17901234567901234,-57.36187898765432
5500.000000073632,29,133,0.17901234567901234,-57.36187898765432
5510.00000007385,32,130,0.19753086419753085,-63.295866469135795
5520.000000074068,29,133,0.17901234567901234,-57.36187898765432
5530.000000074287,32,130,0.19753086419753085,-63.295866469135795
5540.000000074505,30,132,0.18518518518518517,-59.33987481481481
5550.000000074723,31,131,0.19135802469135801,-61.317870641975304
5560.000000074941,27,135,0.16666666666666666,-53.405887333333325
5570.00000007516,26,136,0.16049382716049382,-51.42789150617284
5580.000000075378,28,134,0.1728395061728395,-55.38388316049383
5590.000000075596,28,134,0.1728395061728395,-55.38388316049383
5600.000000075815,31,131,0.19135802469135801,-61.317870641975304
5610.000000076033,27,135,0.16666666666666666,-53.405887333333325
5620.000000076251,27,135,0.16666666666666666,-53.405887333333325
5630.000000076469,28,134,0.1728395061728395,-55.38388316049383
5640.000000076688,27,135,0.16666666666666666,-53.405887333333325
5650.000000076906,33,129,0.2037037037037037,-65.2738622962963
5660.000000077124,32,130,0.19753086419753085,-63.295866469135795
5670.0000000773425,30,132,0.18518518518518517,-59.33987481481481
5680.000000077561,32,130,0.19753086419753085,-63.295866469135795
5690.000000077779,30,132,0.18518518518518517,-59.33987481481481
5700.000000077997,31,131,0.19135802469135801,-61.317870641975304
5710.000000078216,35,127,0.21604938271604937,-69.22985395061728
5720.000000078434,30,132,0.18518518518518517,-59.33987481481481
5730.000000078652,31,131,0.19135802469135801,-61.317870641975304
5740.0000000788705,31,131,0.19135802469135801,-61.317870641975304
5750.000000079089,32,130,0.19753086419753085,-63.295866469135795
5760.000000079307,35,127,0.21604938271604937,-69.22985395061728
5770.000000079525,33,129,0.2037037037037037,-65.2738622962963
5780.000000079744,30,132,0.18518518518518517,-59.33987481481481
5790.000000079962,36,126,0.2222222222222222,-71.20784977777777
5800.00000008018,36,126,0.2222222222222222,-71.20784977777777
5810.000000080398,35,127,0.21604938271604937,-69.22985395061728
5820.000000080617,33,129,0.2037037037037037,-65.2738622962963
5830.000000080835,37,125,0.22839506172839505,-73.18584560493828
5840.000000081053,33,129,0.2037037037037037,-65.2738622962963
5850.0000000812715,32,130,0.19753086419753085,-63.295866469135795
5860.00000008149,31,131,0.19135802469135801,-61.317870641975304
5870.000000081708,31,131,0.19135802469135801,-61.317870641975304
5880.000000081926,31,131,0.19135802469135801,-61.317870641975304
5890.000000082145,36,126,0.2222222222222222,-71.20784977777777
5900.000000082363,29,133,0.17901234567901234,-57.36187898765432
5910.000000082581,32,130,0.19753086419753085,-63.295866469135795
5920.0000000827995,29,133,0.17901234567901234,-57.36187898765432
5930.000000083018,30,132,0.18518518518518517,-59.33987481481481
5940.000000083236,25,137,0.15432098765432098,-49.44989567901234
5950.000000083454,30,132,0.18518518518518517,-59.33987481481481
5960.000000083673,31,131,0.19135802469135801,-61.317870641975304
5970.000000083891,29,133,0.17901234567901234,-57.36187898765432
5980.000000084109,31,131,0.19135802469135801,-61.317870641975304
5990.000000084327,30,132,0.18518518518518517,-59.33987481481481
6000.000000084546,27,135,0.16666666666666666,-53.405887333333325
6010.000000084764,25,137,0.15432098765432098,-49.44989567901234
6020.000000084982,31,131,0.19135802469135801,-61.317870641975304
6030.000000085201,27,135,0.16666666666666666,-53.405887333333325
6040.000000085419,31,131,0.19135802469135801,-61.317870641975304
6050.000000085637,30,132,0.18518518518518517,-59.33987481481481
6060.000000085855,30,132,0.18518518518518517,-59.33987481481481
6070.000000086074,32,130,0.19753086419753085,-63.295866469135795
6080.000000086292,30,132,0.18518518518518517,-59.33987481481481
6090.00000008651,35,127,0.21604938271604937,-69.22985395061728
6100.0000000867285,31,131,0.19135802469135801,-61.317870641975304
6110.000000086947,28,134,0.1728395061728395,-55.38388316049383
6120.000000087165,27,135,0.16666666666666666,-53.405887333333325
6130.000000087383,31,131,0.19135802469135801,-61.317870641975304
6140.000000087602,32,130,0.19753086419753085,-63.295866469135795
6150.00000008782,34,128,0.20987654320987653,-67.25185812345678
6160.000000088038,33,129,0.2037037037037037,-65.2738622962963
6170.0000000882565,34,128,0.20987654320987653,-67.25185812345678
6180.000000088475,32,130,0.19753086419753085,-63.295866469135795
6190.000000088693,30,132,0.18518518518518517,-59.33987481481481
6200.000000088911,31,131,0.19135802469135801,-61.317870641975304
6210.00000008913,29,133,0.17901234567901234,-57.36187898765432
6220.000000089348,33,129,0.2037037037037037,-65.2738622962963
6230.000000089566,32,130,0.19753086419753085,-63.295866469135795
6240.000000089784,36,126,0.2222222222222222,-71.20784977777777
6250.000000090003,32,130,0.19753086419753085,-63.295866469135795
6260.000000090221,31,131,0.19135802469135801,-61.317870641975304
6270.000000090439,33,129,0.2037037037037037,-65.2738622962963
6280.0000000906575,32,130,0.19753086419753085,-63.295866469135795
6290.000000090876,38,124,0.2345679012345679,-75.16384143209875
6300.000000091094,34,128,0.20987654320987653,-67.25185812345678
6310.000000091312,35,127,0.21604938271604937,-69.22985395061728
6320.000000091531,36,126,0.2222222222222222,-71.20784977777777
6330.000000091749,35,127,0.21604938271604937,-69.22985395061728
6340.000000091967,34,128,0.20987654320987653,-67.25185812345678
6350.0000000921855,34,128,0.20987654320987653,-67.25185812345678
6360.000000092404,32,130,0.19753086419753085,-63.295866469135795
6370.000000092622,34,128,0.20987654320987653,-67.25185812345678
6380.00000009284,33,129,0.2037037037037037,-65.2738622962963
6390.000000093059,30,132,0.18518518518518517,-59.33987481481481
6400.000000093277,36,126,0.2222222222222222,-71.20784977777777
6410.000000093495,35,127,0.21604938271604937,-69.22985395061728
6420.000000093713,32,130,0.19753086419753085,-63.295866469135795
6430.000000093932,36,126,0.2222222222222222,-71.20784977777777
6440.00000009415,35,127,0.21604938271604937,-69.22985395061728
6450.000000094368,33,129,0.2037037037037037,-65.2738622962963
6460.0000000945865,30,132,0.18518518518518517,-59.33987481481481
6470.000000094805,29,133,0.17901234567901234,-57.36187898765432
6480.000000095023,25,137,0.15432098765432098,-49.44989567901234
6490.000000095241,28,134,0.1728395061728395,-55.38388316049383
6500.00000009546,29,133,0.17901234567901234,-57.36187898765432
6510.000000095678,25,137,0.15432098765432098,-49.44989567901234
6520.000000095896,28,134,0.1728395061728395,-55.38388316049383
6530.0000000961145,28,134,0.1728395061728395,-55.38388316049383
6540.000000096333,28,134,0.1728395061728395,-55.38388316049383
6550.000000096551,28,134,0.1728395061728395,-55.38388316049383
6560.000000096769,27,135,0.16666666666666666,-53.405887333333325
6570.000000096988,29,133,0.17901234567901234,-57.36187898765432
6580.000000097206,28,134,0.1728395061728395,-55.38388316049383
6590.000000097424,29,133,0.17901234567901234,-57.36187898765432
6600.000000097642,28,134,0.1728395061728395,-55.38388316049383
6610.000000097861,28,134,0.1728395061728395,-55.38388316049383
6620.000000098079,28,134,0.1728395061728395,-55.38388316049383
6630.000000098297,30,132,0.18518518518518517,-59.33987481481481
6640.000000098516,31,131,0.19135802469135801,-61.317870641975304
6650.000000098734,29,133,0.17901234567901234,-57.36187898765432
6660.000000098952,29,133,0.17901234567901234,-57.36187898765432
6670.00000009917,30,132,0.18518518518518517,-59.33987481481481
6680.000000099389,33,129,0.2037037037037037,-65.2738622962963
6690.000000099607,32,130,0.19753086419753085,-63.295866469135795
6700.000000099825,31,131,0.19135802469135801,-61.317870641975304
6710.0000001000435,32,130,0.19753086419753085,-63.295866469135795
6720.000000100262,33,129,0.2037037037037037,-65.2738622962963
6730.00000010048,32,130,0.19753086419753085,-63.295866469135795
6740.000000100698,31,131,0.19135802469135801,-61.317870641975304
6750.000000100917,34,128,0.20987654320987653,-67.25185812345678
6760.000000101135,30,132,0.18518518518518517,-59.33987481481481
6770.000000101353,31,131,0.19135802469135801,-61.317870641975304
6780.0000001015715,32,130,0.19753086419753085,-63.295866469135795
6790.00000010179,28,134,0.1728395061728395,-55.38388316049383
6800.000000102008,26,136,0.16049382716049382,-51.42789150617284
6810.000000102226,28,134,0.1728395061728395,-55.38388316049383
6820.000000102445,26,136,0.16049382716049382,-51.42789150617284
6830.000000102663,30,132,0.18518518518518517,-59.33987481481481
6840.000000102881,27,135,0.16666666666666666,-53.405887333333325
6850.000000103099,28,134,0.1728395061728395,-55.38388316049383
6860.000000103318,29,133,0.17901234567901234,-57.36187898765432
6870.000000103536,28,134,0.1728395061728395,-55.38388316049383
6880.000000103754,30,132,0.18518518518518517,-59.33987481481481
6890.0000001039725,28,134,0.1728395061728395,-55.38388316049383
6900.000000104191,29,133,0.17901234567901234,-57.36187898765432
6910.000000104409,30,132,0.18518518518518517,-59.33987481481481
6920.000000104627,31,131,0.19135802469135801,-61.317870641975304
6930.000000104846,29,133,0.17901234567901234,-57.36187898765432
6940.000000105064,31,131,0.19135802469135801,-61.317870641975304
6950.000000105282,29,133,0.17901234567901234,-57.36187898765432
6960.0000001055005,31,131,0.19135802469135801,-61.317870641975304
6970.000000105719,30,132,0.18518518518518517,-59.33987481481481
6980.000000105937,27,135,0.16666666666666666,-53.405887333333325
6990.000000106155,31,131,0.19135802469135801,-61.317870641975304
7000.000000106374,31,131,0.19135802469135801,-61.317870641975304
7010.000000106592,32,130,0.19753086419753085,-63.295866469135795
7020.00000010681,28,134,0.1728395061728395,-55.38388316049383
7030.000000107028,26,136,0.16049382716049382,-51.42789150617284
7040.000000107247,32,130,0.19753086419753085,-63.295866469135795
7050.000000107465,29,133,0.17901234567901234,-57.36187898765432
7060.000000107683,28,134,0.1728395061728395,-55.38388316049383
7070.0000001079015,29,133,0.17901234567901234,-57.36187898765432
7080.00000010812,34,128,0.20987654320987653,-67.25185812345678
7090.000000108338,28,134,0.1728395061728395,-55.38388316049383
7100.000000108556,34,128,0.20987654320987653,-67.25185812345678
7110.000000108775,31,131,0.19135802469135801,-61.317870641975304
7120.000000108993,29,133,0.17901234567901234,-57.36187898765432
7130.000000109211,29,133,0.17901234567901234,-57.36187898765432
7140.0000001094295,31,131,0.19135802469135801,-61.317870641975304
7150.000000109648,30,132,0.18518518518518517,-59.33987481481481
7160.000000109866,30,132,0.18518518518518517,-59.33987481481481
7170.000000110084,33,129,0.2037037037037037,-65.2738622962963
7180.000000110303,32,130,0.19753086419753085,-63.295866469135795
7190.000000110521,33,129,0.2037037037037037,-65.2738622962963
7200.000000110739,33,129,0.2037037037037037,-65.2738622962963
7210.000000110957,35,127,0.21604938271604937,-69.22985395061728
7220.000000111176,30,132,0.18518518518518517,-59.33987481481481
7230.000000111394,30,132,0.18518518518518517,-59.33987481481481
7240.000000111612,29,133,0.17901234567901234,-57.36187898765432
7250.000000111831,32,130,0.19753086419753085,-63.295866469135795
7260.000000112049,29,133,0.17901234567901234,-57.36187898765432
7270.000000112267,29,133,0.17901234567901234,-57.36187898765432
7280.000000112485,30,132,0.18518518518518517,-59.33987481481481
7290.000000112704,30,132,0.18518518518518517,-59.33987481481481
7300.000000112922,30,132,0.18518518518518517,-59.33987481481481
7310.00000011314,30,132,0.18518518518518517,-59.33987481481481
7320.0000001133585,33,129,0.2037037037037037,-65.2738622962963
7330.000000113577,31,131,0.19135802469135801,-61.317870641975304
7340.000000113795,33,129,0.2037037037037037,-65.2738622962963
7350.000000114013,34,128,0.20987654320987653,-67.25185812345678
7360.000000114232,32,130,0.19753086419753085,-63.295866469135795
7370.00000011445,33,129,0.2037037037037037,-65.2738622962963
7380.000000114668,34,128,0.20987654320987653,-67.25185812345678
7390.0000001148865,35,127,0.21604938271604937,-69.22985395061728
7400.000000115105,31,131,0.19135802469135801,-61.317870641975304
7410.000000115323,36,126,0.2222222222222222,-71.20784977777777
7420.000000115541,33,129,0.2037037037037037,-65.2738622962963
7430.00000011576,37,125,0.22839506172839505,-73.18584560493828
7440.000000115978,35,127,0.21604938271604937,-69.22985395061728
7450.000000116196,34,128,0.20987654320987653,-67.25185812345678
7460.000000116414,33,129,0.2037037037037037,-65.2738622962963
7470.000000116633,35,127,0.21604938271604937,-69.22985395061728
7480.000000116851,34,128,0.20987654320987653,-67.25185812345678
7490.000000117069,35,127,0.21604938271604937,-69.22985395061728
7500.0000001172875,33,129,0.2037037037037037,-65.2738622962963
7510.000000117506,30,132,0.18518518518518517,-59.33987481481481
7520.000000117724,32,130,0.19753086419753085,-63.295866469135795
7530.000000117942,30,132,0.18518518518518517,-59.33987481481481
7540.000000118161,32,130,0.19753086419753085,-63.295866469135795
7550.000000118379,30,132,0.18518518518518517,-59.33987481481481
7560.000000118597,33,129,0.2037037037037037,-65.2738622962963
7570.0000001188155,33,129,0.2037037037037037,-65.2738622962963
7580.000000119034,33,129,0.2037037037037037,-65.2738622962963
7590.000000119252,29,133,0.17901234567901234,-57.36187898765432
7600.00000011947,33,129,0.2037037037037037,-65.2738622962963
7610.000000119689,30,132,0.18518518518518517,-59.33987481481481
7620.000000119907,32,130,0.19753086419753085,-63.295866469135795
7630.000000120125,31,131,0.19135802469135801,-61.317870641975304
7640.000000120343,32,130,0.19753086419753085,-63.295866469135795
7650.000000120562,35,127,0.21604938271604937,-69.22985395061728
7660.00000012078,33,129,0.2037037037037037,-65.2738622962963
7670.000000120998,35,127,0.21604938271604937,-69.22985395061728
7680.0000001212165,34,128,0.20987654320987653,-67.25185812345678
7690.000000121435,33,129,0.2037037037037037,-65.2738622962963
7700.000000121653,31,131,0.19135802469135801,-61.317870641975304
7710.000000121871,31,131,0.19135802469135801,-61.317870641975304
7720.00000012209,27,135,0.16666666666666666,-53.405887333333325
7730.000000122308,30,132,0.18518518518518517,-59.33987481481481
7740.000000122526,27,135,0.16666666666666666,-53.405887333333325
7750.0000001227445,29,133,0.17901234567901234,-57.36187898765432
7760.000000122963,27,135,0.16666666666666666,-53.405887333333325
7770.000000123181,33,129,0.2037037037037037,-65.2738622962963
7780.000000123399,30,132,0.18518518518518517,-59.33987481481481
7790.000000123618,28,134,0.1728395061728395,-55.38388316049383
7800.000000123836,31,131,0.19135802469135801,-61.317870641975304
7810.000000124054,30,132,0.18518518518518517,-59.33987481481481
7820.000000124272,26,136,0.16049382716049382,-51.42789150617284
7830.000000124491,29,133,0.17901234567901234,-57.36187898765432
7840.000000124709,29,133,0.17901234567901234,-57.36187898765432
7850.000000124927,29,133,0.17901234567901234,-57.36187898765432
7860.000000125146,27,135,0.16666666666666666,-53.405887333333325
7870.000000125364,27,135,0.16666666666666666,-53.405887333333325
7880.000000125582,28,134,0.1728395061728395,-55.38388316049383
7890.0000001258,28,134,0.1728395061728395,-55.38388316049383
7900.000000126019,27,135,0.16666666666666666,-53.405887333333325
7910.000000126237,31,131,0.19135802469135801,-61.317870641975304
7920.000000126455,26,136,0.16049382716049382,-51.42789150617284
7930.0000001266735,30,132,0.18518518518518517,-59.33987481481481
7940.000000126892,30,132,0.18518518518518517,-59.33987481481481
7950.00000012711,31,131,0.19135802469135801,-61.317870641975304
7960.000000127328,30,132,0.18518518518518517,-59.33987481481481
7970.000000127547,32,130,0.19753086419753085,-63.295866469135795
7980.000000127765,33,129,0.2037037037037037,-65.2738622962963
7990.000000127983,28,134,0.1728395061728395,-55.38388316049383
8000.0000001282015,31,131,0.19135802469135801,-61.317870641975304
8010.00000012842,32,130,0.19753086419753085,-63.295866469135795
8020.000000128638,34,128,0.20987654320987653,-67.25185812345678
8030.000000128856,28,134,0.1728395061728395,-55.38388316049383
8040.000000129075,33,129,0.2037037037037037,-65.2738622962963
8050.000000129293,34,128,0.20987654320987653,-67.25185812345678
8060.000000129511,30,132,0.18518518518518517,-59.33987481481481
8070.000000129729,31,131,0.19135802469135801,-61.317870641975304
8080.000000129948,29,133,0.17901234567901234,-57.36187898765432
8090.000000130166,27,135,0.16666666666666666,-53.405887333333325
8100.000000130384,28,134,0.1728395061728395,-55.38388316049383
8110.0000001306025,28,134,0.1728395061728395,-55.38388316049383
8120.000000130821,29,133,0.17901234567901234,-57.36187898765432
8130.000000131039,33,129,0.2037037037037037,-65.2738622962963
8140.000000131257,34,128,0.20987654320987653,-67.25185812345678
8150.000000131476,30,132,0.18518518518518517,-59.33987481481481
8160.000000131694,31,131,0.19135802469135801,-61.317870641975304
8170.000000131912,33,129,0.2037037037037037,-65.2738622962963
8180.0000001321305,28,134,0.1728395061728395,-55.38388316049383
8190.000000132349,35,127,0.21604938271604937,-69.22985395061728
8200.000000132566,31,131,0.19135802469135801,-61.317870641975304
8210.000000132784,29,133,0.17901234567901234,-57.36187898765432
8220.000000133003,30,132,0.18518518518518517,-59.33987481481481
8230.000000133221,32,130,0.19753086419753085,-63.295866469135795
8240.00000013344,29,133,0.17901234567901234,-57.36187898765432
8250.000000133658,31,131,0.19135802469135801,-61.317870641975304
8260.000000133876,32,130,0.19753086419753085,-63.295866469135795
8270.000000134094,32,130,0.19753086419753085,-63.295866469135795
8280.000000134312,30,132,0.18518518518518517,-59.33987481481481
8290.00000013453,32,130,0.19753086419753085,-63.295866469135795
8300.000000134749,29,133,0.17901234567901234,-57.36187898765432
8310.000000134967,30,132,0.18518518518518517,-59.33987481481481
8320.000000135185,30,132,0.18518518518518517,-59.33987481481481
8330.000000135404,29,133,0.17901234567901234,-57.36187898765432
8340.000000135622,31,131,0.19135802469135801,-61.317870641975304
8350.00000013584,33,129,0.2037037037037037,-65.2738622962963
8360.000000136059,32,130,0.19753086419753085,-63.295866469135795
8370.000000136277,27,135,0.16666666666666666,-53.405887333333325
8380.000000136495,30,132,0.18518518518518517,-59.33987481481481
8390.000000136713,29,133,0.17901234567901234,-57.36187898765432
8400.000000136932,31,131,0.19135802469135801,-61.317870641975304
8410.00000013715,31,131,0.19135802469135801,-61.317870641975304
8420.000000137368,32,130,0.19753086419753085,-63.295866469135795
8430.000000137587,31,131,0.19135802469135801,-61.317870641975304
8440.000000137805,34,128,0.20987654320987653,-67.25185812345678
8450.000000138023,32,130,0.19753086419753085,-63.295866469135795
8460.000000138241,27,135,0.16666666666666666,-53.405887333333325
8470.00000013846,29,133,0.17901234567901234,-57.36187898765432
8480.000000138678,33,129,0.2037037037037037,-65.2738622962963
8490.000000138896,33,129,0.2037037037037037,-65.2738622962963
8500.000000139114,32,130,0.19753086419753085,-63.295866469135795
8510.000000139333,35,127,0.21604938271604937,-69.22985395061728
8520.000000139551,36,126,0.2222222222222222,-71.20784977777777
8530.00000013977,30,132,0.18518518518518517,-59.33987481481481
8540.000000139988,31,131,0.19135802469135801,-61.317870641975304
8550.000000140206,38,124,0.2345679012345679,-75.16384143209875
8560.000000140424,37,125,0.22839506172839505,-73.18584560493828
8570.000000140642,34,128,0.20987654320987653,-67.25185812345678
8580.00000014086,32,130,0.19753086419753085,-63.295866469135795
8590.000000141079,30,132,0.18518518518518517,-59.33987481481481
8600.000000141297,31,131,0.19135802469135801,-61.317870641975304
8610.000000141516,31,131,0.19135802469135801,-61.317870641975304
8620.000000141734,33,129,0.2037037037037037,-65.2738622962963
8630.000000141952,31,131,0.19135802469135801,-61.317870641975304
8640.00000014217,29,133,0.17901234567901234,-57.36187898765432
8650.000000142389,30,132,0.18518518518518517,-59.33987481481481
8660.000000142607,28,134,0.1728395061728395,-55.38388316049383
8670.000000142825,28,134,0.1728395061728395,-55.38388316049383
8680.000000143044,27,135,0.16666666666666666,-53.405887333333325
8690.000000143262,29,133,0.17901234567901234,-57.36187898765432
8700.00000014348,23,139,0.1419753086419753,-45.49390402469136
8710.000000143698,28,134,0.1728395061728395,-55.38388316049383
8720.000000143917,29,133,0.17901234567901234,-57.36187898765432
8730.000000144135,25,137,0.15432098765432098,-49.44989567901234
8740.000000144353,25,137,0.15432098765432098,-49.44989567901234
8750.000000144571,26,136,0.16049382716049382,-51.42789150617284
8760.00000014479,25,137,0.15432098765432098,-49.44989567901234
8770.000000145008,25,137,0.15432098765432098,-49.44989567901234
8780.000000145226,25,137,0.15432098765432098,-49.44989567901234
8790.000000145445,30,132,0.18518518518518517,-59.33987481481481
8800.000000145663,25,137,0.15432098765432098,-49.44989567901234
8810.000000145881,28,134,0.1728395061728395,-55.38388316049383
8820.0000001461,27,135,0.16666666666666666,-53.405887333333325
8830.000000146318,30,132,0.18518518518518517,-59.33987481481481
8840.000000146536,31,131,0.19135802469135801,-61.317870641975304
8850.000000146754,25,137,0.15432098765432098,-49.44989567901234
8860.000000146973,27,135,0.16666666666666666,-53.405887333333325
8870.00000014719,29,133,0.17901234567901234,-57.36187898765432
8880.000000147409,32,130,0.19753086419753085,-63.295866469135795
8890.000000147627,30,132,0.18518518518518517,-59.33987481481481
8900.000000147846,30,132,0.18518518518518517,-59.33987481481481
8910.000000148064,30,132,0.18518518518518517,-59.33987481481481
8920.000000148282,29,133,0.17901234567901234,-57.36187898765432
8930.0000001485,31,131,0.19135802469135801,-61.317870641975304
8940.000000148719,33,129,0.2037037037037037,-65.2738622962963
8950.000000148937,30,132,0.18518518518518517,-59.33987481481481
8960.000000149155,29,133,0.17901234567901234,-57.36187898765432
8970.000000149374,29,133,0.17901234567901234,-57.36187898765432
8980.000000149592,29,133,0.17901234567901234,-57.36187898765432
8990.00000014981,27,135,0.16666666666666666,-53.405887333333325
9000.000000150028,27,135,0.16666666666666666,-53.405887333333325
9010.000000150247,28,134,0.1728395061728395,-55.38388316049383
9020.000000150465,30,132,0.18518518518518517,-59.33987481481481
9030.000000150683,29,133,0.17901234567901234,-57.36187898765432
9040.000000150902,33,129,0.2037037037037037,-65.2738622962963
9050.00000015112,31,131,0.19135802469135801,-61.317870641975304
9060.000000151338,31,131,0.19135802469135801,-61.317870641975304
9070.000000151556,32,130,0.19753086419753085,-63.295866469135795
9080.000000151775,30,132,0.18518518518518517,-59.33987481481481
9090.000000151993,33,129,0.2037037037037037,-65.2738622962963
9100.000000152211,33,129,0.2037037037037037,-65.2738622962963
9110.00000015243,27,135,0.16666666666666666,-53.405887333333325
9120.000000152648,29,133,0.17901234567901234,-57.36187898765432
9130.000000152866,31,131,0.19135802469135801,-61.317870641975304
9140.000000153084,32,130,0.19753086419753085,-63.295866469135795
9150.000000153303,34,128,0.20987654320987653,-67.25185812345678
9160.00000015352,32,130,0.19753086419753085,-63.295866469135795
9170.00000015374,30,132,0.18518518518518517,-59.33987481481481
9180.000000153957,34,128,0.20987654320987653,-67.25185812345678
9190.000000154176,34,128,0.20987654320987653,-67.25185812345678
9200.000000154394,33,129,0.2037037037037037,-65.2738622962963
9210.000000154612,29,133,0.17901234567901234,-57.36187898765432
9220.00000015483,30,132,0.18518518518518517,-59.33987481481481
9230.000000155049,31,131,0.19135802469135801,-61.317870641975304
9240.000000155267,28,134,0.1728395061728395,-55.38388316049383
9250.000000155485,27,135,0.16666666666666666,-53.405887333333325
9260.000000155704,28,134,0.1728395061728395,-55.38388316049383
9270.000000155922,30,132,0.18518518518518517,-59.33987481481481
9280.00000015614,27,135,0.16666666666666666,-53.405887333333325
9290.000000156359,31,131,0.19135802469135801,-61.317870641975304
9300.000000156577,33,129,0.2037037037037037,-65.2738622962963
9310.000000156795,32,130,0.19753086419753085,-63.295866469135795
9320.000000157013,26,136,0.16049382716049382,-51.42789150617284
9330.000000157232,32,130,0.19753086419753085,-63.295866469135795
9340.00000015745,29,133,0.17901234567901234,-57.36187898765432
9350.000000157668,29,133,0.17901234567901234,-57.36187898765432
9360.000000157886,28,134,0.1728395061728395,-55.38388316049383
9370.000000158105,32,130,0.19753086419753085,-63.295866469135795
9380.000000158323,30,132,0.18518518518518517,-59.33987481481481
9390.000000158541,31,131,0.19135802469135801,-61.317870641975304
9400.00000015876,27,135,0.16666666666666666,-53.405887333333325
9410.000000158978,27,135,0.16666666666666666,-53.405887333333325
9420.000000159196,26,136,0.16049382716049382,-51.42789150617284
9430.000000159414,30,132,0.18518518518518517,-59.33987481481481
9440.000000159633,28,134,0.1728395061728395,-55.38388316049383
9450.000000159851,28,134,0.1728395061728395,-55.38388316049383
9460.00000016007,30,132,0.18518518518518517,-59.33987481481481
9470.000000160288,29,133,0.17901234567901234,-57.36187898765432
9480.000000160506,29,133,0.17901234567901234,-57.36187898765432
9490.000000160724,29,133,0.17901234567901234,-57.36187898765432
9500.000000160942,30,132,0.18518518518518517,-59.33987481481481
9510.00000016116,33,129,0.2037037037037037,-65.2738622962963
9520.000000161379,30,132,0.18518518518518517,-59.33987481481481
9530.000000161597,28,134,0.1728395061728395,-55.38388316049383
9540.000000161815,29,133,0.17901234567901234,-57.36187898765432
9550.000000162034,36,126,0.2222222222222222,-71.20784977777777
9560.000000162252,31,131,0.19135802469135801,-61.317870641975304
9570.00000016247,31,131,0.19135802469135801,-61.317870641975304
9580.000000162689,29,133,0.17901234567901234,-57.36187898765432
9590.000000162907,31,131,0.19135802469135801,-61.317870641975304
9600.000000163125,30,132,0.18518518518518517,-59.33987481481481
9610.000000163343,33,129,0.2037037037037037,-65.2738622962963
9620.000000163562,35,127,0.21604938271604937,-69.22985395061728
9630.00000016378,32,130,0.19753086419753085,-63.295866469135795
9640.000000163998,30,132,0.18518518518518517,-59.33987481481481
9650.000000164217,34,128,0.20987654320987653,-67.25185812345678
9660.000000164435,31,131,0.19135802469135801,-61.317870641975304
9670.000000164653,32,130,0.19753086419753085,-63.295866469135795
9680.000000164871,33,129,0.2037037037037037,-65.2738622962963
9690.00000016509,36,126,0.2222222222222222,-71.20784977777777
9700.000000165308,36,126,0.2222222222222222,-71.20784977777777
9710.000000165526,32,130,0.19753086419753085,-63.295866469135795
9720.000000165744,35,127,0.21604938271604937,-69.22985395061728
9730.000000165963,36,126,0.2222222222222222,-71.20784977777777
9740.000000166181,36,126,0.2222222222222222,-71.20784977777777
9750.0000001664,35,127,0.21604938271604937,-69.22985395061728
9760.000000166618,37,125,0.22839506172839505,-73.18584560493828
9770.000000166836,32,130,0.19753086419753085,-63.295866469135795
9780.000000167054,34,128,0.20987654320987653,-67.25185812345678
9790.000000167272,35,127,0.21604938271604937,-69.22985395061728
9800.00000016749,35,127,0.21604938271604937,-69.22985395061728
9810.000000167709,34,128,0.20987654320987653,-67.25185812345678
9820.000000167927,34,128,0.20987654320987653,-67.25185812345678
9830.000000168146,29,133,0.17901234567901234,-57.36187898765432
9840.000000168364,37,125,0.22839506172839505,-73.18584560493828
9850.000000168582,31,131,0.19135802469135801,-61.317870641975304
9860.0000001688,28,134,0.1728395061728395,-55.38388316049383
9870.000000169019,34,128,0.20987654320987653,-67.25185812345678
9880.000000169237,31,131,0.19135802469135801,-61.317870641975304
9890.000000169455,32,130,0.19753086419753085,-63.295866469135795
9900.000000169674,33,129,0.2037037037037037,-65.2738622962963
9910.000000169892,32,130,0.19753086419753085,-63.295866469135795
9920.00000017011,31,131,0.19135802469135801,-61.317870641975304
9930.000000170328,31,131,0.19135802469135801,-61.317870641975304
9940.000000170547,32,130,0.19753086419753085,-63.295866469135795
9950.000000170765,29,133,0.17901234567901234,-57.36187898765432
9960.000000170983,30,132,0.18518518518518517,-59.33987481481481
9970.000000171201,32,130,0.19753086419753085,-63.295866469135795
9980.00000017142,31,131,0.19135802469135801,-61.317870641975304
9990.000000171638,31,131,0.19135802469135801,-61.317870641975304
10000.000000171856,31,131,0.19135802469135801,-61.317870641975304
10010.000000172075,27,135,0.16666666666666666,-53.405887333333325
10020.000000172293,32,130,0.19753086419753085,-63.295866469135795
10030.000000172511,29,133,0.17901234567901234,-57.36187898765432
10040.00000017273,32,130,0.19753086419753085,-63.295866469135795
10050.000000172948,29,133,0.17901234567901234,-57.36187898765432
10060.000000173166,34,128,0.20987654320987653,-67.25185812345678
10070.000000173384,29,133,0.17901234567901234,-57.36187898765432
10080.000000173603,32,130,0.19753086419753085,-63.295866469135795
10090.00000017382,30,132,0.18518518518518517,-59.33987481481481
10100.000000174039,31,131,0.19135802469135801,-61.317870641975304
10110.000000174257,30,132,0.18518518518518517,-59.33987481481481
10120.000000174476,31,131,0.19135802469135801,-61.317870641975304
10130.000000174694,29,133,0.17901234567901234,-57.36187898765432
10140.000000174912,29,133,0.17901234567901234,-57.36187898765432
10150.00000017513,30,132,0.18518518518518517,-59.33987481481481
10160.000000175349,30,132,0.18518518518518517,-59.33987481481481
10170.000000175567,30,132,0.18518518518518517,-59.33987481481481
10180.000000175785,32,130,0.19753086419753085,-63.295866469135795
10190.000000176004,28,134,0.1728395061728395,-55.38388316049383
10200.000000176222,33,129,0.2037037037037037,-65.2738622962963
10210.00000017644,32,130,0.19753086419753085,-63.295866469135795
10220.000000176658,30,132,0.18518518518518517,-59.33987481481481
10230.000000176877,32,130,0.19753086419753085,-63.295866469135795
10240.000000177095,32,130,0.19753086419753085,-63.295866469135795
10250.000000177313,28,134,0.1728395061728395,-55.38388316049383
10260.000000177532,26,136,0.16049382716049382,-51.42789150617284
10270.00000017775,24,138,0.14814814814814814,-47.47189985185185
10280.000000177968,31,131,0.19135802469135801,-61.317870641975304
10290.000000178186,27,135,0.16666666666666666,-53.405887333333325
10300.000000178405,29,133,0.17901234567901234,-57.36187898765432
10310.000000178623,32,130,0.19753086419753085,-63.295866469135795
10320.000000178841,27,135,0.16666666666666666,-53.405887333333325
10330.00000017906,32,130,0.19753086419753085,-63.295866469135795
10340.000000179278,33,129,0.2037037037037037,-65.2738622962963
10350.000000179496,30,132,0.18518518518518517,-59.33987481481481
10360.000000179714,34,128,0.20987654320987653,-67.25185812345678
10370.000000179933,31,131,0.19135802469135801,-61.317870641975304
10380.00000018015,32,130,0.19753086419753085,-63.295866469135795
10390.00000018037,30,132,0.18518518518518517,-59.33987481481481
10400.000000180587,35,127,0.21604938271604937,-69.22985395061728
10410.000000180806,34,128,0.20987654320987653,-67.25185812345678
10420.000000181024,34,128,0.20987654320987653,-67.25185812345678
10430.000000181242,35,127,0.21604938271604937,-69.22985395061728
10440.00000018146,30,132,0.18518518518518517,-59.33987481481481
10450.000000181679,31,131,0.19135802469135801,-61.317870641975304
10460.000000181897,33,129,0.2037037037037037,-65.2738622962963
10470.000000182115,32,130,0.19753086419753085,-63.295866469135795
10480.000000182334,32,130,0.19753086419753085,-63.295866469135795
10490.000000182552,34,128,0.20987654320987653,-67.25185812345678
10500.00000018277,34,128,0.20987654320987653,-67.25185812345678
10510.000000182989,33,129,0.2037037037037037,-65.2738622962963
10520.000000183207,29,133,0.17901234567901234,-57.36187898765432
10530.000000183425,35,127,0.21604938271604937,-69.22985395061728
10540.000000183643,33,129,0.2037037037037037,-65.2738622962963
10550.000000183862,34,128,0.20987654320987653,-67.25185812345678
10560.00000018408,34,128,0.20987654320987653,-67.25185812345678
10570.000000184298,34,128,0.20987654320987653,-67.25185812345678
10580.000000184516,33,129,0.2037037037037037,-65.2738622962963
10590.000000184735,32,130,0.19753086419753085,-63.295866469135795
10600.000000184953,32,130,0.19753086419753085,-63.295866469135795
10610.000000185171,33,129,0.2037037037037037,-65.2738622962963
10620.00000018539,33,129,0.2037037037037037,-65.2738622962963
10630.000000185608,28,134,0.1728395061728395,-55.38388316049383
10640.000000185826,32,130,0.19753086419753085,-63.295866469135795
10650.000000186044,30,132,0.18518518518518517,-59.33987481481481
10660.000000186263,32,130,0.19753086419753085,-63.295866469135795
10670.000000186481,31,131,0.19135802469135801,-61.317870641975304
10680.0000001867,32,130,0.19753086419753085,-63.295866469135795
10690.000000186918,30,132,0.18518518518518517,-59.33987481481481
10700.000000187136,33,129,0.2037037037037037,-65.2738622962963
10710.000000187354,36,126,0.2222222222222222,-71.20784977777777
10720.000000187572,32,130,0.19753086419753085,-63.295866469135795
10730.00000018779,34,128,0.20987654320987653,-67.25185812345678
10740.000000188009,29,133,0.17901234567901234,-57.36187898765432
10750.000000188227,30,132,0.18518518518518517,-59.33987481481481
10760.000000188445,30,132,0.18518518518518517,-59.33987481481481
10770.000000188664,33,129,0.2037037037037037,-65.2738622962963
10780.000000188882,31,131,0.19135802469135801,-61.317870641975304
10790.0000001891,31,131,0.19135802469135801,-61.317870641975304
10800.000000189319,30,132,0.18518518518518517,-59.33987481481481
10810.000000189537,30,132,0.18518518518518517,-59.33987481481481
10820.000000189755,31,131,0.19135802469135801,-61.317870641975304
10830.000000189973,32,130,0.19753086419753085,-63.295866469135795
10840.000000190192,29,133,0.17901234567901234,-57.36187898765432
10850.00000019041,28,134,0.1728395061728395,-55.38388316049383
10860.000000190628,31,131,0.19135802469135801,-61.317870641975304
10870.000000190847,30,132,0.18518518518518517,-59.33987481481481
10880.000000191065,31,131,0.19135802469135801,-61.317870641975304
10890.000000191283,29,133,0.17901234567901234,-57.36187898765432
10900.000000191501,26,136,0.16049382716049382,-51.42789150617284
10910.00000019172,29,133,0.17901234567901234,-57.36187898765432
10920.000000191938,29,133,0.17901234567901234,-57.36187898765432
10930.000000192156,30,132,0.18518518518518517,-59.33987481481481
10940.000000192375,31,131,0.19135802469135801,-61.317870641975304
10950.000000192593,26,136,0.16049382716049382,-51.42789150617284
10960.000000192811,30,132,0.18518518518518517,-59.33987481481481
10970.00000019303,30,132,0.18518518518518517,-59.33987481481481
10980.000000193248,27,135,0.16666666666666666,-53.405887333333325
10990.000000193466,26,136,0.16049382716049382,-51.42789150617284
11000.000000193684,28,134,0.1728395061728395,-55.38388316049383
11010.000000193902,29,133,0.17901234567901234,-57.36187898765432
11020.00000019412,34,128,0.20987654320987653,-67.25185812345678
11030.000000194339,33,129,0.2037037037037037,-65.2738622962963
11040.000000194557,32,130,0.19753086419753085,-63.295866469135795
11050.000000194776,32,130,0.19753086419753085,-63.295866469135795
11060.000000194994,30,132,0.18518518518518517,-59.33987481481481
11070.000000195212,33,129,0.2037037037037037,-65.2738622962963
11080.00000019543,31,131,0.19135802469135801,-61.317870641975304
11090.000000195649,33,129,0.2037037037037037,-65.2738622962963
11100.000000195867,32,130,0.19753086419753085,-63.295866469135795
11110.000000196085,32,130,0.19753086419753085,-63.295866469135795
11120.000000196304,35,127,0.21604938271604937,-69.22985395061728
11130.000000196522,31,131,0.19135802469135801,-61.317870641975304
11140.00000019674,33,129,0.2037037037037037,-65.2738622962963
11150.000000196958,30,132,0.18518518518518517,-59.33987481481481
11160.000000197177,28,134,0.1728395061728395,-55.38388316049383
11170.000000197395,29,133,0.17901234567901234,-57.36187898765432
11180.000000197613,30,132,0.18518518518518517,-59.33987481481481
11190.000000197831,29,133,0.17901234567901234,-57.36187898765432
11200.00000019805,30,132,0.18518518518518517,-59.33987481481481
11210.000000198268,26,136,0.16049382716049382,-51.42789150617284
11220.000000198486,28,134,0.1728395061728395,-55.38388316049383
11230.000000198705,31,131,0.19135802469135801,-61.317870641975304
11240.000000198923,30,132,0.18518518518518517,-59.33987481481481
11250.000000199141,28,134,0.1728395061728395,-55.38388316049383
11260.00000019936,30,132,0.18518518518518517,-59.33987481481481
11270.000000199578,32,130,0.19753086419753085,-63.295866469135795
11280.000000199796,28,134,0.1728395061728395,-55.38388316049383
11290.000000200014,31,131,0.19135802469135801,-61.317870641975304
11300.000000200233,28,134,0.1728395061728395,-55.38388316049383
11310.00000020045,30,132,0.18518518518518517,-59.33987481481481
11320.00000020067,31,131,0.19135802469135801,-61.317870641975304
11330.000000200887,29,133,0.17901234567901234,-57.36187898765432
11340.000000201106,28,134,0.1728395061728395,-55.38388316049383
11350.000000201324,27,135,0.16666666666666666,-53.405887333333325
11360.000000201542,28,134,0.1728395061728395,-55.38388316049383
11370.00000020176,28,134,0.1728395061728395,-55.38388316049383
11380.000000201979,27,135,0.16666666666666666,-53.405887333333325
11390.000000202197,25,137,0.15432098765432098,-49.44989567901234
11400.000000202415,27,135,0.16666666666666666,-53.405887333333325
11410.000000202634,31,131,0.19135802469135801,-61.317870641975304
11420.000000202852,27,135,0.16666666666666666,-53.405887333333325
11430.00000020307,26,136,0.16049382716049382,-51.42789150617284
11440.000000203288,29,133,0.17901234567901234,-57.36187898765432
11450.000000203507,30,132,0.18518518518518517,-59.33987481481481
11460.000000203725,25,137,0.15432098765432098,-49.44989567901234
11470.000000203943,29,133,0.17901234567901234,-57.36187898765432
11480.000000204162,27,135,0.16666666666666666,-53.405887333333325
11490.00000020438,26,136,0.16049382716049382,-51.42789150617284
11500.000000204598,25,137,0.15432098765432098,-49.44989567901234
11510.000000204816,26,136,0.16049382716049382,-51.42789150617284
11520.000000205035,27,135,0.16666666666666666,-53.405887333333325
11530.000000205253,25,137,0.15432098765432098,-49.44989567901234
11540.000000205471,30,132,0.18518518518518517,-59.33987481481481
11550.00000020569,30,132,0.18518518518518517,-59.33987481481481
11560.000000205908,28,134,0.1728395061728395,-55.38388316049383
11570.000000206126,32,130,0.19753086419753085,-63.295866469135795
11580.000000206344,31,131,0.19135802469135801,-61.317870641975304
11590.000000206563,28,134,0.1728395061728395,-55.38388316049383
11600.00000020678,26,136,0.16049382716049382,-51.42789150617284
11610.000000207,27,135,0.16666666666666666,-53.405887333333325
11620.000000207217,29,133,0.17901234567901234,-57.36187898765432
11630.000000207436,26,136,0.16049382716049382,-51.42789150617284
11640.000000207654,27,135,0.16666666666666666,-53.405887333333325
11650.000000207872,34,128,0.20987654320987653,-67.25185812345678
11660.00000020809,28,134,0.1728395061728395,-55.38388316049383
11670.000000208309,28,134,0.1728395061728395,-55.38388316049383
11680.000000208527,29,133,0.17901234567901234,-57.36187898765432
11690.000000208745,30,132,0.18518518518518517,-59.33987481481481
11700.000000208964,27,135,0.16666666666666666,-53.405887333333325
11710.000000209182,31,131,0.19135802469135801,-61.317870641975304
11720.0000002094,35,127,0.21604938271604937,-69.22985395061728
11730.000000209619,31,131,0.19135802469135801,-61.317870641975304
11740.000000209837,34,128,0.20987654320987653,-67.25185812345678
11750.000000210055,31,131,0.19135802469135801,-61.317870641975304
11760.000000210273,30,132,0.18518518518518517,-59.33987481481481
11770.000000210492,32,130,0.19753086419753085,-63.295866469135795
11780.00000021071,32,130,0.19753086419753085,-63.295866469135795
11790.000000210928,31,131,0.19135802469135801,-61.317870641975304
11800.000000211146,29,133,0.17901234567901234,-57.36187898765432
11810.000000211365,29,133,0.17901234567901234,-57.36187898765432
11820.000000211583,29,133,0.17901234567901234,-57.36187898765432
11830.000000211801,27,135,0.16666666666666666,-53.405887333333325
11840.00000021202,34,128,0.20987654320987653,-67.25185812345678
11850.000000212238,33,129,0.2037037037037037,-65.2738622962963
11860.000000212456,30,132,0.18518518518518517,-59.33987481481481
11870.000000212674,29,133,0.17901234567901234,-57.36187898765432
11880.000000212893,29,133,0.17901234567901234,-57.36187898765432
11890.000000213111,29,133,0.17901234567901234,-57.36187898765432
11900.00000021333,33,129,0.2037037037037037,-65.2738622962963
11910.000000213548,30,132,0.18518518518518517,-59.33987481481481
11920.000000213766,30,132,0.18518518518518517,-59.33987481481481
11930.000000213984,32,130,0.19753086419753085,-63.295866469135795
11940.000000214202,33,129,0.2037037037037037,-65.2738622962963
11950.00000021442,32,130,0.19753086419753085,-63.295866469135795
11960.000000214639,32,130,0.19753086419753085,-63.295866469135795
11970.000000214857,31,131,0.19135802469135801,-61.317870641975304
11980.000000215075,36,126,0.2222222222222222,-71.20784977777777
11990.000000215294,32,130,0.19753086419753085,-63.295866469135795
12000.000000215512,32,130,0.19753086419753085,-63.295866469135795
12010.00000021573,32,130,0.19753086419753085,-63.295866469135795
12020.000000215949,33,129,0.2037037037037037,-65.2738622962963
12030.000000216167,31,131,0.19135802469135801,-61.317870641975304
12040.000000216385,37,125,0.22839506172839505,-73.18584560493828
12050.000000216603,34,128,0.20987654320987653,-67.25185812345678
12060.000000216822,37,125,0.22839506172839505,-73.18584560493828
12070.00000021704,34,128,0.20987654320987653,-67.25185812345678
12080.000000217258,31,131,0.19135802469135801,-61.317870641975304
12090.000000217477,30,132,0.18518518518518517,-59.33987481481481
12100.000000217695,29,133,0.17901234567901234,-57.36187898765432
12110.000000217913,30,132,0.18518518518518517,-59.33987481481481
12120.000000218131,29,133,0.17901234567901234,-57.36187898765432
12130.00000021835,30,132,0.18518518518518517,-59.33987481481481
12140.000000218568,31,131,0.19135802469135801,-61.317870641975304
12150.000000218786,27,135,0.16666666666666666,-53.405887333333325
12160.000000219005,29,133,0.17901234567901234,-57.36187898765432
12170.000000219223,31,131,0.19135802469135801,-61.317870641975304
12180.000000219441,30,132,0.18518518518518517,-59.33987481481481
12190.00000021966,33,129,0.2037037037037037,-65.2738622962963
12200.000000219878,26,136,0.16049382716049382,-51.42789150617284
12210.000000220096,31,131,0.19135802469135801,-61.317870641975304
12220.000000220314,29,133,0.17901234567901234,-57.36187898765432
12230.000000220532,31,131,0.19135802469135801,-61.317870641975304
12240.00000022075,29,133,0.17901234567901234,-57.36187898765432
12250.000000220969,32,130,0.19753086419753085,-63.295866469135795
12260.000000221187,29,133,0.17901234567901234,-57.36187898765432
12270.000000221406,30,132,0.18518518518518517,-59.33987481481481
12280.000000221624,31,131,0.19135802469135801,-61.317870641975304
12290.000000221842,31,131,0.19135802469135801,-61.317870641975304
12300.00000022206,34,128,0.20987654320987653,-67.25185812345678
12310.000000222279,34,128,0.20987654320987653,-67.25185812345678
12320.000000222497,30,132,0.18518518518518517,-59.33987481481481
12330.000000222715,29,133,0.17901234567901234,-57.36187898765432
12340.000000222934,31,131,0.19135802469135801,-61.317870641975304
12350.000000223152,34,128,0.20987654320987653,-67.25185812345678
12360.00000022337,32,130,0.19753086419753085,-63.295866469135795
12370.000000223588,29,133,0.17901234567901234,-57.36187898765432
12380.000000223807,34,128,0.20987654320987653,-67.25185812345678
12390.000000224025,32,130,0.19753086419753085,-63.295866469135795
12400.000000224243,33,129,0.2037037037037037,-65.2738622962963
12410.000000224461,34,128,0.20987654320987653,-67.25185812345678
12420.00000022468,36,126,0.2222222222222222,-71.20784977777777
12430.000000224898,33,129,0.2037037037037037,-65.2738622962963
12440.000000225116,32,130,0.19753086419753085,-63.295866469135795
12450.000000225335,32,130,0.19753086419753085,-63.295866469135795
12460.000000225553,34,128,0.20987654320987653,-67.25185812345678
12470.000000225771,33,129,0.2037037037037037,-65.2738622962963
12480.00000022599,31,131,0.19135802469135801,-61.317870641975304
12490.000000226208,34,128,0.20987654320987653,-67.25185812345678
12500.000000226426,34,128,0.20987654320987653,-67.25185812345678
12510.000000226644,32,130,0.19753086419753085,-63.295866469135795
12520.000000226863,32,130,0.19753086419753085,-63.295866469135795
12530.00000022708,31,131,0.19135802469135801,-61.317870641975304
12540.0000002273,31,131,0.19135802469135801,-61.317870641975304
12550.000000227517,34,128,0.20987654320987653,-67.25185812345678
12560.000000227736,35,127,0.21604938271604937,-69.22985395061728
12570.000000227954,32,130,0.19753086419753085,-63.295866469135795
12580.000000228172,36,126,0.2222222222222222,-71.20784977777777
12590.00000022839,30,132,0.18518518518518517,-59.33987481481481
12600.000000228609,35,127,0.21604938271604937,-69.22985395061728
12610.000000228827,35,127,0.21604938271604937,-69.22985395061728
12620.000000229045,35,127,0.21604938271604937,-69.22985395061728
12630.000000229264,34,128,0.20987654320987653,-67.25185812345678
12640.000000229482,33,129,0.2037037037037037,-65.2738622962963
12650.0000002297,34,128,0.20987654320987653,-67.25185812345678
12660.000000229918,31,131,0.19135802469135801,-61.317870641975304
12670.000000230137,32,130,0.19753086419753085,-63.295866469135795
12680.000000230355,36,126,0.2222222222222222,-71.20784977777777
12690.000000230573,31,131,0.19135802469135801,-61.317870641975304
12700.000000230792,32,130,0.19753086419753085,-63.295866469135795
12710.00000023101,31,131,0.19135802469135801,-61.317870641975304
12720.000000231228,33,129,0.2037037037037037,-65.2738622962963
12730.000000231446,36,126,0.2222222222222222,-71.20784977777777
12740.000000231665,33,129,0.2037037037037037,-65.2738622962963
12750.000000231883,32,130,0.19753086419753085,-63.295866469135795
12760.000000232101,31,131,0.19135802469135801,-61.317870641975304
12770.00000023232,33,129,0.2037037037037037,-65.2738622962963
12780.000000232538,34,128,0.20987654320987653,-67.25185812345678
12790.000000232756,31,131,0.19135802469135801,-61.317870641975304
12800.000000232974,27,135,0.16666666666666666,-53.405887333333325
12810.000000233193,35,127,0.21604938271604937,-69.22985395061728
12820.00000023341,33,129,0.2037037037037037,-65.2738622962963
12830.00000023363,29,133,0.17901234567901234,-57.36187898765432
12840.000000233847,30,132,0.18518518518518517,-59.33987481481481
12850.000000234066,32,130,0.19753086419753085,-63.295866469135795
12860.000000234284,30,132,0.18518518518518517,-59.33987481481481
12870.000000234502,31,131,0.19135802469135801,-61.317870641975304
12880.00000023472,32,130,0.19753086419753085,-63.295866469135795
12890.000000234939,32,130,0.19753086419753085,-63.295866469135795
12900.000000235157,28,134,0.1728395061728395,-55.38388316049383
12910.000000235375,31,131,0.19135802469135801,-61.317870641975304
12920.000000235594,31,131,0.19135802469135801,-61.317870641975304
12930.000000235812,30,132,0.18518518518518517,-59.33987481481481
12940.00000023603,31,131,0.19135802469135801,-61.317870641975304
12950.000000236249,29,133,0.17901234567901234,-57.36187898765432
12960.000000236467,32,130,0.19753086419753085,-63.295866469135795
12970.000000236685,31,131,0.19135802469135801,-61.317870641975304
12980.000000236903,34,128,0.20987654320987653,-67.25185812345678
12990.000000237122,33,129,0.2037037037037037,-65.2738622962963
13000.00000023734,33,129,0.2037037037037037,-65.2738622962963
13010.000000237558,32,130,0.19753086419753085,-63.295866469135795
13020.000000237776,34,128,0.20987654320987653,-67.25185812345678
13030.000000237995,33,129,0.2037037037037037,-65.2738622962963
13040.000000238213,35,127,0.21604938271604937,-69.22985395061728
13050.000000238431,31,131,0.19135802469135801,-61.317870641975304
13060.00000023865,32,130,0.19753086419753085,-63.295866469135795
13070.000000238868,32,130,0.19753086419753085,-63.295866469135795
13080.000000239086,30,132,0.18518518518518517,-59.33987481481481
13090.000000239304,34,128,0.20987654320987653,-67.25185812345678
13100.000000239523,28,134,0.1728395061728395,-55.38388316049383
13110.000000239741,34,128,0.20987654320987653,-67.25185812345678
13120.00000023996,32,130,0.19753086419753085,-63.295866469135795
13130.000000240178,34,128,0.20987654320987653,-67.25185812345678
13140.000000240396,31,131,0.19135802469135801,-61.317870641975304
13150.000000240614,32,130,0.19753086419753085,-63.295866469135795
13160.000000240832,32,130,0.19753086419753085,-63.295866469135795
13170.00000024105,27,135,0.16666666666666666,-53.405887333333325
13180.000000241269,31,131,0.19135802469135801,-61.317870641975304
13190.000000241487,30,132,0.18518518518518517,-59.33987481481481
13200.000000241705,32,130,0.19753086419753085,-63.295866469135795
13210.000000241924,33,129,0.2037037037037037,-65.2738622962963
13220.000000242142,32,130,0.19753086419753085,-63.295866469135795
13230.00000024236,32,130,0.19753086419753085,-63.295866469135795
13240.000000242579,33,129,0.2037037037037037,-65.2738622962963
13250.000000242797,32,130,0.19753086419753085,-63.295866469135795
13260.000000243015,33,129,0.2037037037037037,-65.2738622962963
13270.000000243233,37,125,0.22839506172839505,-73.18584560493828
13280.000000243452,36,126,0.2222222222222222,-71.20784977777777
13290.00000024367,32,130,0.19753086419753085,-63.295866469135795
13300.000000243888,30,132,0.18518518518518517,-59.33987481481481
13310.000000244107,34,128,0.20987654320987653,-67.25185812345678
13320.000000244325,36,126,0.2222222222222222,-71.20784977777777
13330.000000244543,32,130,0.19753086419753085,-63.295866469135795
13340.000000244761,33,129,0.2037037037037037,-65.2738622962963
13350.00000024498,32,130,0.19753086419753085,-63.295866469135795
13360.000000245198,33,129,0.2037037037037037,-65.2738622962963
13370.000000245416,32,130,0.19753086419753085,-63.295866469135795
13380.000000245635,31,131,0.19135802469135801,-61.317870641975304
13390.000000245853,32,130,0.19753086419753085,-63.295866469135795
13400.000000246071,31,131,0.19135802469135801,-61.317870641975304
13410.00000024629,30,132,0.18518518518518517,-59.33987481481481
13420.000000246508,34,128,0.20987654320987653,-67.25185812345678
13430.000000246726,30,132,0.18518518518518517,-59.33987481481481
13440.000000246944,32,130,0.19753086419753085,-63.295866469135795
13450.000000247162,33,129,0.2037037037037037,-65.2738622962963
13460.00000024738,33,129,0.2037037037037037,-65.2738622962963
13470.000000247599,35,127,0.21604938271604937,-69.22985395061728
13480.000000247817,33,129,0.2037037037037037,-65.2738622962963
13490.000000248036,31,131,0.19135802469135801,-61.317870641975304
13500.000000248254,31,131,0.19135802469135801,-61.317870641975304
13510.000000248472,29,133,0.17901234567901234,-57.36187898765432
13520.00000024869,32,130,0.19753086419753085,-63.295866469135795
13530.000000248909,28,134,0.1728395061728395,-55.38388316049383
13540.000000249127,25,137,0.15432098765432098,-49.44989567901234
13550.000000249345,27,135,0.16666666666666666,-53.405887333333325
13560.000000249564,27,135,0.16666666666666666,-53.405887333333325
13570.000000249782,26,136,0.16049382716049382,-51.42789150617284
13580.00000025,26,136,0.16049382716049382,-51.42789150617284
13590.000000250218,29,133,0.17901234567901234,-57.36187898765432
13600.000000250437,28,134,0.1728395061728395,-55.38388316049383
13610.000000250655,29,133,0.17901234567901234,-57.36187898765432
13620.000000250873,24,138,0.14814814814814814,-47.47189985185185
13630.000000251091,29,133,0.17901234567901234,-57.36187898765432
13640.00000025131,32,130,0.19753086419753085,-63.295866469135795
13650.000000251528,31,131,0.19135802469135801,-61.317870641975304
13660.000000251746,28,134,0.1728395061728395,-55.38388316049383
13670.000000251965,31,131,0.19135802469135801,-61.317870641975304
13680.000000252183,27,135,0.16666666666666666,-53.405887333333325
13690.000000252401,32,130,0.19753086419753085,-63.295866469135795
13700.00000025262,28,134,0.1728395061728395,-55.38388316049383
13710.000000252838,31,131,0.19135802469135801,-61.317870641975304
13720.000000253056,28,134,0.1728395061728395,-55.38388316049383
13730.000000253274,30,132,0.18518518518518517,-59.33987481481481
13740.000000253493,34,128,0.20987654320987653,-67.25185812345678
13750.00000025371,32,130,0.19753086419753085,-63.295866469135795
13760.00000025393,31,131,0.19135802469135801,-61.317870641975304
13770.000000254147,27,135,0.16666666666666666,-53.405887333333325
13780.000000254366,26,136,0.16049382716049382,-51.42789150617284
13790.000000254584,26,136,0.16049382716049382,-51.42789150617284
13800.000000254802,30,132,0.18518518518518517,-59.33987481481481
13810.00000025502,29,133,0.17901234567901234,-57.36187898765432
13820.000000255239,26,136,0.16049382716049382,-51.42789150617284
13830.000000255457,27,135,0.16666666666666666,-53.405887333333325
13840.000000255675,29,133,0.17901234567901234,-57.36187898765432
13850.000000255894,29,133,0.17901234567901234,-57.36187898765432
13860.000000256112,30,132,0.18518518518518517,-59.33987481481481
13870.00000025633,29,133,0.17901234567901234,-57.36187898765432
13880.000000256548,30,132,0.18518518518518517,-59.33987481481481
13890.000000256767,29,133,0.17901234567901234,-57.36187898765432
13900.000000256985,28,134,0.1728395061728395,-55.38388316049383
13910.000000257203,30,132,0.18518518518518517,-59.33987481481481
13920.000000257422,29,133,0.17901234567901234,-57.36187898765432
13930.00000025764,28,134,0.1728395061728395,-55.38388316049383
13940.000000257858,32,130,0.19753086419753085,-63.295866469135795
13950.000000258076,33,129,0.2037037037037037,-65.2738622962963
13960.000000258295,32,130,0.19753086419753085,-63.295866469135795
13970.000000258513,31,131,0.19135802469135801,-61.317870641975304
13980.000000258731,30,132,0.18518518518518517,-59.33987481481481
13990.00000025895,32,130,0.19753086419753085,-63.295866469135795
14000.000000259168,32,130,0.19753086419753085,-63.295866469135795
14010.000000259386,27,135,0.16666666666666666,-53.405887333333325
14020.000000259604,29,133,0.17901234567901234,-57.36187898765432
14030.000000259823,27,135,0.16666666666666666,-53.405887333333325
14040.00000026004,31,131,0.19135802469135801,-61.317870641975304
14050.00000026026,30,132,0.18518518518518517,-59.33987481481481
14060.000000260477,29,133,0.17901234567901234,-57.36187898765432
14070.000000260696,31,131,0.19135802469135801,-61.317870641975304
14080.000000260914,31,131,0.19135802469135801,-61.317870641975304
14090.000000261132,30,132,0.18518518518518517,-59.33987481481481
14100.00000026135,30,132,0.18518518518518517,-59.33987481481481
14110.000000261569,27,135,0.16666666666666666,-53.405887333333325
14120.000000261787,28,134,0.1728395061728395,-55.38388316049383
14130.000000262005,29,133,0.17901234567901234,-57.36187898765432
14140.000000262224,30,132,0.18518518518518517,-59.33987481481481
14150.000000262442,27,135,0.16666666666666666,-53.405887333333325
14160.00000026266,26,136,0.16049382716049382,-51.42789150617284
14170.000000262879,28,134,0.1728395061728395,-55.38388316049383
14180.000000263097,25,137,0.15432098765432098,-49.44989567901234
14190.000000263315,27,135,0.16666666666666666,-53.405887333333325
14200.000000263533,29,133,0.17901234567901234,-57.36187898765432
14210.000000263752,28,134,0.1728395061728395,-55.38388316049383
14220.00000026397,27,135,0.16666666666666666,-53.405887333333325
14230.000000264188,28,134,0.1728395061728395,-55.38388316049383
14240.000000264406,27,135,0.16666666666666666,-53.405887333333325
14250.000000264625,28,134,0.1728395061728395,-55.38388316049383
14260.000000264843,30,132,0.18518518518518517,-59.33987481481481
14270.000000265061,29,133,0.17901234567901234,-57.36187898765432
14280.00000026528,27,135,0.16666666666666666,-53.405887333333325
14290.000000265498,30,132,0.18518518518518517,-59.33987481481481
14300.000000265716,28,134,0.1728395061728395,-55.38388316049383
14310.000000265934,30,132,0.18518518518518517,-59.33987481481481
14320.000000266153,28,134,0.1728395061728395,-55.38388316049383
14330.000000266371,32,130,0.19753086419753085,-63.295866469135795
14340.00000026659,32,130,0.19753086419753085,-63.295866469135795
14350.000000266808,28,134,0.1728395061728395,-55.38388316049383
14360.000000267026,31,131,0.19135802469135801,-61.317870641975304
14370.000000267244,30,132,0.18518518518518517,-59.33987481481481
14380.000000267462,32,130,0.19753086419753085,-63.295866469135795
14390.00000026768,35,127,0.21604938271604937,-69.22985395061728
14400.000000267899,31,131,0.19135802469135801,-61.317870641975304
14410.000000268117,32,130,0.19753086419753085,-63.295866469135795
14420.000000268335,34,128,0.20987654320987653,-67.25185812345678
14430.000000268554,31,131,0.19135802469135801,-61.317870641975304
14440.000000268772,29,133,0.17901234567901234,-57.36187898765432
14450.00000026899,30,132,0.18518518518518517,-59.33987481481481
14460.000000269209,32,130,0.19753086419753085,-63.295866469135795
14470.000000269427,34,128,0.20987654320987653,-67.25185812345678
14480.000000269645,32,130,0.19753086419753085,-63.295866469135795
14490.000000269863,27,135,0.16666666666666666,-53.405887333333325
14500.000000270082,35,127,0.21604938271604937,-69.22985395061728
14510.0000002703,35,127,0.21604938271604937,-69.22985395061728
14520.000000270518,32,130,0.19753086419753085,-63.295866469135795
14530.000000270737,32,130,0.19753086419753085,-63.295866469135795
14540.000000270955,30,132,0.18518518518518517,-59.33987481481481
14550.000000271173,34,128,0.20987654320987653,-67.25185812345678
14560.000000271391,30,132,0.18518518518518517,-59.33987481481481
14570.00000027161,32,130,0.19753086419753085,-63.295866469135795
14580.000000271828,31,131,0.19135802469135801,-61.317870641975304
14590.000000272046,33,129,0.2037037037037037,-65.2738622962963
14600.000000272265,31,131,0.19135802469135801,-61.317870641975304
14610.000000272483,31,131,0.19135802469135801,-61.317870641975304
14620.000000272701,33,129,0.2037037037037037,-65.2738622962963
14630.00000027292,28,134,0.1728395061728395,-55.38388316049383
14640.000000273138,30,132,0.18518518518518517,-59.33987481481481
14650.000000273356,30,132,0.18518518518518517,-59.33987481481481
14660.000000273574,30,132,0.18518518518518517,-59.33987481481481
14670.000000273792,28,134,0.1728395061728395,-55.38388316049383
14680.00000027401,30,132,0.18518518518518517,-59.33987481481481
14690.000000274229,27,135,0.16666666666666666,-53.405887333333325
14700.000000274447,28,134,0.1728395061728395,-55.38388316049383
14710.000000274666,31,131,0.19135802469135801,-61.317870641975304
14720.000000274884,29,133,0.17901234567901234,-57.36187898765432
14730.000000275102,29,133,0.17901234567901234,-57.36187898765432
14740.00000027532,29,133,0.17901234567901234,-57.36187898765432
14750.000000275539,24,138,0.14814814814814814,-47.47189985185185
14760.000000275757,25,137,0.15432098765432098,-49.44989567901234
14770.000000275975,24,138,0.14814814814814814,-47.47189985185185
14780.000000276194,26,136,0.16049382716049382,-51.42789150617284
14790.000000276412,28,134,0.1728395061728395,-55.38388316049383
14800.00000027663,27,135,0.16666666666666666,-53.405887333333325
14810.000000276848,26,136,0.16049382716049382,-51.42789150617284
14820.000000277067,31,131,0.19135802469135801,-61.317870641975304
14830.000000277285,28,134,0.1728395061728395,-55.38388316049383
14840.000000277503,25,137,0.15432098765432098,-49.44989567901234
14850.000000277721,30,132,0.18518518518518517,-59.33987481481481
14860.00000027794,23,139,0.1419753086419753,-45.49390402469136
14870.000000278158,25,137,0.15432098765432098,-49.44989567901234
14880.000000278376,27,135,0.16666666666666666,-53.405887333333325
14890.000000278595,30,132,0.18518518518518517,-59.33987481481481
14900.000000278813,27,135,0.16666666666666666,-53.405887333333325
14910.000000279031,29,133,0.17901234567901234,-57.36187898765432
14920.00000027925,26,136,0.16049382716049382,-51.42789150617284
14930.000000279468,30,132,0.18518518518518517,-59.33987481481481
14940.000000279686,30,132,0.18518518518518517,-59.33987481481481
14950.000000279904,29,133,0.17901234567901234,-57.36187898765432
14960.000000280123,32,130,0.19753086419753085,-63.295866469135795
14970.00000028034,31,131,0.19135802469135801,-61.317870641975304
14980.00000028056,31,131,0.19135802469135801,-61.317870641975304
14990.000000280777,28,134,0.1728395061728395,-55.38388316049383
15000.000000280996,28,134,0.1728395061728395,-55.38388316049383
15010.000000281214,29,133,0.17901234567901234,-57.36187898765432
15020.000000281432,32,130,0.19753086419753085,-63.295866469135795
15030.00000028165,30,132,0.18518518518518517,-59.33987481481481
15040.000000281869,28,134,0.1728395061728395,-55.38388316049383
15050.000000282087,31,131,0.19135802469135801,-61.317870641975304
15060.000000282305,28,134,0.1728395061728395,-55.38388316049383
15070.000000282524,32,130,0.19753086419753085,-63.295866469135795
15080.000000282742,32,130,0.19753086419753085,-63.295866469135795
15090.00000028296,34,128,0.20987654320987653,-67.25185812345678
15100.000000283178,30,132,0.18518518518518517,-59.33987481481481
15110.000000283397,28,134,0.1728395061728395,-55.38388316049383
15120.000000283615,34,128,0.20987654320987653,-67.25185812345678
15130.000000283833,27,135,0.16666666666666666,-53.405887333333325
15140.000000284052,24,138,0.14814814814814814,-47.47189985185185
15150.00000028427,29,133,0.17901234567901234,-57.36187898765432
15160.000000284488,28,134,0.1728395061728395,-55.38388316049383
15170.000000284706,30,132,0.18518518518518517,-59.33987481481481
15180.000000284925,29,133,0.17901234567901234,-57.36187898765432
15190.000000285143,29,133,0.17901234567901234,-57.36187898765432
15200.000000285361,31,131,0.19135802469135801,-61.317870641975304
15210.00000028558,32,130,0.19753086419753085,-63.295866469135795
15220.000000285798,29,133,0.17901234567901234,-57.36187898765432
15230.000000286016,28,134,0.1728395061728395,-55.38388316049383
15240.000000286234,32,130,0.19753086419753085,-63.295866469135795
15250.000000286453,29,133,0.17901234567901234,-57.36187898765432
15260.000000286671,30,132,0.18518518518518517,-59.33987481481481
15270.00000028689,28,134,0.1728395061728395,-55.38388316049383
15280.000000287107,31,131,0.19135802469135801,-61.317870641975304
15290.000000287326,30,132,0.18518518518518517,-59.33987481481481
15300.000000287544,30,132,0.18518518518518517,-59.33987481481481
15310.000000287762,27,135,0.16666666666666666,-53.405887333333325
15320.00000028798,33,129,0.2037037037037037,-65.2738622962963
15330.000000288199,26,136,0.16049382716049382,-51.42789150617284
15340.000000288417,31,131,0.19135802469135801,-61.317870641975304
15350.000000288635,27,135,0.16666666666666666,-53.405887333333325
15360.000000288854,28,134,0.1728395061728395,-55.38388316049383
15370.000000289072,32,130,0.19753086419753085,-63.295866469135795
15380.00000028929,28,134,0.1728395061728395,-55.38388316049383
15390.000000289509,33,129,0.2037037037037037,-65.2738622962963
15400.000000289727,32,130,0.19753086419753085,-63.295866469135795
15410.000000289945,30,132,0.18518518518518517,-59.33987481481481
15420.000000290163,33,129,0.2037037037037037,-65.2738622962963
15430.000000290382,29,133,0.17901234567901234,-57.36187898765432
15440.0000002906,32,130,0.19753086419753085,-63.295866469135795
15450.000000290818,31,131,0.19135802469135801,-61.317870641975304
15460.000000291036,31,131,0.19135802469135801,-61.317870641975304
15470.000000291255,28,134,0.1728395061728395,-55.38388316049383
15480.000000291473,33,129,0.2037037037037037,-65.2738622962963
15490.000000291691,32,130,0.19753086419753085,-63.295866469135795
15500.00000029191,32,130,0.19753086419753085,-63.295866469135795
15510.000000292128,30,132,0.18518518518518517,-59.33987481481481
15520.000000292346,31,131,0.19135802469135801,-61.317870641975304
15530.000000292564,32,130,0.19753086419753085,-63.295866469135795
15540.000000292783,31,131,0.19135802469135801,-61.317870641975304
15550.000000293001,31,131,0.19135802469135801,-61.317870641975304
15560.00000029322,31,131,0.19135802469135801,-61.317870641975304
15570.000000293438,29,133,0.17901234567901234,-57.36187898765432
15580.000000293656,26,136,0.16049382716049382,-51.42789150617284
15590.000000293874,30,132,0.18518518518518517,-59.33987481481481
15600.000000294092,31,131,0.19135802469135801,-61.317870641975304
15610.00000029431,32,130,0.19753086419753085,-63.295866469135795
15620.000000294529,28,134,0.1728395061728395,-55.38388316049383
15630.000000294747,32,130,0.19753086419753085,-63.295866469135795
15640.000000294966,29,133,0.17901234567901234,-57.36187898765432
15650.000000295184,31,131,0.19135802469135801,-61.317870641975304
15660.000000295402,27,135,0.16666666666666666,-53.405887333333325
15670.00000029562,30,132,0.18518518518518517,-59.33987481481481
15680.000000295839,29,133,0.17901234567901234,-57.36187898765432
15690.000000296057,32,130,0.19753086419753085,-63.295866469135795
15700.000000296275,31,131,0.19135802469135801,-61.317870641975304
15710.000000296493,33,129,0.2037037037037037,-65.2738622962963
15720.000000296712,32,130,0.19753086419753085,-63.295866469135795
15730.00000029693,34,128,0.20987654320987653,-67.25185812345678
15740.000000297148,31,131,0.19135802469135801,-61.317870641975304
15750.000000297367,30,132,0.18518518518518517,-59.33987481481481
15760.000000297585,26,136,0.16049382716049382,-51.42789150617284
15770.000000297803,29,133,0.17901234567901234,-57.36187898765432
15780.000000298021,28,134,0.1728395061728395,-55.38388316049383
15790.00000029824,25,137,0.15432098765432098,-49.44989567901234
15800.000000298458,25,137,0.15432098765432098,-49.44989567901234
15810.000000298676,28,134,0.1728395061728395,-55.38388316049383
15820.000000298895,25,137,0.15432098765432098,-49.44989567901234
15830.000000299113,26,136,0.16049382716049382,-51.42789150617284
15840.000000299331,28,134,0.1728395061728395,-55.38388316049383
15850.00000029955,29,133,0.17901234567901234,-57.36187898765432
15860.000000299768,25,137,0.15432098765432098,-49.44989567901234
15870.000000299986,29,133,0.17901234567901234,-57.36187898765432
15880.000000300204,26,136,0.16049382716049382,-51.42789150617284
15890.000000300422,33,129,0.2037037037037037,-65.2738622962963
15900.00000030064,32,130,0.19753086419753085,-63.295866469135795
15910.000000300859,30,132,0.18518518518518517,-59.33987481481481
15920.000000301077,33,129,0.2037037037037037,-65.2738622962963
15930.000000301296,33,129,0.2037037037037037,-65.2738622962963
15940.000000301514,30,132,0.18518518518518517,-59.33987481481481
15950.000000301732,30,132,0.18518518518518517,-59.33987481481481
15960.00000030195,30,132,0.18518518518518517,-59.33987481481481
15970.000000302169,32,130,0.19753086419753085,-63.295866469135795
15980.000000302387,32,130,0.19753086419753085,-63.295866469135795
15990.000000302605,33,129,0.2037037037037037,-65.2738622962963
16000.000000302824,30,132,0.18518518518518517,-59.33987481481481
16010.000000303042,30,132,0.18518518518518517,-59.33987481481481
16020.00000030326,33,129,0.2037037037037037,-65.2738622962963
16030.000000303478,32,130,0.19753086419753085,-63.295866469135795
16040.000000303697,35,127,0.21604938271604937,-69.22985395061728
16050.000000303915,34,128,0.20987654320987653,-67.25185812345678
16060.000000304133,36,126,0.2222222222222222,-71.20784977777777
16070.000000304351,31,131,0.19135802469135801,-61.317870641975304
16080.00000030457,30,132,0.18518518518518517,-59.33987481481481
16090.000000304788,33,129,0.2037037037037037,-65.2738622962963
16100.000000305006,31,131,0.19135802469135801,-61.317870641975304
16110.000000305225,29,133,0.17901234567901234,-57.36187898765432
16120.000000305443,32,130,0.19753086419753085,-63.295866469135795
16130.000000305661,29,133,0.17901234567901234,-57.36187898765432
16140.00000030588,37,125,0.22839506172839505,-73.18584560493828
16150.000000306098,31,131,0.19135802469135801,-61.317870641975304
16160.000000306316,28,134,0.1728395061728395,-55.38388316049383
16170.000000306534,30,132,0.18518518518518517,-59.33987481481481
16180.000000306753,28,134,0.1728395061728395,-55.38388316049383
16190.00000030697,30,132,0.18518518518518517,-59.33987481481481
16200.00000030719,28,134,0.1728395061728395,-55.38388316049383
16210.000000307407,29,133,0.17901234567901234,-57.36187898765432
16220.000000307626,29,133,0.17901234567901234,-57.36187898765432
16230.000000307844,27,135,0.16666666666666666,-53.405887333333325
16240.000000308062,29,133,0.17901234567901234,-57.36187898765432
16250.00000030828,33,129,0.2037037037037037,-65.2738622962963
16260.000000308499,30,132,0.18518518518518517,-59.33987481481481
16270.000000308717,34,128,0.20987654320987653,-67.25185812345678
16280.000000308935,34,128,0.20987654320987653,-67.25185812345678
16290.000000309154,33,129,0.2037037037037037,-65.2738622962963
16300.000000309372,35,127,0.21604938271604937,-69.22985395061728
16310.00000030959,35,127,0.21604938271604937,-69.22985395061728
16320.000000309808,30,132,0.18518518518518517,-59.33987481481481
16330.000000310027,33,129,0.2037037037037037,-65.2738622962963
16340.000000310245,31,131,0.19135802469135801,-61.317870641975304
16350.000000310463,33,129,0.2037037037037037,-65.2738622962963
16360.000000310682,31,131,0.19135802469135801,-61.317870641975304
16370.0000003109,34,128,0.20987654320987653,-67.25185812345678
16380.000000311118,32,130,0.19753086419753085,-63.295866469135795
16390.000000310243,32,130,0.19753086419753085,-63.295866469135795
16400.000000308642,32,130,0.19753086419753085,-63.295866469135795
16410.00000030704,33,129,0.2037037037037037,-65.2738622962963
16420.00000030544,30,132,0.18518518518518517,-59.33987481481481
16430.00000030384,30,132,0.18518518518518517,-59.33987481481481
16440.00000030224,31,131,0.19135802469135801,-61.317870641975304
16450.00000030064,29,133,0.17901234567901234,-57.36187898765432
16460.00000029904,31,131,0.19135802469135801,-61.317870641975304
16470.000000297438,27,135,0.16666666666666666,-53.405887333333325
16480.000000295837,31,131,0.19135802469135801,-61.317870641975304
16490.000000294236,36,126,0.2222222222222222,-71.20784977777777
16500.000000292635,31,131,0.19135802469135801,-61.317870641975304
16510.000000291035,34,128,0.20987654320987653,-67.25185812345678
16520.000000289434,35,127,0.21604938271604937,-69.22985395061728
16530.000000287833,36,126,0.2222222222222222,-71.20784977777777
16540.000000286233,36,126,0.2222222222222222,-71.20784977777777
16550.000000284632,37,125,0.22839506172839505,-73.18584560493828
16560.00000028303,33,129,0.2037037037037037,-65.2738622962963
16570.00000028143,34,128,0.20987654320987653,-67.25185812345678
16580.00000027983,35,127,0.21604938271604937,-69.22985395061728
16590.00000027823,36,126,0.2222222222222222,-71.20784977777777
16600.00000027663,31,131,0.19135802469135801,-61.317870641975304
16610.000000275028,30,132,0.18518518518518517,-59.33987481481481
16620.000000273427,33,129,0.2037037037037037,-65.2738622962963
16630.000000271826,33,129,0.2037037037037037,-65.2738622962963
16640.000000270225,28,134,0.1728395061728395,-55.38388316049383
16650.000000268625,28,134,0.1728395061728395,-55.38388316049383
16660.000000267024,28,134,0.1728395061728395,-55.38388316049383
16670.000000265423,33,129,0.2037037037037037,-65.2738622962963
16680.000000263823,27,135,0.16666666666666666,-53.405887333333325
16690.000000262222,28,134,0.1728395061728395,-55.38388316049383
16700.00000026062,27,135,0.16666666666666666,-53.405887333333325
16710.00000025902,27,135,0.16666666666666666,-53.405887333333325
16720.00000025742,28,134,0.1728395061728395,-55.38388316049383
16730.00000025582,26,136,0.16049382716049382,-51.42789150617284
16740.00000025422,26,136,0.16049382716049382,-51.42789150617284
16750.000000252618,27,135,0.16666666666666666,-53.405887333333325
16760.000000251017,25,137,0.15432098765432098,-49.44989567901234
16770.000000249416,28,134,0.1728395061728395,-55.38388316049383
16780.000000247815,28,134,0.1728395061728395,-55.38388316049383
16790.000000246215,26,136,0.16049382716049382,-51.42789150617284
16800.000000244614,26,136,0.16049382716049382,-51.42789150617284
16810.000000243013,29,133,0.17901234567901234,-57.36187898765432
16820.000000241413,23,139,0.1419753086419753,-45.49390402469136
16830.000000239812,27,135,0.16666666666666666,-53.405887333333325
16840.00000023821,26,136,0.16049382716049382,-51.42789150617284
16850.00000023661,22,140,0.13580246913580246,-43.51590819753087
16860.00000023501,21,141,0.12962962962962962,-41.537912370370364
16870.00000023341,26,136,0.16049382716049382,-51.42789150617284
16880.00000023181,26,136,0.16049382716049382,-51.42789150617284
16890.000000230208,25,137,0.15432098765432098,-49.44989567901234
16900.000000228607,25,137,0.15432098765432098,-49.44989567901234
16910.000000227006,26,136,0.16049382716049382,-51.42789150617284
16920.000000225406,25,137,0.15432098765432098,-49.44989567901234
16930.000000223805,27,135,0.16666666666666666,-53.405887333333325
16940.000000222204,25,137,0.15432098765432098,-49.44989567901234
16950.000000220603,29,133,0.17901234567901234,-57.36187898765432
16960.000000219003,21,141,0.12962962962962962,-41.537912370370364
16970.000000217402,28,134,0.1728395061728395,-55.38388316049383
16980.0000002158,27,135,0.16666666666666666,-53.405887333333325
16990.0000002142,28,134,0.1728395061728395,-55.38388316049383
17000.0000002126,30,132,0.18518518518518517,-59.33987481481481
17010.000000211,28,134,0.1728395061728395,-55.38388316049383
17020.0000002094,30,132,0.18518518518518517,-59.33987481481481
17030.000000207798,33,129,0.2037037037037037,-65.2738622962963
17040.000000206197,29,133,0.17901234567901234,-57.36187898765432
17050.000000204596,29,133,0.17901234567901234,-57.36187898765432
17060.000000202996,33,129,0.2037037037037037,-65.2738622962963
17070.000000201395,32,130,0.19753086419753085,-63.295866469135795
17080.000000199794,34,128,0.20987654320987653,-67.25185812345678
17090.000000198193,28,134,0.1728395061728395,-55.38388316049383
17100.000000196593,34,128,0.20987654320987653,-67.25185812345678
17110.000000194992,32,130,0.19753086419753085,-63.295866469135795
17120.00000019339,31,131,0.19135802469135801,-61.317870641975304
17130.00000019179,33,129,0.2037037037037037,-65.2738622962963
17140.00000019019,33,129,0.2037037037037037,-65.2738622962963
17150.00000018859,32,130,0.19753086419753085,-63.295866469135795
17160.00000018699,31,131,0.19135802469135801,-61.317870641975304
17170.000000185388,33,129,0.2037037037037037,-65.2738622962963
17180.000000183787,33,129,0.2037037037037037,-65.2738622962963
17190.000000182186,34,128,0.20987654320987653,-67.25185812345678
17200.000000180586,27,135,0.16666666666666666,-53.405887333333325
17210.000000178985,33,129,0.2037037037037037,-65.2738622962963
17220.000000177384,31,131,0.19135802469135801,-61.317870641975304
17230.000000175783,31,131,0.19135802469135801,-61.317870641975304
17240.000000174183,34,128,0.20987654320987653,-67.25185812345678
17250.000000172582,37,125,0.22839506172839505,-73.18584560493828
17260.00000017098,31,131,0.19135802469135801,-61.317870641975304
17270.00000016938,33,129,0.2037037037037037,-65.2738622962963
17280.00000016778,31,131,0.19135802469135801,-61.317870641975304
17290.00000016618,35,127,0.21604938271604937,-69.22985395061728
17300.00000016458,36,126,0.2222222222222222,-71.20784977777777
17310.000000162978,32,130,0.19753086419753085,-63.295866469135795
17320.000000161377,35,127,0.21604938271604937,-69.22985395061728
17330.000000159776,36,126,0.2222222222222222,-71.20784977777777
17340.000000158176,34,128,0.20987654320987653,-67.25185812345678
17350.000000156575,34,128,0.20987654320987653,-67.25185812345678
17360.000000154974,31,131,0.19135802469135801,-61.317870641975304
17370.000000153374,33,129,0.2037037037037037,-65.2738622962963
17380.000000151773,32,130,0.19753086419753085,-63.295866469135795
17390.000000150172,33,129,0.2037037037037037,-65.2738622962963
17400.00000014857,34,128,0.20987654320987653,-67.25185812345678
17410.00000014697,32,130,0.19753086419753085,-63.295866469135795
17420.00000014537,34,128,0.20987654320987653,-67.25185812345678
17430.00000014377,36,126,0.2222222222222222,-71.20784977777777
17440.00000014217,36,126,0.2222222222222222,-71.20784977777777
17450.000000140568,34,128,0.20987654320987653,-67.25185812345678
17460.000000138967,34,128,0.20987654320987653,-67.25185812345678
17470.000000137366,34,128,0.20987654320987653,-67.25185812345678
17480.000000135766,32,130,0.19753086419753085,-63.295866469135795
17490.000000134165,34,128,0.20987654320987653,-67.25185812345678
17500.000000132564,32,130,0.19753086419753085,-63.295866469135795
17510.000000130964,31,131,0.19135802469135801,-61.317870641975304
17520.000000129363,33,129,0.2037037037037037,-65.2738622962963
17530.000000127762,33,129,0.2037037037037037,-65.2738622962963
17540.00000012616,34,128,0.20987654320987653,-67.25185812345678
17550.00000012456,34,128,0.20987654320987653,-67.25185812345678
17560.00000012296,33,129,0.2037037037037037,-65.2738622962963
17570.00000012136,34,128,0.20987654320987653,-67.25185812345678
17580.00000011976,33,129,0.2037037037037037,-65.2738622962963
17590.000000118158,34,128,0.20987654320987653,-67.25185812345678
17600.000000116557,35,127,0.21604938271604937,-69.22985395061728
17610.000000114956,37,125,0.22839506172839505,-73.18584560493828
17620.000000113356,36,126,0.2222222222222222,-71.20784977777777
17630.000000111755,36,126,0.2222222222222222,-71.20784977777777
17640.000000110154,33,129,0.2037037037037037,-65.2738622962963
17650.000000108554,31,131,0.19135802469135801,-61.317870641975304
17660.000000106953,31,131,0.19135802469135801,-61.317870641975304
17670.000000105352,32,130,0.19753086419753085,-63.295866469135795
17680.00000010375,32,130,0.19753086419753085,-63.295866469135795
17690.00000010215,32,130,0.19753086419753085,-63.295866469135795
17700.00000010055,32,130,0.19753086419753085,-63.295866469135795
17710.00000009895,35,127,0.21604938271604937,-69.22985395061728
17720.00000009735,33,129,0.2037037037037037,-65.2738622962963
17730.000000095748,32,130,0.19753086419753085,-63.295866469135795
17740.000000094147,31,131,0.19135802469135801,-61.317870641975304
17750.000000092547,31,131,0.19135802469135801,-61.317870641975304
17760.000000090946,31,131,0.19135802469135801,-61.317870641975304
17770.000000089345,31,131,0.19135802469135801,-61.317870641975304
17780.000000087744,35,127,0.21604938271604937,-69.22985395061728
17790.000000086144,30,132,0.18518518518518517,-59.33987481481481
17800.000000084543,31,131,0.19135802469135801,-61.317870641975304
17810.000000082942,34,128,0.20987654320987653,-67.25185812345678
17820.00000008134,29,133,0.17901234567901234,-57.36187898765432
17830.00000007974,31,131,0.19135802469135801,-61.317870641975304
17840.00000007814,30,132,0.18518518518518517,-59.33987481481481
17850.00000007654,32,130,0.19753086419753085,-63.295866469135795
17860.00000007494,32,130,0.19753086419753085,-63.295866469135795
17870.000000073338,31,131,0.19135802469135801,-61.317870641975304
17880.000000071737,34,128,0.20987654320987653,-67.25185812345678
17890.000000070137,31,131,0.19135802469135801,-61.317870641975304
17900.000000068536,29,133,0.17901234567901234,-57.36187898765432
17910.000000066935,30,132,0.18518518518518517,-59.33987481481481
17920.000000065334,29,133,0.17901234567901234,-57.36187898765432
17930.000000063734,30,132,0.18518518518518517,-59.33987481481481
17940.000000062133,28,134,0.1728395061728395,-55.38388316049383
17950.000000060532,28,134,0.1728395061728395,-55.38388316049383
17960.00000005893,29,133,0.17901234567901234,-57.36187898765432
17970.00000005733,34,128,0.20987654320987653,-67.25185812345678
17980.00000005573,31,131,0.19135802469135801,-61.317870641975304
17990.00000005413,30,132,0.18518518518518517,-59.33987481481481
18000.00000005253,28,134,0.1728395061728395,-55.38388316049383
18010.000000050928,27,135,0.16666666666666666,-53.405887333333325
18020.000000049327,30,132,0.18518518518518517,-59.33987481481481
18030.000000047727,30,132,0.18518518518518517,-59.33987481481481
18040.000000046126,32,130,0.19753086419753085,-63.295866469135795
18050.000000044525,30,132,0.18518518518518517,-59.33987481481481
18060.000000042925,32,130,0.19753086419753085,-63.295866469135795
18070.000000041324,31,131,0.19135802469135801,-61.317870641975304
18080.000000039723,32,130,0.19753086419753085,-63.295866469135795
18090.000000038122,30,132,0.18518518518518517,-59.33987481481481
18100.00000003652,30,132,0.18518518518518517,-59.33987481481481
18110.00000003492,35,127,0.21604938271604937,-69.22985395061728
18120.00000003332,32,130,0.19753086419753085,-63.295866469135795
18130.00000003172,30,132,0.18518518518518517,-59.33987481481481
18140.00000003012,25,137,0.15432098765432098,-49.44989567901234
18150.000000028518,32,130,0.19753086419753085,-63.295866469135795
18160.000000026917,28,134,0.1728395061728395,-55.38388316049383
18170.000000025317,32,130,0.19753086419753085,-63.295866469135795
18180.000000023716,30,132,0.18518518518518517,-59.33987481481481
18190.000000022115,28,134,0.1728395061728395,-55.38388316049383
18200.000000020515,30,132,0.18518518518518517,-59.33987481481481
18210.000000018914,27,135,0.16666666666666666,-53.405887333333325
18220.000000017313,31,131,0.19135802469135801,-61.317870641975304
18230.000000015712,27,135,0.16666666666666666,-53.405887333333325
18240.00000001411,28,134,0.1728395061728395,-55.38388316049383
18250.00000001251,28,134,0.1728395061728395,-55.38388316049383
18260.00000001091,28,134,0.1728395061728395,-55.38388316049383
18270.00000000931,30,132,0.18518518518518517,-59.33987481481481
18280.00000000771,32,130,0.19753086419753085,-63.295866469135795
18290.000000006108,32,130,0.19753086419753085,-63.295866469135795
18300.000000004507,33,129,0.2037037037037037,-65.2738622962963
18310.000000002907,27,135,0.16666666666666666,-53.405887333333325
18320.000000001306,31,131,0.19135802469135801,-61.317870641975304
18329.999999999705,29,133,0.17901234567901234,-57.36187898765432
18339.999999998105,34,128,0.20987654320987653,-67.25185812345678
18349.999999996504,32,130,0.19753086419753085,-63.295866469135795
18359.999999994903,30,132,0.18518518518518517,-59.33987481481481
18369.999999993302,30,132,0.18518518518518517,-59.33987481481481
18379.9999999917,28,134,0.1728395061728395,-55.38388316049383
18389.9999999901,26,136,0.16049382716049382,-51.42789150617284
18399.9999999885,29,133,0.17901234567901234,-57.36187898765432
18409.9999999869,26,136,0.16049382716049382,-51.42789150617284
18419.9999999853,30,132,0.18518518518518517,-59.33987481481481
18429.9999999837,28,134,0.1728395061728395,-55.38388316049383
18439.999999982098,30,132,0.18518518518518517,-59.33987481481481
18449.999999980497,33,129,0.2037037037037037,-65.2738622962963
18459.999999978896,30,132,0.18518518518518517,-59.33987481481481
18469.999999977295,32,130,0.19753086419753085,-63.295866469135795
18479.999999975695,35,127,0.21604938271604937,-69.22985395061728
18489.999999974094,32,130,0.19753086419753085,-63.295866469135795
18499.999999972493,32,130,0.19753086419753085,-63.295866469135795
18509.999999970893,33,129,0.2037037037037037,-65.2738622962963
18519.999999969292,26,136,0.16049382716049382,-51.42789150617284
18529.99999996769,31,131,0.19135802469135801,-61.317870641975304
18539.99999996609,32,130,0.19753086419753085,-63.295866469135795
18549.99999996449,31,131,0.19135802469135801,-61.317870641975304
18559.99999996289,30,132,0.18518518518518517,-59.33987481481481
18569.99999996129,31,131,0.19135802469135801,-61.317870641975304
18579.999999959688,34,128,0.20987654320987653,-67.25185812345678
18589.999999958087,33,129,0.2037037037037037,-65.2738622962963
18599.999999956486,31,131,0.19135802469135801,-61.317870641975304
18609.999999954885,27,135,0.16666666666666666,-53.405887333333325
18619.999999953285,30,132,0.18518518518518517,-59.33987481481481
18629.999999951684,29,133,0.17901234567901234,-57.36187898765432
18639.999999950083,28,134,0.1728395061728395,-55.38388316049383
18649.999999948483,30,132,0.18518518518518517,-59.33987481481481
18659.999999946882,31,131,0.19135802469135801,-61.317870641975304
18669.99999994528,29,133,0.17901234567901234,-57.36187898765432
18679.99999994368,28,134,0.1728395061728395,-55.38388316049383
18689.99999994208,32,130,0.19753086419753085,-63.295866469135795
18699.99999994048,27,135,0.16666666666666666,-53.405887333333325
18709.99999993888,28,134,0.1728395061728395,-55.38388316049383
18719.999999937278,31,131,0.19135802469135801,-61.317870641975304
18729.999999935677,30,132,0.18518518518518517,-59.33987481481481
18739.999999934076,32,130,0.19753086419753085,-63.295866469135795
18749.999999932475,32,130,0.19753086419753085,-63.295866469135795
18759.999999930875,32,130,0.19753086419753085,-63.295866469135795
18769.999999929274,31,131,0.19135802469135801,-61.317870641975304
18779.999999927673,35,127,0.21604938271604937,-69.22985395061728
18789.999999926073,33,129,0.2037037037037037,-65.2738622962963
18799.999999924472,34,128,0.20987654320987653,-67.25185812345678
18809.99999992287,30,132,0.18518518518518517,-59.33987481481481
18819.99999992127,31,131,0.19135802469135801,-61.317870641975304
18829.99999991967,32,130,0.19753086419753085,-63.295866469135795
18839.99999991807,30,132,0.18518518518518517,-59.33987481481481
18849.99999991647,32,130,0.19753086419753085,-63.295866469135795
18859.999999914868,34,128,0.20987654320987653,-67.25185812345678
18869.999999913267,32,130,0.19753086419753085,-63.295866469135795
18879.999999911666,31,131,0.19135802469135801,-61.317870641975304
18889.999999910066,32,130,0.19753086419753085,-63.295866469135795
18899.999999908465,35,127,0.21604938271604937,-69.22985395061728
18909.999999906864,35,127,0.21604938271604937,-69.22985395061728
18919.999999905263,34,128,0.20987654320987653,-67.25185812345678
18929.999999903663,28,134,0.1728395061728395,-55.38388316049383
18939.999999902062,34,128,0.20987654320987653,-67.25185812345678
18949.99999990046,33,129,0.2037037037037037,-65.2738622962963
18959.99999989886,32,130,0.19753086419753085,-63.295866469135795
18969.99999989726,35,127,0.21604938271604937,-69.22985395061728
18979.99999989566,32,130,0.19753086419753085,-63.295866469135795
18989.99999989406,28,134,0.1728395061728395,-55.38388316049383
18999.999999892458,32,130,0.19753086419753085,-63.295866469135795
19009.999999890857,31,131,0.19135802469135801,-61.317870641975304
19019.999999889256,33,129,0.2037037037037037,-65.2738622962963
19029.999999887656,32,130,0.19753086419753085,-63.295866469135795
19039.999999886055,30,132,0.18518518518518517,-59.33987481481481
19049.999999884454,35,127,0.21604938271604937,-69.22985395061728
19059.999999882853,33,129,0.2037037037037037,-65.2738622962963
19069.999999881253,32,130,0.19753086419753085,-63.295866469135795
19079.999999879652,30,132,0.18518518518518517,-59.33987481481481
19089.99999987805,32,130,0.19753086419753085,-63.295866469135795
19099.99999987645,31,131,0.19135802469135801,-61.317870641975304
19109.99999987485,31,131,0.19135802469135801,-61.317870641975304
19119.99999987325,33,129,0.2037037037037037,-65.2738622962963
19129.99999987165,29,133,0.17901234567901234,-57.36187898765432
19139.999999870048,30,132,0.18518518518518517,-59.33987481481481
19149.999999868447,31,131,0.19135802469135801,-61.317870641975304
19159.999999866846,31,131,0.19135802469135801,-61.317870641975304
19169.999999865246,31,131,0.19135802469135801,-61.317870641975304
19179.999999863645,28,134,0.1728395061728395,-55.38388316049383
19189.999999862044,32,130,0.19753086419753085,-63.295866469135795
19199.999999860443,30,132,0.18518518518518517,-59.33987481481481
19209.999999858843,30,132,0.18518518518518517,-59.33987481481481
19219.999999857242,34,128,0.20987654320987653,-67.25185812345678
19229.99999985564,32,130,0.19753086419753085,-63.295866469135795
19239.99999985404,29,133,0.17901234567901234,-57.36187898765432
19249.99999985244,29,133,0.17901234567901234,-57.36187898765432
19259.99999985084,27,135,0.16666666666666666,-53.405887333333325
19269.99999984924,32,130,0.19753086419753085,-63.295866469135795
19279.999999847638,29,133,0.17901234567901234,-57.36187898765432
19289.999999846037,31,131,0.19135802469135801,-61.317870641975304
19299.999999844436,34,128,0.20987654320987653,-67.25185812345678
19309.999999842836,32,130,0.19753086419753085,-63.295866469135795
19319.999999841235,31,131,0.19135802469135801,-61.317870641975304
19329.999999839634,34,128,0.20987654320987653,-67.25185812345678
19339.999999838034,34,128,0.20987654320987653,-67.25185812345678
19349.999999836433,30,132,0.18518518518518517,-59.33987481481481
19359.999999834832,33,129,0.2037037037037037,-65.2738622962963
19369.99999983323,31,131,0.19135802469135801,-61.317870641975304
19379.99999983163,28,134,0.1728395061728395,-55.38388316049383
19389.99999983003,26,136,0.16049382716049382,-51.42789150617284
19399.99999982843,28,134,0.1728395061728395,-55.38388316049383
19409.99999982683,24,138,0.14814814814814814,-47.47189985185185
19419.999999825228,29,133,0.17901234567901234,-57.36187898765432
19429.999999823627,29,133,0.17901234567901234,-57.36187898765432
19439.999999822026,29,133,0.17901234567901234,-57.36187898765432
19449.999999820426,29,133,0.17901234567901234,-57.36187898765432
19459.999999818825,31,131,0.19135802469135801,-61.317870641975304
19469.999999817224,29,133,0.17901234567901234,-57.36187898765432
19479.999999815624,31,131,0.19135802469135801,-61.317870641975304
19489.999999814023,30,132,0.18518518518518517,-59.33987481481481
19499.999999812422,28,134,0.1728395061728395,-55.38388316049383
19509.99999981082,24,138,0.14814814814814814,-47.47189985185185
19519.99999980922,29,133,0.17901234567901234,-57.36187898765432
19529.99999980762,30,132,0.18518518518518517,-59.33987481481481
19539.99999980602,26,136,0.16049382716049382,-51.42789150617284
19549.99999980442,31,131,0.19135802469135801,-61.317870641975304
19559.999999802818,25,137,0.15432098765432098,-49.44989567901234
19569.999999801217,30,132,0.18518518518518517,-59.33987481481481
19579.999999799616,30,132,0.18518518518518517,-59.33987481481481
19589.999999798016,28,134,0.1728395061728395,-55.38388316049383
19599.999999796415,27,135,0.16666666666666666,-53.405887333333325
19609.999999794814,25,137,0.15432098765432098,-49.44989567901234
19619.999999793214,27,135,0.16666666666666666,-53.405887333333325
19629.999999791613,29,133,0.17901234567901234,-57.36187898765432
19639.999999790012,29,133,0.17901234567901234,-57.36187898765432
19649.99999978841,29,133,0.17901234567901234,-57.36187898765432
19659.99999978681,29,133,0.17901234567901234,-57.36187898765432
19669.99999978521,28,134,0.1728395061728395,-55.38388316049383
19679.99999978361,32,130,0.19753086419753085,-63.295866469135795
19689.99999978201,25,137,0.15432098765432098,-49.44989567901234
19699.999999780408,28,134,0.1728395061728395,-55.38388316049383
19709.999999778807,30,132,0.18518518518518517,-59.33987481481481
19719.999999777207,23,139,0.1419753086419753,-45.49390402469136
19729.999999775606,26,136,0.16049382716049382,-51.42789150617284
19739.999999774005,29,133,0.17901234567901234,-57.36187898765432
19749.999999772404,31,131,0.19135802469135801,-61.317870641975304
19759.999999770804,28,134,0.1728395061728395,-55.38388316049383
19769.999999769203,29,133,0.17901234567901234,-57.36187898765432
19779.999999767602,29,133,0.17901234567901234,-57.36187898765432
19789.999999766,29,133,0.17901234567901234,-57.36187898765432
19799.9999997644,27,135,0.16666666666666666,-53.405887333333325
19809.9999997628,27,135,0.16666666666666666,-53.405887333333325
19819.9999997612,26,136,0.16049382716049382,-51.42789150617284
19829.9999997596,24,138,0.14814814814814814,-47.47189985185185
19839.999999757998,26,136,0.16049382716049382,-51.42789150617284
19849.999999756397,29,133,0.17901234567901234,-57.36187898765432
19859.999999754797,29,133,0.17901234567901234,-57.36187898765432
19869.999999753196,34,128,0.20987654320987653,-67.25185812345678
19879.999999751595,30,132,0.18518518518518517,-59.33987481481481
19889.999999749994,29,133,0.17901234567901234,-57.36187898765432
19899.999999748394,33,129,0.2037037037037037,-65.2738622962963
19909.999999746793,35,127,0.21604938271604937,-69.22985395061728
19919.999999745192,32,130,0.19753086419753085,-63.295866469135795
19929.99999974359,31,131,0.19135802469135801,-61.317870641975304
19939.99999974199,31,131,0.19135802469135801,-61.317870641975304
19949.99999974039,30,132,0.18518518518518517,-59.33987481481481
19959.99999973879,26,136,0.16049382716049382,-51.42789150617284
19969.99999973719,30,132,0.18518518518518517,-59.33987481481481
19979.999999735588,30,132,0.18518518518518517,-59.33987481481481
19989.999999733987,34,128,0.20987654320987653,-67.25185812345678
19999.999999732387,32,130,0.19753086419753085,-63.295866469135795
20009.999999730786,33,129,0.2037037037037037,-65.2738622962963
20019.999999729185,32,130,0.19753086419753085,-63.295866469135795
20029.999999727585,32,130,0.19753086419753085,-63.295866469135795
20039.999999725984,34,128,0.20987654320987653,-67.25185812345678
20049.999999724383,37,125,0.22839506172839505,-73.18584560493828
20059.999999722782,33,129,0.2037037037037037,-65.2738622962963
20069.99999972118,32,130,0.19753086419753085,-63.295866469135795
20079.99999971958,30,132,0.18518518518518517,-59.33987481481481
20089.99999971798,29,133,0.17901234567901234,-57.36187898765432
20099.99999971638,33,129,0.2037037037037037,-65.2738622962963
20109.99999971478,37,125,0.22839506172839505,-73.18584560493828
20119.999999713178,32,130,0.19753086419753085,-63.295866469135795
20129.999999711577,31,131,0.19135802469135801,-61.317870641975304
20139.999999709977,31,131,0.19135802469135801,-61.317870641975304
20149.999999708376,35,127,0.21604938271604937,-69.22985395061728
20159.999999706775,33,129,0.2037037037037037,-65.2738622962963
20169.999999705175,32,130,0.19753086419753085,-63.295866469135795
20179.999999703574,32,130,0.19753086419753085,-63.295866469135795
20189.999999701973,35,127,0.21604938271604937,-69.22985395061728
20199.999999700372,32,130,0.19753086419753085,-63.295866469135795
20209.99999969877,31,131,0.19135802469135801,-61.317870641975304
20219.99999969717,33,129,0.2037037037037037,-65.2738622962963
20229.99999969557,34,128,0.20987654320987653,-67.25185812345678
20239.99999969397,32,130,0.19753086419753085,-63.295866469135795
20249.99999969237,35,127,0.21604938271604937,-69.22985395061728
20259.999999690768,30,132,0.18518518518518517,-59.33987481481481
20269.999999689167,31,131,0.19135802469135801,-61.317870641975304
20279.999999687567,33,129,0.2037037037037037,-65.2738622962963
20289.999999685966,31,131,0.19135802469135801,-61.317870641975304
20299.999999684365,28,134,0.1728395061728395,-55.38388316049383
20309.999999682765,30,132,0.18518518518518517,-59.33987481481481
20319.999999681164,29,133,0.17901234567901234,-57.36187898765432
20329.999999679563,31,131,0.19135802469135801,-61.317870641975304
20339.999999677962,33,129,0.2037037037037037,-65.2738622962963
20349.99999967636,35,127,0.21604938271604937,-69.22985395061728
20359.99999967476,32,130,0.19753086419753085,-63.295866469135795
20369.99999967316,34,128,0.20987654320987653,-67.25185812345678
20379.99999967156,27,135,0.16666666666666666,-53.405887333333325
20389.99999966996,32,130,0.19753086419753085,-63.295866469135795
20399.99999966836,34,128,0.20987654320987653,-67.25185812345678
20409.999999666758,33,129,0.2037037037037037,-65.2738622962963
20419.999999665157,30,132,0.18518518518518517,-59.33987481481481
20429.999999663556,28,134,0.1728395061728395,-55.38388316049383
20439.999999661955,27,135,0.16666666666666666,-53.405887333333325
20449.999999660355,31,131,0.19135802469135801,-61.317870641975304
20459.999999658754,32,130,0.19753086419753085,-63.295866469135795
20469.999999657153,29,133,0.17901234567901234,-57.36187898765432
20479.999999655553,33,129,0.2037037037037037,-65.2738622962963
20489.99999965395,33,129,0.2037037037037037,-65.2738622962963
20499.99999965235,33,129,0.2037037037037037,-65.2738622962963
20509.99999965075,32,130,0.19753086419753085,-63.295866469135795
20519.99999964915,31,131,0.19135802469135801,-61.317870641975304
20529.99999964755,34,128,0.20987654320987653,-67.25185812345678
20539.99999964595,35,127,0.21604938271604937,-69.22985395061728
20549.999999644348,34,128,0.20987654320987653,-67.25185812345678
20559.999999642747,33,129,0.2037037037037037,-65.2738622962963
20569.999999641146,34,128,0.20987654320987653,-67.25185812345678
20579.999999639545,36,126,0.2222222222222222,-71.20784977777777
20589.999999637945,35,127,0.21604938271604937,-69.22985395061728
20599.999999636344,35,127,0.21604938271604937,-69.22985395061728
20609.999999634743,33,129,0.2037037037037037,-65.2738622962963
20619.999999633143,32,130,0.19753086419753085,-63.295866469135795
20629.999999631542,31,131,0.19135802469135801,-61.317870641975304
20639.99999962994,34,128,0.20987654320987653,-67.25185812345678
20649.99999962834,30,132,0.18518518518518517,-59.33987481481481
20659.99999962674,32,130,0.19753086419753085,-63.295866469135795
20669.99999962514,29,133,0.17901234567901234,-57.36187898765432
20679.99999962354,28,134,0.1728395061728395,-55.38388316049383
20689.999999621938,32,130,0.19753086419753085,-63.295866469135795
20699.999999620337,36,126,0.2222222222222222,-71.20784977777777
20709.999999618736,32,130,0.19753086419753085,-63.295866469135795
20719.999999617135,30,132,0.18518518518518517,-59.33987481481481
20729.999999615535,30,132,0.18518518518518517,-59.33987481481481
20739.999999613934,32,130,0.19753086419753085,-63.295866469135795
20749.999999612333,29,133,0.17901234567901234,-57.36187898765432
20759.999999610733,31,131,0.19135802469135801,-61.317870641975304
20769.999999609132,30,132,0.18518518518518517,-59.33987481481481
20779.99999960753,28,134,0.1728395061728395,-55.38388316049383
20789.99999960593,26,136,0.16049382716049382,-51.42789150617284
20799.99999960433,31,131,0.19135802469135801,-61.317870641975304
20809.99999960273,33,129,0.2037037037037037,-65.2738622962963
20819.99999960113,33,129,0.2037037037037037,-65.2738622962963
20829.999999599528,31,131,0.19135802469135801,-61.317870641975304
20839.999999597927,32,130,0.19753086419753085,-63.295866469135795
20849.999999596326,35,127,0.21604938271604937,-69.22985395061728
20859.999999594726,31,131,0.19135802469135801,-61.317870641975304
20869.999999593125,30,132,0.18518518518518517,-59.33987481481481
20879.999999591524,34,128,0.20987654320987653,-67.25185812345678
20889.999999589923,30,132,0.18518518518518517,-59.33987481481481
20899.999999588323,34,128,0.20987654320987653,-67.25185812345678
20909.999999586722,30,132,0.18518518518518517,-59.33987481481481
20919.99999958512,30,132,0.18518518518518517,-59.33987481481481
20929.99999958352,32,130,0.19753086419753085,-63.295866469135795
20939.99999958192,33,129,0.2037037037037037,-65.2738622962963
20949.99999958032,34,128,0.20987654320987653,-67.25185812345678
20959.99999957872,33,129,0.2037037037037037,-65.2738622962963
20969.999999577118,33,129,0.2037037037037037,-65.2738622962963
20979.999999575517,32,130,0.19753086419753085,-63.295866469135795
20989.999999573916,29,133,0.17901234567901234,-57.36187898765432
20999.999999572316,31,131,0.19135802469135801,-61.317870641975304
21009.999999570715,35,127,0.21604938271604937,-69.22985395061728
21019.999999569114,32,130,0.19753086419753085,-63.295866469135795
21029.999999567513,35,127,0.21604938271604937,-69.22985395061728
21039.999999565913,35,127,0.21604938271604937,-69.22985395061728
21049.999999564312,35,127,0.21604938271604937,-69.22985395061728
21059.99999956271,32,130,0.19753086419753085,-63.295866469135795
21069.99999956111,36,126,0.2222222222222222,-71.20784977777777
21079.99999955951,34,128,0.20987654320987653,-67.25185812345678
21089.99999955791,34,128,0.20987654320987653,-67.25185812345678
21099.99999955631,32,130,0.19753086419753085,-63.295866469135795
21109.999999554708,31,131,0.19135802469135801,-61.317870641975304
21119.999999553107,34,128,0.20987654320987653,-67.25185812345678
21129.999999551506,32,130,0.19753086419753085,-63.295866469135795
21139.999999549906,34,128,0.20987654320987653,-67.25185812345678
21149.999999548305,35,127,0.21604938271604937,-69.22985395061728
21159.999999546704,32,130,0.19753086419753085,-63.295866469135795
21169.999999545103,32,130,0.19753086419753085,-63.295866469135795
21179.999999543503,30,132,0.18518518518518517,-59.33987481481481
21189.999999541902,32,130,0.19753086419753085,-63.295866469135795
21199.9999995403,29,133,0.17901234567901234,-57.36187898765432
21209.9999995387,30,132,0.18518518518518517,-59.33987481481481
21219.9999995371,28,134,0.1728395061728395,-55.38388316049383
21229.9999995355,30,132,0.18518518518518517,-59.33987481481481
21239.9999995339,31,131,0.19135802469135801,-61.317870641975304
21249.999999532298,30,132,0.18518518518518517,-59.33987481481481
21259.999999530697,32,130,0.19753086419753085,-63.295866469135795
21269.999999529096,33,129,0.2037037037037037,-65.2738622962963
21279.999999527496,33,129,0.2037037037037037,-65.2738622962963
21289.999999525895,31,131,0.19135802469135801,-61.317870641975304
21299.999999524294,33,129,0.2037037037037037,-65.2738622962963
21309.999999522694,32,130,0.19753086419753085,-63.295866469135795
21319.999999521093,34,128,0.20987654320987653,-67.25185812345678
21329.999999519492,36,126,0.2222222222222222,-71.20784977777777
21339.99999951789,31,131,0.19135802469135801,-61.317870641975304
21349.99999951629,33,129,0.2037037037037037,-65.2738622962963
21359.99999951469,37,125,0.22839506172839505,-73.18584560493828
21369.99999951309,32,130,0.19753086419753085,-63.295866469135795
21379.99999951149,33,129,0.2037037037037037,-65.2738622962963
21389.999999509888,27,135,0.16666666666666666,-53.405887333333325
21399.999999508287,31,131,0.19135802469135801,-61.317870641975304
21409.999999506686,33,129,0.2037037037037037,-65.2738622962963
21419.999999505086,30,132,0.18518518518518517,-59.33987481481481
21429.999999503485,30,132,0.18518518518518517,-59.33987481481481
21439.999999501884,31,131,0.19135802469135801,-61.317870641975304
21449.999999500284,34,128,0.20987654320987653,-67.25185812345678
21459.999999498683,33,129,0.2037037037037037,-65.2738622962963
21469.999999497082,33,129,0.2037037037037037,-65.2738622962963
21479.99999949548,31,131,0.19135802469135801,-61.317870641975304
21489.99999949388,33,129,0.2037037037037037,-65.2738622962963
21499.99999949228,31,131,0.19135802469135801,-61.317870641975304
21509.99999949068,29,133,0.17901234567901234,-57.36187898765432
21519.99999948908,31,131,0.19135802469135801,-61.317870641975304
21529.999999487478,30,132,0.18518518518518517,-59.33987481481481
21539.999999485877,35,127,0.21604938271604937,-69.22985395061728
21549.999999484276,30,132,0.18518518518518517,-59.33987481481481
21559.999999482676,31,131,0.19135802469135801,-61.317870641975304
21569.999999481075,30,132,0.18518518518518517,-59.33987481481481
21579.999999479474,30,132,0.18518518518518517,-59.33987481481481
21589.999999477874,31,131,0.19135802469135801,-61.317870641975304
21599.999999476273,28,134,0.1728395061728395,-55.38388316049383
21609.999999474672,27,135,0.16666666666666666,-53.405887333333325
21619.99999947307,29,133,0.17901234567901234,-57.36187898765432
21629.99999947147,26,136,0.16049382716049382,-51.42789150617284
21639.99999946987,26,136,0.16049382716049382,-51.42789150617284
21649.99999946827,26,136,0.16049382716049382,-51.42789150617284
21659.99999946667,24,138,0.14814814814814814,-47.47189985185185
21669.999999465068,27,135,0.16666666666666666,-53.405887333333325
21679.999999463467,25,137,0.15432098765432098,-49.44989567901234
21689.999999461867,25,137,0.15432098765432098,-49.44989567901234
21699.999999460266,26,136,0.16049382716049382,-51.42789150617284
21709.999999458665,25,137,0.15432098765432098,-49.44989567901234
21719.999999457064,24,138,0.14814814814814814,-47.47189985185185
21729.999999455464,28,134,0.1728395061728395,-55.38388316049383
21739.999999453863,27,135,0.16666666666666666,-53.405887333333325
21749.999999452262,27,135,0.16666666666666666,-53.405887333333325
21759.99999945066,25,137,0.15432098765432098,-49.44989567901234
21769.99999944906,27,135,0.16666666666666666,-53.405887333333325
21779.99999944746,27,135,0.16666666666666666,-53.405887333333325
21789.99999944586,30,132,0.18518518518518517,-59.33987481481481
21799.99999944426,26,136,0.16049382716049382,-51.42789150617284
21809.999999442658,27,135,0.16666666666666666,-53.405887333333325
21819.999999441057,30,132,0.18518518518518517,-59.33987481481481
21829.999999439457,28,134,0.1728395061728395,-55.38388316049383
21839.999999437856,28,134,0.1728395061728395,-55.38388316049383
21849.999999436255,25,137,0.15432098765432098,-49.44989567901234
21859.999999434654,26,136,0.16049382716049382,-51.42789150617284
21869.999999433054,25,137,0.15432098765432098,-49.44989567901234
21879.999999431453,25,137,0.15432098765432098,-49.44989567901234
21889.999999429852,27,135,0.16666666666666666,-53.405887333333325
21899.99999942825,24,138,0.14814814814814814,-47.47189985185185
21909.99999942665,26,136,0.16049382716049382,-51.42789150617284
21919.99999942505,31,131,0.19135802469135801,-61.317870641975304
21929.99999942345,28,134,0.1728395061728395,-55.38388316049383
21939.99999942185,26,136,0.16049382716049382,-51.42789150617284
21949.999999420248,27,135,0.16666666666666666,-53.405887333333325
21959.999999418647,28,134,0.1728395061728395,-55.38388316049383
21969.999999417047,27,135,0.16666666666666666,-53.405887333333325
21979.999999415446,24,138,0.14814814814814814,-47.47189985185185
21989.999999413845,30,132,0.18518518518518517,-59.33987481481481
21999.999999412245,26,136,0.16049382716049382,-51.42789150617284
22009.999999410644,28,134,0.1728395061728395,-55.38388316049383
22019.999999409043,35,127,0.21604938271604937,-69.22985395061728
22029.999999407442,32,130,0.19753086419753085,-63.295866469135795
22039.99999940584,28,134,0.1728395061728395,-55.38388316049383
22049.99999940424,31,131,0.19135802469135801,-61.317870641975304
22059.99999940264,32,130,0.19753086419753085,-63.295866469135795
22069.99999940104,34,128,0.20987654320987653,-67.25185812345678
22079.99999939944,38,124,0.2345679012345679,-75.16384143209875
22089.999999397838,33,129,0.2037037037037037,-65.2738622962963
22099.999999396237,36,126,0.2222222222222222,-71.20784977777777
22109.999999394637,33,129,0.2037037037037037,-65.2738622962963
22119.999999393036,29,133,0.17901234567901234,-57.36187898765432
22129.999999391435,30,132,0.18518518518518517,-59.33987481481481
22139.999999389835,32,130,0.19753086419753085,-63.295866469135795
22149.999999388234,31,131,0.19135802469135801,-61.317870641975304
22159.999999386633,33,129,0.2037037037037037,-65.2738622962963
22169.999999385032,32,130,0.19753086419753085,-63.295866469135795
22179.99999938343,30,132,0.18518518518518517,-59.33987481481481
22189.99999938183,30,132,0.18518518518518517,-59.33987481481481
22199.99999938023,28,134,0.1728395061728395,-55.38388316049383
22209.99999937863,30,132,0.18518518518518517,-59.33987481481481
22219.99999937703,33,129,0.2037037037037037,-65.2738622962963
22229.999999375428,32,130,0.19753086419753085,-63.295866469135795
22239.999999373827,30,132,0.18518518518518517,-59.33987481481481
22249.999999372227,30,132,0.18518518518518517,-59.33987481481481
22259.999999370626,31,131,0.19135802469135801,-61.317870641975304
22269.999999369025,30,132,0.18518518518518517,-59.33987481481481
22279.999999367425,30,132,0.18518518518518517,-59.33987481481481
22289.999999365824,30,132,0.18518518518518517,-59.33987481481481
22299.999999364223,31,131,0.19135802469135801,-61.317870641975304
22309.999999362622,30,132,0.18518518518518517,-59.33987481481481
22319.99999936102,32,130,0.19753086419753085,-63.295866469135795
22329.99999935942,29,133,0.17901234567901234,-57.36187898765432
22339.99999935782,31,131,0.19135802469135801,-61.317870641975304
22349.99999935622,35,127,0.21604938271604937,-69.22985395061728
22359.99999935462,32,130,0.19753086419753085,-63.295866469135795
22369.99999935302,29,133,0.17901234567901234,-57.36187898765432
22379.999999351418,30,132,0.18518518518518517,-59.33987481481481
22389.999999349817,30,132,0.18518518518518517,-59.33987481481481
22399.999999348216,30,132,0.18518518518518517,-59.33987481481481
22409.999999346615,31,131,0.19135802469135801,-61.317870641975304
22419.999999345015,34,128,0.20987654320987653,-67.25185812345678
22429.999999343414,29,133,0.17901234567901234,-57.36187898765432
22439.999999341813,30,132,0.18518518518518517,-59.33987481481481
22449.999999340213,35,127,0.21604938271604937,-69.22985395061728
22459.99999933861,30,132,0.18518518518518517,-59.33987481481481
22469.99999933701,34,128,0.20987654320987653,-67.25185812345678
22479.99999933541,32,130,0.19753086419753085,-63.295866469135795
22489.99999933381,34,128,0.20987654320987653,-67.25185812345678
22499.99999933221,30,132,0.18518518518518517,-59.33987481481481
22509.99999933061,30,132,0.18518518518518517,-59.33987481481481
22519.999999329008,32,130,0.19753086419753085,-63.295866469135795
22529.999999327407,29,133,0.17901234567901234,-57.36187898765432
22539.999999325806,31,131,0.19135802469135801,-61.317870641975304
22549.999999324205,33,129,0.2037037037037037,-65.2738622962963
22559.999999322605,28,134,0.1728395061728395,-55.38388316049383
22569.999999321004,31,131,0.19135802469135801,-61.317870641975304
22579.999999319403,26,136,0.16049382716049382,-51.42789150617284
22589.999999317803,26,136,0.16049382716049382,-51.42789150617284
22599.999999316202,25,137,0.15432098765432098,-49.44989567901234
22609.9999993146,24,138,0.14814814814814814,-47.47189985185185
22619.999999313,26,136,0.16049382716049382,-51.42789150617284
22629.9999993114,25,137,0.15432098765432098,-49.44989567901234
22639.9999993098,25,137,0.15432098765432098,-49.44989567901234
22649.9999993082,29,133,0.17901234567901234,-57.36187898765432
22659.999999306598,28,134,0.1728395061728395,-55.38388316049383
22669.999999304997,27,135,0.16666666666666666,-53.405887333333325
22679.999999303396,26,136,0.16049382716049382,-51.42789150617284
22689.999999301795,28,134,0.1728395061728395,-55.38388316049383
22699.999999300195,24,138,0.14814814814814814,-47.47189985185185
22709.999999298594,27,135,0.16666666666666666,-53.405887333333325
22719.999999296993,30,132,0.18518518518518517,-59.33987481481481
22729.999999295393,30,132,0.18518518518518517,-59.33987481481481
22739.999999293792,28,134,0.1728395061728395,-55.38388316049383
22749.99999929219,28,134,0.1728395061728395,-55.38388316049383
22759.99999929059,32,130,0.19753086419753085,-63.295866469135795
22769.99999928899,32,130,0.19753086419753085,-63.295866469135795
22779.99999928739,31,131,0.19135802469135801,-61.317870641975304
22789.99999928579,32,130,0.19753086419753085,-63.295866469135795
22799.999999284188,36,126,0.2222222222222222,-71.20784977777777
22809.999999282587,31,131,0.19135802469135801,-61.317870641975304
22819.999999280986,32,130,0.19753086419753085,-63.295866469135795
22829.999999279386,31,131,0.19135802469135801,-61.317870641975304
22839.999999277785,33,129,0.2037037037037037,-65.2738622962963
22849.999999276184,29,133,0.17901234567901234,-57.36187898765432
22859.999999274583,30,132,0.18518518518518517,-59.33987481481481
22869.999999272983,34,128,0.20987654320987653,-67.25185812345678
22879.999999271382,33,129,0.2037037037037037,-65.2738622962963
22889.99999926978,32,130,0.19753086419753085,-63.295866469135795
22899.99999926818,33,129,0.2037037037037037,-65.2738622962963
22909.99999926658,31,131,0.19135802469135801,-61.317870641975304
22919.99999926498,29,133,0.17901234567901234,-57.36187898765432
22929.99999926338,29,133,0.17901234567901234,-57.36187898765432
22939.999999261778,28,134,0.1728395061728395,-55.38388316049383
22949.999999260177,32,130,0.19753086419753085,-63.295866469135795
22959.999999258576,32,130,0.19753086419753085,-63.295866469135795
22969.999999256976,31,131,0.19135802469135801,-61.317870641975304
22979.999999255375,32,130,0.19753086419753085,-63.295866469135795
22989.999999253774,34,128,0.20987654320987653,-67.25185812345678
22999.999999252173,32,130,0.19753086419753085,-63.295866469135795
23009.999999250573,32,130,0.19753086419753085,-63.295866469135795
23019.999999248972,29,133,0.17901234567901234,-57.36187898765432
23029.99999924737,30,132,0.18518518518518517,-59.33987481481481
23039.99999924577,33,129,0.2037037037037037,-65.2738622962963
23049.99999924417,32,130,0.19753086419753085,-63.295866469135795
23059.99999924257,30,132,0.18518518518518517,-59.33987481481481
23069.99999924097,28,134,0.1728395061728395,-55.38388316049383
23079.999999239368,31,131,0.19135802469135801,-61.317870641975304
23089.999999237767,30,132,0.18518518518518517,-59.33987481481481
23099.999999236166,30,132,0.18518518518518517,-59.33987481481481
23109.999999234566,31,131,0.19135802469135801,-61.317870641975304
23119.999999232965,35,127,0.21604938271604937,-69.22985395061728
23129.999999231364,31,131,0.19135802469135801,-61.317870641975304
23139.999999229763,31,131,0.19135802469135801,-61.317870641975304
23149.999999228163,30,132,0.18518518518518517,-59.33987481481481
23159.999999226562,35,127,0.21604938271604937,-69.22985395061728
23169.99999922496,34,128,0.20987654320987653,-67.25185812345678
23179.99999922336,32,130,0.19753086419753085,-63.295866469135795
23189.99999922176,30,132,0.18518518518518517,-59.33987481481481
23199.99999922016,32,130,0.19753086419753085,-63.295866469135795
23209.99999921856,32,130,0.19753086419753085,-63.295866469135795
23219.999999216958,27,135,0.16666666666666666,-53.405887333333325
23229.999999215357,32,130,0.19753086419753085,-63.295866469135795
23239.999999213756,30,132,0.18518518518518517,-59.33987481481481
23249.999999212156,31,131,0.19135802469135801,-61.317870641975304
23259.999999210555,28,134,0.1728395061728395,-55.38388316049383
23269.999999208954,26,136,0.16049382716049382,-51.42789150617284
23279.999999207354,35,127,0.21604938271604937,-69.22985395061728
23289.999999205753,32,130,0.19753086419753085,-63.295866469135795
23299.999999204152,32,130,0.19753086419753085,-63.295866469135795
23309.99999920255,35,127,0.21604938271604937,-69.22985395061728
23319.99999920095,33,129,0.2037037037037037,-65.2738622962963
23329.99999919935,34,128,0.20987654320987653,-67.25185812345678
23339.99999919775,33,129,0.2037037037037037,-65.2738622962963
23349.99999919615,34,128,0.20987654320987653,-67.25185812345678
23359.999999194548,33,129,0.2037037037037037,-65.2738622962963
23369.999999192947,32,130,0.19753086419753085,-63.295866469135795
23379.999999191346,31,131,0.19135802469135801,-61.317870641975304
23389.999999189746,34,128,0.20987654320987653,-67.25185812345678
23399.999999188145,33,129,0.2037037037037037,-65.2738622962963
23409.999999186544,31,131,0.19135802469135801,-61.317870641975304
23419.999999184944,34,128,0.20987654320987653,-67.25185812345678
23429.999999183343,30,132,0.18518518518518517,-59.33987481481481
23439.999999181742,29,133,0.17901234567901234,-57.36187898765432
23449.99999918014,30,132,0.18518518518518517,-59.33987481481481
23459.99999917854,32,130,0.19753086419753085,-63.295866469135795
23469.99999917694,32,130,0.19753086419753085,-63.295866469135795
23479.99999917534,30,132,0.18518518518518517,-59.33987481481481
23489.99999917374,30,132,0.18518518518518517,-59.33987481481481
23499.999999172138,32,130,0.19753086419753085,-63.295866469135795
23509.999999170537,34,128,0.20987654320987653,-67.25185812345678
23519.999999168936,34,128,0.20987654320987653,-67.25185812345678
23529.999999167336,31,131,0.19135802469135801,-61.317870641975304
23539.999999165735,30,132,0.18518518518518517,-59.33987481481481
23549.999999164134,31,131,0.19135802469135801,-61.317870641975304
23559.999999162534,30,132,0.18518518518518517,-59.33987481481481
23569.999999160933,29,133,0.17901234567901234,-57.36187898765432
23579.999999159332,24,138,0.14814814814814814,-47.47189985185185
23589.99999915773,28,134,0.1728395061728395,-55.38388316049383
23599.99999915613,32,130,0.19753086419753085,-63.295866469135795
23609.99999915453,31,131,0.19135802469135801,-61.317870641975304
23619.99999915293,33,129,0.2037037037037037,-65.2738622962963
23629.99999915133,31,131,0.19135802469135801,-61.317870641975304
23639.999999149728,33,129,0.2037037037037037,-65.2738622962963
23649.999999148127,35,127,0.21604938271604937,-69.22985395061728
23659.999999146527,32,130,0.19753086419753085,-63.295866469135795
23669.999999144926,36,126,0.2222222222222222,-71.20784977777777
23679.999999143325,33,129,0.2037037037037037,-65.2738622962963
23689.999999141724,32,130,0.19753086419753085,-63.295866469135795
23699.999999140124,30,132,0.18518518518518517,-59.33987481481481
23709.999999138523,29,133,0.17901234567901234,-57.36187898765432
23719.999999136922,29,133,0.17901234567901234,-57.36187898765432
23729.99999913532,27,135,0.16666666666666666,-53.405887333333325
23739.99999913372,27,135,0.16666666666666666,-53.405887333333325
23749.99999913212,28,134,0.1728395061728395,-55.38388316049383
23759.99999913052,29,133,0.17901234567901234,-57.36187898765432
23769.99999912892,33,129,0.2037037037037037,-65.2738622962963
23779.999999127318,30,132,0.18518518518518517,-59.33987481481481
23789.999999125717,31,131,0.19135802469135801,-61.317870641975304
23799.999999124117,31,131,0.19135802469135801,-61.317870641975304
23809.999999122516,26,136,0.16049382716049382,-51.42789150617284
23819.999999120915,28,134,0.1728395061728395,-55.38388316049383
23829.999999119314,26,136,0.16049382716049382,-51.42789150617284
23839.999999117714,25,137,0.15432098765432098,-49.44989567901234
23849.999999116113,25,137,0.15432098765432098,-49.44989567901234
23859.999999114512,27,135,0.16666666666666666,-53.405887333333325
23869.99999911291,27,135,0.16666666666666666,-53.405887333333325
23879.99999911131,28,134,0.1728395061728395,-55.38388316049383
23889.99999910971,28,134,0.1728395061728395,-55.38388316049383
23899.99999910811,28,134,0.1728395061728395,-55.38388316049383
23909.99999910651,27,135,0.16666666666666666,-53.405887333333325
23919.999999104908,33,129,0.2037037037037037,-65.2738622962963
23929.999999103307,30,132,0.18518518518518517,-59.33987481481481
23939.999999101707,28,134,0.1728395061728395,-55.38388316049383
23949.999999100106,33,129,0.2037037037037037,-65.2738622962963
23959.999999098505,32,130,0.19753086419753085,-63.295866469135795
23969.999999096905,35,127,0.21604938271604937,-69.22985395061728
23979.999999095304,32,130,0.19753086419753085,-63.295866469135795
23989.999999093703,32,130,0.19753086419753085,-63.295866469135795
23999.999999092102,35,127,0.21604938271604937,-69.22985395061728
24009.9999990905,35,127,0.21604938271604937,-69.22985395061728
24019.9999990889,33,129,0.2037037037037037,-65.2738622962963
24029.9999990873,33,129,0.2037037037037037,-65.2738622962963
24039.9999990857,31,131,0.19135802469135801,-61.317870641975304
24049.9999990841,29,133,0.17901234567901234,-57.36187898765432
24059.999999082498,31,131,0.19135802469135801,-61.317870641975304
24069.999999080897,28,134,0.1728395061728395,-55.38388316049383
24079.999999079297,31,131,0.19135802469135801,-61.317870641975304
24089.999999077696,30,132,0.18518518518518517,-59.33987481481481
24099.999999076095,31,131,0.19135802469135801,-61.317870641975304
24109.999999074495,32,130,0.19753086419753085,-63.295866469135795
24119.999999072894,31,131,0.19135802469135801,-61.317870641975304
24129.999999071293,32,130,0.19753086419753085,-63.295866469135795
