time,number_A,number_HA,alpha,surf_ch_dens
140.00000000001765,125,37,0.7716049382716049,-123.62473919753086
150.00000000000855,99,63,0.6111111111111112,-97.91079344444444
159.99999999999946,89,73,0.5493827160493827,-88.02081430864196
169.99999999999037,77,85,0.47530864197530864,-76.15283934567901
179.99999999998127,79,83,0.4876543209876543,-78.1308351728395
189.99999999997218,69,93,0.42592592592592593,-68.24085603703703
199.99999999996308,66,96,0.4074074074074074,-65.2738622962963
209.99999999995399,64,98,0.3950617283950617,-63.295866469135795
219.9999999999449,61,101,0.3765432098765432,-60.328872728395055
229.9999999999358,57,105,0.35185185185185186,-56.372881074074066
239.9999999999267,59,103,0.36419753086419754,-58.350876901234564
249.9999999999176,58,104,0.35802469135802467,-57.36187898765432
259.99999999990854,61,101,0.3765432098765432,-60.328872728395055
269.99999999989944,56,106,0.345679012345679,-55.38388316049383
279.99999999989035,54,108,0.3333333333333333,-53.405887333333325
289.99999999988125,54,108,0.3333333333333333,-53.405887333333325
299.99999999987216,57,105,0.35185185185185186,-56.372881074074066
309.99999999986306,60,102,0.37037037037037035,-59.33987481481481
319.99999999985397,60,102,0.37037037037037035,-59.33987481481481
329.9999999998449,61,101,0.3765432098765432,-60.328872728395055
339.9999999998358,64,98,0.3950617283950617,-63.295866469135795
349.9999999998267,64,98,0.3950617283950617,-63.295866469135795
359.9999999998176,61,101,0.3765432098765432,-60.328872728395055
369.9999999998085,59,103,0.36419753086419754,-58.350876901234564
379.9999999997994,58,104,0.35802469135802467,-57.36187898765432
389.9999999997903,55,107,0.3395061728395062,-54.39488524691358
399.9999999997812,57,105,0.35185185185185186,-56.372881074074066
409.9999999997721,57,105,0.35185185185185186,-56.372881074074066
419.999999999763,56,106,0.345679012345679,-55.38388316049383
429.9999999997539,51,111,0.3148148148148148,-50.43889359259259
439.99999999974483,51,111,0.3148148148148148,-50.43889359259259
449.99999999973573,49,113,0.30246913580246915,-48.4608977654321
459.99999999972664,48,114,0.2962962962962963,-47.47189985185185
469.99999999971755,48,114,0.2962962962962963,-47.47189985185185
479.99999999970845,54,108,0.3333333333333333,-53.405887333333325
489.99999999969936,54,108,0.3333333333333333,-53.405887333333325
499.99999999969026,55,107,0.3395061728395062,-54.39488524691358
509.99999999968117,58,104,0.35802469135802467,-57.36187898765432
519.9999999996721,56,106,0.345679012345679,-55.38388316049383
529.999999999663,55,107,0.3395061728395062,-54.39488524691358
539.9999999996539,54,108,0.3333333333333333,-53.405887333333325
549.9999999996448,54,108,0.3333333333333333,-53.405887333333325
559.9999999996357,55,107,0.3395061728395062,-54.39488524691358
569.9999999996267,57,105,0.35185185185185186,-56.372881074074066
579.9999999996176,54,108,0.3333333333333333,-53.405887333333325
589.9999999996085,53,109,0.3271604938271605,-52.41688941975308
599.9999999995994,53,109,0.3271604938271605,-52.41688941975308
609.9999999995903,50,112,0.30864197530864196,-49.44989567901234
619.9999999995812,48,114,0.2962962962962963,-47.47189985185185
629.9999999995721,49,113,0.30246913580246915,-48.4608977654321
639.999999999563,51,111,0.3148148148148148,-50.43889359259259
649.9999999995539,50,112,0.30864197530864196,-49.44989567901234
659.9999999995448,44,118,0.2716049382716049,-43.51590819753087
669.9999999995357,45,117,0.2777777777777778,-44.504906111111104
679.9999999995266,47,115,0.29012345679012347,-46.4829019382716
689.9999999995175,53,109,0.3271604938271605,-52.41688941975308
699.9999999995084,47,115,0.29012345679012347,-46.4829019382716
709.9999999994993,51,111,0.3148148148148148,-50.43889359259259
719.9999999994902,55,107,0.3395061728395062,-54.39488524691358
729.9999999994811,51,111,0.3148148148148148,-50.43889359259259
739.999999999472,48,114,0.2962962962962963,-47.47189985185185
749.999999999463,45,117,0.2777777777777778,-44.504906111111104
759.9999999994538,44,118,0.2716049382716049,-43.51590819753087
769.9999999994448,46,116,0.2839506172839506,-45.49390402469136
779.9999999994357,45,117,0.2777777777777778,-44.504906111111104
789.9999999994266,45,117,0.2777777777777778,-44.504906111111104
799.9999999994175,48,114,0.2962962962962963,-47.47189985185185
809.9999999994084,48,114,0.2962962962962963,-47.47189985185185
819.9999999993993,49,113,0.30246913580246915,-48.4608977654321
829.9999999993902,50,112,0.30864197530864196,-49.44989567901234
839.9999999993811,49,113,0.30246913580246915,-48.4608977654321
849.999999999372,51,111,0.3148148148148148,-50.43889359259259
859.9999999993629,51,111,0.3148148148148148,-50.43889359259259
869.9999999993538,50,112,0.30864197530864196,-49.44989567901234
879.9999999993447,50,112,0.30864197530864196,-49.44989567901234
889.9999999993356,57,105,0.35185185185185186,-56.372881074074066
899.9999999993265,56,106,0.345679012345679,-55.38388316049383
909.9999999993174,53,109,0.3271604938271605,-52.41688941975308
919.9999999993083,50,112,0.30864197530864196,-49.44989567901234
929.9999999992992,49,113,0.30246913580246915,-48.4608977654321
939.9999999992901,45,117,0.2777777777777778,-44.504906111111104
949.999999999281,43,119,0.2654320987654321,-42.52691028395062
959.999999999272,45,117,0.2777777777777778,-44.504906111111104
969.9999999992629,43,119,0.2654320987654321,-42.52691028395062
979.9999999992538,47,115,0.29012345679012347,-46.4829019382716
989.9999999992447,48,114,0.2962962962962963,-47.47189985185185
999.9999999992356,47,115,0.29012345679012347,-46.4829019382716
1009.9999999992265,52,110,0.32098765432098764,-51.42789150617284
1019.9999999992174,52,110,0.32098765432098764,-51.42789150617284
1029.9999999992083,47,115,0.29012345679012347,-46.4829019382716
1039.9999999991992,50,112,0.30864197530864196,-49.44989567901234
1049.99999999919,47,115,0.29012345679012347,-46.4829019382716
1059.999999999181,44,118,0.2716049382716049,-43.51590819753087
1069.999999999172,51,111,0.3148148148148148,-50.43889359259259
1079.9999999991628,48,114,0.2962962962962963,-47.47189985185185
1089.9999999991537,46,116,0.2839506172839506,-45.49390402469136
1099.9999999991446,46,116,0.2839506172839506,-45.49390402469136
1109.9999999991355,47,115,0.29012345679012347,-46.4829019382716
1119.9999999991264,50,112,0.30864197530864196,-49.44989567901234
1129.9999999991173,48,114,0.2962962962962963,-47.47189985185185
1139.9999999991082,48,114,0.2962962962962963,-47.47189985185185
1149.9999999990991,46,116,0.2839506172839506,-45.49390402469136
1159.99999999909,46,116,0.2839506172839506,-45.49390402469136
1169.999999999081,45,117,0.2777777777777778,-44.504906111111104
1179.9999999990719,43,119,0.2654320987654321,-42.52691028395062
1189.9999999990628,44,118,0.2716049382716049,-43.51590819753087
1199.9999999990537,47,115,0.29012345679012347,-46.4829019382716
1209.9999999990446,44,118,0.2716049382716049,-43.51590819753087
1219.9999999990355,41,121,0.25308641975308643,-40.54891445679012
1229.9999999990264,43,119,0.2654320987654321,-42.52691028395062
1239.9999999990173,42,120,0.25925925925925924,-41.537912370370364
1249.9999999990082,44,118,0.2716049382716049,-43.51590819753087
1259.999999998999,43,119,0.2654320987654321,-42.52691028395062
1269.99999999899,43,119,0.2654320987654321,-42.52691028395062
1279.999999998981,39,123,0.24074074074074073,-38.57091862962963
1289.9999999989718,40,122,0.24691358024691357,-39.55991654320987
1299.9999999989627,37,125,0.22839506172839505,-36.59292280246914
1309.9999999989536,38,124,0.2345679012345679,-37.581920716049375
1319.9999999989445,42,120,0.25925925925925924,-41.537912370370364
1329.9999999989354,41,121,0.25308641975308643,-40.54891445679012
1339.9999999989263,40,122,0.24691358024691357,-39.55991654320987
1349.9999999989172,42,120,0.25925925925925924,-41.537912370370364
1359.9999999989082,40,122,0.24691358024691357,-39.55991654320987
1369.999999998899,43,119,0.2654320987654321,-42.52691028395062
1379.99999999889,44,118,0.2716049382716049,-43.51590819753087
1389.9999999988809,46,116,0.2839506172839506,-45.49390402469136
1399.9999999988718,43,119,0.2654320987654321,-42.52691028395062
1409.9999999988627,52,110,0.32098765432098764,-51.42789150617284
1419.9999999988536,47,115,0.29012345679012347,-46.4829019382716
1429.9999999988445,42,120,0.25925925925925924,-41.537912370370364
1439.9999999988354,45,117,0.2777777777777778,-44.504906111111104
1449.9999999988263,46,116,0.2839506172839506,-45.49390402469136
1459.9999999988172,43,119,0.2654320987654321,-42.52691028395062
1469.999999998808,45,117,0.2777777777777778,-44.504906111111104
1479.999999998799,42,120,0.25925925925925924,-41.537912370370364
1489.99999999879,43,119,0.2654320987654321,-42.52691028395062
1499.9999999987808,40,122,0.24691358024691357,-39.55991654320987
1509.9999999987717,36,126,0.2222222222222222,-35.60392488888888
1519.9999999987626,36,126,0.2222222222222222,-35.60392488888888
1529.9999999987535,35,127,0.21604938271604937,-34.61492697530864
1539.9999999987444,38,124,0.2345679012345679,-37.581920716049375
1549.9999999987353,38,124,0.2345679012345679,-37.581920716049375
1559.9999999987263,38,124,0.2345679012345679,-37.581920716049375
1569.9999999987172,42,120,0.25925925925925924,-41.537912370370364
1579.999999998708,40,122,0.24691358024691357,-39.55991654320987
1589.999999998699,45,117,0.2777777777777778,-44.504906111111104
1599.9999999986899,42,120,0.25925925925925924,-41.537912370370364
1609.9999999986808,38,124,0.2345679012345679,-37.581920716049375
1619.9999999986717,38,124,0.2345679012345679,-37.581920716049375
1629.9999999986626,44,118,0.2716049382716049,-43.51590819753087
1639.9999999986535,39,123,0.24074074074074073,-38.57091862962963
1649.9999999986444,40,122,0.24691358024691357,-39.55991654320987
1659.9999999986353,38,124,0.2345679012345679,-37.581920716049375
1669.9999999986262,43,119,0.2654320987654321,-42.52691028395062
1679.999999998617,41,121,0.25308641975308643,-40.54891445679012
1689.999999998608,40,122,0.24691358024691357,-39.55991654320987
1699.999999998599,44,118,0.2716049382716049,-43.51590819753087
1709.9999999985898,40,122,0.24691358024691357,-39.55991654320987
1719.9999999985807,39,123,0.24074074074074073,-38.57091862962963
1729.9999999985716,43,119,0.2654320987654321,-42.52691028395062
1739.9999999985625,39,123,0.24074074074074073,-38.57091862962963
1749.9999999985534,39,123,0.24074074074074073,-38.57091862962963
1759.9999999985444,37,125,0.22839506172839505,-36.59292280246914
1769.9999999985353,40,122,0.24691358024691357,-39.55991654320987
1779.9999999985262,40,122,0.24691358024691357,-39.55991654320987
1789.999999998517,40,122,0.24691358024691357,-39.55991654320987
1799.999999998508,39,123,0.24074074074074073,-38.57091862962963
1809.9999999984989,40,122,0.24691358024691357,-39.55991654320987
1819.9999999984898,40,122,0.24691358024691357,-39.55991654320987
1829.9999999984807,38,124,0.2345679012345679,-37.581920716049375
1839.9999999984716,40,122,0.24691358024691357,-39.55991654320987
1849.9999999984625,39,123,0.24074074074074073,-38.57091862962963
1859.9999999984534,42,120,0.25925925925925924,-41.537912370370364
1869.9999999984443,39,123,0.24074074074074073,-38.57091862962963
1879.9999999984352,39,123,0.24074074074074073,-38.57091862962963
1889.9999999984261,41,121,0.25308641975308643,-40.54891445679012
1899.999999998417,40,122,0.24691358024691357,-39.55991654320987
1909.999999998408,40,122,0.24691358024691357,-39.55991654320987
1919.9999999983988,39,123,0.24074074074074073,-38.57091862962963
1929.9999999983897,40,122,0.24691358024691357,-39.55991654320987
1939.9999999983806,38,124,0.2345679012345679,-37.581920716049375
1949.9999999983715,36,126,0.2222222222222222,-35.60392488888888
1959.9999999983625,35,127,0.21604938271604937,-34.61492697530864
1969.9999999983534,36,126,0.2222222222222222,-35.60392488888888
1979.9999999983443,32,130,0.19753086419753085,-31.647933234567898
1989.9999999983352,36,126,0.2222222222222222,-35.60392488888888
1999.999999998326,36,126,0.2222222222222222,-35.60392488888888
2009.999999998317,37,125,0.22839506172839505,-36.59292280246914
2019.9999999983079,37,125,0.22839506172839505,-36.59292280246914
2029.9999999982988,31,131,0.19135802469135801,-30.658935320987652
2039.9999999982897,31,131,0.19135802469135801,-30.658935320987652
2049.999999998326,38,124,0.2345679012345679,-37.581920716049375
2059.9999999985444,40,122,0.24691358024691357,-39.55991654320987
2069.9999999987626,39,123,0.24074074074074073,-38.57091862962963
2079.999999998981,38,124,0.2345679012345679,-37.581920716049375
2089.999999999199,35,127,0.21604938271604937,-34.61492697530864
2099.9999999994175,36,126,0.2222222222222222,-35.60392488888888
2109.9999999996357,34,128,0.20987654320987653,-33.62592906172839
2119.999999999854,35,127,0.21604938271604937,-34.61492697530864
2130.0000000000723,35,127,0.21604938271604937,-34.61492697530864
2140.0000000002906,33,129,0.2037037037037037,-32.63693114814815
2150.000000000509,33,129,0.2037037037037037,-32.63693114814815
2160.000000000727,33,129,0.2037037037037037,-32.63693114814815
2170.0000000009454,36,126,0.2222222222222222,-35.60392488888888
2180.0000000011637,35,127,0.21604938271604937,-34.61492697530864
2190.000000001382,39,123,0.24074074074074073,-38.57091862962963
2200.0000000016003,36,126,0.2222222222222222,-35.60392488888888
2210.0000000018185,38,124,0.2345679012345679,-37.581920716049375
2220.000000002037,37,125,0.22839506172839505,-36.59292280246914
2230.000000002255,44,118,0.2716049382716049,-43.51590819753087
2240.0000000024734,38,124,0.2345679012345679,-37.581920716049375
2250.0000000026916,37,125,0.22839506172839505,-36.59292280246914
2260.00000000291,38,124,0.2345679012345679,-37.581920716049375
2270.000000003128,36,126,0.2222222222222222,-35.60392488888888
2280.0000000033465,36,126,0.2222222222222222,-35.60392488888888
2290.0000000035648,37,125,0.22839506172839505,-36.59292280246914
2300.000000003783,37,125,0.22839506172839505,-36.59292280246914
2310.0000000040013,36,126,0.2222222222222222,-35.60392488888888
2320.0000000042196,36,126,0.2222222222222222,-35.60392488888888
2330.000000004438,38,124,0.2345679012345679,-37.581920716049375
2340.000000004656,38,124,0.2345679012345679,-37.581920716049375
2350.0000000048744,40,122,0.24691358024691357,-39.55991654320987
2360.0000000050927,39,123,0.24074074074074073,-38.57091862962963
2370.000000005311,40,122,0.24691358024691357,-39.55991654320987
2380.0000000055293,39,123,0.24074074074074073,-38.57091862962963
2390.0000000057476,36,126,0.2222222222222222,-35.60392488888888
2400.000000005966,38,124,0.2345679012345679,-37.581920716049375
2410.000000006184,37,125,0.22839506172839505,-36.59292280246914
2420.0000000064024,45,117,0.2777777777777778,-44.504906111111104
2430.0000000066207,42,120,0.25925925925925924,-41.537912370370364
2440.000000006839,42,120,0.25925925925925924,-41.537912370370364
2450.000000007057,43,119,0.2654320987654321,-42.52691028395062
2460.0000000072755,43,119,0.2654320987654321,-42.52691028395062
2470.000000007494,40,122,0.24691358024691357,-39.55991654320987
2480.000000007712,31,131,0.19135802469135801,-30.658935320987652
2490.0000000079303,34,128,0.20987654320987653,-33.62592906172839
2500.0000000081486,34,128,0.20987654320987653,-33.62592906172839
2510.000000008367,37,125,0.22839506172839505,-36.59292280246914
2520.000000008585,37,125,0.22839506172839505,-36.59292280246914
2530.0000000088035,34,128,0.20987654320987653,-33.62592906172839
2540.0000000090217,35,127,0.21604938271604937,-34.61492697530864
2550.00000000924,36,126,0.2222222222222222,-35.60392488888888
2560.0000000094583,31,131,0.19135802469135801,-30.658935320987652
2570.0000000096766,35,127,0.21604938271604937,-34.61492697530864
2580.000000009895,32,130,0.19753086419753085,-31.647933234567898
2590.000000010113,33,129,0.2037037037037037,-32.63693114814815
2600.0000000103314,35,127,0.21604938271604937,-34.61492697530864
2610.0000000105497,35,127,0.21604938271604937,-34.61492697530864
2620.000000010768,31,131,0.19135802469135801,-30.658935320987652
2630.0000000109862,30,132,0.18518518518518517,-29.669937407407406
2640.0000000112045,36,126,0.2222222222222222,-35.60392488888888
2650.000000011423,34,128,0.20987654320987653,-33.62592906172839
2660.000000011641,39,123,0.24074074074074073,-38.57091862962963
2670.0000000118594,34,128,0.20987654320987653,-33.62592906172839
2680.0000000120776,38,124,0.2345679012345679,-37.581920716049375
2690.000000012296,36,126,0.2222222222222222,-35.60392488888888
2700.000000012514,36,126,0.2222222222222222,-35.60392488888888
2710.0000000127325,37,125,0.22839506172839505,-36.59292280246914
2720.0000000129507,34,128,0.20987654320987653,-33.62592906172839
2730.000000013169,38,124,0.2345679012345679,-37.581920716049375
2740.0000000133873,36,126,0.2222222222222222,-35.60392488888888
2750.0000000136056,38,124,0.2345679012345679,-37.581920716049375
2760.000000013824,39,123,0.24074074074074073,-38.57091862962963
2770.000000014042,41,121,0.25308641975308643,-40.54891445679012
2780.0000000142604,41,121,0.25308641975308643,-40.54891445679012
2790.0000000144787,37,125,0.22839506172839505,-36.59292280246914
2800.000000014697,36,126,0.2222222222222222,-35.60392488888888
2810.0000000149153,33,129,0.2037037037037037,-32.63693114814815
2820.0000000151335,34,128,0.20987654320987653,-33.62592906172839
2830.000000015352,35,127,0.21604938271604937,-34.61492697530864
2840.00000001557,38,124,0.2345679012345679,-37.581920716049375
2850.0000000157884,39,123,0.24074074074074073,-38.57091862962963
2860.0000000160067,39,123,0.24074074074074073,-38.57091862962963
2870.000000016225,30,132,0.18518518518518517,-29.669937407407406
2880.000000016443,38,124,0.2345679012345679,-37.581920716049375
2890.0000000166615,34,128,0.20987654320987653,-33.62592906172839
2900.0000000168798,36,126,0.2222222222222222,-35.60392488888888
2910.000000017098,33,129,0.2037037037037037,-32.63693114814815
2920.0000000173163,36,126,0.2222222222222222,-35.60392488888888
2930.0000000175346,40,122,0.24691358024691357,-39.55991654320987
2940.000000017753,35,127,0.21604938271604937,-34.61492697530864
2950.000000017971,39,123,0.24074074074074073,-38.57091862962963
2960.0000000181894,33,129,0.2037037037037037,-32.63693114814815
2970.0000000184077,27,135,0.16666666666666666,-26.702943666666663
2980.000000018626,34,128,0.20987654320987653,-33.62592906172839
2990.0000000188443,32,130,0.19753086419753085,-31.647933234567898
3000.0000000190626,32,130,0.19753086419753085,-31.647933234567898
3010.000000019281,32,130,0.19753086419753085,-31.647933234567898
3020.000000019499,32,130,0.19753086419753085,-31.647933234567898
3030.0000000197174,32,130,0.19753086419753085,-31.647933234567898
3040.0000000199357,35,127,0.21604938271604937,-34.61492697530864
3050.000000020154,26,136,0.16049382716049382,-25.71394575308642
3060.000000020372,34,128,0.20987654320987653,-33.62592906172839
3070.0000000205905,37,125,0.22839506172839505,-36.59292280246914
3080.000000020809,35,127,0.21604938271604937,-34.61492697530864
3090.000000021027,33,129,0.2037037037037037,-32.63693114814815
3100.0000000212453,31,131,0.19135802469135801,-30.658935320987652
3110.0000000214636,28,134,0.1728395061728395,-27.691941580246915
3120.000000021682,35,127,0.21604938271604937,-34.61492697530864
3130.0000000219,33,129,0.2037037037037037,-32.63693114814815
3140.0000000221185,37,125,0.22839506172839505,-36.59292280246914
3150.0000000223367,35,127,0.21604938271604937,-34.61492697530864
3160.000000022555,39,123,0.24074074074074073,-38.57091862962963
3170.0000000227733,36,126,0.2222222222222222,-35.60392488888888
3180.0000000229916,34,128,0.20987654320987653,-33.62592906172839
3190.00000002321,36,126,0.2222222222222222,-35.60392488888888
3200.000000023428,32,130,0.19753086419753085,-31.647933234567898
3210.0000000236464,32,130,0.19753086419753085,-31.647933234567898
3220.0000000238647,29,133,0.17901234567901234,-28.68093949382716
3230.000000024083,34,128,0.20987654320987653,-33.62592906172839
3240.0000000243012,35,127,0.21604938271604937,-34.61492697530864
3250.0000000245195,39,123,0.24074074074074073,-38.57091862962963
3260.000000024738,36,126,0.2222222222222222,-35.60392488888888
3270.000000024956,35,127,0.21604938271604937,-34.61492697530864
3280.0000000251744,38,124,0.2345679012345679,-37.581920716049375
3290.0000000253926,32,130,0.19753086419753085,-31.647933234567898
3300.000000025611,34,128,0.20987654320987653,-33.62592906172839
3310.000000025829,37,125,0.22839506172839505,-36.59292280246914
3320.0000000260475,35,127,0.21604938271604937,-34.61492697530864
3330.0000000262658,35,127,0.21604938271604937,-34.61492697530864
3340.000000026484,37,125,0.22839506172839505,-36.59292280246914
3350.0000000267023,37,125,0.22839506172839505,-36.59292280246914
3360.0000000269206,39,123,0.24074074074074073,-38.57091862962963
3370.000000027139,37,125,0.22839506172839505,-36.59292280246914
3380.000000027357,34,128,0.20987654320987653,-33.62592906172839
3390.0000000275754,37,125,0.22839506172839505,-36.59292280246914
3400.0000000277937,39,123,0.24074074074074073,-38.57091862962963
3410.000000028012,32,130,0.19753086419753085,-31.647933234567898
3420.0000000282303,35,127,0.21604938271604937,-34.61492697530864
3430.0000000284485,34,128,0.20987654320987653,-33.62592906172839
3440.000000028667,30,132,0.18518518518518517,-29.669937407407406
3450.000000028885,38,124,0.2345679012345679,-37.581920716049375
3460.0000000291034,39,123,0.24074074074074073,-38.57091862962963
3470.0000000293217,34,128,0.20987654320987653,-33.62592906172839
3480.00000002954,44,118,0.2716049382716049,-43.51590819753087
3490.000000029758,37,125,0.22839506172839505,-36.59292280246914
3500.0000000299765,39,123,0.24074074074074073,-38.57091862962963
3510.0000000301948,37,125,0.22839506172839505,-36.59292280246914
3520.000000030413,38,124,0.2345679012345679,-37.581920716049375
3530.0000000306313,38,124,0.2345679012345679,-37.581920716049375
3540.0000000308496,37,125,0.22839506172839505,-36.59292280246914
3550.000000031068,34,128,0.20987654320987653,-33.62592906172839
3560.000000031286,37,125,0.22839506172839505,-36.59292280246914
3570.0000000315044,36,126,0.2222222222222222,-35.60392488888888
3580.0000000317227,37,125,0.22839506172839505,-36.59292280246914
3590.000000031941,32,130,0.19753086419753085,-31.647933234567898
3600.0000000321593,37,125,0.22839506172839505,-36.59292280246914
3610.0000000323776,36,126,0.2222222222222222,-35.60392488888888
3620.000000032596,37,125,0.22839506172839505,-36.59292280246914
3630.000000032814,39,123,0.24074074074074073,-38.57091862962963
3640.0000000330324,40,122,0.24691358024691357,-39.55991654320987
3650.0000000332507,35,127,0.21604938271604937,-34.61492697530864
3660.000000033469,38,124,0.2345679012345679,-37.581920716049375
3670.0000000336872,38,124,0.2345679012345679,-37.581920716049375
3680.0000000339055,37,125,0.22839506172839505,-36.59292280246914
3690.000000034124,40,122,0.24691358024691357,-39.55991654320987
3700.000000034342,34,128,0.20987654320987653,-33.62592906172839
3710.0000000345603,33,129,0.2037037037037037,-32.63693114814815
3720.0000000347786,34,128,0.20987654320987653,-33.62592906172839
3730.000000034997,31,131,0.19135802469135801,-30.658935320987652
3740.000000035215,35,127,0.21604938271604937,-34.61492697530864
3750.0000000354335,32,130,0.19753086419753085,-31.647933234567898
3760.0000000356517,38,124,0.2345679012345679,-37.581920716049375
3770.00000003587,40,122,0.24691358024691357,-39.55991654320987
3780.0000000360883,36,126,0.2222222222222222,-35.60392488888888
3790.0000000363066,37,125,0.22839506172839505,-36.59292280246914
3800.000000036525,35,127,0.21604938271604937,-34.61492697530864
3810.000000036743,35,127,0.21604938271604937,-34.61492697530864
3820.0000000369614,31,131,0.19135802469135801,-30.658935320987652
3830.0000000371797,29,133,0.17901234567901234,-28.68093949382716
3840.000000037398,29,133,0.17901234567901234,-28.68093949382716
3850.0000000376162,29,133,0.17901234567901234,-28.68093949382716
3860.0000000378345,31,131,0.19135802469135801,-30.658935320987652
3870.000000038053,31,131,0.19135802469135801,-30.658935320987652
3880.000000038271,30,132,0.18518518518518517,-29.669937407407406
3890.0000000384894,33,129,0.2037037037037037,-32.63693114814815
3900.0000000387076,35,127,0.21604938271604937,-34.61492697530864
3910.000000038926,31,131,0.19135802469135801,-30.658935320987652
3920.000000039144,34,128,0.20987654320987653,-33.62592906172839
3930.0000000393625,34,128,0.20987654320987653,-33.62592906172839
3940.0000000395808,36,126,0.2222222222222222,-35.60392488888888
3950.000000039799,38,124,0.2345679012345679,-37.581920716049375
3960.0000000400173,31,131,0.19135802469135801,-30.658935320987652
3970.0000000402356,30,132,0.18518518518518517,-29.669937407407406
3980.000000040454,33,129,0.2037037037037037,-32.63693114814815
3990.000000040672,33,129,0.2037037037037037,-32.63693114814815
4000.0000000408904,32,130,0.19753086419753085,-31.647933234567898
4010.0000000411087,39,123,0.24074074074074073,-38.57091862962963
4020.000000041327,30,132,0.18518518518518517,-29.669937407407406
4030.0000000415453,36,126,0.2222222222222222,-35.60392488888888
4040.0000000417635,35,127,0.21604938271604937,-34.61492697530864
4050.000000041982,33,129,0.2037037037037037,-32.63693114814815
4060.0000000422,32,130,0.19753086419753085,-31.647933234567898
4070.0000000424184,36,126,0.2222222222222222,-35.60392488888888
4080.0000000426367,36,126,0.2222222222222222,-35.60392488888888
4090.000000042855,34,128,0.20987654320987653,-33.62592906172839
4100.000000043073,36,126,0.2222222222222222,-35.60392488888888
4110.000000043291,36,126,0.2222222222222222,-35.60392488888888
4120.000000043509,40,122,0.24691358024691357,-39.55991654320987
4130.000000043728,38,124,0.2345679012345679,-37.581920716049375
4140.000000043946,31,131,0.19135802469135801,-30.658935320987652
4150.000000044164,35,127,0.21604938271604937,-34.61492697530864
4160.000000044382,31,131,0.19135802469135801,-30.658935320987652
4170.000000044601,33,129,0.2037037037037037,-32.63693114814815
4180.000000044819,31,131,0.19135802469135801,-30.658935320987652
4190.000000045037,30,132,0.18518518518518517,-29.669937407407406
4200.000000045256,31,131,0.19135802469135801,-30.658935320987652
4210.000000045474,36,126,0.2222222222222222,-35.60392488888888
4220.000000045692,35,127,0.21604938271604937,-34.61492697530864
4230.00000004591,30,132,0.18518518518518517,-29.669937407407406
4240.000000046129,33,129,0.2037037037037037,-32.63693114814815
4250.000000046347,32,130,0.19753086419753085,-31.647933234567898
4260.000000046565,34,128,0.20987654320987653,-33.62592906172839
4270.0000000467835,31,131,0.19135802469135801,-30.658935320987652
4280.000000047002,32,130,0.19753086419753085,-31.647933234567898
4290.00000004722,30,132,0.18518518518518517,-29.669937407407406
4300.000000047438,27,135,0.16666666666666666,-26.702943666666663
4310.000000047657,35,127,0.21604938271604937,-34.61492697530864
4320.000000047875,32,130,0.19753086419753085,-31.647933234567898
4330.000000048093,36,126,0.2222222222222222,-35.60392488888888
4340.000000048311,36,126,0.2222222222222222,-35.60392488888888
4350.00000004853,31,131,0.19135802469135801,-30.658935320987652
4360.000000048748,34,128,0.20987654320987653,-33.62592906172839
4370.000000048966,28,134,0.1728395061728395,-27.691941580246915
4380.000000049185,32,130,0.19753086419753085,-31.647933234567898
4390.000000049403,36,126,0.2222222222222222,-35.60392488888888
4400.000000049621,29,133,0.17901234567901234,-28.68093949382716
4410.000000049839,32,130,0.19753086419753085,-31.647933234567898
4420.000000050058,29,133,0.17901234567901234,-28.68093949382716
4430.000000050276,33,129,0.2037037037037037,-32.63693114814815
4440.000000050494,32,130,0.19753086419753085,-31.647933234567898
4450.0000000507125,35,127,0.21604938271604937,-34.61492697530864
4460.000000050931,32,130,0.19753086419753085,-31.647933234567898
4470.000000051149,30,132,0.18518518518518517,-29.669937407407406
4480.000000051367,34,128,0.20987654320987653,-33.62592906172839
4490.000000051586,33,129,0.2037037037037037,-32.63693114814815
4500.000000051804,35,127,0.21604938271604937,-34.61492697530864
4510.000000052022,39,123,0.24074074074074073,-38.57091862962963
4520.0000000522405,36,126,0.2222222222222222,-35.60392488888888
4530.000000052459,32,130,0.19753086419753085,-31.647933234567898
4540.000000052677,34,128,0.20987654320987653,-33.62592906172839
4550.000000052895,37,125,0.22839506172839505,-36.59292280246914
4560.000000053114,39,123,0.24074074074074073,-38.57091862962963
4570.000000053332,37,125,0.22839506172839505,-36.59292280246914
4580.00000005355,36,126,0.2222222222222222,-35.60392488888888
4590.000000053768,36,126,0.2222222222222222,-35.60392488888888
4600.000000053987,30,132,0.18518518518518517,-29.669937407407406
4610.000000054205,34,128,0.20987654320987653,-33.62592906172839
4620.000000054423,36,126,0.2222222222222222,-35.60392488888888
4630.0000000546415,34,128,0.20987654320987653,-33.62592906172839
4640.00000005486,37,125,0.22839506172839505,-36.59292280246914
4650.000000055078,41,121,0.25308641975308643,-40.54891445679012
4660.000000055296,35,127,0.21604938271604937,-34.61492697530864
4670.000000055515,34,128,0.20987654320987653,-33.62592906172839
4680.000000055733,39,123,0.24074074074074073,-38.57091862962963
4690.000000055951,36,126,0.2222222222222222,-35.60392488888888
4700.0000000561695,39,123,0.24074074074074073,-38.57091862962963
4710.000000056388,38,124,0.2345679012345679,-37.581920716049375
4720.000000056606,33,129,0.2037037037037037,-32.63693114814815
4730.000000056824,32,130,0.19753086419753085,-31.647933234567898
4740.000000057043,34,128,0.20987654320987653,-33.62592906172839
4750.000000057261,36,126,0.2222222222222222,-35.60392488888888
4760.000000057479,33,129,0.2037037037037037,-32.63693114814815
4770.000000057697,34,128,0.20987654320987653,-33.62592906172839
4780.000000057916,32,130,0.19753086419753085,-31.647933234567898
4790.000000058134,33,129,0.2037037037037037,-32.63693114814815
4800.000000058352,34,128,0.20987654320987653,-33.62592906172839
4810.000000058571,32,130,0.19753086419753085,-31.647933234567898
4820.000000058789,39,123,0.24074074074074073,-38.57091862962963
4830.000000059007,35,127,0.21604938271604937,-34.61492697530864
4840.000000059225,37,125,0.22839506172839505,-36.59292280246914
4850.000000059444,31,131,0.19135802469135801,-30.658935320987652
4860.000000059662,39,123,0.24074074074074073,-38.57091862962963
4870.00000005988,38,124,0.2345679012345679,-37.581920716049375
4880.0000000600985,35,127,0.21604938271604937,-34.61492697530864
4890.000000060317,38,124,0.2345679012345679,-37.581920716049375
4900.000000060535,39,123,0.24074074074074073,-38.57091862962963
4910.000000060753,30,132,0.18518518518518517,-29.669937407407406
4920.000000060972,35,127,0.21604938271604937,-34.61492697530864
4930.00000006119,39,123,0.24074074074074073,-38.57091862962963
4940.000000061408,34,128,0.20987654320987653,-33.62592906172839
4950.000000061626,37,125,0.22839506172839505,-36.59292280246914
4960.000000061845,36,126,0.2222222222222222,-35.60392488888888
4970.000000062063,40,122,0.24691358024691357,-39.55991654320987
4980.000000062281,35,127,0.21604938271604937,-34.61492697530864
4990.0000000625,38,124,0.2345679012345679,-37.581920716049375
5000.000000062718,41,121,0.25308641975308643,-40.54891445679012
5010.000000062936,39,123,0.24074074074074073,-38.57091862962963
5020.000000063154,40,122,0.24691358024691357,-39.55991654320987
5030.000000063373,41,121,0.25308641975308643,-40.54891445679012
5040.000000063591,38,124,0.2345679012345679,-37.581920716049375
5050.000000063809,36,126,0.2222222222222222,-35.60392488888888
5060.0000000640275,36,126,0.2222222222222222,-35.60392488888888
5070.000000064246,36,126,0.2222222222222222,-35.60392488888888
5080.000000064464,27,135,0.16666666666666666,-26.702943666666663
5090.000000064682,33,129,0.2037037037037037,-32.63693114814815
5100.000000064901,33,129,0.2037037037037037,-32.63693114814815
5110.000000065119,28,134,0.1728395061728395,-27.691941580246915
5120.000000065337,31,131,0.19135802469135801,-30.658935320987652
5130.0000000655555,31,131,0.19135802469135801,-30.658935320987652
5140.000000065774,35,127,0.21604938271604937,-34.61492697530864
5150.000000065992,36,126,0.2222222222222222,-35.60392488888888
5160.00000006621,38,124,0.2345679012345679,-37.581920716049375
5170.000000066429,37,125,0.22839506172839505,-36.59292280246914
5180.000000066647,33,129,0.2037037037037037,-32.63693114814815
5190.000000066865,36,126,0.2222222222222222,-35.60392488888888
5200.000000067083,33,129,0.2037037037037037,-32.63693114814815
5210.000000067302,35,127,0.21604938271604937,-34.61492697530864
5220.00000006752,32,130,0.19753086419753085,-31.647933234567898
5230.000000067738,33,129,0.2037037037037037,-32.63693114814815
5240.0000000679565,32,130,0.19753086419753085,-31.647933234567898
5250.000000068175,32,130,0.19753086419753085,-31.647933234567898
5260.000000068393,33,129,0.2037037037037037,-32.63693114814815
5270.000000068611,35,127,0.21604938271604937,-34.61492697530864
5280.00000006883,34,128,0.20987654320987653,-33.62592906172839
5290.000000069048,37,125,0.22839506172839505,-36.59292280246914
5300.000000069266,36,126,0.2222222222222222,-35.60392488888888
5310.0000000694845,34,128,0.20987654320987653,-33.62592906172839
5320.000000069703,31,131,0.19135802469135801,-30.658935320987652
5330.000000069921,34,128,0.20987654320987653,-33.62592906172839
5340.000000070139,38,124,0.2345679012345679,-37.581920716049375
5350.000000070358,37,125,0.22839506172839505,-36.59292280246914
5360.000000070576,35,127,0.21604938271604937,-34.61492697530864
5370.000000070794,35,127,0.21604938271604937,-34.61492697530864
5380.000000071012,37,125,0.22839506172839505,-36.59292280246914
5390.000000071231,34,128,0.20987654320987653,-33.62592906172839
5400.000000071449,32,130,0.19753086419753085,-31.647933234567898
5410.000000071667,35,127,0.21604938271604937,-34.61492697530864
5420.000000071886,29,133,0.17901234567901234,-28.68093949382716
5430.000000072104,34,128,0.20987654320987653,-33.62592906172839
5440.000000072322,34,128,0.20987654320987653,-33.62592906172839
5450.00000007254,33,129,0.2037037037037037,-32.63693114814815
5460.000000072759,36,126,0.2222222222222222,-35.60392488888888
5470.000000072977,36,126,0.2222222222222222,-35.60392488888888
5480.000000073195,39,123,0.24074074074074073,-38.57091862962963
5490.0000000734135,35,127,0.21604938271604937,-34.61492697530864
5500.000000073632,36,126,0.2222222222222222,-35.60392488888888
5510.00000007385,40,122,0.24691358024691357,-39.55991654320987
5520.000000074068,36,126,0.2222222222222222,-35.60392488888888
5530.000000074287,37,125,0.22839506172839505,-36.59292280246914
5540.000000074505,36,126,0.2222222222222222,-35.60392488888888
5550.000000074723,38,124,0.2345679012345679,-37.581920716049375
5560.000000074941,37,125,0.22839506172839505,-36.59292280246914
5570.00000007516,35,127,0.21604938271604937,-34.61492697530864
5580.000000075378,35,127,0.21604938271604937,-34.61492697530864
5590.000000075596,32,130,0.19753086419753085,-31.647933234567898
5600.000000075815,40,122,0.24691358024691357,-39.55991654320987
5610.000000076033,33,129,0.2037037037037037,-32.63693114814815
5620.000000076251,34,128,0.20987654320987653,-33.62592906172839
5630.000000076469,35,127,0.21604938271604937,-34.61492697530864
5640.000000076688,32,130,0.19753086419753085,-31.647933234567898
5650.000000076906,39,123,0.24074074074074073,-38.57091862962963
5660.000000077124,37,125,0.22839506172839505,-36.59292280246914
5670.0000000773425,34,128,0.20987654320987653,-33.62592906172839
5680.000000077561,41,121,0.25308641975308643,-40.54891445679012
5690.000000077779,37,125,0.22839506172839505,-36.59292280246914
5700.000000077997,37,125,0.22839506172839505,-36.59292280246914
5710.000000078216,40,122,0.24691358024691357,-39.55991654320987
5720.000000078434,36,126,0.2222222222222222,-35.60392488888888
5730.000000078652,37,125,0.22839506172839505,-36.59292280246914
5740.0000000788705,33,129,0.2037037037037037,-32.63693114814815
5750.000000079089,37,125,0.22839506172839505,-36.59292280246914
5760.000000079307,36,126,0.2222222222222222,-35.60392488888888
5770.000000079525,33,129,0.2037037037037037,-32.63693114814815
5780.000000079744,27,135,0.16666666666666666,-26.702943666666663
5790.000000079962,34,128,0.20987654320987653,-33.62592906172839
5800.00000008018,33,129,0.2037037037037037,-32.63693114814815
5810.000000080398,37,125,0.22839506172839505,-36.59292280246914
5820.000000080617,31,131,0.19135802469135801,-30.658935320987652
5830.000000080835,33,129,0.2037037037037037,-32.63693114814815
5840.000000081053,34,128,0.20987654320987653,-33.62592906172839
5850.0000000812715,29,133,0.17901234567901234,-28.68093949382716
5860.00000008149,29,133,0.17901234567901234,-28.68093949382716
5870.000000081708,27,135,0.16666666666666666,-26.702943666666663
5880.000000081926,28,134,0.1728395061728395,-27.691941580246915
5890.000000082145,32,130,0.19753086419753085,-31.647933234567898
5900.000000082363,30,132,0.18518518518518517,-29.669937407407406
5910.000000082581,31,131,0.19135802469135801,-30.658935320987652
5920.0000000827995,28,134,0.1728395061728395,-27.691941580246915
5930.000000083018,29,133,0.17901234567901234,-28.68093949382716
5940.000000083236,26,136,0.16049382716049382,-25.71394575308642
5950.000000083454,31,131,0.19135802469135801,-30.658935320987652
5960.000000083673,30,132,0.18518518518518517,-29.669937407407406
5970.000000083891,29,133,0.17901234567901234,-28.68093949382716
5980.000000084109,33,129,0.2037037037037037,-32.63693114814815
5990.000000084327,31,131,0.19135802469135801,-30.658935320987652
6000.000000084546,33,129,0.2037037037037037,-32.63693114814815
6010.000000084764,28,134,0.1728395061728395,-27.691941580246915
6020.000000084982,30,132,0.18518518518518517,-29.669937407407406
6030.000000085201,26,136,0.16049382716049382,-25.71394575308642
6040.000000085419,29,133,0.17901234567901234,-28.68093949382716
6050.000000085637,33,129,0.2037037037037037,-32.63693114814815
6060.000000085855,34,128,0.20987654320987653,-33.62592906172839
6070.000000086074,36,126,0.2222222222222222,-35.60392488888888
6080.000000086292,32,130,0.19753086419753085,-31.647933234567898
6090.00000008651,39,123,0.24074074074074073,-38.57091862962963
6100.0000000867285,34,128,0.20987654320987653,-33.62592906172839
6110.000000086947,31,131,0.19135802469135801,-30.658935320987652
6120.000000087165,30,132,0.18518518518518517,-29.669937407407406
6130.000000087383,35,127,0.21604938271604937,-34.61492697530864
6140.000000087602,35,127,0.21604938271604937,-34.61492697530864
6150.00000008782,37,125,0.22839506172839505,-36.59292280246914
6160.000000088038,37,125,0.22839506172839505,-36.59292280246914
6170.0000000882565,37,125,0.22839506172839505,-36.59292280246914
6180.000000088475,33,129,0.2037037037037037,-32.63693114814815
6190.000000088693,38,124,0.2345679012345679,-37.581920716049375
6200.000000088911,30,132,0.18518518518518517,-29.669937407407406
6210.00000008913,36,126,0.2222222222222222,-35.60392488888888
6220.000000089348,37,125,0.22839506172839505,-36.59292280246914
6230.000000089566,36,126,0.2222222222222222,-35.60392488888888
6240.000000089784,36,126,0.2222222222222222,-35.60392488888888
6250.000000090003,35,127,0.21604938271604937,-34.61492697530864
6260.000000090221,35,127,0.21604938271604937,-34.61492697530864
6270.000000090439,38,124,0.2345679012345679,-37.581920716049375
6280.0000000906575,36,126,0.2222222222222222,-35.60392488888888
6290.000000090876,39,123,0.24074074074074073,-38.57091862962963
6300.000000091094,38,124,0.2345679012345679,-37.581920716049375
6310.000000091312,34,128,0.20987654320987653,-33.62592906172839
6320.000000091531,37,125,0.22839506172839505,-36.59292280246914
6330.000000091749,36,126,0.2222222222222222,-35.60392488888888
6340.000000091967,39,123,0.24074074074074073,-38.57091862962963
6350.0000000921855,35,127,0.21604938271604937,-34.61492697530864
6360.000000092404,29,133,0.17901234567901234,-28.68093949382716
6370.000000092622,34,128,0.20987654320987653,-33.62592906172839
6380.00000009284,29,133,0.17901234567901234,-28.68093949382716
6390.000000093059,30,132,0.18518518518518517,-29.669937407407406
6400.000000093277,33,129,0.2037037037037037,-32.63693114814815
6410.000000093495,30,132,0.18518518518518517,-29.669937407407406
6420.000000093713,33,129,0.2037037037037037,-32.63693114814815
6430.000000093932,33,129,0.2037037037037037,-32.63693114814815
6440.00000009415,32,130,0.19753086419753085,-31.647933234567898
6450.000000094368,37,125,0.22839506172839505,-36.59292280246914
6460.0000000945865,34,128,0.20987654320987653,-33.62592906172839
6470.000000094805,31,131,0.19135802469135801,-30.658935320987652
6480.000000095023,28,134,0.1728395061728395,-27.691941580246915
6490.000000095241,33,129,0.2037037037037037,-32.63693114814815
6500.00000009546,34,128,0.20987654320987653,-33.62592906172839
6510.000000095678,31,131,0.19135802469135801,-30.658935320987652
6520.000000095896,34,128,0.20987654320987653,-33.62592906172839
6530.0000000961145,30,132,0.18518518518518517,-29.669937407407406
6540.000000096333,30,132,0.18518518518518517,-29.669937407407406
6550.000000096551,26,136,0.16049382716049382,-25.71394575308642
6560.000000096769,30,132,0.18518518518518517,-29.669937407407406
6570.000000096988,29,133,0.17901234567901234,-28.68093949382716
6580.000000097206,28,134,0.1728395061728395,-27.691941580246915
6590.000000097424,31,131,0.19135802469135801,-30.658935320987652
6600.000000097642,31,131,0.19135802469135801,-30.658935320987652
6610.000000097861,33,129,0.2037037037037037,-32.63693114814815
6620.000000098079,30,132,0.18518518518518517,-29.669937407407406
6630.000000098297,26,136,0.16049382716049382,-25.71394575308642
6640.000000098516,29,133,0.17901234567901234,-28.68093949382716
6650.000000098734,26,136,0.16049382716049382,-25.71394575308642
6660.000000098952,28,134,0.1728395061728395,-27.691941580246915
6670.00000009917,31,131,0.19135802469135801,-30.658935320987652
6680.000000099389,31,131,0.19135802469135801,-30.658935320987652
6690.000000099607,30,132,0.18518518518518517,-29.669937407407406
6700.000000099825,31,131,0.19135802469135801,-30.658935320987652
6710.0000001000435,33,129,0.2037037037037037,-32.63693114814815
6720.000000100262,34,128,0.20987654320987653,-33.62592906172839
6730.00000010048,30,132,0.18518518518518517,-29.669937407407406
6740.000000100698,31,131,0.19135802469135801,-30.658935320987652
6750.000000100917,35,127,0.21604938271604937,-34.61492697530864
6760.000000101135,33,129,0.2037037037037037,-32.63693114814815
6770.000000101353,36,126,0.2222222222222222,-35.60392488888888
6780.0000001015715,38,124,0.2345679012345679,-37.581920716049375
6790.00000010179,29,133,0.17901234567901234,-28.68093949382716
6800.000000102008,32,130,0.19753086419753085,-31.647933234567898
6810.000000102226,31,131,0.19135802469135801,-30.658935320987652
6820.000000102445,29,133,0.17901234567901234,-28.68093949382716
6830.000000102663,35,127,0.21604938271604937,-34.61492697530864
6840.000000102881,32,130,0.19753086419753085,-31.647933234567898
6850.000000103099,32,130,0.19753086419753085,-31.647933234567898
6860.000000103318,37,125,0.22839506172839505,-36.59292280246914
6870.000000103536,32,130,0.19753086419753085,-31.647933234567898
6880.000000103754,29,133,0.17901234567901234,-28.68093949382716
6890.0000001039725,32,130,0.19753086419753085,-31.647933234567898
6900.000000104191,34,128,0.20987654320987653,-33.62592906172839
6910.000000104409,32,130,0.19753086419753085,-31.647933234567898
6920.000000104627,30,132,0.18518518518518517,-29.669937407407406
6930.000000104846,30,132,0.18518518518518517,-29.669937407407406
6940.000000105064,34,128,0.20987654320987653,-33.62592906172839
6950.000000105282,31,131,0.19135802469135801,-30.658935320987652
6960.0000001055005,32,130,0.19753086419753085,-31.647933234567898
6970.000000105719,32,130,0.19753086419753085,-31.647933234567898
6980.000000105937,27,135,0.16666666666666666,-26.702943666666663
6990.000000106155,35,127,0.21604938271604937,-34.61492697530864
7000.000000106374,31,131,0.19135802469135801,-30.658935320987652
7010.000000106592,32,130,0.19753086419753085,-31.647933234567898
7020.00000010681,27,135,0.16666666666666666,-26.702943666666663
7030.000000107028,25,137,0.15432098765432098,-24.72494783950617
7040.000000107247,31,131,0.19135802469135801,-30.658935320987652
7050.000000107465,32,130,0.19753086419753085,-31.647933234567898
7060.000000107683,35,127,0.21604938271604937,-34.61492697530864
7070.0000001079015,31,131,0.19135802469135801,-30.658935320987652
7080.00000010812,40,122,0.24691358024691357,-39.55991654320987
7090.000000108338,38,124,0.2345679012345679,-37.581920716049375
7100.000000108556,38,124,0.2345679012345679,-37.581920716049375
7110.000000108775,35,127,0.21604938271604937,-34.61492697530864
7120.000000108993,31,131,0.19135802469135801,-30.658935320987652
7130.000000109211,32,130,0.19753086419753085,-31.647933234567898
7140.0000001094295,32,130,0.19753086419753085,-31.647933234567898
7150.000000109648,35,127,0.21604938271604937,-34.61492697530864
7160.000000109866,34,128,0.20987654320987653,-33.62592906172839
7170.000000110084,39,123,0.24074074074074073,-38.57091862962963
7180.000000110303,37,125,0.22839506172839505,-36.59292280246914
7190.000000110521,38,124,0.2345679012345679,-37.581920716049375
7200.000000110739,38,124,0.2345679012345679,-37.581920716049375
7210.000000110957,39,123,0.24074074074074073,-38.57091862962963
7220.000000111176,38,124,0.2345679012345679,-37.581920716049375
7230.000000111394,33,129,0.2037037037037037,-32.63693114814815
7240.000000111612,33,129,0.2037037037037037,-32.63693114814815
7250.000000111831,34,128,0.20987654320987653,-33.62592906172839
7260.000000112049,37,125,0.22839506172839505,-36.59292280246914
7270.000000112267,38,124,0.2345679012345679,-37.581920716049375
7280.000000112485,35,127,0.21604938271604937,-34.61492697530864
7290.000000112704,34,128,0.20987654320987653,-33.62592906172839
7300.000000112922,34,128,0.20987654320987653,-33.62592906172839
7310.00000011314,33,129,0.2037037037037037,-32.63693114814815
7320.0000001133585,35,127,0.21604938271604937,-34.61492697530864
7330.000000113577,37,125,0.22839506172839505,-36.59292280246914
7340.000000113795,33,129,0.2037037037037037,-32.63693114814815
7350.000000114013,35,127,0.21604938271604937,-34.61492697530864
7360.000000114232,31,131,0.19135802469135801,-30.658935320987652
7370.00000011445,34,128,0.20987654320987653,-33.62592906172839
7380.000000114668,37,125,0.22839506172839505,-36.59292280246914
7390.0000001148865,40,122,0.24691358024691357,-39.55991654320987
7400.000000115105,35,127,0.21604938271604937,-34.61492697530864
7410.000000115323,38,124,0.2345679012345679,-37.581920716049375
7420.000000115541,32,130,0.19753086419753085,-31.647933234567898
7430.00000011576,35,127,0.21604938271604937,-34.61492697530864
7440.000000115978,33,129,0.2037037037037037,-32.63693114814815
7450.000000116196,35,127,0.21604938271604937,-34.61492697530864
7460.000000116414,34,128,0.20987654320987653,-33.62592906172839
7470.000000116633,30,132,0.18518518518518517,-29.669937407407406
7480.000000116851,35,127,0.21604938271604937,-34.61492697530864
7490.000000117069,36,126,0.2222222222222222,-35.60392488888888
7500.0000001172875,34,128,0.20987654320987653,-33.62592906172839
7510.000000117506,31,131,0.19135802469135801,-30.658935320987652
7520.000000117724,35,127,0.21604938271604937,-34.61492697530864
7530.000000117942,35,127,0.21604938271604937,-34.61492697530864
7540.000000118161,34,128,0.20987654320987653,-33.62592906172839
7550.000000118379,37,125,0.22839506172839505,-36.59292280246914
7560.000000118597,35,127,0.21604938271604937,-34.61492697530864
7570.0000001188155,36,126,0.2222222222222222,-35.60392488888888
7580.000000119034,38,124,0.2345679012345679,-37.581920716049375
7590.000000119252,35,127,0.21604938271604937,-34.61492697530864
7600.00000011947,41,121,0.25308641975308643,-40.54891445679012
7610.000000119689,36,126,0.2222222222222222,-35.60392488888888
7620.000000119907,38,124,0.2345679012345679,-37.581920716049375
7630.000000120125,39,123,0.24074074074074073,-38.57091862962963
7640.000000120343,38,124,0.2345679012345679,-37.581920716049375
7650.000000120562,38,124,0.2345679012345679,-37.581920716049375
7660.00000012078,34,128,0.20987654320987653,-33.62592906172839
7670.000000120998,37,125,0.22839506172839505,-36.59292280246914
7680.0000001212165,30,132,0.18518518518518517,-29.669937407407406
7690.000000121435,31,131,0.19135802469135801,-30.658935320987652
7700.000000121653,34,128,0.20987654320987653,-33.62592906172839
7710.000000121871,35,127,0.21604938271604937,-34.61492697530864
7720.00000012209,33,129,0.2037037037037037,-32.63693114814815
7730.000000122308,36,126,0.2222222222222222,-35.60392488888888
7740.000000122526,33,129,0.2037037037037037,-32.63693114814815
7750.0000001227445,32,130,0.19753086419753085,-31.647933234567898
7760.000000122963,32,130,0.19753086419753085,-31.647933234567898
7770.000000123181,38,124,0.2345679012345679,-37.581920716049375
7780.000000123399,34,128,0.20987654320987653,-33.62592906172839
7790.000000123618,33,129,0.2037037037037037,-32.63693114814815
7800.000000123836,36,126,0.2222222222222222,-35.60392488888888
7810.000000124054,37,125,0.22839506172839505,-36.59292280246914
7820.000000124272,32,130,0.19753086419753085,-31.647933234567898
7830.000000124491,35,127,0.21604938271604937,-34.61492697530864
7840.000000124709,34,128,0.20987654320987653,-33.62592906172839
7850.000000124927,35,127,0.21604938271604937,-34.61492697530864
7860.000000125146,32,130,0.19753086419753085,-31.647933234567898
7870.000000125364,31,131,0.19135802469135801,-30.658935320987652
7880.000000125582,30,132,0.18518518518518517,-29.669937407407406
7890.0000001258,33,129,0.2037037037037037,-32.63693114814815
7900.000000126019,29,133,0.17901234567901234,-28.68093949382716
7910.000000126237,34,128,0.20987654320987653,-33.62592906172839
7920.000000126455,28,134,0.1728395061728395,-27.691941580246915
7930.0000001266735,31,131,0.19135802469135801,-30.658935320987652
7940.000000126892,34,128,0.20987654320987653,-33.62592906172839
7950.00000012711,37,125,0.22839506172839505,-36.59292280246914
7960.000000127328,41,121,0.25308641975308643,-40.54891445679012
7970.000000127547,36,126,0.2222222222222222,-35.60392488888888
7980.000000127765,34,128,0.20987654320987653,-33.62592906172839
7990.000000127983,31,131,0.19135802469135801,-30.658935320987652
8000.0000001282015,30,132,0.18518518518518517,-29.669937407407406
8010.00000012842,31,131,0.19135802469135801,-30.658935320987652
8020.000000128638,33,129,0.2037037037037037,-32.63693114814815
8030.000000128856,26,136,0.16049382716049382,-25.71394575308642
8040.000000129075,27,135,0.16666666666666666,-26.702943666666663
8050.000000129293,31,131,0.19135802469135801,-30.658935320987652
8060.000000129511,30,132,0.18518518518518517,-29.669937407407406
8070.000000129729,31,131,0.19135802469135801,-30.658935320987652
8080.000000129948,28,134,0.1728395061728395,-27.691941580246915
8090.000000130166,26,136,0.16049382716049382,-25.71394575308642
8100.000000130384,30,132,0.18518518518518517,-29.669937407407406
8110.0000001306025,31,131,0.19135802469135801,-30.658935320987652
8120.000000130821,27,135,0.16666666666666666,-26.702943666666663
8130.000000131039,31,131,0.19135802469135801,-30.658935320987652
8140.000000131257,31,131,0.19135802469135801,-30.658935320987652
8150.000000131476,29,133,0.17901234567901234,-28.68093949382716
8160.000000131694,34,128,0.20987654320987653,-33.62592906172839
8170.000000131912,29,133,0.17901234567901234,-28.68093949382716
8180.0000001321305,28,134,0.1728395061728395,-27.691941580246915
8190.000000132349,29,133,0.17901234567901234,-28.68093949382716
8200.000000132566,30,132,0.18518518518518517,-29.669937407407406
8210.000000132784,28,134,0.1728395061728395,-27.691941580246915
8220.000000133003,32,130,0.19753086419753085,-31.647933234567898
8230.000000133221,32,130,0.19753086419753085,-31.647933234567898
8240.00000013344,28,134,0.1728395061728395,-27.691941580246915
8250.000000133658,27,135,0.16666666666666666,-26.702943666666663
8260.000000133876,28,134,0.1728395061728395,-27.691941580246915
8270.000000134094,32,130,0.19753086419753085,-31.647933234567898
8280.000000134312,31,131,0.19135802469135801,-30.658935320987652
8290.00000013453,32,130,0.19753086419753085,-31.647933234567898
8300.000000134749,32,130,0.19753086419753085,-31.647933234567898
8310.000000134967,31,131,0.19135802469135801,-30.658935320987652
8320.000000135185,32,130,0.19753086419753085,-31.647933234567898
8330.000000135404,32,130,0.19753086419753085,-31.647933234567898
8340.000000135622,32,130,0.19753086419753085,-31.647933234567898
8350.00000013584,33,129,0.2037037037037037,-32.63693114814815
8360.000000136059,31,131,0.19135802469135801,-30.658935320987652
8370.000000136277,29,133,0.17901234567901234,-28.68093949382716
8380.000000136495,31,131,0.19135802469135801,-30.658935320987652
8390.000000136713,32,130,0.19753086419753085,-31.647933234567898
8400.000000136932,32,130,0.19753086419753085,-31.647933234567898
8410.00000013715,30,132,0.18518518518518517,-29.669937407407406
8420.000000137368,36,126,0.2222222222222222,-35.60392488888888
8430.000000137587,32,130,0.19753086419753085,-31.647933234567898
8440.000000137805,32,130,0.19753086419753085,-31.647933234567898
8450.000000138023,31,131,0.19135802469135801,-30.658935320987652
8460.000000138241,30,132,0.18518518518518517,-29.669937407407406
8470.00000013846,31,131,0.19135802469135801,-30.658935320987652
8480.000000138678,30,132,0.18518518518518517,-29.669937407407406
8490.000000138896,31,131,0.19135802469135801,-30.658935320987652
8500.000000139114,33,129,0.2037037037037037,-32.63693114814815
8510.000000139333,32,130,0.19753086419753085,-31.647933234567898
8520.000000139551,38,124,0.2345679012345679,-37.581920716049375
8530.00000013977,33,129,0.2037037037037037,-32.63693114814815
8540.000000139988,31,131,0.19135802469135801,-30.658935320987652
8550.000000140206,35,127,0.21604938271604937,-34.61492697530864
8560.000000140424,35,127,0.21604938271604937,-34.61492697530864
8570.000000140642,33,129,0.2037037037037037,-32.63693114814815
8580.00000014086,33,129,0.2037037037037037,-32.63693114814815
8590.000000141079,37,125,0.22839506172839505,-36.59292280246914
8600.000000141297,30,132,0.18518518518518517,-29.669937407407406
8610.000000141516,30,132,0.18518518518518517,-29.669937407407406
8620.000000141734,34,128,0.20987654320987653,-33.62592906172839
8630.000000141952,32,130,0.19753086419753085,-31.647933234567898
8640.00000014217,31,131,0.19135802469135801,-30.658935320987652
8650.000000142389,31,131,0.19135802469135801,-30.658935320987652
8660.000000142607,29,133,0.17901234567901234,-28.68093949382716
8670.000000142825,31,131,0.19135802469135801,-30.658935320987652
8680.000000143044,33,129,0.2037037037037037,-32.63693114814815
8690.000000143262,33,129,0.2037037037037037,-32.63693114814815
8700.00000014348,30,132,0.18518518518518517,-29.669937407407406
8710.000000143698,35,127,0.21604938271604937,-34.61492697530864
8720.000000143917,34,128,0.20987654320987653,-33.62592906172839
8730.000000144135,31,131,0.19135802469135801,-30.658935320987652
8740.000000144353,30,132,0.18518518518518517,-29.669937407407406
8750.000000144571,31,131,0.19135802469135801,-30.658935320987652
8760.00000014479,29,133,0.17901234567901234,-28.68093949382716
8770.000000145008,29,133,0.17901234567901234,-28.68093949382716
8780.000000145226,30,132,0.18518518518518517,-29.669937407407406
8790.000000145445,33,129,0.2037037037037037,-32.63693114814815
8800.000000145663,29,133,0.17901234567901234,-28.68093949382716
8810.000000145881,31,131,0.19135802469135801,-30.658935320987652
8820.0000001461,31,131,0.19135802469135801,-30.658935320987652
8830.000000146318,35,127,0.21604938271604937,-34.61492697530864
8840.000000146536,38,124,0.2345679012345679,-37.581920716049375
8850.000000146754,32,130,0.19753086419753085,-31.647933234567898
8860.000000146973,31,131,0.19135802469135801,-30.658935320987652
8870.00000014719,30,132,0.18518518518518517,-29.669937407407406
8880.000000147409,35,127,0.21604938271604937,-34.61492697530864
8890.000000147627,32,130,0.19753086419753085,-31.647933234567898
8900.000000147846,32,130,0.19753086419753085,-31.647933234567898
8910.000000148064,32,130,0.19753086419753085,-31.647933234567898
8920.000000148282,34,128,0.20987654320987653,-33.62592906172839
8930.0000001485,35,127,0.21604938271604937,-34.61492697530864
8940.000000148719,33,129,0.2037037037037037,-32.63693114814815
8950.000000148937,35,127,0.21604938271604937,-34.61492697530864
8960.000000149155,30,132,0.18518518518518517,-29.669937407407406
8970.000000149374,28,134,0.1728395061728395,-27.691941580246915
8980.000000149592,31,131,0.19135802469135801,-30.658935320987652
8990.00000014981,28,134,0.1728395061728395,-27.691941580246915
9000.000000150028,32,130,0.19753086419753085,-31.647933234567898
9010.000000150247,30,132,0.18518518518518517,-29.669937407407406
9020.000000150465,31,131,0.19135802469135801,-30.658935320987652
9030.000000150683,29,133,0.17901234567901234,-28.68093949382716
9040.000000150902,36,126,0.2222222222222222,-35.60392488888888
9050.00000015112,30,132,0.18518518518518517,-29.669937407407406
9060.000000151338,29,133,0.17901234567901234,-28.68093949382716
9070.000000151556,35,127,0.21604938271604937,-34.61492697530864
9080.000000151775,34,128,0.20987654320987653,-33.62592906172839
9090.000000151993,36,126,0.2222222222222222,-35.60392488888888
9100.000000152211,37,125,0.22839506172839505,-36.59292280246914
9110.00000015243,34,128,0.20987654320987653,-33.62592906172839
9120.000000152648,33,129,0.2037037037037037,-32.63693114814815
9130.000000152866,37,125,0.22839506172839505,-36.59292280246914
9140.000000153084,35,127,0.21604938271604937,-34.61492697530864
9150.000000153303,29,133,0.17901234567901234,-28.68093949382716
9160.00000015352,32,130,0.19753086419753085,-31.647933234567898
9170.00000015374,32,130,0.19753086419753085,-31.647933234567898
9180.000000153957,36,126,0.2222222222222222,-35.60392488888888
9190.000000154176,35,127,0.21604938271604937,-34.61492697530864
9200.000000154394,35,127,0.21604938271604937,-34.61492697530864
9210.000000154612,35,127,0.21604938271604937,-34.61492697530864
9220.00000015483,34,128,0.20987654320987653,-33.62592906172839
9230.000000155049,33,129,0.2037037037037037,-32.63693114814815
9240.000000155267,30,132,0.18518518518518517,-29.669937407407406
9250.000000155485,31,131,0.19135802469135801,-30.658935320987652
9260.000000155704,34,128,0.20987654320987653,-33.62592906172839
9270.000000155922,32,130,0.19753086419753085,-31.647933234567898
9280.00000015614,33,129,0.2037037037037037,-32.63693114814815
9290.000000156359,35,127,0.21604938271604937,-34.61492697530864
9300.000000156577,38,124,0.2345679012345679,-37.581920716049375
9310.000000156795,35,127,0.21604938271604937,-34.61492697530864
9320.000000157013,33,129,0.2037037037037037,-32.63693114814815
9330.000000157232,41,121,0.25308641975308643,-40.54891445679012
9340.00000015745,36,126,0.2222222222222222,-35.60392488888888
9350.000000157668,31,131,0.19135802469135801,-30.658935320987652
9360.000000157886,29,133,0.17901234567901234,-28.68093949382716
9370.000000158105,36,126,0.2222222222222222,-35.60392488888888
9380.000000158323,33,129,0.2037037037037037,-32.63693114814815
9390.000000158541,37,125,0.22839506172839505,-36.59292280246914
9400.00000015876,34,128,0.20987654320987653,-33.62592906172839
9410.000000158978,36,126,0.2222222222222222,-35.60392488888888
9420.000000159196,33,129,0.2037037037037037,-32.63693114814815
9430.000000159414,34,128,0.20987654320987653,-33.62592906172839
9440.000000159633,36,126,0.2222222222222222,-35.60392488888888
9450.000000159851,39,123,0.24074074074074073,-38.57091862962963
9460.00000016007,37,125,0.22839506172839505,-36.59292280246914
9470.000000160288,34,128,0.20987654320987653,-33.62592906172839
9480.000000160506,36,126,0.2222222222222222,-35.60392488888888
9490.000000160724,35,127,0.21604938271604937,-34.61492697530864
9500.000000160942,36,126,0.2222222222222222,-35.60392488888888
9510.00000016116,40,122,0.24691358024691357,-39.55991654320987
9520.000000161379,35,127,0.21604938271604937,-34.61492697530864
9530.000000161597,34,128,0.20987654320987653,-33.62592906172839
9540.000000161815,31,131,0.19135802469135801,-30.658935320987652
9550.000000162034,39,123,0.24074074074074073,-38.57091862962963
9560.000000162252,37,125,0.22839506172839505,-36.59292280246914
9570.00000016247,36,126,0.2222222222222222,-35.60392488888888
9580.000000162689,34,128,0.20987654320987653,-33.62592906172839
9590.000000162907,35,127,0.21604938271604937,-34.61492697530864
9600.000000163125,33,129,0.2037037037037037,-32.63693114814815
9610.000000163343,37,125,0.22839506172839505,-36.59292280246914
9620.000000163562,36,126,0.2222222222222222,-35.60392488888888
9630.00000016378,33,129,0.2037037037037037,-32.63693114814815
9640.000000163998,35,127,0.21604938271604937,-34.61492697530864
9650.000000164217,35,127,0.21604938271604937,-34.61492697530864
9660.000000164435,33,129,0.2037037037037037,-32.63693114814815
9670.000000164653,34,128,0.20987654320987653,-33.62592906172839
9680.000000164871,28,134,0.1728395061728395,-27.691941580246915
9690.00000016509,35,127,0.21604938271604937,-34.61492697530864
9700.000000165308,34,128,0.20987654320987653,-33.62592906172839
9710.000000165526,33,129,0.2037037037037037,-32.63693114814815
9720.000000165744,33,129,0.2037037037037037,-32.63693114814815
9730.000000165963,37,125,0.22839506172839505,-36.59292280246914
9740.000000166181,32,130,0.19753086419753085,-31.647933234567898
9750.0000001664,38,124,0.2345679012345679,-37.581920716049375
9760.000000166618,40,122,0.24691358024691357,-39.55991654320987
9770.000000166836,31,131,0.19135802469135801,-30.658935320987652
9780.000000167054,34,128,0.20987654320987653,-33.62592906172839
9790.000000167272,38,124,0.2345679012345679,-37.581920716049375
9800.00000016749,33,129,0.2037037037037037,-32.63693114814815
9810.000000167709,35,127,0.21604938271604937,-34.61492697530864
9820.000000167927,33,129,0.2037037037037037,-32.63693114814815
9830.000000168146,34,128,0.20987654320987653,-33.62592906172839
9840.000000168364,42,120,0.25925925925925924,-41.537912370370364
9850.000000168582,37,125,0.22839506172839505,-36.59292280246914
9860.0000001688,35,127,0.21604938271604937,-34.61492697530864
9870.000000169019,36,126,0.2222222222222222,-35.60392488888888
9880.000000169237,32,130,0.19753086419753085,-31.647933234567898
9890.000000169455,39,123,0.24074074074074073,-38.57091862962963
9900.000000169674,40,122,0.24691358024691357,-39.55991654320987
9910.000000169892,37,125,0.22839506172839505,-36.59292280246914
9920.00000017011,35,127,0.21604938271604937,-34.61492697530864
9930.000000170328,38,124,0.2345679012345679,-37.581920716049375
9940.000000170547,33,129,0.2037037037037037,-32.63693114814815
9950.000000170765,30,132,0.18518518518518517,-29.669937407407406
9960.000000170983,34,128,0.20987654320987653,-33.62592906172839
9970.000000171201,34,128,0.20987654320987653,-33.62592906172839
9980.00000017142,37,125,0.22839506172839505,-36.59292280246914
9990.000000171638,36,126,0.2222222222222222,-35.60392488888888
10000.000000171856,34,128,0.20987654320987653,-33.62592906172839
10010.000000172075,30,132,0.18518518518518517,-29.669937407407406
10020.000000172293,33,129,0.2037037037037037,-32.63693114814815
10030.000000172511,28,134,0.1728395061728395,-27.691941580246915
10040.00000017273,33,129,0.2037037037037037,-32.63693114814815
10050.000000172948,32,130,0.19753086419753085,-31.647933234567898
10060.000000173166,33,129,0.2037037037037037,-32.63693114814815
10070.000000173384,27,135,0.16666666666666666,-26.702943666666663
10080.000000173603,30,132,0.18518518518518517,-29.669937407407406
10090.00000017382,30,132,0.18518518518518517,-29.669937407407406
10100.000000174039,32,130,0.19753086419753085,-31.647933234567898
10110.000000174257,29,133,0.17901234567901234,-28.68093949382716
10120.000000174476,32,130,0.19753086419753085,-31.647933234567898
10130.000000174694,28,134,0.1728395061728395,-27.691941580246915
10140.000000174912,28,134,0.1728395061728395,-27.691941580246915
10150.00000017513,31,131,0.19135802469135801,-30.658935320987652
10160.000000175349,29,133,0.17901234567901234,-28.68093949382716
10170.000000175567,29,133,0.17901234567901234,-28.68093949382716
10180.000000175785,33,129,0.2037037037037037,-32.63693114814815
10190.000000176004,32,130,0.19753086419753085,-31.647933234567898
10200.000000176222,37,125,0.22839506172839505,-36.59292280246914
10210.00000017644,34,128,0.20987654320987653,-33.62592906172839
10220.000000176658,35,127,0.21604938271604937,-34.61492697530864
10230.000000176877,30,132,0.18518518518518517,-29.669937407407406
10240.000000177095,30,132,0.18518518518518517,-29.669937407407406
10250.000000177313,32,130,0.19753086419753085,-31.647933234567898
10260.000000177532,31,131,0.19135802469135801,-30.658935320987652
10270.00000017775,29,133,0.17901234567901234,-28.68093949382716
10280.000000177968,33,129,0.2037037037037037,-32.63693114814815
10290.000000178186,29,133,0.17901234567901234,-28.68093949382716
10300.000000178405,29,133,0.17901234567901234,-28.68093949382716
10310.000000178623,37,125,0.22839506172839505,-36.59292280246914
10320.000000178841,30,132,0.18518518518518517,-29.669937407407406
10330.00000017906,33,129,0.2037037037037037,-32.63693114814815
10340.000000179278,32,130,0.19753086419753085,-31.647933234567898
10350.000000179496,29,133,0.17901234567901234,-28.68093949382716
10360.000000179714,32,130,0.19753086419753085,-31.647933234567898
10370.000000179933,27,135,0.16666666666666666,-26.702943666666663
10380.00000018015,31,131,0.19135802469135801,-30.658935320987652
10390.00000018037,30,132,0.18518518518518517,-29.669937407407406
10400.000000180587,33,129,0.2037037037037037,-32.63693114814815
10410.000000180806,29,133,0.17901234567901234,-28.68093949382716
10420.000000181024,32,130,0.19753086419753085,-31.647933234567898
10430.000000181242,35,127,0.21604938271604937,-34.61492697530864
10440.00000018146,31,131,0.19135802469135801,-30.658935320987652
10450.000000181679,30,132,0.18518518518518517,-29.669937407407406
10460.000000181897,32,130,0.19753086419753085,-31.647933234567898
10470.000000182115,31,131,0.19135802469135801,-30.658935320987652
10480.000000182334,33,129,0.2037037037037037,-32.63693114814815
10490.000000182552,34,128,0.20987654320987653,-33.62592906172839
10500.00000018277,32,130,0.19753086419753085,-31.647933234567898
10510.000000182989,34,128,0.20987654320987653,-33.62592906172839
10520.000000183207,29,133,0.17901234567901234,-28.68093949382716
10530.000000183425,37,125,0.22839506172839505,-36.59292280246914
10540.000000183643,33,129,0.2037037037037037,-32.63693114814815
10550.000000183862,32,130,0.19753086419753085,-31.647933234567898
10560.00000018408,31,131,0.19135802469135801,-30.658935320987652
10570.000000184298,34,128,0.20987654320987653,-33.62592906172839
10580.000000184516,32,130,0.19753086419753085,-31.647933234567898
10590.000000184735,34,128,0.20987654320987653,-33.62592906172839
10600.000000184953,33,129,0.2037037037037037,-32.63693114814815
10610.000000185171,33,129,0.2037037037037037,-32.63693114814815
10620.00000018539,37,125,0.22839506172839505,-36.59292280246914
10630.000000185608,35,127,0.21604938271604937,-34.61492697530864
10640.000000185826,31,131,0.19135802469135801,-30.658935320987652
10650.000000186044,29,133,0.17901234567901234,-28.68093949382716
10660.000000186263,33,129,0.2037037037037037,-32.63693114814815
10670.000000186481,32,130,0.19753086419753085,-31.647933234567898
10680.0000001867,34,128,0.20987654320987653,-33.62592906172839
10690.000000186918,32,130,0.19753086419753085,-31.647933234567898
10700.000000187136,35,127,0.21604938271604937,-34.61492697530864
10710.000000187354,34,128,0.20987654320987653,-33.62592906172839
10720.000000187572,31,131,0.19135802469135801,-30.658935320987652
10730.00000018779,35,127,0.21604938271604937,-34.61492697530864
10740.000000188009,32,130,0.19753086419753085,-31.647933234567898
10750.000000188227,33,129,0.2037037037037037,-32.63693114814815
10760.000000188445,30,132,0.18518518518518517,-29.669937407407406
10770.000000188664,35,127,0.21604938271604937,-34.61492697530864
10780.000000188882,34,128,0.20987654320987653,-33.62592906172839
10790.0000001891,36,126,0.2222222222222222,-35.60392488888888
10800.000000189319,35,127,0.21604938271604937,-34.61492697530864
10810.000000189537,36,126,0.2222222222222222,-35.60392488888888
10820.000000189755,41,121,0.25308641975308643,-40.54891445679012
10830.000000189973,35,127,0.21604938271604937,-34.61492697530864
10840.000000190192,33,129,0.2037037037037037,-32.63693114814815
10850.00000019041,32,130,0.19753086419753085,-31.647933234567898
10860.000000190628,37,125,0.22839506172839505,-36.59292280246914
10870.000000190847,33,129,0.2037037037037037,-32.63693114814815
10880.000000191065,35,127,0.21604938271604937,-34.61492697530864
10890.000000191283,36,126,0.2222222222222222,-35.60392488888888
10900.000000191501,33,129,0.2037037037037037,-32.63693114814815
10910.00000019172,35,127,0.21604938271604937,-34.61492697530864
10920.000000191938,35,127,0.21604938271604937,-34.61492697530864
10930.000000192156,32,130,0.19753086419753085,-31.647933234567898
10940.000000192375,34,128,0.20987654320987653,-33.62592906172839
10950.000000192593,31,131,0.19135802469135801,-30.658935320987652
10960.000000192811,34,128,0.20987654320987653,-33.62592906172839
10970.00000019303,36,126,0.2222222222222222,-35.60392488888888
10980.000000193248,33,129,0.2037037037037037,-32.63693114814815
10990.000000193466,33,129,0.2037037037037037,-32.63693114814815
11000.000000193684,33,129,0.2037037037037037,-32.63693114814815
11010.000000193902,34,128,0.20987654320987653,-33.62592906172839
11020.00000019412,37,125,0.22839506172839505,-36.59292280246914
11030.000000194339,34,128,0.20987654320987653,-33.62592906172839
11040.000000194557,38,124,0.2345679012345679,-37.581920716049375
11050.000000194776,39,123,0.24074074074074073,-38.57091862962963
11060.000000194994,34,128,0.20987654320987653,-33.62592906172839
11070.000000195212,35,127,0.21604938271604937,-34.61492697530864
11080.00000019543,32,130,0.19753086419753085,-31.647933234567898
11090.000000195649,39,123,0.24074074074074073,-38.57091862962963
11100.000000195867,36,126,0.2222222222222222,-35.60392488888888
11110.000000196085,34,128,0.20987654320987653,-33.62592906172839
11120.000000196304,34,128,0.20987654320987653,-33.62592906172839
11130.000000196522,35,127,0.21604938271604937,-34.61492697530864
11140.00000019674,35,127,0.21604938271604937,-34.61492697530864
11150.000000196958,33,129,0.2037037037037037,-32.63693114814815
11160.000000197177,29,133,0.17901234567901234,-28.68093949382716
11170.000000197395,29,133,0.17901234567901234,-28.68093949382716
11180.000000197613,33,129,0.2037037037037037,-32.63693114814815
11190.000000197831,29,133,0.17901234567901234,-28.68093949382716
11200.00000019805,31,131,0.19135802469135801,-30.658935320987652
11210.000000198268,29,133,0.17901234567901234,-28.68093949382716
11220.000000198486,29,133,0.17901234567901234,-28.68093949382716
11230.000000198705,33,129,0.2037037037037037,-32.63693114814815
11240.000000198923,30,132,0.18518518518518517,-29.669937407407406
11250.000000199141,31,131,0.19135802469135801,-30.658935320987652
11260.00000019936,31,131,0.19135802469135801,-30.658935320987652
11270.000000199578,36,126,0.2222222222222222,-35.60392488888888
11280.000000199796,31,131,0.19135802469135801,-30.658935320987652
11290.000000200014,36,126,0.2222222222222222,-35.60392488888888
11300.000000200233,33,129,0.2037037037037037,-32.63693114814815
11310.00000020045,33,129,0.2037037037037037,-32.63693114814815
11320.00000020067,37,125,0.22839506172839505,-36.59292280246914
11330.000000200887,39,123,0.24074074074074073,-38.57091862962963
11340.000000201106,30,132,0.18518518518518517,-29.669937407407406
11350.000000201324,35,127,0.21604938271604937,-34.61492697530864
11360.000000201542,30,132,0.18518518518518517,-29.669937407407406
11370.00000020176,34,128,0.20987654320987653,-33.62592906172839
11380.000000201979,30,132,0.18518518518518517,-29.669937407407406
11390.000000202197,33,129,0.2037037037037037,-32.63693114814815
11400.000000202415,32,130,0.19753086419753085,-31.647933234567898
11410.000000202634,30,132,0.18518518518518517,-29.669937407407406
11420.000000202852,28,134,0.1728395061728395,-27.691941580246915
11430.00000020307,29,133,0.17901234567901234,-28.68093949382716
11440.000000203288,33,129,0.2037037037037037,-32.63693114814815
11450.000000203507,34,128,0.20987654320987653,-33.62592906172839
11460.000000203725,30,132,0.18518518518518517,-29.669937407407406
11470.000000203943,33,129,0.2037037037037037,-32.63693114814815
11480.000000204162,34,128,0.20987654320987653,-33.62592906172839
11490.00000020438,30,132,0.18518518518518517,-29.669937407407406
11500.000000204598,34,128,0.20987654320987653,-33.62592906172839
11510.000000204816,31,131,0.19135802469135801,-30.658935320987652
11520.000000205035,31,131,0.19135802469135801,-30.658935320987652
11530.000000205253,28,134,0.1728395061728395,-27.691941580246915
11540.000000205471,33,129,0.2037037037037037,-32.63693114814815
11550.00000020569,30,132,0.18518518518518517,-29.669937407407406
11560.000000205908,29,133,0.17901234567901234,-28.68093949382716
11570.000000206126,35,127,0.21604938271604937,-34.61492697530864
11580.000000206344,32,130,0.19753086419753085,-31.647933234567898
11590.000000206563,29,133,0.17901234567901234,-28.68093949382716
11600.00000020678,29,133,0.17901234567901234,-28.68093949382716
11610.000000207,34,128,0.20987654320987653,-33.62592906172839
11620.000000207217,35,127,0.21604938271604937,-34.61492697530864
11630.000000207436,32,130,0.19753086419753085,-31.647933234567898
11640.000000207654,31,131,0.19135802469135801,-30.658935320987652
11650.000000207872,35,127,0.21604938271604937,-34.61492697530864
11660.00000020809,33,129,0.2037037037037037,-32.63693114814815
11670.000000208309,34,128,0.20987654320987653,-33.62592906172839
11680.000000208527,34,128,0.20987654320987653,-33.62592906172839
11690.000000208745,33,129,0.2037037037037037,-32.63693114814815
11700.000000208964,32,130,0.19753086419753085,-31.647933234567898
11710.000000209182,38,124,0.2345679012345679,-37.581920716049375
11720.0000002094,42,120,0.25925925925925924,-41.537912370370364
11730.000000209619,37,125,0.22839506172839505,-36.59292280246914
11740.000000209837,39,123,0.24074074074074073,-38.57091862962963
11750.000000210055,33,129,0.2037037037037037,-32.63693114814815
11760.000000210273,35,127,0.21604938271604937,-34.61492697530864
11770.000000210492,34,128,0.20987654320987653,-33.62592906172839
11780.00000021071,39,123,0.24074074074074073,-38.57091862962963
11790.000000210928,34,128,0.20987654320987653,-33.62592906172839
11800.000000211146,34,128,0.20987654320987653,-33.62592906172839
11810.000000211365,33,129,0.2037037037037037,-32.63693114814815
11820.000000211583,29,133,0.17901234567901234,-28.68093949382716
11830.000000211801,25,137,0.15432098765432098,-24.72494783950617
11840.00000021202,29,133,0.17901234567901234,-28.68093949382716
11850.000000212238,33,129,0.2037037037037037,-32.63693114814815
11860.000000212456,32,130,0.19753086419753085,-31.647933234567898
11870.000000212674,30,132,0.18518518518518517,-29.669937407407406
11880.000000212893,29,133,0.17901234567901234,-28.68093949382716
11890.000000213111,29,133,0.17901234567901234,-28.68093949382716
11900.00000021333,37,125,0.22839506172839505,-36.59292280246914
11910.000000213548,31,131,0.19135802469135801,-30.658935320987652
11920.000000213766,31,131,0.19135802469135801,-30.658935320987652
11930.000000213984,32,130,0.19753086419753085,-31.647933234567898
11940.000000214202,28,134,0.1728395061728395,-27.691941580246915
11950.00000021442,32,130,0.19753086419753085,-31.647933234567898
11960.000000214639,33,129,0.2037037037037037,-32.63693114814815
11970.000000214857,29,133,0.17901234567901234,-28.68093949382716
11980.000000215075,35,127,0.21604938271604937,-34.61492697530864
11990.000000215294,36,126,0.2222222222222222,-35.60392488888888
12000.000000215512,32,130,0.19753086419753085,-31.647933234567898
12010.00000021573,32,130,0.19753086419753085,-31.647933234567898
12020.000000215949,31,131,0.19135802469135801,-30.658935320987652
12030.000000216167,30,132,0.18518518518518517,-29.669937407407406
12040.000000216385,36,126,0.2222222222222222,-35.60392488888888
12050.000000216603,33,129,0.2037037037037037,-32.63693114814815
12060.000000216822,39,123,0.24074074074074073,-38.57091862962963
12070.00000021704,35,127,0.21604938271604937,-34.61492697530864
12080.000000217258,35,127,0.21604938271604937,-34.61492697530864
12090.000000217477,35,127,0.21604938271604937,-34.61492697530864
12100.000000217695,31,131,0.19135802469135801,-30.658935320987652
12110.000000217913,37,125,0.22839506172839505,-36.59292280246914
12120.000000218131,35,127,0.21604938271604937,-34.61492697530864
12130.00000021835,36,126,0.2222222222222222,-35.60392488888888
12140.000000218568,38,124,0.2345679012345679,-37.581920716049375
12150.000000218786,34,128,0.20987654320987653,-33.62592906172839
12160.000000219005,34,128,0.20987654320987653,-33.62592906172839
12170.000000219223,34,128,0.20987654320987653,-33.62592906172839
12180.000000219441,31,131,0.19135802469135801,-30.658935320987652
12190.00000021966,36,126,0.2222222222222222,-35.60392488888888
12200.000000219878,32,130,0.19753086419753085,-31.647933234567898
12210.000000220096,35,127,0.21604938271604937,-34.61492697530864
12220.000000220314,32,130,0.19753086419753085,-31.647933234567898
12230.000000220532,36,126,0.2222222222222222,-35.60392488888888
12240.00000022075,36,126,0.2222222222222222,-35.60392488888888
12250.000000220969,40,122,0.24691358024691357,-39.55991654320987
12260.000000221187,32,130,0.19753086419753085,-31.647933234567898
12270.000000221406,32,130,0.19753086419753085,-31.647933234567898
12280.000000221624,34,128,0.20987654320987653,-33.62592906172839
12290.000000221842,39,123,0.24074074074074073,-38.57091862962963
12300.00000022206,37,125,0.22839506172839505,-36.59292280246914
12310.000000222279,36,126,0.2222222222222222,-35.60392488888888
12320.000000222497,36,126,0.2222222222222222,-35.60392488888888
12330.000000222715,36,126,0.2222222222222222,-35.60392488888888
12340.000000222934,36,126,0.2222222222222222,-35.60392488888888
12350.000000223152,40,122,0.24691358024691357,-39.55991654320987
12360.00000022337,38,124,0.2345679012345679,-37.581920716049375
12370.000000223588,35,127,0.21604938271604937,-34.61492697530864
12380.000000223807,40,122,0.24691358024691357,-39.55991654320987
12390.000000224025,37,125,0.22839506172839505,-36.59292280246914
12400.000000224243,36,126,0.2222222222222222,-35.60392488888888
12410.000000224461,33,129,0.2037037037037037,-32.63693114814815
12420.00000022468,36,126,0.2222222222222222,-35.60392488888888
12430.000000224898,34,128,0.20987654320987653,-33.62592906172839
12440.000000225116,35,127,0.21604938271604937,-34.61492697530864
12450.000000225335,36,126,0.2222222222222222,-35.60392488888888
12460.000000225553,35,127,0.21604938271604937,-34.61492697530864
12470.000000225771,38,124,0.2345679012345679,-37.581920716049375
12480.00000022599,36,126,0.2222222222222222,-35.60392488888888
12490.000000226208,38,124,0.2345679012345679,-37.581920716049375
12500.000000226426,38,124,0.2345679012345679,-37.581920716049375
12510.000000226644,34,128,0.20987654320987653,-33.62592906172839
12520.000000226863,38,124,0.2345679012345679,-37.581920716049375
12530.00000022708,37,125,0.22839506172839505,-36.59292280246914
12540.0000002273,36,126,0.2222222222222222,-35.60392488888888
12550.000000227517,36,126,0.2222222222222222,-35.60392488888888
12560.000000227736,39,123,0.24074074074074073,-38.57091862962963
12570.000000227954,35,127,0.21604938271604937,-34.61492697530864
12580.000000228172,38,124,0.2345679012345679,-37.581920716049375
12590.00000022839,37,125,0.22839506172839505,-36.59292280246914
12600.000000228609,40,122,0.24691358024691357,-39.55991654320987
12610.000000228827,40,122,0.24691358024691357,-39.55991654320987
12620.000000229045,38,124,0.2345679012345679,-37.581920716049375
12630.000000229264,37,125,0.22839506172839505,-36.59292280246914
12640.000000229482,38,124,0.2345679012345679,-37.581920716049375
12650.0000002297,40,122,0.24691358024691357,-39.55991654320987
12660.000000229918,37,125,0.22839506172839505,-36.59292280246914
12670.000000230137,44,118,0.2716049382716049,-43.51590819753087
12680.000000230355,41,121,0.25308641975308643,-40.54891445679012
12690.000000230573,41,121,0.25308641975308643,-40.54891445679012
12700.000000230792,41,121,0.25308641975308643,-40.54891445679012
12710.00000023101,41,121,0.25308641975308643,-40.54891445679012
12720.000000231228,43,119,0.2654320987654321,-42.52691028395062
12730.000000231446,46,116,0.2839506172839506,-45.49390402469136
12740.000000231665,43,119,0.2654320987654321,-42.52691028395062
12750.000000231883,38,124,0.2345679012345679,-37.581920716049375
12760.000000232101,42,120,0.25925925925925924,-41.537912370370364
12770.00000023232,45,117,0.2777777777777778,-44.504906111111104
12780.000000232538,43,119,0.2654320987654321,-42.52691028395062
12790.000000232756,43,119,0.2654320987654321,-42.52691028395062
12800.000000232974,36,126,0.2222222222222222,-35.60392488888888
12810.000000233193,43,119,0.2654320987654321,-42.52691028395062
12820.00000023341,41,121,0.25308641975308643,-40.54891445679012
12830.00000023363,34,128,0.20987654320987653,-33.62592906172839
12840.000000233847,38,124,0.2345679012345679,-37.581920716049375
12850.000000234066,37,125,0.22839506172839505,-36.59292280246914
12860.000000234284,37,125,0.22839506172839505,-36.59292280246914
12870.000000234502,33,129,0.2037037037037037,-32.63693114814815
12880.00000023472,35,127,0.21604938271604937,-34.61492697530864
12890.000000234939,33,129,0.2037037037037037,-32.63693114814815
12900.000000235157,35,127,0.21604938271604937,-34.61492697530864
12910.000000235375,37,125,0.22839506172839505,-36.59292280246914
12920.000000235594,41,121,0.25308641975308643,-40.54891445679012
12930.000000235812,34,128,0.20987654320987653,-33.62592906172839
12940.00000023603,36,126,0.2222222222222222,-35.60392488888888
12950.000000236249,36,126,0.2222222222222222,-35.60392488888888
12960.000000236467,32,130,0.19753086419753085,-31.647933234567898
12970.000000236685,30,132,0.18518518518518517,-29.669937407407406
12980.000000236903,34,128,0.20987654320987653,-33.62592906172839
12990.000000237122,35,127,0.21604938271604937,-34.61492697530864
13000.00000023734,37,125,0.22839506172839505,-36.59292280246914
13010.000000237558,38,124,0.2345679012345679,-37.581920716049375
13020.000000237776,36,126,0.2222222222222222,-35.60392488888888
13030.000000237995,32,130,0.19753086419753085,-31.647933234567898
13040.000000238213,33,129,0.2037037037037037,-32.63693114814815
13050.000000238431,30,132,0.18518518518518517,-29.669937407407406
13060.00000023865,32,130,0.19753086419753085,-31.647933234567898
13070.000000238868,32,130,0.19753086419753085,-31.647933234567898
13080.000000239086,28,134,0.1728395061728395,-27.691941580246915
13090.000000239304,31,131,0.19135802469135801,-30.658935320987652
13100.000000239523,32,130,0.19753086419753085,-31.647933234567898
13110.000000239741,33,129,0.2037037037037037,-32.63693114814815
13120.00000023996,32,130,0.19753086419753085,-31.647933234567898
13130.000000240178,33,129,0.2037037037037037,-32.63693114814815
13140.000000240396,33,129,0.2037037037037037,-32.63693114814815
13150.000000240614,34,128,0.20987654320987653,-33.62592906172839
13160.000000240832,34,128,0.20987654320987653,-33.62592906172839
13170.00000024105,31,131,0.19135802469135801,-30.658935320987652
13180.000000241269,36,126,0.2222222222222222,-35.60392488888888
13190.000000241487,34,128,0.20987654320987653,-33.62592906172839
13200.000000241705,33,129,0.2037037037037037,-32.63693114814815
13210.000000241924,36,126,0.2222222222222222,-35.60392488888888
13220.000000242142,36,126,0.2222222222222222,-35.60392488888888
13230.00000024236,35,127,0.21604938271604937,-34.61492697530864
13240.000000242579,35,127,0.21604938271604937,-34.61492697530864
13250.000000242797,40,122,0.24691358024691357,-39.55991654320987
13260.000000243015,42,120,0.25925925925925924,-41.537912370370364
13270.000000243233,43,119,0.2654320987654321,-42.52691028395062
13280.000000243452,41,121,0.25308641975308643,-40.54891445679012
13290.00000024367,37,125,0.22839506172839505,-36.59292280246914
13300.000000243888,37,125,0.22839506172839505,-36.59292280246914
13310.000000244107,40,122,0.24691358024691357,-39.55991654320987
13320.000000244325,42,120,0.25925925925925924,-41.537912370370364
13330.000000244543,38,124,0.2345679012345679,-37.581920716049375
13340.000000244761,40,122,0.24691358024691357,-39.55991654320987
13350.00000024498,37,125,0.22839506172839505,-36.59292280246914
13360.000000245198,41,121,0.25308641975308643,-40.54891445679012
13370.000000245416,40,122,0.24691358024691357,-39.55991654320987
13380.000000245635,35,127,0.21604938271604937,-34.61492697530864
13390.000000245853,40,122,0.24691358024691357,-39.55991654320987
13400.000000246071,35,127,0.21604938271604937,-34.61492697530864
13410.00000024629,37,125,0.22839506172839505,-36.59292280246914
13420.000000246508,39,123,0.24074074074074073,-38.57091862962963
13430.000000246726,34,128,0.20987654320987653,-33.62592906172839
13440.000000246944,32,130,0.19753086419753085,-31.647933234567898
13450.000000247162,35,127,0.21604938271604937,-34.61492697530864
13460.00000024738,37,125,0.22839506172839505,-36.59292280246914
13470.000000247599,41,121,0.25308641975308643,-40.54891445679012
13480.000000247817,38,124,0.2345679012345679,-37.581920716049375
13490.000000248036,34,128,0.20987654320987653,-33.62592906172839
13500.000000248254,32,130,0.19753086419753085,-31.647933234567898
13510.000000248472,32,130,0.19753086419753085,-31.647933234567898
13520.00000024869,35,127,0.21604938271604937,-34.61492697530864
13530.000000248909,31,131,0.19135802469135801,-30.658935320987652
13540.000000249127,30,132,0.18518518518518517,-29.669937407407406
13550.000000249345,28,134,0.1728395061728395,-27.691941580246915
13560.000000249564,32,130,0.19753086419753085,-31.647933234567898
13570.000000249782,30,132,0.18518518518518517,-29.669937407407406
13580.00000025,31,131,0.19135802469135801,-30.658935320987652
13590.000000250218,33,129,0.2037037037037037,-32.63693114814815
13600.000000250437,35,127,0.21604938271604937,-34.61492697530864
13610.000000250655,33,129,0.2037037037037037,-32.63693114814815
13620.000000250873,28,134,0.1728395061728395,-27.691941580246915
13630.000000251091,33,129,0.2037037037037037,-32.63693114814815
13640.00000025131,33,129,0.2037037037037037,-32.63693114814815
13650.000000251528,33,129,0.2037037037037037,-32.63693114814815
13660.000000251746,34,128,0.20987654320987653,-33.62592906172839
13670.000000251965,37,125,0.22839506172839505,-36.59292280246914
13680.000000252183,31,131,0.19135802469135801,-30.658935320987652
13690.000000252401,32,130,0.19753086419753085,-31.647933234567898
13700.00000025262,33,129,0.2037037037037037,-32.63693114814815
13710.000000252838,36,126,0.2222222222222222,-35.60392488888888
13720.000000253056,34,128,0.20987654320987653,-33.62592906172839
13730.000000253274,35,127,0.21604938271604937,-34.61492697530864
13740.000000253493,38,124,0.2345679012345679,-37.581920716049375
13750.00000025371,30,132,0.18518518518518517,-29.669937407407406
13760.00000025393,34,128,0.20987654320987653,-33.62592906172839
13770.000000254147,29,133,0.17901234567901234,-28.68093949382716
13780.000000254366,30,132,0.18518518518518517,-29.669937407407406
13790.000000254584,28,134,0.1728395061728395,-27.691941580246915
13800.000000254802,28,134,0.1728395061728395,-27.691941580246915
13810.00000025502,33,129,0.2037037037037037,-32.63693114814815
13820.000000255239,29,133,0.17901234567901234,-28.68093949382716
13830.000000255457,33,129,0.2037037037037037,-32.63693114814815
13840.000000255675,31,131,0.19135802469135801,-30.658935320987652
13850.000000255894,32,130,0.19753086419753085,-31.647933234567898
13860.000000256112,35,127,0.21604938271604937,-34.61492697530864
13870.00000025633,33,129,0.2037037037037037,-32.63693114814815
13880.000000256548,34,128,0.20987654320987653,-33.62592906172839
13890.000000256767,38,124,0.2345679012345679,-37.581920716049375
13900.000000256985,35,127,0.21604938271604937,-34.61492697530864
13910.000000257203,32,130,0.19753086419753085,-31.647933234567898
13920.000000257422,32,130,0.19753086419753085,-31.647933234567898
13930.00000025764,31,131,0.19135802469135801,-30.658935320987652
13940.000000257858,35,127,0.21604938271604937,-34.61492697530864
13950.000000258076,34,128,0.20987654320987653,-33.62592906172839
13960.000000258295,36,126,0.2222222222222222,-35.60392488888888
13970.000000258513,34,128,0.20987654320987653,-33.62592906172839
13980.000000258731,36,126,0.2222222222222222,-35.60392488888888
13990.00000025895,31,131,0.19135802469135801,-30.658935320987652
14000.000000259168,32,130,0.19753086419753085,-31.647933234567898
14010.000000259386,31,131,0.19135802469135801,-30.658935320987652
14020.000000259604,28,134,0.1728395061728395,-27.691941580246915
14030.000000259823,29,133,0.17901234567901234,-28.68093949382716
14040.00000026004,34,128,0.20987654320987653,-33.62592906172839
14050.00000026026,31,131,0.19135802469135801,-30.658935320987652
14060.000000260477,30,132,0.18518518518518517,-29.669937407407406
14070.000000260696,35,127,0.21604938271604937,-34.61492697530864
14080.000000260914,33,129,0.2037037037037037,-32.63693114814815
14090.000000261132,37,125,0.22839506172839505,-36.59292280246914
14100.00000026135,35,127,0.21604938271604937,-34.61492697530864
14110.000000261569,33,129,0.2037037037037037,-32.63693114814815
14120.000000261787,34,128,0.20987654320987653,-33.62592906172839
14130.000000262005,33,129,0.2037037037037037,-32.63693114814815
14140.000000262224,31,131,0.19135802469135801,-30.658935320987652
14150.000000262442,35,127,0.21604938271604937,-34.61492697530864
14160.00000026266,31,131,0.19135802469135801,-30.658935320987652
14170.000000262879,39,123,0.24074074074074073,-38.57091862962963
14180.000000263097,33,129,0.2037037037037037,-32.63693114814815
14190.000000263315,34,128,0.20987654320987653,-33.62592906172839
14200.000000263533,36,126,0.2222222222222222,-35.60392488888888
14210.000000263752,30,132,0.18518518518518517,-29.669937407407406
14220.00000026397,33,129,0.2037037037037037,-32.63693114814815
14230.000000264188,34,128,0.20987654320987653,-33.62592906172839
14240.000000264406,33,129,0.2037037037037037,-32.63693114814815
14250.000000264625,31,131,0.19135802469135801,-30.658935320987652
14260.000000264843,32,130,0.19753086419753085,-31.647933234567898
14270.000000265061,34,128,0.20987654320987653,-33.62592906172839
14280.00000026528,32,130,0.19753086419753085,-31.647933234567898
14290.000000265498,36,126,0.2222222222222222,-35.60392488888888
14300.000000265716,35,127,0.21604938271604937,-34.61492697530864
14310.000000265934,37,125,0.22839506172839505,-36.59292280246914
14320.000000266153,36,126,0.2222222222222222,-35.60392488888888
14330.000000266371,32,130,0.19753086419753085,-31.647933234567898
14340.00000026659,35,127,0.21604938271604937,-34.61492697530864
14350.000000266808,33,129,0.2037037037037037,-32.63693114814815
14360.000000267026,30,132,0.18518518518518517,-29.669937407407406
14370.000000267244,34,128,0.20987654320987653,-33.62592906172839
14380.000000267462,33,129,0.2037037037037037,-32.63693114814815
14390.00000026768,39,123,0.24074074074074073,-38.57091862962963
14400.000000267899,38,124,0.2345679012345679,-37.581920716049375
14410.000000268117,39,123,0.24074074074074073,-38.57091862962963
14420.000000268335,42,120,0.25925925925925924,-41.537912370370364
14430.000000268554,41,121,0.25308641975308643,-40.54891445679012
14440.000000268772,36,126,0.2222222222222222,-35.60392488888888
14450.00000026899,33,129,0.2037037037037037,-32.63693114814815
14460.000000269209,35,127,0.21604938271604937,-34.61492697530864
14470.000000269427,32,130,0.19753086419753085,-31.647933234567898
14480.000000269645,37,125,0.22839506172839505,-36.59292280246914
14490.000000269863,33,129,0.2037037037037037,-32.63693114814815
14500.000000270082,37,125,0.22839506172839505,-36.59292280246914
14510.0000002703,38,124,0.2345679012345679,-37.581920716049375
14520.000000270518,36,126,0.2222222222222222,-35.60392488888888
14530.000000270737,37,125,0.22839506172839505,-36.59292280246914
14540.000000270955,34,128,0.20987654320987653,-33.62592906172839
14550.000000271173,37,125,0.22839506172839505,-36.59292280246914
14560.000000271391,36,126,0.2222222222222222,-35.60392488888888
14570.00000027161,35,127,0.21604938271604937,-34.61492697530864
14580.000000271828,36,126,0.2222222222222222,-35.60392488888888
14590.000000272046,34,128,0.20987654320987653,-33.62592906172839
14600.000000272265,32,130,0.19753086419753085,-31.647933234567898
14610.000000272483,31,131,0.19135802469135801,-30.658935320987652
14620.000000272701,39,123,0.24074074074074073,-38.57091862962963
14630.00000027292,36,126,0.2222222222222222,-35.60392488888888
14640.000000273138,35,127,0.21604938271604937,-34.61492697530864
14650.000000273356,35,127,0.21604938271604937,-34.61492697530864
14660.000000273574,35,127,0.21604938271604937,-34.61492697530864
14670.000000273792,35,127,0.21604938271604937,-34.61492697530864
14680.00000027401,35,127,0.21604938271604937,-34.61492697530864
14690.000000274229,33,129,0.2037037037037037,-32.63693114814815
14700.000000274447,32,130,0.19753086419753085,-31.647933234567898
14710.000000274666,35,127,0.21604938271604937,-34.61492697530864
14720.000000274884,33,129,0.2037037037037037,-32.63693114814815
14730.000000275102,36,126,0.2222222222222222,-35.60392488888888
14740.00000027532,34,128,0.20987654320987653,-33.62592906172839
14750.000000275539,35,127,0.21604938271604937,-34.61492697530864
14760.000000275757,31,131,0.19135802469135801,-30.658935320987652
14770.000000275975,28,134,0.1728395061728395,-27.691941580246915
14780.000000276194,31,131,0.19135802469135801,-30.658935320987652
14790.000000276412,32,130,0.19753086419753085,-31.647933234567898
14800.00000027663,28,134,0.1728395061728395,-27.691941580246915
14810.000000276848,31,131,0.19135802469135801,-30.658935320987652
14820.000000277067,35,127,0.21604938271604937,-34.61492697530864
14830.000000277285,32,130,0.19753086419753085,-31.647933234567898
14840.000000277503,29,133,0.17901234567901234,-28.68093949382716
14850.000000277721,38,124,0.2345679012345679,-37.581920716049375
14860.00000027794,29,133,0.17901234567901234,-28.68093949382716
14870.000000278158,29,133,0.17901234567901234,-28.68093949382716
14880.000000278376,32,130,0.19753086419753085,-31.647933234567898
14890.000000278595,31,131,0.19135802469135801,-30.658935320987652
14900.000000278813,31,131,0.19135802469135801,-30.658935320987652
14910.000000279031,33,129,0.2037037037037037,-32.63693114814815
14920.00000027925,34,128,0.20987654320987653,-33.62592906172839
14930.000000279468,33,129,0.2037037037037037,-32.63693114814815
14940.000000279686,31,131,0.19135802469135801,-30.658935320987652
14950.000000279904,27,135,0.16666666666666666,-26.702943666666663
14960.000000280123,35,127,0.21604938271604937,-34.61492697530864
14970.00000028034,35,127,0.21604938271604937,-34.61492697530864
14980.00000028056,31,131,0.19135802469135801,-30.658935320987652
14990.000000280777,30,132,0.18518518518518517,-29.669937407407406
15000.000000280996,33,129,0.2037037037037037,-32.63693114814815
15010.000000281214,34,128,0.20987654320987653,-33.62592906172839
15020.000000281432,33,129,0.2037037037037037,-32.63693114814815
15030.00000028165,29,133,0.17901234567901234,-28.68093949382716
15040.000000281869,29,133,0.17901234567901234,-28.68093949382716
15050.000000282087,33,129,0.2037037037037037,-32.63693114814815
15060.000000282305,29,133,0.17901234567901234,-28.68093949382716
15070.000000282524,32,130,0.19753086419753085,-31.647933234567898
15080.000000282742,33,129,0.2037037037037037,-32.63693114814815
15090.00000028296,30,132,0.18518518518518517,-29.669937407407406
15100.000000283178,30,132,0.18518518518518517,-29.669937407407406
15110.000000283397,28,134,0.1728395061728395,-27.691941580246915
15120.000000283615,35,127,0.21604938271604937,-34.61492697530864
15130.000000283833,32,130,0.19753086419753085,-31.647933234567898
15140.000000284052,27,135,0.16666666666666666,-26.702943666666663
15150.00000028427,32,130,0.19753086419753085,-31.647933234567898
15160.000000284488,30,132,0.18518518518518517,-29.669937407407406
15170.000000284706,33,129,0.2037037037037037,-32.63693114814815
15180.000000284925,32,130,0.19753086419753085,-31.647933234567898
15190.000000285143,33,129,0.2037037037037037,-32.63693114814815
15200.000000285361,37,125,0.22839506172839505,-36.59292280246914
15210.00000028558,33,129,0.2037037037037037,-32.63693114814815
15220.000000285798,33,129,0.2037037037037037,-32.63693114814815
15230.000000286016,35,127,0.21604938271604937,-34.61492697530864
15240.000000286234,35,127,0.21604938271604937,-34.61492697530864
15250.000000286453,29,133,0.17901234567901234,-28.68093949382716
15260.000000286671,32,130,0.19753086419753085,-31.647933234567898
15270.00000028689,35,127,0.21604938271604937,-34.61492697530864
15280.000000287107,33,129,0.2037037037037037,-32.63693114814815
15290.000000287326,33,129,0.2037037037037037,-32.63693114814815
15300.000000287544,36,126,0.2222222222222222,-35.60392488888888
15310.000000287762,34,128,0.20987654320987653,-33.62592906172839
15320.00000028798,37,125,0.22839506172839505,-36.59292280246914
15330.000000288199,30,132,0.18518518518518517,-29.669937407407406
15340.000000288417,37,125,0.22839506172839505,-36.59292280246914
15350.000000288635,32,130,0.19753086419753085,-31.647933234567898
15360.000000288854,31,131,0.19135802469135801,-30.658935320987652
15370.000000289072,32,130,0.19753086419753085,-31.647933234567898
15380.00000028929,28,134,0.1728395061728395,-27.691941580246915
15390.000000289509,33,129,0.2037037037037037,-32.63693114814815
15400.000000289727,29,133,0.17901234567901234,-28.68093949382716
15410.000000289945,30,132,0.18518518518518517,-29.669937407407406
15420.000000290163,34,128,0.20987654320987653,-33.62592906172839
15430.000000290382,32,130,0.19753086419753085,-31.647933234567898
15440.0000002906,34,128,0.20987654320987653,-33.62592906172839
15450.000000290818,36,126,0.2222222222222222,-35.60392488888888
15460.000000291036,34,128,0.20987654320987653,-33.62592906172839
15470.000000291255,29,133,0.17901234567901234,-28.68093949382716
15480.000000291473,36,126,0.2222222222222222,-35.60392488888888
15490.000000291691,33,129,0.2037037037037037,-32.63693114814815
15500.00000029191,35,127,0.21604938271604937,-34.61492697530864
15510.000000292128,29,133,0.17901234567901234,-28.68093949382716
15520.000000292346,35,127,0.21604938271604937,-34.61492697530864
15530.000000292564,35,127,0.21604938271604937,-34.61492697530864
15540.000000292783,34,128,0.20987654320987653,-33.62592906172839
15550.000000293001,34,128,0.20987654320987653,-33.62592906172839
15560.00000029322,35,127,0.21604938271604937,-34.61492697530864
15570.000000293438,36,126,0.2222222222222222,-35.60392488888888
15580.000000293656,32,130,0.19753086419753085,-31.647933234567898
15590.000000293874,35,127,0.21604938271604937,-34.61492697530864
15600.000000294092,34,128,0.20987654320987653,-33.62592906172839
15610.00000029431,36,126,0.2222222222222222,-35.60392488888888
15620.000000294529,33,129,0.2037037037037037,-32.63693114814815
15630.000000294747,37,125,0.22839506172839505,-36.59292280246914
15640.000000294966,33,129,0.2037037037037037,-32.63693114814815
15650.000000295184,39,123,0.24074074074074073,-38.57091862962963
15660.000000295402,35,127,0.21604938271604937,-34.61492697530864
15670.00000029562,36,126,0.2222222222222222,-35.60392488888888
15680.000000295839,34,128,0.20987654320987653,-33.62592906172839
15690.000000296057,40,122,0.24691358024691357,-39.55991654320987
15700.000000296275,38,124,0.2345679012345679,-37.581920716049375
15710.000000296493,37,125,0.22839506172839505,-36.59292280246914
15720.000000296712,39,123,0.24074074074074073,-38.57091862962963
15730.00000029693,38,124,0.2345679012345679,-37.581920716049375
15740.000000297148,33,129,0.2037037037037037,-32.63693114814815
15750.000000297367,33,129,0.2037037037037037,-32.63693114814815
15760.000000297585,33,129,0.2037037037037037,-32.63693114814815
15770.000000297803,34,128,0.20987654320987653,-33.62592906172839
15780.000000298021,31,131,0.19135802469135801,-30.658935320987652
15790.00000029824,34,128,0.20987654320987653,-33.62592906172839
15800.000000298458,27,135,0.16666666666666666,-26.702943666666663
15810.000000298676,30,132,0.18518518518518517,-29.669937407407406
15820.000000298895,34,128,0.20987654320987653,-33.62592906172839
15830.000000299113,36,126,0.2222222222222222,-35.60392488888888
15840.000000299331,35,127,0.21604938271604937,-34.61492697530864
15850.00000029955,37,125,0.22839506172839505,-36.59292280246914
15860.000000299768,34,128,0.20987654320987653,-33.62592906172839
15870.000000299986,34,128,0.20987654320987653,-33.62592906172839
15880.000000300204,32,130,0.19753086419753085,-31.647933234567898
15890.000000300422,39,123,0.24074074074074073,-38.57091862962963
15900.00000030064,35,127,0.21604938271604937,-34.61492697530864
15910.000000300859,36,126,0.2222222222222222,-35.60392488888888
15920.000000301077,36,126,0.2222222222222222,-35.60392488888888
15930.000000301296,37,125,0.22839506172839505,-36.59292280246914
15940.000000301514,34,128,0.20987654320987653,-33.62592906172839
15950.000000301732,35,127,0.21604938271604937,-34.61492697530864
15960.00000030195,31,131,0.19135802469135801,-30.658935320987652
15970.000000302169,33,129,0.2037037037037037,-32.63693114814815
15980.000000302387,32,130,0.19753086419753085,-31.647933234567898
15990.000000302605,31,131,0.19135802469135801,-30.658935320987652
16000.000000302824,33,129,0.2037037037037037,-32.63693114814815
16010.000000303042,33,129,0.2037037037037037,-32.63693114814815
16020.00000030326,34,128,0.20987654320987653,-33.62592906172839
16030.000000303478,32,130,0.19753086419753085,-31.647933234567898
16040.000000303697,35,127,0.21604938271604937,-34.61492697530864
16050.000000303915,35,127,0.21604938271604937,-34.61492697530864
16060.000000304133,37,125,0.22839506172839505,-36.59292280246914
16070.000000304351,30,132,0.18518518518518517,-29.669937407407406
16080.00000030457,30,132,0.18518518518518517,-29.669937407407406
16090.000000304788,36,126,0.2222222222222222,-35.60392488888888
16100.000000305006,34,128,0.20987654320987653,-33.62592906172839
16110.000000305225,35,127,0.21604938271604937,-34.61492697530864
16120.000000305443,39,123,0.24074074074074073,-38.57091862962963
16130.000000305661,32,130,0.19753086419753085,-31.647933234567898
16140.00000030588,37,125,0.22839506172839505,-36.59292280246914
16150.000000306098,35,127,0.21604938271604937,-34.61492697530864
16160.000000306316,33,129,0.2037037037037037,-32.63693114814815
16170.000000306534,35,127,0.21604938271604937,-34.61492697530864
16180.000000306753,37,125,0.22839506172839505,-36.59292280246914
16190.00000030697,36,126,0.2222222222222222,-35.60392488888888
16200.00000030719,34,128,0.20987654320987653,-33.62592906172839
16210.000000307407,38,124,0.2345679012345679,-37.581920716049375
16220.000000307626,35,127,0.21604938271604937,-34.61492697530864
16230.000000307844,31,131,0.19135802469135801,-30.658935320987652
16240.000000308062,33,129,0.2037037037037037,-32.63693114814815
16250.00000030828,33,129,0.2037037037037037,-32.63693114814815
16260.000000308499,33,129,0.2037037037037037,-32.63693114814815
16270.000000308717,31,131,0.19135802469135801,-30.658935320987652
16280.000000308935,30,132,0.18518518518518517,-29.669937407407406
16290.000000309154,28,134,0.1728395061728395,-27.691941580246915
16300.000000309372,34,128,0.20987654320987653,-33.62592906172839
16310.00000030959,35,127,0.21604938271604937,-34.61492697530864
16320.000000309808,33,129,0.2037037037037037,-32.63693114814815
16330.000000310027,31,131,0.19135802469135801,-30.658935320987652
16340.000000310245,31,131,0.19135802469135801,-30.658935320987652
16350.000000310463,35,127,0.21604938271604937,-34.61492697530864
16360.000000310682,33,129,0.2037037037037037,-32.63693114814815
16370.0000003109,36,126,0.2222222222222222,-35.60392488888888
16380.000000311118,33,129,0.2037037037037037,-32.63693114814815
16390.000000310243,33,129,0.2037037037037037,-32.63693114814815
16400.000000308642,32,130,0.19753086419753085,-31.647933234567898
16410.00000030704,34,128,0.20987654320987653,-33.62592906172839
16420.00000030544,33,129,0.2037037037037037,-32.63693114814815
16430.00000030384,35,127,0.21604938271604937,-34.61492697530864
16440.00000030224,33,129,0.2037037037037037,-32.63693114814815
16450.00000030064,30,132,0.18518518518518517,-29.669937407407406
16460.00000029904,31,131,0.19135802469135801,-30.658935320987652
16470.000000297438,30,132,0.18518518518518517,-29.669937407407406
16480.000000295837,32,130,0.19753086419753085,-31.647933234567898
16490.000000294236,36,126,0.2222222222222222,-35.60392488888888
16500.000000292635,35,127,0.21604938271604937,-34.61492697530864
16510.000000291035,31,131,0.19135802469135801,-30.658935320987652
16520.000000289434,33,129,0.2037037037037037,-32.63693114814815
16530.000000287833,36,126,0.2222222222222222,-35.60392488888888
16540.000000286233,32,130,0.19753086419753085,-31.647933234567898
16550.000000284632,33,129,0.2037037037037037,-32.63693114814815
16560.00000028303,30,132,0.18518518518518517,-29.669937407407406
16570.00000028143,30,132,0.18518518518518517,-29.669937407407406
16580.00000027983,35,127,0.21604938271604937,-34.61492697530864
16590.00000027823,29,133,0.17901234567901234,-28.68093949382716
16600.00000027663,29,133,0.17901234567901234,-28.68093949382716
16610.000000275028,32,130,0.19753086419753085,-31.647933234567898
16620.000000273427,34,128,0.20987654320987653,-33.62592906172839
16630.000000271826,35,127,0.21604938271604937,-34.61492697530864
16640.000000270225,36,126,0.2222222222222222,-35.60392488888888
16650.000000268625,34,128,0.20987654320987653,-33.62592906172839
16660.000000267024,36,126,0.2222222222222222,-35.60392488888888
16670.000000265423,40,122,0.24691358024691357,-39.55991654320987
16680.000000263823,32,130,0.19753086419753085,-31.647933234567898
16690.000000262222,35,127,0.21604938271604937,-34.61492697530864
16700.00000026062,37,125,0.22839506172839505,-36.59292280246914
16710.00000025902,37,125,0.22839506172839505,-36.59292280246914
16720.00000025742,38,124,0.2345679012345679,-37.581920716049375
16730.00000025582,33,129,0.2037037037037037,-32.63693114814815
16740.00000025422,39,123,0.24074074074074073,-38.57091862962963
16750.000000252618,38,124,0.2345679012345679,-37.581920716049375
16760.000000251017,35,127,0.21604938271604937,-34.61492697530864
16770.000000249416,37,125,0.22839506172839505,-36.59292280246914
16780.000000247815,38,124,0.2345679012345679,-37.581920716049375
16790.000000246215,42,120,0.25925925925925924,-41.537912370370364
16800.000000244614,35,127,0.21604938271604937,-34.61492697530864
16810.000000243013,36,126,0.2222222222222222,-35.60392488888888
16820.000000241413,33,129,0.2037037037037037,-32.63693114814815
16830.000000239812,39,123,0.24074074074074073,-38.57091862962963
16840.00000023821,37,125,0.22839506172839505,-36.59292280246914
16850.00000023661,35,127,0.21604938271604937,-34.61492697530864
16860.00000023501,32,130,0.19753086419753085,-31.647933234567898
16870.00000023341,37,125,0.22839506172839505,-36.59292280246914
16880.00000023181,34,128,0.20987654320987653,-33.62592906172839
16890.000000230208,35,127,0.21604938271604937,-34.61492697530864
16900.000000228607,32,130,0.19753086419753085,-31.647933234567898
16910.000000227006,37,125,0.22839506172839505,-36.59292280246914
16920.000000225406,37,125,0.22839506172839505,-36.59292280246914
16930.000000223805,39,123,0.24074074074074073,-38.57091862962963
16940.000000222204,38,124,0.2345679012345679,-37.581920716049375
16950.000000220603,37,125,0.22839506172839505,-36.59292280246914
16960.000000219003,35,127,0.21604938271604937,-34.61492697530864
16970.000000217402,43,119,0.2654320987654321,-42.52691028395062
16980.0000002158,43,119,0.2654320987654321,-42.52691028395062
16990.0000002142,41,121,0.25308641975308643,-40.54891445679012
17000.0000002126,42,120,0.25925925925925924,-41.537912370370364
17010.000000211,38,124,0.2345679012345679,-37.581920716049375
17020.0000002094,39,123,0.24074074074074073,-38.57091862962963
17030.000000207798,45,117,0.2777777777777778,-44.504906111111104
17040.000000206197,40,122,0.24691358024691357,-39.55991654320987
17050.000000204596,37,125,0.22839506172839505,-36.59292280246914
17060.000000202996,37,125,0.22839506172839505,-36.59292280246914
17070.000000201395,39,123,0.24074074074074073,-38.57091862962963
17080.000000199794,44,118,0.2716049382716049,-43.51590819753087
17090.000000198193,37,125,0.22839506172839505,-36.59292280246914
17100.000000196593,37,125,0.22839506172839505,-36.59292280246914
17110.000000194992,41,121,0.25308641975308643,-40.54891445679012
17120.00000019339,36,126,0.2222222222222222,-35.60392488888888
17130.00000019179,39,123,0.24074074074074073,-38.57091862962963
17140.00000019019,39,123,0.24074074074074073,-38.57091862962963
17150.00000018859,39,123,0.24074074074074073,-38.57091862962963
17160.00000018699,36,126,0.2222222222222222,-35.60392488888888
17170.000000185388,37,125,0.22839506172839505,-36.59292280246914
17180.000000183787,35,127,0.21604938271604937,-34.61492697530864
17190.000000182186,37,125,0.22839506172839505,-36.59292280246914
17200.000000180586,33,129,0.2037037037037037,-32.63693114814815
17210.000000178985,31,131,0.19135802469135801,-30.658935320987652
17220.000000177384,32,130,0.19753086419753085,-31.647933234567898
17230.000000175783,30,132,0.18518518518518517,-29.669937407407406
17240.000000174183,35,127,0.21604938271604937,-34.61492697530864
17250.000000172582,40,122,0.24691358024691357,-39.55991654320987
17260.00000017098,29,133,0.17901234567901234,-28.68093949382716
17270.00000016938,29,133,0.17901234567901234,-28.68093949382716
17280.00000016778,30,132,0.18518518518518517,-29.669937407407406
17290.00000016618,33,129,0.2037037037037037,-32.63693114814815
17300.00000016458,31,131,0.19135802469135801,-30.658935320987652
17310.000000162978,31,131,0.19135802469135801,-30.658935320987652
17320.000000161377,36,126,0.2222222222222222,-35.60392488888888
17330.000000159776,34,128,0.20987654320987653,-33.62592906172839
17340.000000158176,31,131,0.19135802469135801,-30.658935320987652
17350.000000156575,32,130,0.19753086419753085,-31.647933234567898
17360.000000154974,34,128,0.20987654320987653,-33.62592906172839
17370.000000153374,33,129,0.2037037037037037,-32.63693114814815
17380.000000151773,36,126,0.2222222222222222,-35.60392488888888
17390.000000150172,39,123,0.24074074074074073,-38.57091862962963
17400.00000014857,38,124,0.2345679012345679,-37.581920716049375
17410.00000014697,35,127,0.21604938271604937,-34.61492697530864
17420.00000014537,37,125,0.22839506172839505,-36.59292280246914
17430.00000014377,33,129,0.2037037037037037,-32.63693114814815
17440.00000014217,32,130,0.19753086419753085,-31.647933234567898
17450.000000140568,32,130,0.19753086419753085,-31.647933234567898
17460.000000138967,34,128,0.20987654320987653,-33.62592906172839
17470.000000137366,30,132,0.18518518518518517,-29.669937407407406
17480.000000135766,32,130,0.19753086419753085,-31.647933234567898
17490.000000134165,35,127,0.21604938271604937,-34.61492697530864
17500.000000132564,34,128,0.20987654320987653,-33.62592906172839
17510.000000130964,34,128,0.20987654320987653,-33.62592906172839
17520.000000129363,35,127,0.21604938271604937,-34.61492697530864
17530.000000127762,34,128,0.20987654320987653,-33.62592906172839
17540.00000012616,34,128,0.20987654320987653,-33.62592906172839
17550.00000012456,30,132,0.18518518518518517,-29.669937407407406
17560.00000012296,30,132,0.18518518518518517,-29.669937407407406
17570.00000012136,35,127,0.21604938271604937,-34.61492697530864
17580.00000011976,33,129,0.2037037037037037,-32.63693114814815
17590.000000118158,37,125,0.22839506172839505,-36.59292280246914
17600.000000116557,32,130,0.19753086419753085,-31.647933234567898
17610.000000114956,35,127,0.21604938271604937,-34.61492697530864
17620.000000113356,37,125,0.22839506172839505,-36.59292280246914
17630.000000111755,37,125,0.22839506172839505,-36.59292280246914
17640.000000110154,34,128,0.20987654320987653,-33.62592906172839
17650.000000108554,38,124,0.2345679012345679,-37.581920716049375
17660.000000106953,39,123,0.24074074074074073,-38.57091862962963
17670.000000105352,42,120,0.25925925925925924,-41.537912370370364
17680.00000010375,43,119,0.2654320987654321,-42.52691028395062
17690.00000010215,44,118,0.2716049382716049,-43.51590819753087
17700.00000010055,37,125,0.22839506172839505,-36.59292280246914
17710.00000009895,40,122,0.24691358024691357,-39.55991654320987
17720.00000009735,39,123,0.24074074074074073,-38.57091862962963
17730.000000095748,41,121,0.25308641975308643,-40.54891445679012
17740.000000094147,36,126,0.2222222222222222,-35.60392488888888
17750.000000092547,39,123,0.24074074074074073,-38.57091862962963
17760.000000090946,35,127,0.21604938271604937,-34.61492697530864
17770.000000089345,36,126,0.2222222222222222,-35.60392488888888
17780.000000087744,40,122,0.24691358024691357,-39.55991654320987
17790.000000086144,37,125,0.22839506172839505,-36.59292280246914
17800.000000084543,39,123,0.24074074074074073,-38.57091862962963
17810.000000082942,40,122,0.24691358024691357,-39.55991654320987
17820.00000008134,36,126,0.2222222222222222,-35.60392488888888
17830.00000007974,33,129,0.2037037037037037,-32.63693114814815
17840.00000007814,37,125,0.22839506172839505,-36.59292280246914
17850.00000007654,34,128,0.20987654320987653,-33.62592906172839
17860.00000007494,41,121,0.25308641975308643,-40.54891445679012
17870.000000073338,36,126,0.2222222222222222,-35.60392488888888
17880.000000071737,37,125,0.22839506172839505,-36.59292280246914
17890.000000070137,36,126,0.2222222222222222,-35.60392488888888
17900.000000068536,36,126,0.2222222222222222,-35.60392488888888
17910.000000066935,35,127,0.21604938271604937,-34.61492697530864
17920.000000065334,34,128,0.20987654320987653,-33.62592906172839
17930.000000063734,39,123,0.24074074074074073,-38.57091862962963
17940.000000062133,38,124,0.2345679012345679,-37.581920716049375
17950.000000060532,35,127,0.21604938271604937,-34.61492697530864
17960.00000005893,38,124,0.2345679012345679,-37.581920716049375
17970.00000005733,42,120,0.25925925925925924,-41.537912370370364
17980.00000005573,38,124,0.2345679012345679,-37.581920716049375
17990.00000005413,37,125,0.22839506172839505,-36.59292280246914
18000.00000005253,34,128,0.20987654320987653,-33.62592906172839
18010.000000050928,33,129,0.2037037037037037,-32.63693114814815
18020.000000049327,38,124,0.2345679012345679,-37.581920716049375
18030.000000047727,37,125,0.22839506172839505,-36.59292280246914
18040.000000046126,39,123,0.24074074074074073,-38.57091862962963
18050.000000044525,34,128,0.20987654320987653,-33.62592906172839
18060.000000042925,38,124,0.2345679012345679,-37.581920716049375
18070.000000041324,35,127,0.21604938271604937,-34.61492697530864
18080.000000039723,34,128,0.20987654320987653,-33.62592906172839
18090.000000038122,38,124,0.2345679012345679,-37.581920716049375
18100.00000003652,31,131,0.19135802469135801,-30.658935320987652
18110.00000003492,38,124,0.2345679012345679,-37.581920716049375
18120.00000003332,33,129,0.2037037037037037,-32.63693114814815
18130.00000003172,33,129,0.2037037037037037,-32.63693114814815
18140.00000003012,28,134,0.1728395061728395,-27.691941580246915
18150.000000028518,34,128,0.20987654320987653,-33.62592906172839
18160.000000026917,31,131,0.19135802469135801,-30.658935320987652
18170.000000025317,29,133,0.17901234567901234,-28.68093949382716
18180.000000023716,30,132,0.18518518518518517,-29.669937407407406
18190.000000022115,31,131,0.19135802469135801,-30.658935320987652
18200.000000020515,31,131,0.19135802469135801,-30.658935320987652
18210.000000018914,31,131,0.19135802469135801,-30.658935320987652
18220.000000017313,37,125,0.22839506172839505,-36.59292280246914
18230.000000015712,33,129,0.2037037037037037,-32.63693114814815
18240.00000001411,30,132,0.18518518518518517,-29.669937407407406
18250.00000001251,32,130,0.19753086419753085,-31.647933234567898
18260.00000001091,32,130,0.19753086419753085,-31.647933234567898
18270.00000000931,34,128,0.20987654320987653,-33.62592906172839
18280.00000000771,34,128,0.20987654320987653,-33.62592906172839
18290.000000006108,33,129,0.2037037037037037,-32.63693114814815
18300.000000004507,34,128,0.20987654320987653,-33.62592906172839
18310.000000002907,30,132,0.18518518518518517,-29.669937407407406
18320.000000001306,27,135,0.16666666666666666,-26.702943666666663
18329.999999999705,32,130,0.19753086419753085,-31.647933234567898
18339.999999998105,35,127,0.21604938271604937,-34.61492697530864
18349.999999996504,35,127,0.21604938271604937,-34.61492697530864
18359.999999994903,35,127,0.21604938271604937,-34.61492697530864
18369.999999993302,38,124,0.2345679012345679,-37.581920716049375
18379.9999999917,33,129,0.2037037037037037,-32.63693114814815
18389.9999999901,31,131,0.19135802469135801,-30.658935320987652
18399.9999999885,29,133,0.17901234567901234,-28.68093949382716
18409.9999999869,30,132,0.18518518518518517,-29.669937407407406
18419.9999999853,33,129,0.2037037037037037,-32.63693114814815
18429.9999999837,33,129,0.2037037037037037,-32.63693114814815
18439.999999982098,33,129,0.2037037037037037,-32.63693114814815
18449.999999980497,37,125,0.22839506172839505,-36.59292280246914
18459.999999978896,32,130,0.19753086419753085,-31.647933234567898
18469.999999977295,29,133,0.17901234567901234,-28.68093949382716
18479.999999975695,35,127,0.21604938271604937,-34.61492697530864
18489.999999974094,32,130,0.19753086419753085,-31.647933234567898
18499.999999972493,33,129,0.2037037037037037,-32.63693114814815
18509.999999970893,34,128,0.20987654320987653,-33.62592906172839
18519.999999969292,30,132,0.18518518518518517,-29.669937407407406
18529.99999996769,34,128,0.20987654320987653,-33.62592906172839
18539.99999996609,36,126,0.2222222222222222,-35.60392488888888
18549.99999996449,33,129,0.2037037037037037,-32.63693114814815
18559.99999996289,34,128,0.20987654320987653,-33.62592906172839
18569.99999996129,29,133,0.17901234567901234,-28.68093949382716
18579.999999959688,31,131,0.19135802469135801,-30.658935320987652
18589.999999958087,31,131,0.19135802469135801,-30.658935320987652
18599.999999956486,30,132,0.18518518518518517,-29.669937407407406
18609.999999954885,27,135,0.16666666666666666,-26.702943666666663
18619.999999953285,34,128,0.20987654320987653,-33.62592906172839
18629.999999951684,31,131,0.19135802469135801,-30.658935320987652
18639.999999950083,29,133,0.17901234567901234,-28.68093949382716
18649.999999948483,29,133,0.17901234567901234,-28.68093949382716
18659.999999946882,33,129,0.2037037037037037,-32.63693114814815
18669.99999994528,30,132,0.18518518518518517,-29.669937407407406
18679.99999994368,32,130,0.19753086419753085,-31.647933234567898
18689.99999994208,33,129,0.2037037037037037,-32.63693114814815
18699.99999994048,31,131,0.19135802469135801,-30.658935320987652
18709.99999993888,32,130,0.19753086419753085,-31.647933234567898
18719.999999937278,31,131,0.19135802469135801,-30.658935320987652
18729.999999935677,34,128,0.20987654320987653,-33.62592906172839
18739.999999934076,36,126,0.2222222222222222,-35.60392488888888
18749.999999932475,33,129,0.2037037037037037,-32.63693114814815
18759.999999930875,33,129,0.2037037037037037,-32.63693114814815
18769.999999929274,32,130,0.19753086419753085,-31.647933234567898
18779.999999927673,30,132,0.18518518518518517,-29.669937407407406
18789.999999926073,31,131,0.19135802469135801,-30.658935320987652
18799.999999924472,31,131,0.19135802469135801,-30.658935320987652
18809.99999992287,30,132,0.18518518518518517,-29.669937407407406
18819.99999992127,33,129,0.2037037037037037,-32.63693114814815
18829.99999991967,31,131,0.19135802469135801,-30.658935320987652
18839.99999991807,32,130,0.19753086419753085,-31.647933234567898
18849.99999991647,31,131,0.19135802469135801,-30.658935320987652
18859.999999914868,35,127,0.21604938271604937,-34.61492697530864
18869.999999913267,30,132,0.18518518518518517,-29.669937407407406
18879.999999911666,32,130,0.19753086419753085,-31.647933234567898
18889.999999910066,31,131,0.19135802469135801,-30.658935320987652
18899.999999908465,30,132,0.18518518518518517,-29.669937407407406
18909.999999906864,32,130,0.19753086419753085,-31.647933234567898
18919.999999905263,34,128,0.20987654320987653,-33.62592906172839
18929.999999903663,32,130,0.19753086419753085,-31.647933234567898
18939.999999902062,37,125,0.22839506172839505,-36.59292280246914
18949.99999990046,30,132,0.18518518518518517,-29.669937407407406
18959.99999989886,34,128,0.20987654320987653,-33.62592906172839
18969.99999989726,36,126,0.2222222222222222,-35.60392488888888
18979.99999989566,32,130,0.19753086419753085,-31.647933234567898
18989.99999989406,29,133,0.17901234567901234,-28.68093949382716
18999.999999892458,34,128,0.20987654320987653,-33.62592906172839
19009.999999890857,31,131,0.19135802469135801,-30.658935320987652
19019.999999889256,35,127,0.21604938271604937,-34.61492697530864
19029.999999887656,37,125,0.22839506172839505,-36.59292280246914
19039.999999886055,36,126,0.2222222222222222,-35.60392488888888
19049.999999884454,39,123,0.24074074074074073,-38.57091862962963
19059.999999882853,37,125,0.22839506172839505,-36.59292280246914
19069.999999881253,36,126,0.2222222222222222,-35.60392488888888
19079.999999879652,35,127,0.21604938271604937,-34.61492697530864
19089.99999987805,34,128,0.20987654320987653,-33.62592906172839
19099.99999987645,35,127,0.21604938271604937,-34.61492697530864
19109.99999987485,36,126,0.2222222222222222,-35.60392488888888
19119.99999987325,33,129,0.2037037037037037,-32.63693114814815
19129.99999987165,34,128,0.20987654320987653,-33.62592906172839
19139.999999870048,34,128,0.20987654320987653,-33.62592906172839
19149.999999868447,37,125,0.22839506172839505,-36.59292280246914
19159.999999866846,34,128,0.20987654320987653,-33.62592906172839
19169.999999865246,34,128,0.20987654320987653,-33.62592906172839
19179.999999863645,33,129,0.2037037037037037,-32.63693114814815
19189.999999862044,36,126,0.2222222222222222,-35.60392488888888
19199.999999860443,37,125,0.22839506172839505,-36.59292280246914
19209.999999858843,34,128,0.20987654320987653,-33.62592906172839
19219.999999857242,36,126,0.2222222222222222,-35.60392488888888
19229.99999985564,31,131,0.19135802469135801,-30.658935320987652
19239.99999985404,30,132,0.18518518518518517,-29.669937407407406
19249.99999985244,29,133,0.17901234567901234,-28.68093949382716
19259.99999985084,31,131,0.19135802469135801,-30.658935320987652
19269.99999984924,35,127,0.21604938271604937,-34.61492697530864
19279.999999847638,35,127,0.21604938271604937,-34.61492697530864
19289.999999846037,35,127,0.21604938271604937,-34.61492697530864
19299.999999844436,36,126,0.2222222222222222,-35.60392488888888
19309.999999842836,34,128,0.20987654320987653,-33.62592906172839
19319.999999841235,30,132,0.18518518518518517,-29.669937407407406
19329.999999839634,39,123,0.24074074074074073,-38.57091862962963
19339.999999838034,37,125,0.22839506172839505,-36.59292280246914
19349.999999836433,36,126,0.2222222222222222,-35.60392488888888
19359.999999834832,34,128,0.20987654320987653,-33.62592906172839
19369.99999983323,31,131,0.19135802469135801,-30.658935320987652
19379.99999983163,33,129,0.2037037037037037,-32.63693114814815
19389.99999983003,28,134,0.1728395061728395,-27.691941580246915
19399.99999982843,35,127,0.21604938271604937,-34.61492697530864
19409.99999982683,25,137,0.15432098765432098,-24.72494783950617
19419.999999825228,29,133,0.17901234567901234,-28.68093949382716
19429.999999823627,32,130,0.19753086419753085,-31.647933234567898
19439.999999822026,29,133,0.17901234567901234,-28.68093949382716
19449.999999820426,36,126,0.2222222222222222,-35.60392488888888
19459.999999818825,32,130,0.19753086419753085,-31.647933234567898
19469.999999817224,34,128,0.20987654320987653,-33.62592906172839
19479.999999815624,36,126,0.2222222222222222,-35.60392488888888
19489.999999814023,33,129,0.2037037037037037,-32.63693114814815
19499.999999812422,34,128,0.20987654320987653,-33.62592906172839
19509.99999981082,33,129,0.2037037037037037,-32.63693114814815
19519.99999980922,35,127,0.21604938271604937,-34.61492697530864
19529.99999980762,34,128,0.20987654320987653,-33.62592906172839
19539.99999980602,34,128,0.20987654320987653,-33.62592906172839
19549.99999980442,37,125,0.22839506172839505,-36.59292280246914
19559.999999802818,32,130,0.19753086419753085,-31.647933234567898
19569.999999801217,36,126,0.2222222222222222,-35.60392488888888
19579.999999799616,35,127,0.21604938271604937,-34.61492697530864
19589.999999798016,38,124,0.2345679012345679,-37.581920716049375
19599.999999796415,37,125,0.22839506172839505,-36.59292280246914
19609.999999794814,36,126,0.2222222222222222,-35.60392488888888
19619.999999793214,37,125,0.22839506172839505,-36.59292280246914
19629.999999791613,39,123,0.24074074074074073,-38.57091862962963
19639.999999790012,35,127,0.21604938271604937,-34.61492697530864
19649.99999978841,33,129,0.2037037037037037,-32.63693114814815
19659.99999978681,31,131,0.19135802469135801,-30.658935320987652
19669.99999978521,34,128,0.20987654320987653,-33.62592906172839
19679.99999978361,38,124,0.2345679012345679,-37.581920716049375
19689.99999978201,30,132,0.18518518518518517,-29.669937407407406
19699.999999780408,32,130,0.19753086419753085,-31.647933234567898
19709.999999778807,35,127,0.21604938271604937,-34.61492697530864
19719.999999777207,29,133,0.17901234567901234,-28.68093949382716
19729.999999775606,31,131,0.19135802469135801,-30.658935320987652
19739.999999774005,35,127,0.21604938271604937,-34.61492697530864
19749.999999772404,38,124,0.2345679012345679,-37.581920716049375
19759.999999770804,34,128,0.20987654320987653,-33.62592906172839
19769.999999769203,28,134,0.1728395061728395,-27.691941580246915
19779.999999767602,34,128,0.20987654320987653,-33.62592906172839
19789.999999766,31,131,0.19135802469135801,-30.658935320987652
19799.9999997644,35,127,0.21604938271604937,-34.61492697530864
19809.9999997628,33,129,0.2037037037037037,-32.63693114814815
19819.9999997612,32,130,0.19753086419753085,-31.647933234567898
19829.9999997596,32,130,0.19753086419753085,-31.647933234567898
19839.999999757998,32,130,0.19753086419753085,-31.647933234567898
19849.999999756397,33,129,0.2037037037037037,-32.63693114814815
19859.999999754797,31,131,0.19135802469135801,-30.658935320987652
19869.999999753196,32,130,0.19753086419753085,-31.647933234567898
19879.999999751595,36,126,0.2222222222222222,-35.60392488888888
19889.999999749994,32,130,0.19753086419753085,-31.647933234567898
19899.999999748394,34,128,0.20987654320987653,-33.62592906172839
19909.999999746793,36,126,0.2222222222222222,-35.60392488888888
19919.999999745192,34,128,0.20987654320987653,-33.62592906172839
19929.99999974359,33,129,0.2037037037037037,-32.63693114814815
19939.99999974199,32,130,0.19753086419753085,-31.647933234567898
19949.99999974039,37,125,0.22839506172839505,-36.59292280246914
19959.99999973879,31,131,0.19135802469135801,-30.658935320987652
19969.99999973719,35,127,0.21604938271604937,-34.61492697530864
19979.999999735588,35,127,0.21604938271604937,-34.61492697530864
19989.999999733987,34,128,0.20987654320987653,-33.62592906172839
19999.999999732387,31,131,0.19135802469135801,-30.658935320987652
20009.999999730786,28,134,0.1728395061728395,-27.691941580246915
20019.999999729185,32,130,0.19753086419753085,-31.647933234567898
20029.999999727585,31,131,0.19135802469135801,-30.658935320987652
20039.999999725984,31,131,0.19135802469135801,-30.658935320987652
20049.999999724383,33,129,0.2037037037037037,-32.63693114814815
20059.999999722782,37,125,0.22839506172839505,-36.59292280246914
20069.99999972118,37,125,0.22839506172839505,-36.59292280246914
20079.99999971958,34,128,0.20987654320987653,-33.62592906172839
20089.99999971798,33,129,0.2037037037037037,-32.63693114814815
20099.99999971638,33,129,0.2037037037037037,-32.63693114814815
20109.99999971478,38,124,0.2345679012345679,-37.581920716049375
20119.999999713178,35,127,0.21604938271604937,-34.61492697530864
20129.999999711577,30,132,0.18518518518518517,-29.669937407407406
20139.999999709977,33,129,0.2037037037037037,-32.63693114814815
20149.999999708376,37,125,0.22839506172839505,-36.59292280246914
20159.999999706775,33,129,0.2037037037037037,-32.63693114814815
20169.999999705175,38,124,0.2345679012345679,-37.581920716049375
20179.999999703574,38,124,0.2345679012345679,-37.581920716049375
20189.999999701973,39,123,0.24074074074074073,-38.57091862962963
20199.999999700372,34,128,0.20987654320987653,-33.62592906172839
20209.99999969877,32,130,0.19753086419753085,-31.647933234567898
20219.99999969717,36,126,0.2222222222222222,-35.60392488888888
20229.99999969557,34,128,0.20987654320987653,-33.62592906172839
20239.99999969397,36,126,0.2222222222222222,-35.60392488888888
20249.99999969237,38,124,0.2345679012345679,-37.581920716049375
20259.999999690768,34,128,0.20987654320987653,-33.62592906172839
20269.999999689167,34,128,0.20987654320987653,-33.62592906172839
20279.999999687567,36,126,0.2222222222222222,-35.60392488888888
20289.999999685966,36,126,0.2222222222222222,-35.60392488888888
20299.999999684365,34,128,0.20987654320987653,-33.62592906172839
20309.999999682765,37,125,0.22839506172839505,-36.59292280246914
20319.999999681164,36,126,0.2222222222222222,-35.60392488888888
20329.999999679563,32,130,0.19753086419753085,-31.647933234567898
20339.999999677962,32,130,0.19753086419753085,-31.647933234567898
20349.99999967636,36,126,0.2222222222222222,-35.60392488888888
20359.99999967476,35,127,0.21604938271604937,-34.61492697530864
20369.99999967316,36,126,0.2222222222222222,-35.60392488888888
20379.99999967156,28,134,0.1728395061728395,-27.691941580246915
20389.99999966996,30,132,0.18518518518518517,-29.669937407407406
20399.99999966836,37,125,0.22839506172839505,-36.59292280246914
20409.999999666758,40,122,0.24691358024691357,-39.55991654320987
20419.999999665157,36,126,0.2222222222222222,-35.60392488888888
20429.999999663556,33,129,0.2037037037037037,-32.63693114814815
20439.999999661955,31,131,0.19135802469135801,-30.658935320987652
20449.999999660355,35,127,0.21604938271604937,-34.61492697530864
20459.999999658754,32,130,0.19753086419753085,-31.647933234567898
20469.999999657153,32,130,0.19753086419753085,-31.647933234567898
20479.999999655553,34,128,0.20987654320987653,-33.62592906172839
20489.99999965395,34,128,0.20987654320987653,-33.62592906172839
20499.99999965235,37,125,0.22839506172839505,-36.59292280246914
20509.99999965075,35,127,0.21604938271604937,-34.61492697530864
20519.99999964915,32,130,0.19753086419753085,-31.647933234567898
20529.99999964755,34,128,0.20987654320987653,-33.62592906172839
20539.99999964595,34,128,0.20987654320987653,-33.62592906172839
20549.999999644348,34,128,0.20987654320987653,-33.62592906172839
20559.999999642747,36,126,0.2222222222222222,-35.60392488888888
20569.999999641146,33,129,0.2037037037037037,-32.63693114814815
20579.999999639545,36,126,0.2222222222222222,-35.60392488888888
20589.999999637945,35,127,0.21604938271604937,-34.61492697530864
20599.999999636344,33,129,0.2037037037037037,-32.63693114814815
20609.999999634743,33,129,0.2037037037037037,-32.63693114814815
20619.999999633143,33,129,0.2037037037037037,-32.63693114814815
20629.999999631542,32,130,0.19753086419753085,-31.647933234567898
20639.99999962994,38,124,0.2345679012345679,-37.581920716049375
20649.99999962834,32,130,0.19753086419753085,-31.647933234567898
20659.99999962674,32,130,0.19753086419753085,-31.647933234567898
20669.99999962514,30,132,0.18518518518518517,-29.669937407407406
20679.99999962354,32,130,0.19753086419753085,-31.647933234567898
20689.999999621938,35,127,0.21604938271604937,-34.61492697530864
20699.999999620337,34,128,0.20987654320987653,-33.62592906172839
20709.999999618736,33,129,0.2037037037037037,-32.63693114814815
20719.999999617135,32,130,0.19753086419753085,-31.647933234567898
20729.999999615535,30,132,0.18518518518518517,-29.669937407407406
20739.999999613934,32,130,0.19753086419753085,-31.647933234567898
20749.999999612333,31,131,0.19135802469135801,-30.658935320987652
20759.999999610733,34,128,0.20987654320987653,-33.62592906172839
20769.999999609132,32,130,0.19753086419753085,-31.647933234567898
20779.99999960753,32,130,0.19753086419753085,-31.647933234567898
20789.99999960593,31,131,0.19135802469135801,-30.658935320987652
20799.99999960433,31,131,0.19135802469135801,-30.658935320987652
20809.99999960273,32,130,0.19753086419753085,-31.647933234567898
20819.99999960113,31,131,0.19135802469135801,-30.658935320987652
20829.999999599528,28,134,0.1728395061728395,-27.691941580246915
20839.999999597927,32,130,0.19753086419753085,-31.647933234567898
20849.999999596326,36,126,0.2222222222222222,-35.60392488888888
20859.999999594726,33,129,0.2037037037037037,-32.63693114814815
20869.999999593125,32,130,0.19753086419753085,-31.647933234567898
20879.999999591524,35,127,0.21604938271604937,-34.61492697530864
20889.999999589923,32,130,0.19753086419753085,-31.647933234567898
20899.999999588323,36,126,0.2222222222222222,-35.60392488888888
20909.999999586722,35,127,0.21604938271604937,-34.61492697530864
20919.99999958512,32,130,0.19753086419753085,-31.647933234567898
20929.99999958352,33,129,0.2037037037037037,-32.63693114814815
20939.99999958192,34,128,0.20987654320987653,-33.62592906172839
20949.99999958032,35,127,0.21604938271604937,-34.61492697530864
20959.99999957872,33,129,0.2037037037037037,-32.63693114814815
20969.999999577118,32,130,0.19753086419753085,-31.647933234567898
20979.999999575517,34,128,0.20987654320987653,-33.62592906172839
20989.999999573916,30,132,0.18518518518518517,-29.669937407407406
20999.999999572316,29,133,0.17901234567901234,-28.68093949382716
21009.999999570715,33,129,0.2037037037037037,-32.63693114814815
21019.999999569114,31,131,0.19135802469135801,-30.658935320987652
21029.999999567513,36,126,0.2222222222222222,-35.60392488888888
21039.999999565913,31,131,0.19135802469135801,-30.658935320987652
21049.999999564312,35,127,0.21604938271604937,-34.61492697530864
21059.99999956271,32,130,0.19753086419753085,-31.647933234567898
21069.99999956111,40,122,0.24691358024691357,-39.55991654320987
21079.99999955951,39,123,0.24074074074074073,-38.57091862962963
21089.99999955791,38,124,0.2345679012345679,-37.581920716049375
21099.99999955631,33,129,0.2037037037037037,-32.63693114814815
21109.999999554708,33,129,0.2037037037037037,-32.63693114814815
21119.999999553107,39,123,0.24074074074074073,-38.57091862962963
21129.999999551506,38,124,0.2345679012345679,-37.581920716049375
21139.999999549906,40,122,0.24691358024691357,-39.55991654320987
21149.999999548305,40,122,0.24691358024691357,-39.55991654320987
21159.999999546704,33,129,0.2037037037037037,-32.63693114814815
21169.999999545103,40,122,0.24691358024691357,-39.55991654320987
21179.999999543503,36,126,0.2222222222222222,-35.60392488888888
21189.999999541902,36,126,0.2222222222222222,-35.60392488888888
21199.9999995403,36,126,0.2222222222222222,-35.60392488888888
21209.9999995387,39,123,0.24074074074074073,-38.57091862962963
21219.9999995371,34,128,0.20987654320987653,-33.62592906172839
21229.9999995355,39,123,0.24074074074074073,-38.57091862962963
21239.9999995339,34,128,0.20987654320987653,-33.62592906172839
21249.999999532298,34,128,0.20987654320987653,-33.62592906172839
21259.999999530697,41,121,0.25308641975308643,-40.54891445679012
21269.999999529096,36,126,0.2222222222222222,-35.60392488888888
21279.999999527496,40,122,0.24691358024691357,-39.55991654320987
21289.999999525895,37,125,0.22839506172839505,-36.59292280246914
21299.999999524294,37,125,0.22839506172839505,-36.59292280246914
21309.999999522694,36,126,0.2222222222222222,-35.60392488888888
21319.999999521093,35,127,0.21604938271604937,-34.61492697530864
21329.999999519492,36,126,0.2222222222222222,-35.60392488888888
21339.99999951789,32,130,0.19753086419753085,-31.647933234567898
21349.99999951629,37,125,0.22839506172839505,-36.59292280246914
21359.99999951469,39,123,0.24074074074074073,-38.57091862962963
21369.99999951309,35,127,0.21604938271604937,-34.61492697530864
21379.99999951149,34,128,0.20987654320987653,-33.62592906172839
21389.999999509888,29,133,0.17901234567901234,-28.68093949382716
21399.999999508287,30,132,0.18518518518518517,-29.669937407407406
21409.999999506686,37,125,0.22839506172839505,-36.59292280246914
21419.999999505086,32,130,0.19753086419753085,-31.647933234567898
21429.999999503485,35,127,0.21604938271604937,-34.61492697530864
21439.999999501884,35,127,0.21604938271604937,-34.61492697530864
21449.999999500284,33,129,0.2037037037037037,-32.63693114814815
21459.999999498683,33,129,0.2037037037037037,-32.63693114814815
21469.999999497082,35,127,0.21604938271604937,-34.61492697530864
21479.99999949548,33,129,0.2037037037037037,-32.63693114814815
21489.99999949388,35,127,0.21604938271604937,-34.61492697530864
21499.99999949228,36,126,0.2222222222222222,-35.60392488888888
21509.99999949068,34,128,0.20987654320987653,-33.62592906172839
21519.99999948908,39,123,0.24074074074074073,-38.57091862962963
21529.999999487478,39,123,0.24074074074074073,-38.57091862962963
21539.999999485877,38,124,0.2345679012345679,-37.581920716049375
21549.999999484276,34,128,0.20987654320987653,-33.62592906172839
21559.999999482676,38,124,0.2345679012345679,-37.581920716049375
21569.999999481075,36,126,0.2222222222222222,-35.60392488888888
21579.999999479474,38,124,0.2345679012345679,-37.581920716049375
21589.999999477874,35,127,0.21604938271604937,-34.61492697530864
21599.999999476273,31,131,0.19135802469135801,-30.658935320987652
21609.999999474672,34,128,0.20987654320987653,-33.62592906172839
21619.99999947307,35,127,0.21604938271604937,-34.61492697530864
21629.99999947147,33,129,0.2037037037037037,-32.63693114814815
21639.99999946987,34,128,0.20987654320987653,-33.62592906172839
21649.99999946827,33,129,0.2037037037037037,-32.63693114814815
21659.99999946667,33,129,0.2037037037037037,-32.63693114814815
21669.999999465068,32,130,0.19753086419753085,-31.647933234567898
21679.999999463467,30,132,0.18518518518518517,-29.669937407407406
21689.999999461867,35,127,0.21604938271604937,-34.61492697530864
21699.999999460266,35,127,0.21604938271604937,-34.61492697530864
21709.999999458665,35,127,0.21604938271604937,-34.61492697530864
21719.999999457064,34,128,0.20987654320987653,-33.62592906172839
21729.999999455464,35,127,0.21604938271604937,-34.61492697530864
21739.999999453863,33,129,0.2037037037037037,-32.63693114814815
21749.999999452262,31,131,0.19135802469135801,-30.658935320987652
21759.99999945066,33,129,0.2037037037037037,-32.63693114814815
21769.99999944906,30,132,0.18518518518518517,-29.669937407407406
21779.99999944746,31,131,0.19135802469135801,-30.658935320987652
21789.99999944586,35,127,0.21604938271604937,-34.61492697530864
21799.99999944426,31,131,0.19135802469135801,-30.658935320987652
21809.999999442658,32,130,0.19753086419753085,-31.647933234567898
21819.999999441057,33,129,0.2037037037037037,-32.63693114814815
21829.999999439457,33,129,0.2037037037037037,-32.63693114814815
21839.999999437856,34,128,0.20987654320987653,-33.62592906172839
21849.999999436255,34,128,0.20987654320987653,-33.62592906172839
21859.999999434654,31,131,0.19135802469135801,-30.658935320987652
21869.999999433054,29,133,0.17901234567901234,-28.68093949382716
21879.999999431453,34,128,0.20987654320987653,-33.62592906172839
21889.999999429852,36,126,0.2222222222222222,-35.60392488888888
21899.99999942825,36,126,0.2222222222222222,-35.60392488888888
21909.99999942665,32,130,0.19753086419753085,-31.647933234567898
21919.99999942505,36,126,0.2222222222222222,-35.60392488888888
21929.99999942345,30,132,0.18518518518518517,-29.669937407407406
21939.99999942185,33,129,0.2037037037037037,-32.63693114814815
21949.999999420248,33,129,0.2037037037037037,-32.63693114814815
21959.999999418647,32,130,0.19753086419753085,-31.647933234567898
21969.999999417047,30,132,0.18518518518518517,-29.669937407407406
21979.999999415446,29,133,0.17901234567901234,-28.68093949382716
21989.999999413845,35,127,0.21604938271604937,-34.61492697530864
21999.999999412245,27,135,0.16666666666666666,-26.702943666666663
22009.999999410644,32,130,0.19753086419753085,-31.647933234567898
22019.999999409043,37,125,0.22839506172839505,-36.59292280246914
22029.999999407442,30,132,0.18518518518518517,-29.669937407407406
22039.99999940584,31,131,0.19135802469135801,-30.658935320987652
22049.99999940424,30,132,0.18518518518518517,-29.669937407407406
22059.99999940264,34,128,0.20987654320987653,-33.62592906172839
22069.99999940104,36,126,0.2222222222222222,-35.60392488888888
22079.99999939944,38,124,0.2345679012345679,-37.581920716049375
22089.999999397838,33,129,0.2037037037037037,-32.63693114814815
22099.999999396237,33,129,0.2037037037037037,-32.63693114814815
22109.999999394637,35,127,0.21604938271604937,-34.61492697530864
22119.999999393036,29,133,0.17901234567901234,-28.68093949382716
22129.999999391435,33,129,0.2037037037037037,-32.63693114814815
22139.999999389835,34,128,0.20987654320987653,-33.62592906172839
22149.999999388234,36,126,0.2222222222222222,-35.60392488888888
22159.999999386633,34,128,0.20987654320987653,-33.62592906172839
22169.999999385032,35,127,0.21604938271604937,-34.61492697530864
22179.99999938343,34,128,0.20987654320987653,-33.62592906172839
22189.99999938183,32,130,0.19753086419753085,-31.647933234567898
22199.99999938023,32,130,0.19753086419753085,-31.647933234567898
22209.99999937863,32,130,0.19753086419753085,-31.647933234567898
22219.99999937703,33,129,0.2037037037037037,-32.63693114814815
22229.999999375428,33,129,0.2037037037037037,-32.63693114814815
22239.999999373827,31,131,0.19135802469135801,-30.658935320987652
22249.999999372227,32,130,0.19753086419753085,-31.647933234567898
22259.999999370626,31,131,0.19135802469135801,-30.658935320987652
22269.999999369025,34,128,0.20987654320987653,-33.62592906172839
22279.999999367425,36,126,0.2222222222222222,-35.60392488888888
22289.999999365824,33,129,0.2037037037037037,-32.63693114814815
22299.999999364223,38,124,0.2345679012345679,-37.581920716049375
22309.999999362622,34,128,0.20987654320987653,-33.62592906172839
22319.99999936102,38,124,0.2345679012345679,-37.581920716049375
22329.99999935942,36,126,0.2222222222222222,-35.60392488888888
22339.99999935782,35,127,0.21604938271604937,-34.61492697530864
22349.99999935622,40,122,0.24691358024691357,-39.55991654320987
22359.99999935462,38,124,0.2345679012345679,-37.581920716049375
22369.99999935302,38,124,0.2345679012345679,-37.581920716049375
22379.999999351418,34,128,0.20987654320987653,-33.62592906172839
22389.999999349817,33,129,0.2037037037037037,-32.63693114814815
22399.999999348216,31,131,0.19135802469135801,-30.658935320987652
22409.999999346615,36,126,0.2222222222222222,-35.60392488888888
22419.999999345015,35,127,0.21604938271604937,-34.61492697530864
22429.999999343414,36,126,0.2222222222222222,-35.60392488888888
22439.999999341813,32,130,0.19753086419753085,-31.647933234567898
22449.999999340213,36,126,0.2222222222222222,-35.60392488888888
22459.99999933861,31,131,0.19135802469135801,-30.658935320987652
22469.99999933701,34,128,0.20987654320987653,-33.62592906172839
22479.99999933541,35,127,0.21604938271604937,-34.61492697530864
22489.99999933381,38,124,0.2345679012345679,-37.581920716049375
22499.99999933221,34,128,0.20987654320987653,-33.62592906172839
22509.99999933061,32,130,0.19753086419753085,-31.647933234567898
22519.999999329008,34,128,0.20987654320987653,-33.62592906172839
22529.999999327407,32,130,0.19753086419753085,-31.647933234567898
22539.999999325806,37,125,0.22839506172839505,-36.59292280246914
22549.999999324205,33,129,0.2037037037037037,-32.63693114814815
22559.999999322605,30,132,0.18518518518518517,-29.669937407407406
22569.999999321004,35,127,0.21604938271604937,-34.61492697530864
22579.999999319403,33,129,0.2037037037037037,-32.63693114814815
22589.999999317803,35,127,0.21604938271604937,-34.61492697530864
22599.999999316202,35,127,0.21604938271604937,-34.61492697530864
22609.9999993146,32,130,0.19753086419753085,-31.647933234567898
22619.999999313,31,131,0.19135802469135801,-30.658935320987652
22629.9999993114,25,137,0.15432098765432098,-24.72494783950617
22639.9999993098,26,136,0.16049382716049382,-25.71394575308642
22649.9999993082,27,135,0.16666666666666666,-26.702943666666663
22659.999999306598,28,134,0.1728395061728395,-27.691941580246915
22669.999999304997,26,136,0.16049382716049382,-25.71394575308642
22679.999999303396,29,133,0.17901234567901234,-28.68093949382716
22689.999999301795,30,132,0.18518518518518517,-29.669937407407406
22699.999999300195,27,135,0.16666666666666666,-26.702943666666663
22709.999999298594,27,135,0.16666666666666666,-26.702943666666663
22719.999999296993,30,132,0.18518518518518517,-29.669937407407406
22729.999999295393,28,134,0.1728395061728395,-27.691941580246915
22739.999999293792,30,132,0.18518518518518517,-29.669937407407406
22749.99999929219,34,128,0.20987654320987653,-33.62592906172839
22759.99999929059,30,132,0.18518518518518517,-29.669937407407406
22769.99999928899,31,131,0.19135802469135801,-30.658935320987652
22779.99999928739,28,134,0.1728395061728395,-27.691941580246915
22789.99999928579,31,131,0.19135802469135801,-30.658935320987652
22799.999999284188,36,126,0.2222222222222222,-35.60392488888888
22809.999999282587,31,131,0.19135802469135801,-30.658935320987652
22819.999999280986,36,126,0.2222222222222222,-35.60392488888888
22829.999999279386,32,130,0.19753086419753085,-31.647933234567898
22839.999999277785,34,128,0.20987654320987653,-33.62592906172839
22849.999999276184,33,129,0.2037037037037037,-32.63693114814815
22859.999999274583,30,132,0.18518518518518517,-29.669937407407406
22869.999999272983,36,126,0.2222222222222222,-35.60392488888888
22879.999999271382,31,131,0.19135802469135801,-30.658935320987652
22889.99999926978,32,130,0.19753086419753085,-31.647933234567898
22899.99999926818,36,126,0.2222222222222222,-35.60392488888888
22909.99999926658,33,129,0.2037037037037037,-32.63693114814815
22919.99999926498,33,129,0.2037037037037037,-32.63693114814815
22929.99999926338,34,128,0.20987654320987653,-33.62592906172839
22939.999999261778,32,130,0.19753086419753085,-31.647933234567898
22949.999999260177,34,128,0.20987654320987653,-33.62592906172839
22959.999999258576,37,125,0.22839506172839505,-36.59292280246914
22969.999999256976,32,130,0.19753086419753085,-31.647933234567898
22979.999999255375,36,126,0.2222222222222222,-35.60392488888888
22989.999999253774,33,129,0.2037037037037037,-32.63693114814815
22999.999999252173,36,126,0.2222222222222222,-35.60392488888888
23009.999999250573,37,125,0.22839506172839505,-36.59292280246914
23019.999999248972,35,127,0.21604938271604937,-34.61492697530864
23029.99999924737,35,127,0.21604938271604937,-34.61492697530864
23039.99999924577,36,126,0.2222222222222222,-35.60392488888888
23049.99999924417,32,130,0.19753086419753085,-31.647933234567898
23059.99999924257,31,131,0.19135802469135801,-30.658935320987652
23069.99999924097,32,130,0.19753086419753085,-31.647933234567898
23079.999999239368,37,125,0.22839506172839505,-36.59292280246914
23089.999999237767,33,129,0.2037037037037037,-32.63693114814815
23099.999999236166,34,128,0.20987654320987653,-33.62592906172839
23109.999999234566,33,129,0.2037037037037037,-32.63693114814815
23119.999999232965,40,122,0.24691358024691357,-39.55991654320987
23129.999999231364,36,126,0.2222222222222222,-35.60392488888888
23139.999999229763,37,125,0.22839506172839505,-36.59292280246914
23149.999999228163,37,125,0.22839506172839505,-36.59292280246914
23159.999999226562,40,122,0.24691358024691357,-39.55991654320987
23169.99999922496,36,126,0.2222222222222222,-35.60392488888888
23179.99999922336,36,126,0.2222222222222222,-35.60392488888888
23189.99999922176,28,134,0.1728395061728395,-27.691941580246915
23199.99999922016,32,130,0.19753086419753085,-31.647933234567898
23209.99999921856,31,131,0.19135802469135801,-30.658935320987652
23219.999999216958,30,132,0.18518518518518517,-29.669937407407406
23229.999999215357,38,124,0.2345679012345679,-37.581920716049375
23239.999999213756,38,124,0.2345679012345679,-37.581920716049375
23249.999999212156,36,126,0.2222222222222222,-35.60392488888888
23259.999999210555,30,132,0.18518518518518517,-29.669937407407406
23269.999999208954,35,127,0.21604938271604937,-34.61492697530864
23279.999999207354,39,123,0.24074074074074073,-38.57091862962963
23289.999999205753,35,127,0.21604938271604937,-34.61492697530864
23299.999999204152,36,126,0.2222222222222222,-35.60392488888888
23309.99999920255,37,125,0.22839506172839505,-36.59292280246914
23319.99999920095,35,127,0.21604938271604937,-34.61492697530864
23329.99999919935,41,121,0.25308641975308643,-40.54891445679012
23339.99999919775,37,125,0.22839506172839505,-36.59292280246914
23349.99999919615,36,126,0.2222222222222222,-35.60392488888888
23359.999999194548,36,126,0.2222222222222222,-35.60392488888888
23369.999999192947,36,126,0.2222222222222222,-35.60392488888888
23379.999999191346,36,126,0.2222222222222222,-35.60392488888888
23389.999999189746,38,124,0.2345679012345679,-37.581920716049375
23399.999999188145,34,128,0.20987654320987653,-33.62592906172839
23409.999999186544,30,132,0.18518518518518517,-29.669937407407406
23419.999999184944,30,132,0.18518518518518517,-29.669937407407406
23429.999999183343,32,130,0.19753086419753085,-31.647933234567898
23439.999999181742,32,130,0.19753086419753085,-31.647933234567898
23449.99999918014,31,131,0.19135802469135801,-30.658935320987652
23459.99999917854,28,134,0.1728395061728395,-27.691941580246915
23469.99999917694,35,127,0.21604938271604937,-34.61492697530864
23479.99999917534,32,130,0.19753086419753085,-31.647933234567898
23489.99999917374,31,131,0.19135802469135801,-30.658935320987652
23499.999999172138,35,127,0.21604938271604937,-34.61492697530864
23509.999999170537,36,126,0.2222222222222222,-35.60392488888888
23519.999999168936,33,129,0.2037037037037037,-32.63693114814815
23529.999999167336,35,127,0.21604938271604937,-34.61492697530864
23539.999999165735,33,129,0.2037037037037037,-32.63693114814815
23549.999999164134,38,124,0.2345679012345679,-37.581920716049375
23559.999999162534,33,129,0.2037037037037037,-32.63693114814815
23569.999999160933,31,131,0.19135802469135801,-30.658935320987652
23579.999999159332,33,129,0.2037037037037037,-32.63693114814815
23589.99999915773,28,134,0.1728395061728395,-27.691941580246915
23599.99999915613,36,126,0.2222222222222222,-35.60392488888888
23609.99999915453,32,130,0.19753086419753085,-31.647933234567898
23619.99999915293,36,126,0.2222222222222222,-35.60392488888888
23629.99999915133,35,127,0.21604938271604937,-34.61492697530864
23639.999999149728,39,123,0.24074074074074073,-38.57091862962963
23649.999999148127,40,122,0.24691358024691357,-39.55991654320987
23659.999999146527,35,127,0.21604938271604937,-34.61492697530864
23669.999999144926,42,120,0.25925925925925924,-41.537912370370364
23679.999999143325,35,127,0.21604938271604937,-34.61492697530864
23689.999999141724,40,122,0.24691358024691357,-39.55991654320987
23699.999999140124,33,129,0.2037037037037037,-32.63693114814815
23709.999999138523,35,127,0.21604938271604937,-34.61492697530864
23719.999999136922,38,124,0.2345679012345679,-37.581920716049375
23729.99999913532,33,129,0.2037037037037037,-32.63693114814815
23739.99999913372,34,128,0.20987654320987653,-33.62592906172839
23749.99999913212,33,129,0.2037037037037037,-32.63693114814815
23759.99999913052,29,133,0.17901234567901234,-28.68093949382716
23769.99999912892,34,128,0.20987654320987653,-33.62592906172839
23779.999999127318,32,130,0.19753086419753085,-31.647933234567898
23789.999999125717,33,129,0.2037037037037037,-32.63693114814815
23799.999999124117,32,130,0.19753086419753085,-31.647933234567898
23809.999999122516,32,130,0.19753086419753085,-31.647933234567898
23819.999999120915,31,131,0.19135802469135801,-30.658935320987652
23829.999999119314,31,131,0.19135802469135801,-30.658935320987652
23839.999999117714,33,129,0.2037037037037037,-32.63693114814815
23849.999999116113,34,128,0.20987654320987653,-33.62592906172839
23859.999999114512,31,131,0.19135802469135801,-30.658935320987652
23869.99999911291,32,130,0.19753086419753085,-31.647933234567898
23879.99999911131,33,129,0.2037037037037037,-32.63693114814815
23889.99999910971,37,125,0.22839506172839505,-36.59292280246914
23899.99999910811,35,127,0.21604938271604937,-34.61492697530864
23909.99999910651,37,125,0.22839506172839505,-36.59292280246914
23919.999999104908,33,129,0.2037037037037037,-32.63693114814815
23929.999999103307,33,129,0.2037037037037037,-32.63693114814815
23939.999999101707,28,134,0.1728395061728395,-27.691941580246915
23949.999999100106,36,126,0.2222222222222222,-35.60392488888888
23959.999999098505,35,127,0.21604938271604937,-34.61492697530864
23969.999999096905,41,121,0.25308641975308643,-40.54891445679012
23979.999999095304,36,126,0.2222222222222222,-35.60392488888888
23989.999999093703,37,125,0.22839506172839505,-36.59292280246914
23999.999999092102,37,125,0.22839506172839505,-36.59292280246914
24009.9999990905,38,124,0.2345679012345679,-37.581920716049375
24019.9999990889,31,131,0.19135802469135801,-30.658935320987652
24029.9999990873,39,123,0.24074074074074073,-38.57091862962963
24039.9999990857,37,125,0.22839506172839505,-36.59292280246914
24049.9999990841,34,128,0.20987654320987653,-33.62592906172839
24059.999999082498,38,124,0.2345679012345679,-37.581920716049375
24069.999999080897,36,126,0.2222222222222222,-35.60392488888888
24079.999999079297,38,124,0.2345679012345679,-37.581920716049375
24089.999999077696,35,127,0.21604938271604937,-34.61492697530864
24099.999999076095,35,127,0.21604938271604937,-34.61492697530864
24109.999999074495,36,126,0.2222222222222222,-35.60392488888888
24119.999999072894,34,128,0.20987654320987653,-33.62592906172839
24129.999999071293,37,125,0.22839506172839505,-36.59292280246914
