time,number_A,number_HA,alpha,surf_ch_dens
279.99999999989035,162,0,1.0,-320.435324
279.99999999989035,144,18,0.8888888888888888,-284.83139911111107
279.99999999989035,136,26,0.8395061728395061,-269.00743249382714
299.99999999987216,136,26,0.8395061728395061,-269.00743249382714
319.99999999985397,136,26,0.8395061728395061,-269.00743249382714
339.9999999998358,136,26,0.8395061728395061,-269.00743249382714
339.9999999998358,101,61,0.6234567901234568,-199.77757854320987
359.9999999998176,101,61,0.6234567901234568,-199.77757854320987
379.9999999997994,101,61,0.6234567901234568,-199.77757854320987
379.9999999997994,63,99,0.3888888888888889,-124.6137371111111
399.9999999997812,63,99,0.3888888888888889,-124.6137371111111
419.999999999763,63,99,0.3888888888888889,-124.6137371111111
439.99999999974483,63,99,0.3888888888888889,-124.6137371111111
439.99999999974483,28,134,0.1728395061728395,-55.38388316049382
439.99999999974483,34,128,0.20987654320987653,-67.25185812345678
439.99999999974483,29,133,0.17901234567901234,-57.36187898765432
459.99999999972664,29,133,0.17901234567901234,-57.36187898765432
479.99999999970845,29,133,0.17901234567901234,-57.36187898765432
479.99999999970845,16,146,0.09876543209876543,-31.647933234567898
479.99999999970845,12,150,0.07407407407407407,-23.735949925925922
499.99999999969026,12,150,0.07407407407407407,-23.735949925925922
499.99999999969026,6,156,0.037037037037037035,-11.867974962962961
519.9999999996721,6,156,0.037037037037037035,-11.867974962962961
539.9999999996539,6,156,0.037037037037037035,-11.867974962962961
539.9999999996539,7,155,0.043209876543209874,-13.845970790123456
559.9999999996357,7,155,0.043209876543209874,-13.845970790123456
559.9999999996357,9,153,0.05555555555555555,-17.80196244444444
579.9999999996176,9,153,0.05555555555555555,-17.80196244444444
599.9999999995994,9,153,0.05555555555555555,-17.80196244444444
599.9999999995994,8,154,0.04938271604938271,-15.823966617283949
599.9999999995994,8,154,0.04938271604938271,-15.823966617283949
619.9999999995812,8,154,0.04938271604938271,-15.823966617283949
639.999999999563,8,154,0.04938271604938271,-15.823966617283949
639.999999999563,1,161,0.006172839506172839,-1.9779958271604936
659.9999999995448,1,161,0.006172839506172839,-1.9779958271604936
659.9999999995448,1,161,0.006172839506172839,-1.9779958271604936
659.9999999995448,3,159,0.018518518518518517,-5.933987481481481
679.9999999995266,3,159,0.018518518518518517,-5.933987481481481
699.9999999995084,3,159,0.018518518518518517,-5.933987481481481
719.9999999994902,3,159,0.018518518518518517,-5.933987481481481
719.9999999994902,6,156,0.037037037037037035,-11.867974962962961
739.999999999472,6,156,0.037037037037037035,-11.867974962962961
759.9999999994538,6,156,0.037037037037037035,-11.867974962962961
779.9999999994357,6,156,0.037037037037037035,-11.867974962962961
799.9999999994175,6,156,0.037037037037037035,-11.867974962962961
819.9999999993993,6,156,0.037037037037037035,-11.867974962962961
839.9999999993811,6,156,0.037037037037037035,-11.867974962962961
839.9999999993811,5,157,0.030864197530864196,-9.889979135802468
839.9999999993811,3,159,0.018518518518518517,-5.933987481481481
839.9999999993811,5,157,0.030864197530864196,-9.889979135802468
859.9999999993629,5,157,0.030864197530864196,-9.889979135802468
879.9999999993447,5,157,0.030864197530864196,-9.889979135802468
879.9999999993447,3,159,0.018518518518518517,-5.933987481481481
899.9999999993265,3,159,0.018518518518518517,-5.933987481481481
899.9999999993265,7,155,0.043209876543209874,-13.845970790123456
899.9999999993265,4,158,0.024691358024691357,-7.911983308641974
919.9999999993083,4,158,0.024691358024691357,-7.911983308641974
919.9999999993083,3,159,0.018518518518518517,-5.933987481481481
919.9999999993083,2,160,0.012345679012345678,-3.955991654320987
939.9999999992901,2,160,0.012345679012345678,-3.955991654320987
959.999999999272,2,160,0.012345679012345678,-3.955991654320987
979.9999999992538,2,160,0.012345679012345678,-3.955991654320987
999.9999999992356,2,160,0.012345679012345678,-3.955991654320987
1019.9999999992174,2,160,0.012345679012345678,-3.955991654320987
1039.9999999991992,2,160,0.012345679012345678,-3.955991654320987
1039.9999999991992,5,157,0.030864197530864196,-9.889979135802468
1059.999999999181,5,157,0.030864197530864196,-9.889979135802468
1079.9999999991628,5,157,0.030864197530864196,-9.889979135802468
1079.9999999991628,3,159,0.018518518518518517,-5.933987481481481
1099.9999999991446,3,159,0.018518518518518517,-5.933987481481481
1099.9999999991446,2,160,0.012345679012345678,-3.955991654320987
1119.9999999991264,2,160,0.012345679012345678,-3.955991654320987
1139.9999999991082,2,160,0.012345679012345678,-3.955991654320987
1159.99999999909,2,160,0.012345679012345678,-3.955991654320987
1159.99999999909,6,156,0.037037037037037035,-11.867974962962961
1179.9999999990719,6,156,0.037037037037037035,-11.867974962962961
1179.9999999990719,6,156,0.037037037037037035,-11.867974962962961
1199.9999999990537,6,156,0.037037037037037035,-11.867974962962961
1219.9999999990355,6,156,0.037037037037037035,-11.867974962962961
1239.9999999990173,6,156,0.037037037037037035,-11.867974962962961
1239.9999999990173,6,156,0.037037037037037035,-11.867974962962961
1239.9999999990173,5,157,0.030864197530864196,-9.889979135802468
1259.999999998999,5,157,0.030864197530864196,-9.889979135802468
1279.999999998981,5,157,0.030864197530864196,-9.889979135802468
1299.9999999989627,5,157,0.030864197530864196,-9.889979135802468
1319.9999999989445,5,157,0.030864197530864196,-9.889979135802468
1339.9999999989263,5,157,0.030864197530864196,-9.889979135802468
1339.9999999989263,4,158,0.024691358024691357,-7.911983308641974
1339.9999999989263,5,157,0.030864197530864196,-9.889979135802468
1359.9999999989082,5,157,0.030864197530864196,-9.889979135802468
1379.99999999889,5,157,0.030864197530864196,-9.889979135802468
1379.99999999889,7,155,0.043209876543209874,-13.845970790123456
1379.99999999889,2,160,0.012345679012345678,-3.955991654320987
1399.9999999988718,2,160,0.012345679012345678,-3.955991654320987
1419.9999999988536,2,160,0.012345679012345678,-3.955991654320987
1439.9999999988354,2,160,0.012345679012345678,-3.955991654320987
1459.9999999988172,2,160,0.012345679012345678,-3.955991654320987
1479.999999998799,2,160,0.012345679012345678,-3.955991654320987
1499.9999999987808,2,160,0.012345679012345678,-3.955991654320987
1499.9999999987808,3,159,0.018518518518518517,-5.933987481481481
1519.9999999987626,3,159,0.018518518518518517,-5.933987481481481
1539.9999999987444,3,159,0.018518518518518517,-5.933987481481481
1559.9999999987263,3,159,0.018518518518518517,-5.933987481481481
1559.9999999987263,3,159,0.018518518518518517,-5.933987481481481
1559.9999999987263,4,158,0.024691358024691357,-7.911983308641974
1579.999999998708,4,158,0.024691358024691357,-7.911983308641974
1599.9999999986899,4,158,0.024691358024691357,-7.911983308641974
1599.9999999986899,1,161,0.006172839506172839,-1.9779958271604936
1619.9999999986717,1,161,0.006172839506172839,-1.9779958271604936
1639.9999999986535,1,161,0.006172839506172839,-1.9779958271604936
1659.9999999986353,1,161,0.006172839506172839,-1.9779958271604936
1679.999999998617,1,161,0.006172839506172839,-1.9779958271604936
1699.999999998599,1,161,0.006172839506172839,-1.9779958271604936
1699.999999998599,1,161,0.006172839506172839,-1.9779958271604936
1699.999999998599,5,157,0.030864197530864196,-9.889979135802468
1719.9999999985807,5,157,0.030864197530864196,-9.889979135802468
1719.9999999985807,4,158,0.024691358024691357,-7.911983308641974
1739.9999999985625,4,158,0.024691358024691357,-7.911983308641974
1759.9999999985444,4,158,0.024691358024691357,-7.911983308641974
1779.9999999985262,4,158,0.024691358024691357,-7.911983308641974
1779.9999999985262,3,159,0.018518518518518517,-5.933987481481481
1799.999999998508,3,159,0.018518518518518517,-5.933987481481481
1819.9999999984898,3,159,0.018518518518518517,-5.933987481481481
1819.9999999984898,4,158,0.024691358024691357,-7.911983308641974
1819.9999999984898,5,157,0.030864197530864196,-9.889979135802468
1819.9999999984898,4,158,0.024691358024691357,-7.911983308641974
1839.9999999984716,4,158,0.024691358024691357,-7.911983308641974
1859.9999999984534,4,158,0.024691358024691357,-7.911983308641974
1879.9999999984352,4,158,0.024691358024691357,-7.911983308641974
1899.999999998417,4,158,0.024691358024691357,-7.911983308641974
1899.999999998417,1,161,0.006172839506172839,-1.9779958271604936
1919.9999999983988,1,161,0.006172839506172839,-1.9779958271604936
1939.9999999983806,1,161,0.006172839506172839,-1.9779958271604936
1939.9999999983806,1,161,0.006172839506172839,-1.9779958271604936
1959.9999999983625,1,161,0.006172839506172839,-1.9779958271604936
1979.9999999983443,1,161,0.006172839506172839,-1.9779958271604936
1979.9999999983443,1,161,0.006172839506172839,-1.9779958271604936
1979.9999999983443,3,159,0.018518518518518517,-5.933987481481481
1979.9999999983443,2,160,0.012345679012345678,-3.955991654320987
1999.999999998326,2,160,0.012345679012345678,-3.955991654320987
2019.9999999983079,2,160,0.012345679012345678,-3.955991654320987
2019.9999999983079,3,159,0.018518518518518517,-5.933987481481481
2039.9999999982897,3,159,0.018518518518518517,-5.933987481481481
2059.9999999985444,3,159,0.018518518518518517,-5.933987481481481
2059.9999999985444,2,160,0.012345679012345678,-3.955991654320987
2079.999999998981,2,160,0.012345679012345678,-3.955991654320987
2079.999999998981,2,160,0.012345679012345678,-3.955991654320987
2099.9999999994175,2,160,0.012345679012345678,-3.955991654320987
2119.999999999854,2,160,0.012345679012345678,-3.955991654320987
2140.0000000002906,2,160,0.012345679012345678,-3.955991654320987
2140.0000000002906,2,160,0.012345679012345678,-3.955991654320987
2160.000000000727,2,160,0.012345679012345678,-3.955991654320987
2180.0000000011637,2,160,0.012345679012345678,-3.955991654320987
2180.0000000011637,4,158,0.024691358024691357,-7.911983308641974
2180.0000000011637,3,159,0.018518518518518517,-5.933987481481481
2180.0000000011637,2,160,0.012345679012345678,-3.955991654320987
2200.0000000016003,2,160,0.012345679012345678,-3.955991654320987
2220.000000002037,2,160,0.012345679012345678,-3.955991654320987
2220.000000002037,2,160,0.012345679012345678,-3.955991654320987
2220.000000002037,2,160,0.012345679012345678,-3.955991654320987
2240.0000000024734,2,160,0.012345679012345678,-3.955991654320987
2260.00000000291,2,160,0.012345679012345678,-3.955991654320987
2260.00000000291,2,160,0.012345679012345678,-3.955991654320987
2280.0000000033465,2,160,0.012345679012345678,-3.955991654320987
2280.0000000033465,4,158,0.024691358024691357,-7.911983308641974
2300.000000003783,4,158,0.024691358024691357,-7.911983308641974
2320.0000000042196,4,158,0.024691358024691357,-7.911983308641974
2320.0000000042196,2,160,0.012345679012345678,-3.955991654320987
2340.000000004656,2,160,0.012345679012345678,-3.955991654320987
2360.0000000050927,2,160,0.012345679012345678,-3.955991654320987
2380.0000000055293,2,160,0.012345679012345678,-3.955991654320987
2400.000000005966,2,160,0.012345679012345678,-3.955991654320987
2400.000000005966,3,159,0.018518518518518517,-5.933987481481481
2400.000000005966,3,159,0.018518518518518517,-5.933987481481481
2400.000000005966,3,159,0.018518518518518517,-5.933987481481481
2420.0000000064024,3,159,0.018518518518518517,-5.933987481481481
2440.000000006839,3,159,0.018518518518518517,-5.933987481481481
2460.0000000072755,3,159,0.018518518518518517,-5.933987481481481
2460.0000000072755,4,158,0.024691358024691357,-7.911983308641974
2460.0000000072755,3,159,0.018518518518518517,-5.933987481481481
2460.0000000072755,2,160,0.012345679012345678,-3.955991654320987
2480.000000007712,2,160,0.012345679012345678,-3.955991654320987
2500.0000000081486,2,160,0.012345679012345678,-3.955991654320987
2520.000000008585,2,160,0.012345679012345678,-3.955991654320987
2540.0000000090217,2,160,0.012345679012345678,-3.955991654320987
2560.0000000094583,2,160,0.012345679012345678,-3.955991654320987
2560.0000000094583,1,161,0.006172839506172839,-1.9779958271604936
2580.000000009895,1,161,0.006172839506172839,-1.9779958271604936
2600.0000000103314,1,161,0.006172839506172839,-1.9779958271604936
2620.000000010768,1,161,0.006172839506172839,-1.9779958271604936
2620.000000010768,4,158,0.024691358024691357,-7.911983308641974
2640.0000000112045,4,158,0.024691358024691357,-7.911983308641974
2640.0000000112045,3,159,0.018518518518518517,-5.933987481481481
2640.0000000112045,3,159,0.018518518518518517,-5.933987481481481
2660.000000011641,3,159,0.018518518518518517,-5.933987481481481
2660.000000011641,2,160,0.012345679012345678,-3.955991654320987
2680.0000000120776,2,160,0.012345679012345678,-3.955991654320987
2700.000000012514,2,160,0.012345679012345678,-3.955991654320987
2700.000000012514,4,158,0.024691358024691357,-7.911983308641974
2700.000000012514,2,160,0.012345679012345678,-3.955991654320987
2720.0000000129507,2,160,0.012345679012345678,-3.955991654320987
2740.0000000133873,2,160,0.012345679012345678,-3.955991654320987
2760.000000013824,2,160,0.012345679012345678,-3.955991654320987
2780.0000000142604,2,160,0.012345679012345678,-3.955991654320987
2800.000000014697,2,160,0.012345679012345678,-3.955991654320987
2820.0000000151335,2,160,0.012345679012345678,-3.955991654320987
2840.00000001557,2,160,0.012345679012345678,-3.955991654320987
2840.00000001557,3,159,0.018518518518518517,-5.933987481481481
2860.0000000160067,3,159,0.018518518518518517,-5.933987481481481
2880.000000016443,3,159,0.018518518518518517,-5.933987481481481
2900.0000000168798,3,159,0.018518518518518517,-5.933987481481481
2900.0000000168798,2,160,0.012345679012345678,-3.955991654320987
2920.0000000173163,2,160,0.012345679012345678,-3.955991654320987
2940.000000017753,2,160,0.012345679012345678,-3.955991654320987
2960.0000000181894,2,160,0.012345679012345678,-3.955991654320987
2960.0000000181894,3,159,0.018518518518518517,-5.933987481481481
2980.000000018626,3,159,0.018518518518518517,-5.933987481481481
2980.000000018626,4,158,0.024691358024691357,-7.911983308641974
2980.000000018626,4,158,0.024691358024691357,-7.911983308641974
2980.000000018626,1,161,0.006172839506172839,-1.9779958271604936
2980.000000018626,1,161,0.006172839506172839,-1.9779958271604936
3000.0000000190626,1,161,0.006172839506172839,-1.9779958271604936
3020.000000019499,1,161,0.006172839506172839,-1.9779958271604936
3020.000000019499,3,159,0.018518518518518517,-5.933987481481481
3040.0000000199357,3,159,0.018518518518518517,-5.933987481481481
3060.000000020372,3,159,0.018518518518518517,-5.933987481481481
3060.000000020372,3,159,0.018518518518518517,-5.933987481481481
3080.000000020809,3,159,0.018518518518518517,-5.933987481481481
3100.0000000212453,3,159,0.018518518518518517,-5.933987481481481
3120.000000021682,3,159,0.018518518518518517,-5.933987481481481
3140.0000000221185,3,159,0.018518518518518517,-5.933987481481481
3140.0000000221185,2,160,0.012345679012345678,-3.955991654320987
3160.000000022555,2,160,0.012345679012345678,-3.955991654320987
3180.0000000229916,2,160,0.012345679012345678,-3.955991654320987
3200.000000023428,2,160,0.012345679012345678,-3.955991654320987
3200.000000023428,5,157,0.030864197530864196,-9.889979135802468
3200.000000023428,5,157,0.030864197530864196,-9.889979135802468
3220.0000000238647,5,157,0.030864197530864196,-9.889979135802468
3220.0000000238647,2,160,0.012345679012345678,-3.955991654320987
3240.0000000243012,2,160,0.012345679012345678,-3.955991654320987
3240.0000000243012,2,160,0.012345679012345678,-3.955991654320987
3260.000000024738,2,160,0.012345679012345678,-3.955991654320987
3260.000000024738,1,161,0.006172839506172839,-1.9779958271604936
3280.0000000251744,1,161,0.006172839506172839,-1.9779958271604936
3300.000000025611,1,161,0.006172839506172839,-1.9779958271604936
3320.0000000260475,1,161,0.006172839506172839,-1.9779958271604936
3320.0000000260475,1,161,0.006172839506172839,-1.9779958271604936
3340.000000026484,1,161,0.006172839506172839,-1.9779958271604936
3340.000000026484,3,159,0.018518518518518517,-5.933987481481481
3360.0000000269206,3,159,0.018518518518518517,-5.933987481481481
3380.000000027357,3,159,0.018518518518518517,-5.933987481481481
3400.0000000277937,3,159,0.018518518518518517,-5.933987481481481
3400.0000000277937,5,157,0.030864197530864196,-9.889979135802468
3420.0000000282303,5,157,0.030864197530864196,-9.889979135802468
3420.0000000282303,5,157,0.030864197530864196,-9.889979135802468
3420.0000000282303,5,157,0.030864197530864196,-9.889979135802468
3420.0000000282303,3,159,0.018518518518518517,-5.933987481481481
3440.000000028667,3,159,0.018518518518518517,-5.933987481481481
3440.000000028667,3,159,0.018518518518518517,-5.933987481481481
3440.000000028667,2,160,0.012345679012345678,-3.955991654320987
3460.0000000291034,2,160,0.012345679012345678,-3.955991654320987
3460.0000000291034,3,159,0.018518518518518517,-5.933987481481481
3480.00000002954,3,159,0.018518518518518517,-5.933987481481481
3500.0000000299765,3,159,0.018518518518518517,-5.933987481481481
3520.000000030413,3,159,0.018518518518518517,-5.933987481481481
3540.0000000308496,3,159,0.018518518518518517,-5.933987481481481
3560.000000031286,3,159,0.018518518518518517,-5.933987481481481
3580.0000000317227,3,159,0.018518518518518517,-5.933987481481481
3580.0000000317227,4,158,0.024691358024691357,-7.911983308641974
3600.0000000321593,4,158,0.024691358024691357,-7.911983308641974
3620.000000032596,4,158,0.024691358024691357,-7.911983308641974
3640.0000000330324,4,158,0.024691358024691357,-7.911983308641974
3660.000000033469,4,158,0.024691358024691357,-7.911983308641974
3660.000000033469,2,160,0.012345679012345678,-3.955991654320987
3680.0000000339055,2,160,0.012345679012345678,-3.955991654320987
3680.0000000339055,2,160,0.012345679012345678,-3.955991654320987
3700.000000034342,2,160,0.012345679012345678,-3.955991654320987
3700.000000034342,1,161,0.006172839506172839,-1.9779958271604936
3720.0000000347786,1,161,0.006172839506172839,-1.9779958271604936
3740.000000035215,1,161,0.006172839506172839,-1.9779958271604936
3740.000000035215,3,159,0.018518518518518517,-5.933987481481481
3760.0000000356517,3,159,0.018518518518518517,-5.933987481481481
3760.0000000356517,2,160,0.012345679012345678,-3.955991654320987
3760.0000000356517,2,160,0.012345679012345678,-3.955991654320987
3780.0000000360883,2,160,0.012345679012345678,-3.955991654320987
3800.000000036525,2,160,0.012345679012345678,-3.955991654320987
3820.0000000369614,2,160,0.012345679012345678,-3.955991654320987
3820.0000000369614,2,160,0.012345679012345678,-3.955991654320987
3820.0000000369614,4,158,0.024691358024691357,-7.911983308641974
3840.000000037398,4,158,0.024691358024691357,-7.911983308641974
3860.0000000378345,4,158,0.024691358024691357,-7.911983308641974
3880.000000038271,4,158,0.024691358024691357,-7.911983308641974
3880.000000038271,4,158,0.024691358024691357,-7.911983308641974
3900.0000000387076,4,158,0.024691358024691357,-7.911983308641974
3920.000000039144,4,158,0.024691358024691357,-7.911983308641974
3920.000000039144,7,155,0.043209876543209874,-13.845970790123456
3940.0000000395808,7,155,0.043209876543209874,-13.845970790123456
3960.0000000400173,7,155,0.043209876543209874,-13.845970790123456
3960.0000000400173,4,158,0.024691358024691357,-7.911983308641974
3960.0000000400173,7,155,0.043209876543209874,-13.845970790123456
3980.000000040454,7,155,0.043209876543209874,-13.845970790123456
4000.0000000408904,7,155,0.043209876543209874,-13.845970790123456
4020.000000041327,7,155,0.043209876543209874,-13.845970790123456
4040.0000000417635,7,155,0.043209876543209874,-13.845970790123456
4040.0000000417635,2,160,0.012345679012345678,-3.955991654320987
4060.0000000422,2,160,0.012345679012345678,-3.955991654320987
4060.0000000422,0,162,0.0,0.0
4060.0000000422,0,162,0.0,0.0
4080.0000000426367,0,162,0.0,0.0
4100.000000043073,0,162,0.0,0.0
4120.000000043509,0,162,0.0,0.0
4120.000000043509,3,159,0.018518518518518517,-5.933987481481481
4120.000000043509,2,160,0.012345679012345678,-3.955991654320987
4140.000000043946,2,160,0.012345679012345678,-3.955991654320987
4140.000000043946,5,157,0.030864197530864196,-9.889979135802468
4160.000000044382,5,157,0.030864197530864196,-9.889979135802468
4160.000000044382,3,159,0.018518518518518517,-5.933987481481481
4180.000000044819,3,159,0.018518518518518517,-5.933987481481481
4200.000000045256,3,159,0.018518518518518517,-5.933987481481481
4200.000000045256,4,158,0.024691358024691357,-7.911983308641974
4220.000000045692,4,158,0.024691358024691357,-7.911983308641974
4240.000000046129,4,158,0.024691358024691357,-7.911983308641974
4260.000000046565,4,158,0.024691358024691357,-7.911983308641974
4280.000000047002,4,158,0.024691358024691357,-7.911983308641974
4300.000000047438,4,158,0.024691358024691357,-7.911983308641974
4300.000000047438,7,155,0.043209876543209874,-13.845970790123456
4320.000000047875,7,155,0.043209876543209874,-13.845970790123456
4340.000000048311,7,155,0.043209876543209874,-13.845970790123456
4340.000000048311,3,159,0.018518518518518517,-5.933987481481481
4360.000000048748,3,159,0.018518518518518517,-5.933987481481481
4380.000000049185,3,159,0.018518518518518517,-5.933987481481481
4380.000000049185,4,158,0.024691358024691357,-7.911983308641974
4380.000000049185,4,158,0.024691358024691357,-7.911983308641974
4380.000000049185,2,160,0.012345679012345678,-3.955991654320987
4380.000000049185,4,158,0.024691358024691357,-7.911983308641974
4400.000000049621,4,158,0.024691358024691357,-7.911983308641974
4400.000000049621,3,159,0.018518518518518517,-5.933987481481481
4420.000000050058,3,159,0.018518518518518517,-5.933987481481481
4420.000000050058,2,160,0.012345679012345678,-3.955991654320987
4440.000000050494,2,160,0.012345679012345678,-3.955991654320987
4440.000000050494,1,161,0.006172839506172839,-1.9779958271604936
4440.000000050494,3,159,0.018518518518518517,-5.933987481481481
4440.000000050494,2,160,0.012345679012345678,-3.955991654320987
4460.000000050931,2,160,0.012345679012345678,-3.955991654320987
4480.000000051367,2,160,0.012345679012345678,-3.955991654320987
4480.000000051367,3,159,0.018518518518518517,-5.933987481481481
4480.000000051367,1,161,0.006172839506172839,-1.9779958271604936
4500.000000051804,1,161,0.006172839506172839,-1.9779958271604936
4500.000000051804,4,158,0.024691358024691357,-7.911983308641974
4500.000000051804,3,159,0.018518518518518517,-5.933987481481481
4520.0000000522405,3,159,0.018518518518518517,-5.933987481481481
4520.0000000522405,4,158,0.024691358024691357,-7.911983308641974
4540.000000052677,4,158,0.024691358024691357,-7.911983308641974
4560.000000053114,4,158,0.024691358024691357,-7.911983308641974
4580.00000005355,4,158,0.024691358024691357,-7.911983308641974
4600.000000053987,4,158,0.024691358024691357,-7.911983308641974
4600.000000053987,0,162,0.0,0.0
4620.000000054423,0,162,0.0,0.0
4620.000000054423,2,160,0.012345679012345678,-3.955991654320987
4620.000000054423,4,158,0.024691358024691357,-7.911983308641974
4620.000000054423,2,160,0.012345679012345678,-3.955991654320987
4640.00000005486,2,160,0.012345679012345678,-3.955991654320987
4640.00000005486,2,160,0.012345679012345678,-3.955991654320987
4660.000000055296,2,160,0.012345679012345678,-3.955991654320987
4680.000000055733,2,160,0.012345679012345678,-3.955991654320987
4700.0000000561695,2,160,0.012345679012345678,-3.955991654320987
4720.000000056606,2,160,0.012345679012345678,-3.955991654320987
4720.000000056606,5,157,0.030864197530864196,-9.889979135802468
4740.000000057043,5,157,0.030864197530864196,-9.889979135802468
4740.000000057043,2,160,0.012345679012345678,-3.955991654320987
4760.000000057479,2,160,0.012345679012345678,-3.955991654320987
4780.000000057916,2,160,0.012345679012345678,-3.955991654320987
4780.000000057916,5,157,0.030864197530864196,-9.889979135802468
4780.000000057916,3,159,0.018518518518518517,-5.933987481481481
4800.000000058352,3,159,0.018518518518518517,-5.933987481481481
4820.000000058789,3,159,0.018518518518518517,-5.933987481481481
4840.000000059225,3,159,0.018518518518518517,-5.933987481481481
4860.000000059662,3,159,0.018518518518518517,-5.933987481481481
4860.000000059662,3,159,0.018518518518518517,-5.933987481481481
4860.000000059662,4,158,0.024691358024691357,-7.911983308641974
4880.0000000600985,4,158,0.024691358024691357,-7.911983308641974
4880.0000000600985,3,159,0.018518518518518517,-5.933987481481481
4900.000000060535,3,159,0.018518518518518517,-5.933987481481481
4920.000000060972,3,159,0.018518518518518517,-5.933987481481481
4940.000000061408,3,159,0.018518518518518517,-5.933987481481481
4940.000000061408,6,156,0.037037037037037035,-11.867974962962961
4960.000000061845,6,156,0.037037037037037035,-11.867974962962961
4980.000000062281,6,156,0.037037037037037035,-11.867974962962961
5000.000000062718,6,156,0.037037037037037035,-11.867974962962961
5020.000000063154,6,156,0.037037037037037035,-11.867974962962961
5020.000000063154,5,157,0.030864197530864196,-9.889979135802468
5040.000000063591,5,157,0.030864197530864196,-9.889979135802468
5060.0000000640275,5,157,0.030864197530864196,-9.889979135802468
5060.0000000640275,6,156,0.037037037037037035,-11.867974962962961
5060.0000000640275,6,156,0.037037037037037035,-11.867974962962961
5060.0000000640275,3,159,0.018518518518518517,-5.933987481481481
5080.000000064464,3,159,0.018518518518518517,-5.933987481481481
5100.000000064901,3,159,0.018518518518518517,-5.933987481481481
5120.000000065337,3,159,0.018518518518518517,-5.933987481481481
5140.000000065774,3,159,0.018518518518518517,-5.933987481481481
5140.000000065774,3,159,0.018518518518518517,-5.933987481481481
5160.00000006621,3,159,0.018518518518518517,-5.933987481481481
5180.000000066647,3,159,0.018518518518518517,-5.933987481481481
5200.000000067083,3,159,0.018518518518518517,-5.933987481481481
5220.00000006752,3,159,0.018518518518518517,-5.933987481481481
5220.00000006752,4,158,0.024691358024691357,-7.911983308641974
5240.0000000679565,4,158,0.024691358024691357,-7.911983308641974
5260.000000068393,4,158,0.024691358024691357,-7.911983308641974
5280.00000006883,4,158,0.024691358024691357,-7.911983308641974
5300.000000069266,4,158,0.024691358024691357,-7.911983308641974
5320.000000069703,4,158,0.024691358024691357,-7.911983308641974
5320.000000069703,3,159,0.018518518518518517,-5.933987481481481
5340.000000070139,3,159,0.018518518518518517,-5.933987481481481
5340.000000070139,2,160,0.012345679012345678,-3.955991654320987
5340.000000070139,3,159,0.018518518518518517,-5.933987481481481
5340.000000070139,2,160,0.012345679012345678,-3.955991654320987
5340.000000070139,3,159,0.018518518518518517,-5.933987481481481
5360.000000070576,3,159,0.018518518518518517,-5.933987481481481
5380.000000071012,3,159,0.018518518518518517,-5.933987481481481
5400.000000071449,3,159,0.018518518518518517,-5.933987481481481
5400.000000071449,3,159,0.018518518518518517,-5.933987481481481
5400.000000071449,2,160,0.012345679012345678,-3.955991654320987
5400.000000071449,3,159,0.018518518518518517,-5.933987481481481
5420.000000071886,3,159,0.018518518518518517,-5.933987481481481
5420.000000071886,3,159,0.018518518518518517,-5.933987481481481
5440.000000072322,3,159,0.018518518518518517,-5.933987481481481
5460.000000072759,3,159,0.018518518518518517,-5.933987481481481
5480.000000073195,3,159,0.018518518518518517,-5.933987481481481
5500.000000073632,3,159,0.018518518518518517,-5.933987481481481
5520.000000074068,3,159,0.018518518518518517,-5.933987481481481
5540.000000074505,3,159,0.018518518518518517,-5.933987481481481
5560.000000074941,3,159,0.018518518518518517,-5.933987481481481
5560.000000074941,1,161,0.006172839506172839,-1.9779958271604936
5560.000000074941,3,159,0.018518518518518517,-5.933987481481481
5560.000000074941,5,157,0.030864197530864196,-9.889979135802468
5580.000000075378,5,157,0.030864197530864196,-9.889979135802468
5580.000000075378,2,160,0.012345679012345678,-3.955991654320987
5580.000000075378,3,159,0.018518518518518517,-5.933987481481481
5600.000000075815,3,159,0.018518518518518517,-5.933987481481481
5620.000000076251,3,159,0.018518518518518517,-5.933987481481481
5640.000000076688,3,159,0.018518518518518517,-5.933987481481481
5660.000000077124,3,159,0.018518518518518517,-5.933987481481481
5660.000000077124,3,159,0.018518518518518517,-5.933987481481481
5660.000000077124,1,161,0.006172839506172839,-1.9779958271604936
5680.000000077561,1,161,0.006172839506172839,-1.9779958271604936
5680.000000077561,2,160,0.012345679012345678,-3.955991654320987
5680.000000077561,3,159,0.018518518518518517,-5.933987481481481
5680.000000077561,6,156,0.037037037037037035,-11.867974962962961
5700.000000077997,6,156,0.037037037037037035,-11.867974962962961
5700.000000077997,2,160,0.012345679012345678,-3.955991654320987
5720.000000078434,2,160,0.012345679012345678,-3.955991654320987
5740.0000000788705,2,160,0.012345679012345678,-3.955991654320987
5760.000000079307,2,160,0.012345679012345678,-3.955991654320987
5780.000000079744,2,160,0.012345679012345678,-3.955991654320987
5780.000000079744,3,159,0.018518518518518517,-5.933987481481481
5800.00000008018,3,159,0.018518518518518517,-5.933987481481481
5820.000000080617,3,159,0.018518518518518517,-5.933987481481481
5840.000000081053,3,159,0.018518518518518517,-5.933987481481481
5840.000000081053,1,161,0.006172839506172839,-1.9779958271604936
5860.00000008149,1,161,0.006172839506172839,-1.9779958271604936
5860.00000008149,1,161,0.006172839506172839,-1.9779958271604936
5880.000000081926,1,161,0.006172839506172839,-1.9779958271604936
5900.000000082363,1,161,0.006172839506172839,-1.9779958271604936
5920.0000000827995,1,161,0.006172839506172839,-1.9779958271604936
5940.000000083236,1,161,0.006172839506172839,-1.9779958271604936
5960.000000083673,1,161,0.006172839506172839,-1.9779958271604936
5980.000000084109,1,161,0.006172839506172839,-1.9779958271604936
5980.000000084109,2,160,0.012345679012345678,-3.955991654320987
5980.000000084109,1,161,0.006172839506172839,-1.9779958271604936
6000.000000084546,1,161,0.006172839506172839,-1.9779958271604936
6020.000000084982,1,161,0.006172839506172839,-1.9779958271604936
6020.000000084982,4,158,0.024691358024691357,-7.911983308641974
6040.000000085419,4,158,0.024691358024691357,-7.911983308641974
6060.000000085855,4,158,0.024691358024691357,-7.911983308641974
6060.000000085855,3,159,0.018518518518518517,-5.933987481481481
6060.000000085855,4,158,0.024691358024691357,-7.911983308641974
6080.000000086292,4,158,0.024691358024691357,-7.911983308641974
6100.0000000867285,4,158,0.024691358024691357,-7.911983308641974
6120.000000087165,4,158,0.024691358024691357,-7.911983308641974
6120.000000087165,5,157,0.030864197530864196,-9.889979135802468
6140.000000087602,5,157,0.030864197530864196,-9.889979135802468
6160.000000088038,5,157,0.030864197530864196,-9.889979135802468
6180.000000088475,5,157,0.030864197530864196,-9.889979135802468
6200.000000088911,5,157,0.030864197530864196,-9.889979135802468
6200.000000088911,4,158,0.024691358024691357,-7.911983308641974
6200.000000088911,7,155,0.043209876543209874,-13.845970790123456
6200.000000088911,4,158,0.024691358024691357,-7.911983308641974
6220.000000089348,4,158,0.024691358024691357,-7.911983308641974
6240.000000089784,4,158,0.024691358024691357,-7.911983308641974
6260.000000090221,4,158,0.024691358024691357,-7.911983308641974
6280.0000000906575,4,158,0.024691358024691357,-7.911983308641974
6280.0000000906575,4,158,0.024691358024691357,-7.911983308641974
6300.000000091094,4,158,0.024691358024691357,-7.911983308641974
6320.000000091531,4,158,0.024691358024691357,-7.911983308641974
6340.000000091967,4,158,0.024691358024691357,-7.911983308641974
6340.000000091967,3,159,0.018518518518518517,-5.933987481481481
6360.000000092404,3,159,0.018518518518518517,-5.933987481481481
6380.00000009284,3,159,0.018518518518518517,-5.933987481481481
6400.000000093277,3,159,0.018518518518518517,-5.933987481481481
6400.000000093277,5,157,0.030864197530864196,-9.889979135802468
6420.000000093713,5,157,0.030864197530864196,-9.889979135802468
6420.000000093713,5,157,0.030864197530864196,-9.889979135802468
6420.000000093713,5,157,0.030864197530864196,-9.889979135802468
6440.00000009415,5,157,0.030864197530864196,-9.889979135802468
6440.00000009415,4,158,0.024691358024691357,-7.911983308641974
6460.0000000945865,4,158,0.024691358024691357,-7.911983308641974
6460.0000000945865,4,158,0.024691358024691357,-7.911983308641974
6480.000000095023,4,158,0.024691358024691357,-7.911983308641974
6500.00000009546,4,158,0.024691358024691357,-7.911983308641974
6520.000000095896,4,158,0.024691358024691357,-7.911983308641974
6540.000000096333,4,158,0.024691358024691357,-7.911983308641974
6540.000000096333,2,160,0.012345679012345678,-3.955991654320987
6560.000000096769,2,160,0.012345679012345678,-3.955991654320987
6560.000000096769,2,160,0.012345679012345678,-3.955991654320987
6580.000000097206,2,160,0.012345679012345678,-3.955991654320987
6580.000000097206,3,159,0.018518518518518517,-5.933987481481481
6600.000000097642,3,159,0.018518518518518517,-5.933987481481481
6620.000000098079,3,159,0.018518518518518517,-5.933987481481481
6640.000000098516,3,159,0.018518518518518517,-5.933987481481481
6640.000000098516,3,159,0.018518518518518517,-5.933987481481481
6660.000000098952,3,159,0.018518518518518517,-5.933987481481481
6680.000000099389,3,159,0.018518518518518517,-5.933987481481481
6700.000000099825,3,159,0.018518518518518517,-5.933987481481481
6700.000000099825,4,158,0.024691358024691357,-7.911983308641974
6720.000000100262,4,158,0.024691358024691357,-7.911983308641974
6740.000000100698,4,158,0.024691358024691357,-7.911983308641974
6760.000000101135,4,158,0.024691358024691357,-7.911983308641974
6760.000000101135,2,160,0.012345679012345678,-3.955991654320987
6760.000000101135,4,158,0.024691358024691357,-7.911983308641974
6780.0000001015715,4,158,0.024691358024691357,-7.911983308641974
6800.000000102008,4,158,0.024691358024691357,-7.911983308641974
6820.000000102445,4,158,0.024691358024691357,-7.911983308641974
6840.000000102881,4,158,0.024691358024691357,-7.911983308641974
6860.000000103318,4,158,0.024691358024691357,-7.911983308641974
6860.000000103318,2,160,0.012345679012345678,-3.955991654320987
6880.000000103754,2,160,0.012345679012345678,-3.955991654320987
6880.000000103754,6,156,0.037037037037037035,-11.867974962962961
6900.000000104191,6,156,0.037037037037037035,-11.867974962962961
6900.000000104191,4,158,0.024691358024691357,-7.911983308641974
6920.000000104627,4,158,0.024691358024691357,-7.911983308641974
6940.000000105064,4,158,0.024691358024691357,-7.911983308641974
6960.0000001055005,4,158,0.024691358024691357,-7.911983308641974
6980.000000105937,4,158,0.024691358024691357,-7.911983308641974
7000.000000106374,4,158,0.024691358024691357,-7.911983308641974
7000.000000106374,5,157,0.030864197530864196,-9.889979135802468
7000.000000106374,1,161,0.006172839506172839,-1.9779958271604936
7020.00000010681,1,161,0.006172839506172839,-1.9779958271604936
7040.000000107247,1,161,0.006172839506172839,-1.9779958271604936
7060.000000107683,1,161,0.006172839506172839,-1.9779958271604936
7080.00000010812,1,161,0.006172839506172839,-1.9779958271604936
7100.000000108556,1,161,0.006172839506172839,-1.9779958271604936
7100.000000108556,5,157,0.030864197530864196,-9.889979135802468
7100.000000108556,3,159,0.018518518518518517,-5.933987481481481
7100.000000108556,6,156,0.037037037037037035,-11.867974962962961
7120.000000108993,6,156,0.037037037037037035,-11.867974962962961
7120.000000108993,4,158,0.024691358024691357,-7.911983308641974
7120.000000108993,4,158,0.024691358024691357,-7.911983308641974
7140.0000001094295,4,158,0.024691358024691357,-7.911983308641974
7160.000000109866,4,158,0.024691358024691357,-7.911983308641974
7160.000000109866,2,160,0.012345679012345678,-3.955991654320987
7180.000000110303,2,160,0.012345679012345678,-3.955991654320987
7200.000000110739,2,160,0.012345679012345678,-3.955991654320987
7220.000000111176,2,160,0.012345679012345678,-3.955991654320987
7240.000000111612,2,160,0.012345679012345678,-3.955991654320987
7260.000000112049,2,160,0.012345679012345678,-3.955991654320987
7260.000000112049,1,161,0.006172839506172839,-1.9779958271604936
7260.000000112049,2,160,0.012345679012345678,-3.955991654320987
7260.000000112049,3,159,0.018518518518518517,-5.933987481481481
7280.000000112485,3,159,0.018518518518518517,-5.933987481481481
7280.000000112485,2,160,0.012345679012345678,-3.955991654320987
7300.000000112922,2,160,0.012345679012345678,-3.955991654320987
7320.0000001133585,2,160,0.012345679012345678,-3.955991654320987
7340.000000113795,2,160,0.012345679012345678,-3.955991654320987
7360.000000114232,2,160,0.012345679012345678,-3.955991654320987
7380.000000114668,2,160,0.012345679012345678,-3.955991654320987
7400.000000115105,2,160,0.012345679012345678,-3.955991654320987
7420.000000115541,2,160,0.012345679012345678,-3.955991654320987
7440.000000115978,2,160,0.012345679012345678,-3.955991654320987
7440.000000115978,2,160,0.012345679012345678,-3.955991654320987
7460.000000116414,2,160,0.012345679012345678,-3.955991654320987
7460.000000116414,2,160,0.012345679012345678,-3.955991654320987
7480.000000116851,2,160,0.012345679012345678,-3.955991654320987
7500.0000001172875,2,160,0.012345679012345678,-3.955991654320987
7500.0000001172875,5,157,0.030864197530864196,-9.889979135802468
7520.000000117724,5,157,0.030864197530864196,-9.889979135802468
7540.000000118161,5,157,0.030864197530864196,-9.889979135802468
7540.000000118161,3,159,0.018518518518518517,-5.933987481481481
7560.000000118597,3,159,0.018518518518518517,-5.933987481481481
7560.000000118597,4,158,0.024691358024691357,-7.911983308641974
7580.000000119034,4,158,0.024691358024691357,-7.911983308641974
7600.00000011947,4,158,0.024691358024691357,-7.911983308641974
7620.000000119907,4,158,0.024691358024691357,-7.911983308641974
7640.000000120343,4,158,0.024691358024691357,-7.911983308641974
7640.000000120343,3,159,0.018518518518518517,-5.933987481481481
7640.000000120343,5,157,0.030864197530864196,-9.889979135802468
7660.00000012078,5,157,0.030864197530864196,-9.889979135802468
7680.0000001212165,5,157,0.030864197530864196,-9.889979135802468
7680.0000001212165,4,158,0.024691358024691357,-7.911983308641974
7700.000000121653,4,158,0.024691358024691357,-7.911983308641974
7720.00000012209,4,158,0.024691358024691357,-7.911983308641974
7740.000000122526,4,158,0.024691358024691357,-7.911983308641974
7760.000000122963,4,158,0.024691358024691357,-7.911983308641974
7760.000000122963,3,159,0.018518518518518517,-5.933987481481481
7760.000000122963,3,159,0.018518518518518517,-5.933987481481481
7780.000000123399,3,159,0.018518518518518517,-5.933987481481481
7800.000000123836,3,159,0.018518518518518517,-5.933987481481481
7820.000000124272,3,159,0.018518518518518517,-5.933987481481481
7840.000000124709,3,159,0.018518518518518517,-5.933987481481481
7860.000000125146,3,159,0.018518518518518517,-5.933987481481481
7860.000000125146,4,158,0.024691358024691357,-7.911983308641974
7880.000000125582,4,158,0.024691358024691357,-7.911983308641974
7900.000000126019,4,158,0.024691358024691357,-7.911983308641974
7920.000000126455,4,158,0.024691358024691357,-7.911983308641974
7940.000000126892,4,158,0.024691358024691357,-7.911983308641974
7960.000000127328,4,158,0.024691358024691357,-7.911983308641974
7960.000000127328,4,158,0.024691358024691357,-7.911983308641974
7980.000000127765,4,158,0.024691358024691357,-7.911983308641974
7980.000000127765,1,161,0.006172839506172839,-1.9779958271604936
8000.0000001282015,1,161,0.006172839506172839,-1.9779958271604936
8020.000000128638,1,161,0.006172839506172839,-1.9779958271604936
8040.000000129075,1,161,0.006172839506172839,-1.9779958271604936
8060.000000129511,1,161,0.006172839506172839,-1.9779958271604936
8080.000000129948,1,161,0.006172839506172839,-1.9779958271604936
8100.000000130384,1,161,0.006172839506172839,-1.9779958271604936
8100.000000130384,2,160,0.012345679012345678,-3.955991654320987
8100.000000130384,2,160,0.012345679012345678,-3.955991654320987
8120.000000130821,2,160,0.012345679012345678,-3.955991654320987
8140.000000131257,2,160,0.012345679012345678,-3.955991654320987
8160.000000131694,2,160,0.012345679012345678,-3.955991654320987
8180.0000001321305,2,160,0.012345679012345678,-3.955991654320987
8200.000000132566,2,160,0.012345679012345678,-3.955991654320987
8200.000000132566,0,162,0.0,0.0
8220.000000133003,0,162,0.0,0.0
8240.00000013344,0,162,0.0,0.0
8260.000000133876,0,162,0.0,0.0
8280.000000134312,0,162,0.0,0.0
8280.000000134312,3,159,0.018518518518518517,-5.933987481481481
8300.000000134749,3,159,0.018518518518518517,-5.933987481481481
8320.000000135185,3,159,0.018518518518518517,-5.933987481481481
8320.000000135185,3,159,0.018518518518518517,-5.933987481481481
8340.000000135622,3,159,0.018518518518518517,-5.933987481481481
8340.000000135622,4,158,0.024691358024691357,-7.911983308641974
8360.000000136059,4,158,0.024691358024691357,-7.911983308641974
8380.000000136495,4,158,0.024691358024691357,-7.911983308641974
8380.000000136495,2,160,0.012345679012345678,-3.955991654320987
8400.000000136932,2,160,0.012345679012345678,-3.955991654320987
8420.000000137368,2,160,0.012345679012345678,-3.955991654320987
8440.000000137805,2,160,0.012345679012345678,-3.955991654320987
8460.000000138241,2,160,0.012345679012345678,-3.955991654320987
8460.000000138241,2,160,0.012345679012345678,-3.955991654320987
8460.000000138241,1,161,0.006172839506172839,-1.9779958271604936
8460.000000138241,1,161,0.006172839506172839,-1.9779958271604936
8460.000000138241,2,160,0.012345679012345678,-3.955991654320987
8480.000000138678,2,160,0.012345679012345678,-3.955991654320987
8500.000000139114,2,160,0.012345679012345678,-3.955991654320987
8520.000000139551,2,160,0.012345679012345678,-3.955991654320987
8540.000000139988,2,160,0.012345679012345678,-3.955991654320987
8560.000000140424,2,160,0.012345679012345678,-3.955991654320987
8560.000000140424,4,158,0.024691358024691357,-7.911983308641974
8580.00000014086,4,158,0.024691358024691357,-7.911983308641974
8600.000000141297,4,158,0.024691358024691357,-7.911983308641974
8620.000000141734,4,158,0.024691358024691357,-7.911983308641974
8620.000000141734,1,161,0.006172839506172839,-1.9779958271604936
8620.000000141734,1,161,0.006172839506172839,-1.9779958271604936
8620.000000141734,4,158,0.024691358024691357,-7.911983308641974
8640.00000014217,4,158,0.024691358024691357,-7.911983308641974
8640.00000014217,2,160,0.012345679012345678,-3.955991654320987
8660.000000142607,2,160,0.012345679012345678,-3.955991654320987
8660.000000142607,3,159,0.018518518518518517,-5.933987481481481
8680.000000143044,3,159,0.018518518518518517,-5.933987481481481
8700.00000014348,3,159,0.018518518518518517,-5.933987481481481
8720.000000143917,3,159,0.018518518518518517,-5.933987481481481
8720.000000143917,0,162,0.0,0.0
8740.000000144353,0,162,0.0,0.0
8740.000000144353,1,161,0.006172839506172839,-1.9779958271604936
8760.00000014479,1,161,0.006172839506172839,-1.9779958271604936
8780.000000145226,1,161,0.006172839506172839,-1.9779958271604936
8800.000000145663,1,161,0.006172839506172839,-1.9779958271604936
8820.0000001461,1,161,0.006172839506172839,-1.9779958271604936
8840.000000146536,1,161,0.006172839506172839,-1.9779958271604936
8860.000000146973,1,161,0.006172839506172839,-1.9779958271604936
8860.000000146973,3,159,0.018518518518518517,-5.933987481481481
8880.000000147409,3,159,0.018518518518518517,-5.933987481481481
8880.000000147409,2,160,0.012345679012345678,-3.955991654320987
8900.000000147846,2,160,0.012345679012345678,-3.955991654320987
8900.000000147846,4,158,0.024691358024691357,-7.911983308641974
8920.000000148282,4,158,0.024691358024691357,-7.911983308641974
8940.000000148719,4,158,0.024691358024691357,-7.911983308641974
8960.000000149155,4,158,0.024691358024691357,-7.911983308641974
8980.000000149592,4,158,0.024691358024691357,-7.911983308641974
8980.000000149592,4,158,0.024691358024691357,-7.911983308641974
9000.000000150028,4,158,0.024691358024691357,-7.911983308641974
9020.000000150465,4,158,0.024691358024691357,-7.911983308641974
9020.000000150465,0,162,0.0,0.0
9040.000000150902,0,162,0.0,0.0
9040.000000150902,2,160,0.012345679012345678,-3.955991654320987
9060.000000151338,2,160,0.012345679012345678,-3.955991654320987
9060.000000151338,3,159,0.018518518518518517,-5.933987481481481
9080.000000151775,3,159,0.018518518518518517,-5.933987481481481
9100.000000152211,3,159,0.018518518518518517,-5.933987481481481
9120.000000152648,3,159,0.018518518518518517,-5.933987481481481
9120.000000152648,3,159,0.018518518518518517,-5.933987481481481
9140.000000153084,3,159,0.018518518518518517,-5.933987481481481
9160.00000015352,3,159,0.018518518518518517,-5.933987481481481
9160.00000015352,4,158,0.024691358024691357,-7.911983308641974
9160.00000015352,2,160,0.012345679012345678,-3.955991654320987
9160.00000015352,3,159,0.018518518518518517,-5.933987481481481
9160.00000015352,2,160,0.012345679012345678,-3.955991654320987
9180.000000153957,2,160,0.012345679012345678,-3.955991654320987
9200.000000154394,2,160,0.012345679012345678,-3.955991654320987
9200.000000154394,3,159,0.018518518518518517,-5.933987481481481
9200.000000154394,5,157,0.030864197530864196,-9.889979135802468
9220.00000015483,5,157,0.030864197530864196,-9.889979135802468
9240.000000155267,5,157,0.030864197530864196,-9.889979135802468
9240.000000155267,3,159,0.018518518518518517,-5.933987481481481
9260.000000155704,3,159,0.018518518518518517,-5.933987481481481
9280.00000015614,3,159,0.018518518518518517,-5.933987481481481
9300.000000156577,3,159,0.018518518518518517,-5.933987481481481
9320.000000157013,3,159,0.018518518518518517,-5.933987481481481
9320.000000157013,2,160,0.012345679012345678,-3.955991654320987
9340.00000015745,2,160,0.012345679012345678,-3.955991654320987
9340.00000015745,1,161,0.006172839506172839,-1.9779958271604936
9360.000000157886,1,161,0.006172839506172839,-1.9779958271604936
9380.000000158323,1,161,0.006172839506172839,-1.9779958271604936
9380.000000158323,5,157,0.030864197530864196,-9.889979135802468
9400.00000015876,5,157,0.030864197530864196,-9.889979135802468
9420.000000159196,5,157,0.030864197530864196,-9.889979135802468
9440.000000159633,5,157,0.030864197530864196,-9.889979135802468
9460.00000016007,5,157,0.030864197530864196,-9.889979135802468
9480.000000160506,5,157,0.030864197530864196,-9.889979135802468
9480.000000160506,4,158,0.024691358024691357,-7.911983308641974
9480.000000160506,2,160,0.012345679012345678,-3.955991654320987
9480.000000160506,1,161,0.006172839506172839,-1.9779958271604936
9500.000000160942,1,161,0.006172839506172839,-1.9779958271604936
9520.000000161379,1,161,0.006172839506172839,-1.9779958271604936
9540.000000161815,1,161,0.006172839506172839,-1.9779958271604936
9560.000000162252,1,161,0.006172839506172839,-1.9779958271604936
9580.000000162689,1,161,0.006172839506172839,-1.9779958271604936
9600.000000163125,1,161,0.006172839506172839,-1.9779958271604936
9600.000000163125,6,156,0.037037037037037035,-11.867974962962961
9620.000000163562,6,156,0.037037037037037035,-11.867974962962961
9640.000000163998,6,156,0.037037037037037035,-11.867974962962961
9640.000000163998,5,157,0.030864197530864196,-9.889979135802468
9660.000000164435,5,157,0.030864197530864196,-9.889979135802468
9660.000000164435,2,160,0.012345679012345678,-3.955991654320987
9660.000000164435,7,155,0.043209876543209874,-13.845970790123456
9660.000000164435,6,156,0.037037037037037035,-11.867974962962961
9680.000000164871,6,156,0.037037037037037035,-11.867974962962961
9680.000000164871,4,158,0.024691358024691357,-7.911983308641974
9700.000000165308,4,158,0.024691358024691357,-7.911983308641974
9700.000000165308,2,160,0.012345679012345678,-3.955991654320987
9720.000000165744,2,160,0.012345679012345678,-3.955991654320987
9740.000000166181,2,160,0.012345679012345678,-3.955991654320987
9760.000000166618,2,160,0.012345679012345678,-3.955991654320987
9780.000000167054,2,160,0.012345679012345678,-3.955991654320987
9780.000000167054,2,160,0.012345679012345678,-3.955991654320987
9780.000000167054,2,160,0.012345679012345678,-3.955991654320987
9780.000000167054,0,162,0.0,0.0
9800.00000016749,0,162,0.0,0.0
9800.00000016749,1,161,0.006172839506172839,-1.9779958271604936
9820.000000167927,1,161,0.006172839506172839,-1.9779958271604936
9820.000000167927,2,160,0.012345679012345678,-3.955991654320987
9820.000000167927,2,160,0.012345679012345678,-3.955991654320987
9840.000000168364,2,160,0.012345679012345678,-3.955991654320987
9840.000000168364,1,161,0.006172839506172839,-1.9779958271604936
9860.0000001688,1,161,0.006172839506172839,-1.9779958271604936
9880.000000169237,1,161,0.006172839506172839,-1.9779958271604936
9900.000000169674,1,161,0.006172839506172839,-1.9779958271604936
9920.00000017011,1,161,0.006172839506172839,-1.9779958271604936
9920.00000017011,3,159,0.018518518518518517,-5.933987481481481
9940.000000170547,3,159,0.018518518518518517,-5.933987481481481
9960.000000170983,3,159,0.018518518518518517,-5.933987481481481
9980.00000017142,3,159,0.018518518518518517,-5.933987481481481
9980.00000017142,3,159,0.018518518518518517,-5.933987481481481
9980.00000017142,4,158,0.024691358024691357,-7.911983308641974
9980.00000017142,2,160,0.012345679012345678,-3.955991654320987
9980.00000017142,4,158,0.024691358024691357,-7.911983308641974
10000.000000171856,4,158,0.024691358024691357,-7.911983308641974
10020.000000172293,4,158,0.024691358024691357,-7.911983308641974
10040.00000017273,4,158,0.024691358024691357,-7.911983308641974
10060.000000173166,4,158,0.024691358024691357,-7.911983308641974
10060.000000173166,3,159,0.018518518518518517,-5.933987481481481
10080.000000173603,3,159,0.018518518518518517,-5.933987481481481
10080.000000173603,3,159,0.018518518518518517,-5.933987481481481
10100.000000174039,3,159,0.018518518518518517,-5.933987481481481
10120.000000174476,3,159,0.018518518518518517,-5.933987481481481
10140.000000174912,3,159,0.018518518518518517,-5.933987481481481
10140.000000174912,3,159,0.018518518518518517,-5.933987481481481
10140.000000174912,3,159,0.018518518518518517,-5.933987481481481
10140.000000174912,4,158,0.024691358024691357,-7.911983308641974
10160.000000175349,4,158,0.024691358024691357,-7.911983308641974
10160.000000175349,3,159,0.018518518518518517,-5.933987481481481
10180.000000175785,3,159,0.018518518518518517,-5.933987481481481
10200.000000176222,3,159,0.018518518518518517,-5.933987481481481
10200.000000176222,4,158,0.024691358024691357,-7.911983308641974
10220.000000176658,4,158,0.024691358024691357,-7.911983308641974
10220.000000176658,3,159,0.018518518518518517,-5.933987481481481
10240.000000177095,3,159,0.018518518518518517,-5.933987481481481
10260.000000177532,3,159,0.018518518518518517,-5.933987481481481
10260.000000177532,3,159,0.018518518518518517,-5.933987481481481
10280.000000177968,3,159,0.018518518518518517,-5.933987481481481
10280.000000177968,4,158,0.024691358024691357,-7.911983308641974
10300.000000178405,4,158,0.024691358024691357,-7.911983308641974
10300.000000178405,5,157,0.030864197530864196,-9.889979135802468
10320.000000178841,5,157,0.030864197530864196,-9.889979135802468
10340.000000179278,5,157,0.030864197530864196,-9.889979135802468
10360.000000179714,5,157,0.030864197530864196,-9.889979135802468
10380.00000018015,5,157,0.030864197530864196,-9.889979135802468
10380.00000018015,3,159,0.018518518518518517,-5.933987481481481
10400.000000180587,3,159,0.018518518518518517,-5.933987481481481
10420.000000181024,3,159,0.018518518518518517,-5.933987481481481
10440.00000018146,3,159,0.018518518518518517,-5.933987481481481
10460.000000181897,3,159,0.018518518518518517,-5.933987481481481
10460.000000181897,3,159,0.018518518518518517,-5.933987481481481
10460.000000181897,5,157,0.030864197530864196,-9.889979135802468
10480.000000182334,5,157,0.030864197530864196,-9.889979135802468
10480.000000182334,4,158,0.024691358024691357,-7.911983308641974
10500.00000018277,4,158,0.024691358024691357,-7.911983308641974
10520.000000183207,4,158,0.024691358024691357,-7.911983308641974
10520.000000183207,4,158,0.024691358024691357,-7.911983308641974
10540.000000183643,4,158,0.024691358024691357,-7.911983308641974
10540.000000183643,2,160,0.012345679012345678,-3.955991654320987
10540.000000183643,3,159,0.018518518518518517,-5.933987481481481
10560.00000018408,3,159,0.018518518518518517,-5.933987481481481
10560.00000018408,5,157,0.030864197530864196,-9.889979135802468
10560.00000018408,2,160,0.012345679012345678,-3.955991654320987
10580.000000184516,2,160,0.012345679012345678,-3.955991654320987
10580.000000184516,4,158,0.024691358024691357,-7.911983308641974
10600.000000184953,4,158,0.024691358024691357,-7.911983308641974
10600.000000184953,3,159,0.018518518518518517,-5.933987481481481
10600.000000184953,6,156,0.037037037037037035,-11.867974962962961
10620.00000018539,6,156,0.037037037037037035,-11.867974962962961
10640.000000185826,6,156,0.037037037037037035,-11.867974962962961
10640.000000185826,2,160,0.012345679012345678,-3.955991654320987
10660.000000186263,2,160,0.012345679012345678,-3.955991654320987
10680.0000001867,2,160,0.012345679012345678,-3.955991654320987
10700.000000187136,2,160,0.012345679012345678,-3.955991654320987
10720.000000187572,2,160,0.012345679012345678,-3.955991654320987
10740.000000188009,2,160,0.012345679012345678,-3.955991654320987
10760.000000188445,2,160,0.012345679012345678,-3.955991654320987
10780.000000188882,2,160,0.012345679012345678,-3.955991654320987
10780.000000188882,2,160,0.012345679012345678,-3.955991654320987
10800.000000189319,2,160,0.012345679012345678,-3.955991654320987
10820.000000189755,2,160,0.012345679012345678,-3.955991654320987
10840.000000190192,2,160,0.012345679012345678,-3.955991654320987
10860.000000190628,2,160,0.012345679012345678,-3.955991654320987
10880.000000191065,2,160,0.012345679012345678,-3.955991654320987
10900.000000191501,2,160,0.012345679012345678,-3.955991654320987
10920.000000191938,2,160,0.012345679012345678,-3.955991654320987
10920.000000191938,3,159,0.018518518518518517,-5.933987481481481
10920.000000191938,4,158,0.024691358024691357,-7.911983308641974
10920.000000191938,2,160,0.012345679012345678,-3.955991654320987
10920.000000191938,2,160,0.012345679012345678,-3.955991654320987
10920.000000191938,2,160,0.012345679012345678,-3.955991654320987
10940.000000192375,2,160,0.012345679012345678,-3.955991654320987
10940.000000192375,5,157,0.030864197530864196,-9.889979135802468
10960.000000192811,5,157,0.030864197530864196,-9.889979135802468
10960.000000192811,3,159,0.018518518518518517,-5.933987481481481
10960.000000192811,4,158,0.024691358024691357,-7.911983308641974
10980.000000193248,4,158,0.024691358024691357,-7.911983308641974
11000.000000193684,4,158,0.024691358024691357,-7.911983308641974
11020.00000019412,4,158,0.024691358024691357,-7.911983308641974
11020.00000019412,3,159,0.018518518518518517,-5.933987481481481
11020.00000019412,2,160,0.012345679012345678,-3.955991654320987
11020.00000019412,2,160,0.012345679012345678,-3.955991654320987
11040.000000194557,2,160,0.012345679012345678,-3.955991654320987
11040.000000194557,2,160,0.012345679012345678,-3.955991654320987
11060.000000194994,2,160,0.012345679012345678,-3.955991654320987
11060.000000194994,4,158,0.024691358024691357,-7.911983308641974
11080.00000019543,4,158,0.024691358024691357,-7.911983308641974
11100.000000195867,4,158,0.024691358024691357,-7.911983308641974
11120.000000196304,4,158,0.024691358024691357,-7.911983308641974
11120.000000196304,1,161,0.006172839506172839,-1.9779958271604936
11120.000000196304,0,162,0.0,0.0
11140.00000019674,0,162,0.0,0.0
11160.000000197177,0,162,0.0,0.0
11160.000000197177,2,160,0.012345679012345678,-3.955991654320987
11180.000000197613,2,160,0.012345679012345678,-3.955991654320987
11180.000000197613,2,160,0.012345679012345678,-3.955991654320987
11200.00000019805,2,160,0.012345679012345678,-3.955991654320987
11220.000000198486,2,160,0.012345679012345678,-3.955991654320987
11220.000000198486,1,161,0.006172839506172839,-1.9779958271604936
11220.000000198486,1,161,0.006172839506172839,-1.9779958271604936
11240.000000198923,1,161,0.006172839506172839,-1.9779958271604936
11260.00000019936,1,161,0.006172839506172839,-1.9779958271604936
11260.00000019936,1,161,0.006172839506172839,-1.9779958271604936
11280.000000199796,1,161,0.006172839506172839,-1.9779958271604936
11280.000000199796,3,159,0.018518518518518517,-5.933987481481481
11300.000000200233,3,159,0.018518518518518517,-5.933987481481481
11320.00000020067,3,159,0.018518518518518517,-5.933987481481481
11320.00000020067,3,159,0.018518518518518517,-5.933987481481481
11320.00000020067,2,160,0.012345679012345678,-3.955991654320987
11340.000000201106,2,160,0.012345679012345678,-3.955991654320987
11340.000000201106,3,159,0.018518518518518517,-5.933987481481481
11360.000000201542,3,159,0.018518518518518517,-5.933987481481481
11380.000000201979,3,159,0.018518518518518517,-5.933987481481481
11380.000000201979,2,160,0.012345679012345678,-3.955991654320987
11380.000000201979,2,160,0.012345679012345678,-3.955991654320987
11380.000000201979,4,158,0.024691358024691357,-7.911983308641974
11400.000000202415,4,158,0.024691358024691357,-7.911983308641974
11420.000000202852,4,158,0.024691358024691357,-7.911983308641974
11440.000000203288,4,158,0.024691358024691357,-7.911983308641974
11460.000000203725,4,158,0.024691358024691357,-7.911983308641974
11460.000000203725,3,159,0.018518518518518517,-5.933987481481481
11480.000000204162,3,159,0.018518518518518517,-5.933987481481481
11480.000000204162,4,158,0.024691358024691357,-7.911983308641974
11500.000000204598,4,158,0.024691358024691357,-7.911983308641974
11520.000000205035,4,158,0.024691358024691357,-7.911983308641974
11540.000000205471,4,158,0.024691358024691357,-7.911983308641974
11560.000000205908,4,158,0.024691358024691357,-7.911983308641974
11580.000000206344,4,158,0.024691358024691357,-7.911983308641974
11580.000000206344,3,159,0.018518518518518517,-5.933987481481481
11600.00000020678,3,159,0.018518518518518517,-5.933987481481481
11600.00000020678,2,160,0.012345679012345678,-3.955991654320987
11620.000000207217,2,160,0.012345679012345678,-3.955991654320987
11620.000000207217,1,161,0.006172839506172839,-1.9779958271604936
11640.000000207654,1,161,0.006172839506172839,-1.9779958271604936
11640.000000207654,4,158,0.024691358024691357,-7.911983308641974
11660.00000020809,4,158,0.024691358024691357,-7.911983308641974
11660.00000020809,4,158,0.024691358024691357,-7.911983308641974
11660.00000020809,3,159,0.018518518518518517,-5.933987481481481
11680.000000208527,3,159,0.018518518518518517,-5.933987481481481
11700.000000208964,3,159,0.018518518518518517,-5.933987481481481
11720.0000002094,3,159,0.018518518518518517,-5.933987481481481
11720.0000002094,3,159,0.018518518518518517,-5.933987481481481
11740.000000209837,3,159,0.018518518518518517,-5.933987481481481
11760.000000210273,3,159,0.018518518518518517,-5.933987481481481
11780.00000021071,3,159,0.018518518518518517,-5.933987481481481
11800.000000211146,3,159,0.018518518518518517,-5.933987481481481
11800.000000211146,4,158,0.024691358024691357,-7.911983308641974
11820.000000211583,4,158,0.024691358024691357,-7.911983308641974
11820.000000211583,2,160,0.012345679012345678,-3.955991654320987
11820.000000211583,4,158,0.024691358024691357,-7.911983308641974
11840.00000021202,4,158,0.024691358024691357,-7.911983308641974
11840.00000021202,2,160,0.012345679012345678,-3.955991654320987
11860.000000212456,2,160,0.012345679012345678,-3.955991654320987
11860.000000212456,3,159,0.018518518518518517,-5.933987481481481
11880.000000212893,3,159,0.018518518518518517,-5.933987481481481
11880.000000212893,4,158,0.024691358024691357,-7.911983308641974
11900.00000021333,4,158,0.024691358024691357,-7.911983308641974
11920.000000213766,4,158,0.024691358024691357,-7.911983308641974
11940.000000214202,4,158,0.024691358024691357,-7.911983308641974
11960.000000214639,4,158,0.024691358024691357,-7.911983308641974
11960.000000214639,3,159,0.018518518518518517,-5.933987481481481
11980.000000215075,3,159,0.018518518518518517,-5.933987481481481
11980.000000215075,4,158,0.024691358024691357,-7.911983308641974
12000.000000215512,4,158,0.024691358024691357,-7.911983308641974
12000.000000215512,4,158,0.024691358024691357,-7.911983308641974
12020.000000215949,4,158,0.024691358024691357,-7.911983308641974
12040.000000216385,4,158,0.024691358024691357,-7.911983308641974
12060.000000216822,4,158,0.024691358024691357,-7.911983308641974
12060.000000216822,6,156,0.037037037037037035,-11.867974962962961
12080.000000217258,6,156,0.037037037037037035,-11.867974962962961
12080.000000217258,3,159,0.018518518518518517,-5.933987481481481
12080.000000217258,2,160,0.012345679012345678,-3.955991654320987
12100.000000217695,2,160,0.012345679012345678,-3.955991654320987
12100.000000217695,4,158,0.024691358024691357,-7.911983308641974
12120.000000218131,4,158,0.024691358024691357,-7.911983308641974
12140.000000218568,4,158,0.024691358024691357,-7.911983308641974
12140.000000218568,4,158,0.024691358024691357,-7.911983308641974
12140.000000218568,2,160,0.012345679012345678,-3.955991654320987
12140.000000218568,4,158,0.024691358024691357,-7.911983308641974
12160.000000219005,4,158,0.024691358024691357,-7.911983308641974
12180.000000219441,4,158,0.024691358024691357,-7.911983308641974
12200.000000219878,4,158,0.024691358024691357,-7.911983308641974
12200.000000219878,3,159,0.018518518518518517,-5.933987481481481
12220.000000220314,3,159,0.018518518518518517,-5.933987481481481
12220.000000220314,3,159,0.018518518518518517,-5.933987481481481
12240.00000022075,3,159,0.018518518518518517,-5.933987481481481
12260.000000221187,3,159,0.018518518518518517,-5.933987481481481
12280.000000221624,3,159,0.018518518518518517,-5.933987481481481
12300.00000022206,3,159,0.018518518518518517,-5.933987481481481
12320.000000222497,3,159,0.018518518518518517,-5.933987481481481
12320.000000222497,5,157,0.030864197530864196,-9.889979135802468
12320.000000222497,3,159,0.018518518518518517,-5.933987481481481
12340.000000222934,3,159,0.018518518518518517,-5.933987481481481
12360.00000022337,3,159,0.018518518518518517,-5.933987481481481
12380.000000223807,3,159,0.018518518518518517,-5.933987481481481
12380.000000223807,2,160,0.012345679012345678,-3.955991654320987
12400.000000224243,2,160,0.012345679012345678,-3.955991654320987
12400.000000224243,5,157,0.030864197530864196,-9.889979135802468
12420.00000022468,5,157,0.030864197530864196,-9.889979135802468
12440.000000225116,5,157,0.030864197530864196,-9.889979135802468
12440.000000225116,1,161,0.006172839506172839,-1.9779958271604936
12460.000000225553,1,161,0.006172839506172839,-1.9779958271604936
12480.00000022599,1,161,0.006172839506172839,-1.9779958271604936
12500.000000226426,1,161,0.006172839506172839,-1.9779958271604936
12520.000000226863,1,161,0.006172839506172839,-1.9779958271604936
12540.0000002273,1,161,0.006172839506172839,-1.9779958271604936
12540.0000002273,4,158,0.024691358024691357,-7.911983308641974
12540.0000002273,6,156,0.037037037037037035,-11.867974962962961
12560.000000227736,6,156,0.037037037037037035,-11.867974962962961
12560.000000227736,4,158,0.024691358024691357,-7.911983308641974
12580.000000228172,4,158,0.024691358024691357,-7.911983308641974
12600.000000228609,4,158,0.024691358024691357,-7.911983308641974
12620.000000229045,4,158,0.024691358024691357,-7.911983308641974
12640.000000229482,4,158,0.024691358024691357,-7.911983308641974
12660.000000229918,4,158,0.024691358024691357,-7.911983308641974
12660.000000229918,3,159,0.018518518518518517,-5.933987481481481
12680.000000230355,3,159,0.018518518518518517,-5.933987481481481
12700.000000230792,3,159,0.018518518518518517,-5.933987481481481
12720.000000231228,3,159,0.018518518518518517,-5.933987481481481
12720.000000231228,6,156,0.037037037037037035,-11.867974962962961
12720.000000231228,6,156,0.037037037037037035,-11.867974962962961
12740.000000231665,6,156,0.037037037037037035,-11.867974962962961
12760.000000232101,6,156,0.037037037037037035,-11.867974962962961
12780.000000232538,6,156,0.037037037037037035,-11.867974962962961
12800.000000232974,6,156,0.037037037037037035,-11.867974962962961
12820.00000023341,6,156,0.037037037037037035,-11.867974962962961
12840.000000233847,6,156,0.037037037037037035,-11.867974962962961
12860.000000234284,6,156,0.037037037037037035,-11.867974962962961
12880.00000023472,6,156,0.037037037037037035,-11.867974962962961
12900.000000235157,6,156,0.037037037037037035,-11.867974962962961
12900.000000235157,3,159,0.018518518518518517,-5.933987481481481
12900.000000235157,4,158,0.024691358024691357,-7.911983308641974
12920.000000235594,4,158,0.024691358024691357,-7.911983308641974
12940.00000023603,4,158,0.024691358024691357,-7.911983308641974
12960.000000236467,4,158,0.024691358024691357,-7.911983308641974
12980.000000236903,4,158,0.024691358024691357,-7.911983308641974
12980.000000236903,3,159,0.018518518518518517,-5.933987481481481
13000.00000023734,3,159,0.018518518518518517,-5.933987481481481
13000.00000023734,4,158,0.024691358024691357,-7.911983308641974
13000.00000023734,3,159,0.018518518518518517,-5.933987481481481
13020.000000237776,3,159,0.018518518518518517,-5.933987481481481
13040.000000238213,3,159,0.018518518518518517,-5.933987481481481
13060.00000023865,3,159,0.018518518518518517,-5.933987481481481
13080.000000239086,3,159,0.018518518518518517,-5.933987481481481
13100.000000239523,3,159,0.018518518518518517,-5.933987481481481
13120.00000023996,3,159,0.018518518518518517,-5.933987481481481
13120.00000023996,4,158,0.024691358024691357,-7.911983308641974
13140.000000240396,4,158,0.024691358024691357,-7.911983308641974
13160.000000240832,4,158,0.024691358024691357,-7.911983308641974
13160.000000240832,5,157,0.030864197530864196,-9.889979135802468
13160.000000240832,1,161,0.006172839506172839,-1.9779958271604936
13180.000000241269,1,161,0.006172839506172839,-1.9779958271604936
13180.000000241269,3,159,0.018518518518518517,-5.933987481481481
13200.000000241705,3,159,0.018518518518518517,-5.933987481481481
13220.000000242142,3,159,0.018518518518518517,-5.933987481481481
13240.000000242579,3,159,0.018518518518518517,-5.933987481481481
13260.000000243015,3,159,0.018518518518518517,-5.933987481481481
13260.000000243015,5,157,0.030864197530864196,-9.889979135802468
13260.000000243015,3,159,0.018518518518518517,-5.933987481481481
13260.000000243015,3,159,0.018518518518518517,-5.933987481481481
13280.000000243452,3,159,0.018518518518518517,-5.933987481481481
13300.000000243888,3,159,0.018518518518518517,-5.933987481481481
13320.000000244325,3,159,0.018518518518518517,-5.933987481481481
13340.000000244761,3,159,0.018518518518518517,-5.933987481481481
13340.000000244761,2,160,0.012345679012345678,-3.955991654320987
13340.000000244761,4,158,0.024691358024691357,-7.911983308641974
13360.000000245198,4,158,0.024691358024691357,-7.911983308641974
13380.000000245635,4,158,0.024691358024691357,-7.911983308641974
13400.000000246071,4,158,0.024691358024691357,-7.911983308641974
13420.000000246508,4,158,0.024691358024691357,-7.911983308641974
13440.000000246944,4,158,0.024691358024691357,-7.911983308641974
13460.00000024738,4,158,0.024691358024691357,-7.911983308641974
13480.000000247817,4,158,0.024691358024691357,-7.911983308641974
13500.000000248254,4,158,0.024691358024691357,-7.911983308641974
13520.00000024869,4,158,0.024691358024691357,-7.911983308641974
13540.000000249127,4,158,0.024691358024691357,-7.911983308641974
13540.000000249127,7,155,0.043209876543209874,-13.845970790123456
13560.000000249564,7,155,0.043209876543209874,-13.845970790123456
13560.000000249564,5,157,0.030864197530864196,-9.889979135802468
13580.00000025,5,157,0.030864197530864196,-9.889979135802468
13600.000000250437,5,157,0.030864197530864196,-9.889979135802468
13620.000000250873,5,157,0.030864197530864196,-9.889979135802468
13640.00000025131,5,157,0.030864197530864196,-9.889979135802468
13640.00000025131,2,160,0.012345679012345678,-3.955991654320987
13660.000000251746,2,160,0.012345679012345678,-3.955991654320987
13660.000000251746,5,157,0.030864197530864196,-9.889979135802468
13660.000000251746,3,159,0.018518518518518517,-5.933987481481481
13680.000000252183,3,159,0.018518518518518517,-5.933987481481481
13700.00000025262,3,159,0.018518518518518517,-5.933987481481481
13700.00000025262,7,155,0.043209876543209874,-13.845970790123456
13720.000000253056,7,155,0.043209876543209874,-13.845970790123456
13720.000000253056,5,157,0.030864197530864196,-9.889979135802468
13740.000000253493,5,157,0.030864197530864196,-9.889979135802468
13760.00000025393,5,157,0.030864197530864196,-9.889979135802468
13780.000000254366,5,157,0.030864197530864196,-9.889979135802468
13800.000000254802,5,157,0.030864197530864196,-9.889979135802468
13800.000000254802,1,161,0.006172839506172839,-1.9779958271604936
13820.000000255239,1,161,0.006172839506172839,-1.9779958271604936
13820.000000255239,1,161,0.006172839506172839,-1.9779958271604936
13840.000000255675,1,161,0.006172839506172839,-1.9779958271604936
13860.000000256112,1,161,0.006172839506172839,-1.9779958271604936
13880.000000256548,1,161,0.006172839506172839,-1.9779958271604936
13900.000000256985,1,161,0.006172839506172839,-1.9779958271604936
13920.000000257422,1,161,0.006172839506172839,-1.9779958271604936
13940.000000257858,1,161,0.006172839506172839,-1.9779958271604936
13940.000000257858,4,158,0.024691358024691357,-7.911983308641974
13960.000000258295,4,158,0.024691358024691357,-7.911983308641974
13980.000000258731,4,158,0.024691358024691357,-7.911983308641974
13980.000000258731,3,159,0.018518518518518517,-5.933987481481481
13980.000000258731,4,158,0.024691358024691357,-7.911983308641974
14000.000000259168,4,158,0.024691358024691357,-7.911983308641974
14020.000000259604,4,158,0.024691358024691357,-7.911983308641974
14020.000000259604,3,159,0.018518518518518517,-5.933987481481481
14040.00000026004,3,159,0.018518518518518517,-5.933987481481481
14060.000000260477,3,159,0.018518518518518517,-5.933987481481481
14080.000000260914,3,159,0.018518518518518517,-5.933987481481481
14080.000000260914,1,161,0.006172839506172839,-1.9779958271604936
14100.00000026135,1,161,0.006172839506172839,-1.9779958271604936
14100.00000026135,0,162,0.0,0.0
14120.000000261787,0,162,0.0,0.0
14120.000000261787,2,160,0.012345679012345678,-3.955991654320987
14140.000000262224,2,160,0.012345679012345678,-3.955991654320987
14160.00000026266,2,160,0.012345679012345678,-3.955991654320987
14160.00000026266,3,159,0.018518518518518517,-5.933987481481481
14180.000000263097,3,159,0.018518518518518517,-5.933987481481481
14200.000000263533,3,159,0.018518518518518517,-5.933987481481481
14220.00000026397,3,159,0.018518518518518517,-5.933987481481481
14240.000000264406,3,159,0.018518518518518517,-5.933987481481481
14260.000000264843,3,159,0.018518518518518517,-5.933987481481481
14260.000000264843,4,158,0.024691358024691357,-7.911983308641974
14280.00000026528,4,158,0.024691358024691357,-7.911983308641974
14300.000000265716,4,158,0.024691358024691357,-7.911983308641974
14320.000000266153,4,158,0.024691358024691357,-7.911983308641974
14320.000000266153,3,159,0.018518518518518517,-5.933987481481481
14320.000000266153,3,159,0.018518518518518517,-5.933987481481481
14340.00000026659,3,159,0.018518518518518517,-5.933987481481481
14360.000000267026,3,159,0.018518518518518517,-5.933987481481481
14360.000000267026,2,160,0.012345679012345678,-3.955991654320987
14380.000000267462,2,160,0.012345679012345678,-3.955991654320987
14380.000000267462,2,160,0.012345679012345678,-3.955991654320987
14380.000000267462,2,160,0.012345679012345678,-3.955991654320987
14380.000000267462,3,159,0.018518518518518517,-5.933987481481481
14400.000000267899,3,159,0.018518518518518517,-5.933987481481481
14400.000000267899,2,160,0.012345679012345678,-3.955991654320987
14400.000000267899,2,160,0.012345679012345678,-3.955991654320987
14420.000000268335,2,160,0.012345679012345678,-3.955991654320987
14440.000000268772,2,160,0.012345679012345678,-3.955991654320987
14460.000000269209,2,160,0.012345679012345678,-3.955991654320987
14480.000000269645,2,160,0.012345679012345678,-3.955991654320987
14500.000000270082,2,160,0.012345679012345678,-3.955991654320987
14520.000000270518,2,160,0.012345679012345678,-3.955991654320987
14540.000000270955,2,160,0.012345679012345678,-3.955991654320987
14560.000000271391,2,160,0.012345679012345678,-3.955991654320987
14580.000000271828,2,160,0.012345679012345678,-3.955991654320987
14580.000000271828,2,160,0.012345679012345678,-3.955991654320987
14580.000000271828,4,158,0.024691358024691357,-7.911983308641974
14600.000000272265,4,158,0.024691358024691357,-7.911983308641974
14620.000000272701,4,158,0.024691358024691357,-7.911983308641974
14640.000000273138,4,158,0.024691358024691357,-7.911983308641974
14640.000000273138,4,158,0.024691358024691357,-7.911983308641974
14640.000000273138,1,161,0.006172839506172839,-1.9779958271604936
14640.000000273138,2,160,0.012345679012345678,-3.955991654320987
14660.000000273574,2,160,0.012345679012345678,-3.955991654320987
14660.000000273574,3,159,0.018518518518518517,-5.933987481481481
14680.00000027401,3,159,0.018518518518518517,-5.933987481481481
14680.00000027401,3,159,0.018518518518518517,-5.933987481481481
14700.000000274447,3,159,0.018518518518518517,-5.933987481481481
14700.000000274447,6,156,0.037037037037037035,-11.867974962962961
14720.000000274884,6,156,0.037037037037037035,-11.867974962962961
14720.000000274884,5,157,0.030864197530864196,-9.889979135802468
14720.000000274884,1,161,0.006172839506172839,-1.9779958271604936
14740.00000027532,1,161,0.006172839506172839,-1.9779958271604936
14760.000000275757,1,161,0.006172839506172839,-1.9779958271604936
14760.000000275757,3,159,0.018518518518518517,-5.933987481481481
14780.000000276194,3,159,0.018518518518518517,-5.933987481481481
14800.00000027663,3,159,0.018518518518518517,-5.933987481481481
14820.000000277067,3,159,0.018518518518518517,-5.933987481481481
14840.000000277503,3,159,0.018518518518518517,-5.933987481481481
14860.00000027794,3,159,0.018518518518518517,-5.933987481481481
14880.000000278376,3,159,0.018518518518518517,-5.933987481481481
14900.000000278813,3,159,0.018518518518518517,-5.933987481481481
14920.00000027925,3,159,0.018518518518518517,-5.933987481481481
14920.00000027925,5,157,0.030864197530864196,-9.889979135802468
14920.00000027925,5,157,0.030864197530864196,-9.889979135802468
14920.00000027925,4,158,0.024691358024691357,-7.911983308641974
14940.000000279686,4,158,0.024691358024691357,-7.911983308641974
14940.000000279686,5,157,0.030864197530864196,-9.889979135802468
14960.000000280123,5,157,0.030864197530864196,-9.889979135802468
14980.00000028056,5,157,0.030864197530864196,-9.889979135802468
14980.00000028056,3,159,0.018518518518518517,-5.933987481481481
14980.00000028056,5,157,0.030864197530864196,-9.889979135802468
14980.00000028056,3,159,0.018518518518518517,-5.933987481481481
14980.00000028056,0,162,0.0,0.0
15000.000000280996,0,162,0.0,0.0
15020.000000281432,0,162,0.0,0.0
15020.000000281432,3,159,0.018518518518518517,-5.933987481481481
15040.000000281869,3,159,0.018518518518518517,-5.933987481481481
15060.000000282305,3,159,0.018518518518518517,-5.933987481481481
15060.000000282305,4,158,0.024691358024691357,-7.911983308641974
15060.000000282305,5,157,0.030864197530864196,-9.889979135802468
15080.000000282742,5,157,0.030864197530864196,-9.889979135802468
15080.000000282742,3,159,0.018518518518518517,-5.933987481481481
15080.000000282742,4,158,0.024691358024691357,-7.911983308641974
15080.000000282742,1,161,0.006172839506172839,-1.9779958271604936
15100.000000283178,1,161,0.006172839506172839,-1.9779958271604936
15120.000000283615,1,161,0.006172839506172839,-1.9779958271604936
15140.000000284052,1,161,0.006172839506172839,-1.9779958271604936
15160.000000284488,1,161,0.006172839506172839,-1.9779958271604936
15180.000000284925,1,161,0.006172839506172839,-1.9779958271604936
15200.000000285361,1,161,0.006172839506172839,-1.9779958271604936
15220.000000285798,1,161,0.006172839506172839,-1.9779958271604936
15220.000000285798,3,159,0.018518518518518517,-5.933987481481481
15240.000000286234,3,159,0.018518518518518517,-5.933987481481481
15240.000000286234,0,162,0.0,0.0
15240.000000286234,2,160,0.012345679012345678,-3.955991654320987
15260.000000286671,2,160,0.012345679012345678,-3.955991654320987
15260.000000286671,3,159,0.018518518518518517,-5.933987481481481
15280.000000287107,3,159,0.018518518518518517,-5.933987481481481
15300.000000287544,3,159,0.018518518518518517,-5.933987481481481
15300.000000287544,0,162,0.0,0.0
15320.00000028798,0,162,0.0,0.0
15320.00000028798,2,160,0.012345679012345678,-3.955991654320987
15340.000000288417,2,160,0.012345679012345678,-3.955991654320987
15340.000000288417,2,160,0.012345679012345678,-3.955991654320987
15360.000000288854,2,160,0.012345679012345678,-3.955991654320987
15360.000000288854,5,157,0.030864197530864196,-9.889979135802468
15380.00000028929,5,157,0.030864197530864196,-9.889979135802468
15380.00000028929,2,160,0.012345679012345678,-3.955991654320987
15380.00000028929,2,160,0.012345679012345678,-3.955991654320987
15400.000000289727,2,160,0.012345679012345678,-3.955991654320987
15400.000000289727,5,157,0.030864197530864196,-9.889979135802468
15420.000000290163,5,157,0.030864197530864196,-9.889979135802468
15420.000000290163,4,158,0.024691358024691357,-7.911983308641974
15440.0000002906,4,158,0.024691358024691357,-7.911983308641974
15440.0000002906,3,159,0.018518518518518517,-5.933987481481481
15440.0000002906,5,157,0.030864197530864196,-9.889979135802468
15460.000000291036,5,157,0.030864197530864196,-9.889979135802468
15480.000000291473,5,157,0.030864197530864196,-9.889979135802468
15500.00000029191,5,157,0.030864197530864196,-9.889979135802468
15500.00000029191,3,159,0.018518518518518517,-5.933987481481481
15520.000000292346,3,159,0.018518518518518517,-5.933987481481481
15540.000000292783,3,159,0.018518518518518517,-5.933987481481481
15540.000000292783,2,160,0.012345679012345678,-3.955991654320987
15560.00000029322,2,160,0.012345679012345678,-3.955991654320987
15560.00000029322,2,160,0.012345679012345678,-3.955991654320987
15580.000000293656,2,160,0.012345679012345678,-3.955991654320987
15600.000000294092,2,160,0.012345679012345678,-3.955991654320987
15600.000000294092,2,160,0.012345679012345678,-3.955991654320987
15620.000000294529,2,160,0.012345679012345678,-3.955991654320987
15640.000000294966,2,160,0.012345679012345678,-3.955991654320987
15640.000000294966,3,159,0.018518518518518517,-5.933987481481481
15660.000000295402,3,159,0.018518518518518517,-5.933987481481481
15660.000000295402,4,158,0.024691358024691357,-7.911983308641974
15660.000000295402,3,159,0.018518518518518517,-5.933987481481481
15680.000000295839,3,159,0.018518518518518517,-5.933987481481481
15700.000000296275,3,159,0.018518518518518517,-5.933987481481481
15700.000000296275,2,160,0.012345679012345678,-3.955991654320987
15720.000000296712,2,160,0.012345679012345678,-3.955991654320987
15740.000000297148,2,160,0.012345679012345678,-3.955991654320987
15740.000000297148,2,160,0.012345679012345678,-3.955991654320987
15760.000000297585,2,160,0.012345679012345678,-3.955991654320987
15760.000000297585,1,161,0.006172839506172839,-1.9779958271604936
15780.000000298021,1,161,0.006172839506172839,-1.9779958271604936
15800.000000298458,1,161,0.006172839506172839,-1.9779958271604936
15820.000000298895,1,161,0.006172839506172839,-1.9779958271604936
15820.000000298895,6,156,0.037037037037037035,-11.867974962962961
15820.000000298895,3,159,0.018518518518518517,-5.933987481481481
15820.000000298895,1,161,0.006172839506172839,-1.9779958271604936
15840.000000299331,1,161,0.006172839506172839,-1.9779958271604936
15860.000000299768,1,161,0.006172839506172839,-1.9779958271604936
15880.000000300204,1,161,0.006172839506172839,-1.9779958271604936
15900.00000030064,1,161,0.006172839506172839,-1.9779958271604936
15920.000000301077,1,161,0.006172839506172839,-1.9779958271604936
15920.000000301077,3,159,0.018518518518518517,-5.933987481481481
15940.000000301514,3,159,0.018518518518518517,-5.933987481481481
15940.000000301514,2,160,0.012345679012345678,-3.955991654320987
15960.00000030195,2,160,0.012345679012345678,-3.955991654320987
15960.00000030195,5,157,0.030864197530864196,-9.889979135802468
15980.000000302387,5,157,0.030864197530864196,-9.889979135802468
16000.000000302824,5,157,0.030864197530864196,-9.889979135802468
16020.00000030326,5,157,0.030864197530864196,-9.889979135802468
16040.000000303697,5,157,0.030864197530864196,-9.889979135802468
16060.000000304133,5,157,0.030864197530864196,-9.889979135802468
16080.00000030457,5,157,0.030864197530864196,-9.889979135802468
16100.000000305006,5,157,0.030864197530864196,-9.889979135802468
16100.000000305006,4,158,0.024691358024691357,-7.911983308641974
16100.000000305006,3,159,0.018518518518518517,-5.933987481481481
16100.000000305006,1,161,0.006172839506172839,-1.9779958271604936
16120.000000305443,1,161,0.006172839506172839,-1.9779958271604936
16120.000000305443,4,158,0.024691358024691357,-7.911983308641974
16140.00000030588,4,158,0.024691358024691357,-7.911983308641974
16160.000000306316,4,158,0.024691358024691357,-7.911983308641974
16180.000000306753,4,158,0.024691358024691357,-7.911983308641974
16200.00000030719,4,158,0.024691358024691357,-7.911983308641974
16220.000000307626,4,158,0.024691358024691357,-7.911983308641974
16240.000000308062,4,158,0.024691358024691357,-7.911983308641974
16260.000000308499,4,158,0.024691358024691357,-7.911983308641974
16260.000000308499,1,161,0.006172839506172839,-1.9779958271604936
16260.000000308499,1,161,0.006172839506172839,-1.9779958271604936
16260.000000308499,4,158,0.024691358024691357,-7.911983308641974
16260.000000308499,0,162,0.0,0.0
16280.000000308935,0,162,0.0,0.0
16280.000000308935,4,158,0.024691358024691357,-7.911983308641974
16280.000000308935,3,159,0.018518518518518517,-5.933987481481481
16300.000000309372,3,159,0.018518518518518517,-5.933987481481481
16320.000000309808,3,159,0.018518518518518517,-5.933987481481481
16320.000000309808,3,159,0.018518518518518517,-5.933987481481481
16340.000000310245,3,159,0.018518518518518517,-5.933987481481481
16340.000000310245,3,159,0.018518518518518517,-5.933987481481481
16360.000000310682,3,159,0.018518518518518517,-5.933987481481481
16380.000000311118,3,159,0.018518518518518517,-5.933987481481481
16400.000000308642,3,159,0.018518518518518517,-5.933987481481481
16420.00000030544,3,159,0.018518518518518517,-5.933987481481481
16420.00000030544,3,159,0.018518518518518517,-5.933987481481481
16420.00000030544,4,158,0.024691358024691357,-7.911983308641974
16440.00000030224,4,158,0.024691358024691357,-7.911983308641974
16460.00000029904,4,158,0.024691358024691357,-7.911983308641974
16460.00000029904,3,159,0.018518518518518517,-5.933987481481481
16460.00000029904,4,158,0.024691358024691357,-7.911983308641974
16480.000000295837,4,158,0.024691358024691357,-7.911983308641974
16500.000000292635,4,158,0.024691358024691357,-7.911983308641974
16500.000000292635,5,157,0.030864197530864196,-9.889979135802468
16500.000000292635,3,159,0.018518518518518517,-5.933987481481481
16520.000000289434,3,159,0.018518518518518517,-5.933987481481481
16540.000000286233,3,159,0.018518518518518517,-5.933987481481481
16540.000000286233,4,158,0.024691358024691357,-7.911983308641974
16540.000000286233,3,159,0.018518518518518517,-5.933987481481481
16560.00000028303,3,159,0.018518518518518517,-5.933987481481481
16580.00000027983,3,159,0.018518518518518517,-5.933987481481481
16580.00000027983,7,155,0.043209876543209874,-13.845970790123456
16600.00000027663,7,155,0.043209876543209874,-13.845970790123456
16620.000000273427,7,155,0.043209876543209874,-13.845970790123456
16640.000000270225,7,155,0.043209876543209874,-13.845970790123456
16660.000000267024,7,155,0.043209876543209874,-13.845970790123456
16660.000000267024,5,157,0.030864197530864196,-9.889979135802468
16680.000000263823,5,157,0.030864197530864196,-9.889979135802468
16680.000000263823,4,158,0.024691358024691357,-7.911983308641974
16700.00000026062,4,158,0.024691358024691357,-7.911983308641974
16720.00000025742,4,158,0.024691358024691357,-7.911983308641974
16740.00000025422,4,158,0.024691358024691357,-7.911983308641974
16740.00000025422,1,161,0.006172839506172839,-1.9779958271604936
16740.00000025422,4,158,0.024691358024691357,-7.911983308641974
16760.000000251017,4,158,0.024691358024691357,-7.911983308641974
16760.000000251017,3,159,0.018518518518518517,-5.933987481481481
16760.000000251017,4,158,0.024691358024691357,-7.911983308641974
16760.000000251017,4,158,0.024691358024691357,-7.911983308641974
16780.000000247815,4,158,0.024691358024691357,-7.911983308641974
16780.000000247815,4,158,0.024691358024691357,-7.911983308641974
16800.000000244614,4,158,0.024691358024691357,-7.911983308641974
16820.000000241413,4,158,0.024691358024691357,-7.911983308641974
16820.000000241413,3,159,0.018518518518518517,-5.933987481481481
16840.00000023821,3,159,0.018518518518518517,-5.933987481481481
16860.00000023501,3,159,0.018518518518518517,-5.933987481481481
16880.00000023181,3,159,0.018518518518518517,-5.933987481481481
16880.00000023181,3,159,0.018518518518518517,-5.933987481481481
16880.00000023181,2,160,0.012345679012345678,-3.955991654320987
16900.000000228607,2,160,0.012345679012345678,-3.955991654320987
16900.000000228607,3,159,0.018518518518518517,-5.933987481481481
16920.000000225406,3,159,0.018518518518518517,-5.933987481481481
16940.000000222204,3,159,0.018518518518518517,-5.933987481481481
16940.000000222204,2,160,0.012345679012345678,-3.955991654320987
16960.000000219003,2,160,0.012345679012345678,-3.955991654320987
16980.0000002158,2,160,0.012345679012345678,-3.955991654320987
17000.0000002126,2,160,0.012345679012345678,-3.955991654320987
17000.0000002126,2,160,0.012345679012345678,-3.955991654320987
17020.0000002094,2,160,0.012345679012345678,-3.955991654320987
17020.0000002094,4,158,0.024691358024691357,-7.911983308641974
17020.0000002094,2,160,0.012345679012345678,-3.955991654320987
17040.000000206197,2,160,0.012345679012345678,-3.955991654320987
17040.000000206197,3,159,0.018518518518518517,-5.933987481481481
17060.000000202996,3,159,0.018518518518518517,-5.933987481481481
17080.000000199794,3,159,0.018518518518518517,-5.933987481481481
17080.000000199794,1,161,0.006172839506172839,-1.9779958271604936
17080.000000199794,3,159,0.018518518518518517,-5.933987481481481
17100.000000196593,3,159,0.018518518518518517,-5.933987481481481
17120.00000019339,3,159,0.018518518518518517,-5.933987481481481
17140.00000019019,3,159,0.018518518518518517,-5.933987481481481
17160.00000018699,3,159,0.018518518518518517,-5.933987481481481
17180.000000183787,3,159,0.018518518518518517,-5.933987481481481
17200.000000180586,3,159,0.018518518518518517,-5.933987481481481
17200.000000180586,3,159,0.018518518518518517,-5.933987481481481
17220.000000177384,3,159,0.018518518518518517,-5.933987481481481
17240.000000174183,3,159,0.018518518518518517,-5.933987481481481
17240.000000174183,4,158,0.024691358024691357,-7.911983308641974
17240.000000174183,6,156,0.037037037037037035,-11.867974962962961
17260.00000017098,6,156,0.037037037037037035,-11.867974962962961
17280.00000016778,6,156,0.037037037037037035,-11.867974962962961
17280.00000016778,5,157,0.030864197530864196,-9.889979135802468
17300.00000016458,5,157,0.030864197530864196,-9.889979135802468
17320.000000161377,5,157,0.030864197530864196,-9.889979135802468
17320.000000161377,2,160,0.012345679012345678,-3.955991654320987
17340.000000158176,2,160,0.012345679012345678,-3.955991654320987
17360.000000154974,2,160,0.012345679012345678,-3.955991654320987
17380.000000151773,2,160,0.012345679012345678,-3.955991654320987
17400.00000014857,2,160,0.012345679012345678,-3.955991654320987
17420.00000014537,2,160,0.012345679012345678,-3.955991654320987
17420.00000014537,3,159,0.018518518518518517,-5.933987481481481
17440.00000014217,3,159,0.018518518518518517,-5.933987481481481
17460.000000138967,3,159,0.018518518518518517,-5.933987481481481
17480.000000135766,3,159,0.018518518518518517,-5.933987481481481
17480.000000135766,5,157,0.030864197530864196,-9.889979135802468
17500.000000132564,5,157,0.030864197530864196,-9.889979135802468
17520.000000129363,5,157,0.030864197530864196,-9.889979135802468
17520.000000129363,4,158,0.024691358024691357,-7.911983308641974
17540.00000012616,4,158,0.024691358024691357,-7.911983308641974
17560.00000012296,4,158,0.024691358024691357,-7.911983308641974
17580.00000011976,4,158,0.024691358024691357,-7.911983308641974
17600.000000116557,4,158,0.024691358024691357,-7.911983308641974
17620.000000113356,4,158,0.024691358024691357,-7.911983308641974
17620.000000113356,3,159,0.018518518518518517,-5.933987481481481
17640.000000110154,3,159,0.018518518518518517,-5.933987481481481
17660.000000106953,3,159,0.018518518518518517,-5.933987481481481
17680.00000010375,3,159,0.018518518518518517,-5.933987481481481
17700.00000010055,3,159,0.018518518518518517,-5.933987481481481
17720.00000009735,3,159,0.018518518518518517,-5.933987481481481
17720.00000009735,3,159,0.018518518518518517,-5.933987481481481
17740.000000094147,3,159,0.018518518518518517,-5.933987481481481
17740.000000094147,4,158,0.024691358024691357,-7.911983308641974
17760.000000090946,4,158,0.024691358024691357,-7.911983308641974
17780.000000087744,4,158,0.024691358024691357,-7.911983308641974
17800.000000084543,4,158,0.024691358024691357,-7.911983308641974
17820.00000008134,4,158,0.024691358024691357,-7.911983308641974
17840.00000007814,4,158,0.024691358024691357,-7.911983308641974
17860.00000007494,4,158,0.024691358024691357,-7.911983308641974
17860.00000007494,3,159,0.018518518518518517,-5.933987481481481
17880.000000071737,3,159,0.018518518518518517,-5.933987481481481
17900.000000068536,3,159,0.018518518518518517,-5.933987481481481
17920.000000065334,3,159,0.018518518518518517,-5.933987481481481
17940.000000062133,3,159,0.018518518518518517,-5.933987481481481
17960.00000005893,3,159,0.018518518518518517,-5.933987481481481
17980.00000005573,3,159,0.018518518518518517,-5.933987481481481
18000.00000005253,3,159,0.018518518518518517,-5.933987481481481
18000.00000005253,3,159,0.018518518518518517,-5.933987481481481
18000.00000005253,1,161,0.006172839506172839,-1.9779958271604936
18020.000000049327,1,161,0.006172839506172839,-1.9779958271604936
18040.000000046126,1,161,0.006172839506172839,-1.9779958271604936
18040.000000046126,2,160,0.012345679012345678,-3.955991654320987
18060.000000042925,2,160,0.012345679012345678,-3.955991654320987
18080.000000039723,2,160,0.012345679012345678,-3.955991654320987
18100.00000003652,2,160,0.012345679012345678,-3.955991654320987
18120.00000003332,2,160,0.012345679012345678,-3.955991654320987
18140.00000003012,2,160,0.012345679012345678,-3.955991654320987
18160.000000026917,2,160,0.012345679012345678,-3.955991654320987
18180.000000023716,2,160,0.012345679012345678,-3.955991654320987
18200.000000020515,2,160,0.012345679012345678,-3.955991654320987
18200.000000020515,5,157,0.030864197530864196,-9.889979135802468
18220.000000017313,5,157,0.030864197530864196,-9.889979135802468
18240.00000001411,5,157,0.030864197530864196,-9.889979135802468
18260.00000001091,5,157,0.030864197530864196,-9.889979135802468
18260.00000001091,3,159,0.018518518518518517,-5.933987481481481
18260.00000001091,4,158,0.024691358024691357,-7.911983308641974
18260.00000001091,4,158,0.024691358024691357,-7.911983308641974
18280.00000000771,4,158,0.024691358024691357,-7.911983308641974
18280.00000000771,3,159,0.018518518518518517,-5.933987481481481
18280.00000000771,1,161,0.006172839506172839,-1.9779958271604936
18300.000000004507,1,161,0.006172839506172839,-1.9779958271604936
18320.000000001306,1,161,0.006172839506172839,-1.9779958271604936
18339.999999998105,1,161,0.006172839506172839,-1.9779958271604936
18339.999999998105,1,161,0.006172839506172839,-1.9779958271604936
18359.999999994903,1,161,0.006172839506172839,-1.9779958271604936
18379.9999999917,1,161,0.006172839506172839,-1.9779958271604936
18379.9999999917,3,159,0.018518518518518517,-5.933987481481481
18379.9999999917,2,160,0.012345679012345678,-3.955991654320987
18379.9999999917,3,159,0.018518518518518517,-5.933987481481481
18379.9999999917,5,157,0.030864197530864196,-9.889979135802468
18399.9999999885,5,157,0.030864197530864196,-9.889979135802468
18399.9999999885,2,160,0.012345679012345678,-3.955991654320987
18419.9999999853,2,160,0.012345679012345678,-3.955991654320987
18419.9999999853,1,161,0.006172839506172839,-1.9779958271604936
18439.999999982098,1,161,0.006172839506172839,-1.9779958271604936
18439.999999982098,3,159,0.018518518518518517,-5.933987481481481
18439.999999982098,5,157,0.030864197530864196,-9.889979135802468
18439.999999982098,4,158,0.024691358024691357,-7.911983308641974
18459.999999978896,4,158,0.024691358024691357,-7.911983308641974
18479.999999975695,4,158,0.024691358024691357,-7.911983308641974
18479.999999975695,6,156,0.037037037037037035,-11.867974962962961
18499.999999972493,6,156,0.037037037037037035,-11.867974962962961
18499.999999972493,4,158,0.024691358024691357,-7.911983308641974
18519.999999969292,4,158,0.024691358024691357,-7.911983308641974
18519.999999969292,3,159,0.018518518518518517,-5.933987481481481
18539.99999996609,3,159,0.018518518518518517,-5.933987481481481
18539.99999996609,3,159,0.018518518518518517,-5.933987481481481
18539.99999996609,2,160,0.012345679012345678,-3.955991654320987
18559.99999996289,2,160,0.012345679012345678,-3.955991654320987
18579.999999959688,2,160,0.012345679012345678,-3.955991654320987
18599.999999956486,2,160,0.012345679012345678,-3.955991654320987
18619.999999953285,2,160,0.012345679012345678,-3.955991654320987
18639.999999950083,2,160,0.012345679012345678,-3.955991654320987
18639.999999950083,2,160,0.012345679012345678,-3.955991654320987
18659.999999946882,2,160,0.012345679012345678,-3.955991654320987
18679.99999994368,2,160,0.012345679012345678,-3.955991654320987
18699.99999994048,2,160,0.012345679012345678,-3.955991654320987
18719.999999937278,2,160,0.012345679012345678,-3.955991654320987
18739.999999934076,2,160,0.012345679012345678,-3.955991654320987
18739.999999934076,1,161,0.006172839506172839,-1.9779958271604936
18739.999999934076,2,160,0.012345679012345678,-3.955991654320987
18759.999999930875,2,160,0.012345679012345678,-3.955991654320987
18779.999999927673,2,160,0.012345679012345678,-3.955991654320987
18779.999999927673,3,159,0.018518518518518517,-5.933987481481481
18799.999999924472,3,159,0.018518518518518517,-5.933987481481481
18819.99999992127,3,159,0.018518518518518517,-5.933987481481481
18839.99999991807,3,159,0.018518518518518517,-5.933987481481481
18859.999999914868,3,159,0.018518518518518517,-5.933987481481481
18859.999999914868,1,161,0.006172839506172839,-1.9779958271604936
18859.999999914868,3,159,0.018518518518518517,-5.933987481481481
18879.999999911666,3,159,0.018518518518518517,-5.933987481481481
18899.999999908465,3,159,0.018518518518518517,-5.933987481481481
18899.999999908465,5,157,0.030864197530864196,-9.889979135802468
18899.999999908465,6,156,0.037037037037037035,-11.867974962962961
18899.999999908465,3,159,0.018518518518518517,-5.933987481481481
18899.999999908465,3,159,0.018518518518518517,-5.933987481481481
18919.999999905263,3,159,0.018518518518518517,-5.933987481481481
18919.999999905263,2,160,0.012345679012345678,-3.955991654320987
18919.999999905263,2,160,0.012345679012345678,-3.955991654320987
18939.999999902062,2,160,0.012345679012345678,-3.955991654320987
18939.999999902062,2,160,0.012345679012345678,-3.955991654320987
18959.99999989886,2,160,0.012345679012345678,-3.955991654320987
18979.99999989566,2,160,0.012345679012345678,-3.955991654320987
18999.999999892458,2,160,0.012345679012345678,-3.955991654320987
19019.999999889256,2,160,0.012345679012345678,-3.955991654320987
19039.999999886055,2,160,0.012345679012345678,-3.955991654320987
19059.999999882853,2,160,0.012345679012345678,-3.955991654320987
19079.999999879652,2,160,0.012345679012345678,-3.955991654320987
19099.99999987645,2,160,0.012345679012345678,-3.955991654320987
19119.99999987325,2,160,0.012345679012345678,-3.955991654320987
19139.999999870048,2,160,0.012345679012345678,-3.955991654320987
19139.999999870048,3,159,0.018518518518518517,-5.933987481481481
19159.999999866846,3,159,0.018518518518518517,-5.933987481481481
19179.999999863645,3,159,0.018518518518518517,-5.933987481481481
19179.999999863645,1,161,0.006172839506172839,-1.9779958271604936
19179.999999863645,2,160,0.012345679012345678,-3.955991654320987
19179.999999863645,2,160,0.012345679012345678,-3.955991654320987
19199.999999860443,2,160,0.012345679012345678,-3.955991654320987
19219.999999857242,2,160,0.012345679012345678,-3.955991654320987
19219.999999857242,6,156,0.037037037037037035,-11.867974962962961
19239.99999985404,6,156,0.037037037037037035,-11.867974962962961
19259.99999985084,6,156,0.037037037037037035,-11.867974962962961
19279.999999847638,6,156,0.037037037037037035,-11.867974962962961
19279.999999847638,3,159,0.018518518518518517,-5.933987481481481
19299.999999844436,3,159,0.018518518518518517,-5.933987481481481
19299.999999844436,5,157,0.030864197530864196,-9.889979135802468
19299.999999844436,3,159,0.018518518518518517,-5.933987481481481
19319.999999841235,3,159,0.018518518518518517,-5.933987481481481
19319.999999841235,4,158,0.024691358024691357,-7.911983308641974
19319.999999841235,2,160,0.012345679012345678,-3.955991654320987
19319.999999841235,5,157,0.030864197530864196,-9.889979135802468
19339.999999838034,5,157,0.030864197530864196,-9.889979135802468
19339.999999838034,7,155,0.043209876543209874,-13.845970790123456
19359.999999834832,7,155,0.043209876543209874,-13.845970790123456
19359.999999834832,5,157,0.030864197530864196,-9.889979135802468
19379.99999983163,5,157,0.030864197530864196,-9.889979135802468
19399.99999982843,5,157,0.030864197530864196,-9.889979135802468
19399.99999982843,4,158,0.024691358024691357,-7.911983308641974
19399.99999982843,4,158,0.024691358024691357,-7.911983308641974
19419.999999825228,4,158,0.024691358024691357,-7.911983308641974
19439.999999822026,4,158,0.024691358024691357,-7.911983308641974
19459.999999818825,4,158,0.024691358024691357,-7.911983308641974
19459.999999818825,2,160,0.012345679012345678,-3.955991654320987
19459.999999818825,3,159,0.018518518518518517,-5.933987481481481
19459.999999818825,5,157,0.030864197530864196,-9.889979135802468
19479.999999815624,5,157,0.030864197530864196,-9.889979135802468
19499.999999812422,5,157,0.030864197530864196,-9.889979135802468
19499.999999812422,3,159,0.018518518518518517,-5.933987481481481
19499.999999812422,6,156,0.037037037037037035,-11.867974962962961
19519.99999980922,6,156,0.037037037037037035,-11.867974962962961
19519.99999980922,3,159,0.018518518518518517,-5.933987481481481
19539.99999980602,3,159,0.018518518518518517,-5.933987481481481
19559.999999802818,3,159,0.018518518518518517,-5.933987481481481
19579.999999799616,3,159,0.018518518518518517,-5.933987481481481
19599.999999796415,3,159,0.018518518518518517,-5.933987481481481
19619.999999793214,3,159,0.018518518518518517,-5.933987481481481
19639.999999790012,3,159,0.018518518518518517,-5.933987481481481
19659.99999978681,3,159,0.018518518518518517,-5.933987481481481
19659.99999978681,6,156,0.037037037037037035,-11.867974962962961
19679.99999978361,6,156,0.037037037037037035,-11.867974962962961
19699.999999780408,6,156,0.037037037037037035,-11.867974962962961
19719.999999777207,6,156,0.037037037037037035,-11.867974962962961
19739.999999774005,6,156,0.037037037037037035,-11.867974962962961
19739.999999774005,4,158,0.024691358024691357,-7.911983308641974
19759.999999770804,4,158,0.024691358024691357,-7.911983308641974
19759.999999770804,3,159,0.018518518518518517,-5.933987481481481
19759.999999770804,2,160,0.012345679012345678,-3.955991654320987
19779.999999767602,2,160,0.012345679012345678,-3.955991654320987
19799.9999997644,2,160,0.012345679012345678,-3.955991654320987
19819.9999997612,2,160,0.012345679012345678,-3.955991654320987
19839.999999757998,2,160,0.012345679012345678,-3.955991654320987
19839.999999757998,2,160,0.012345679012345678,-3.955991654320987
19859.999999754797,2,160,0.012345679012345678,-3.955991654320987
19879.999999751595,2,160,0.012345679012345678,-3.955991654320987
19899.999999748394,2,160,0.012345679012345678,-3.955991654320987
19919.999999745192,2,160,0.012345679012345678,-3.955991654320987
19939.99999974199,2,160,0.012345679012345678,-3.955991654320987
19959.99999973879,2,160,0.012345679012345678,-3.955991654320987
19979.999999735588,2,160,0.012345679012345678,-3.955991654320987
19999.999999732387,2,160,0.012345679012345678,-3.955991654320987
19999.999999732387,2,160,0.012345679012345678,-3.955991654320987
19999.999999732387,1,161,0.006172839506172839,-1.9779958271604936
20019.999999729185,1,161,0.006172839506172839,-1.9779958271604936
20039.999999725984,1,161,0.006172839506172839,-1.9779958271604936
20039.999999725984,0,162,0.0,0.0
20059.999999722782,0,162,0.0,0.0
20079.99999971958,0,162,0.0,0.0
20099.99999971638,0,162,0.0,0.0
20099.99999971638,5,157,0.030864197530864196,-9.889979135802468
20119.999999713178,5,157,0.030864197530864196,-9.889979135802468
20119.999999713178,5,157,0.030864197530864196,-9.889979135802468
20119.999999713178,3,159,0.018518518518518517,-5.933987481481481
20119.999999713178,2,160,0.012345679012345678,-3.955991654320987
20119.999999713178,5,157,0.030864197530864196,-9.889979135802468
20139.999999709977,5,157,0.030864197530864196,-9.889979135802468
20159.999999706775,5,157,0.030864197530864196,-9.889979135802468
20159.999999706775,2,160,0.012345679012345678,-3.955991654320987
20159.999999706775,5,157,0.030864197530864196,-9.889979135802468
20179.999999703574,5,157,0.030864197530864196,-9.889979135802468
20179.999999703574,3,159,0.018518518518518517,-5.933987481481481
20199.999999700372,3,159,0.018518518518518517,-5.933987481481481
20219.99999969717,3,159,0.018518518518518517,-5.933987481481481
20239.99999969397,3,159,0.018518518518518517,-5.933987481481481
20259.999999690768,3,159,0.018518518518518517,-5.933987481481481
20279.999999687567,3,159,0.018518518518518517,-5.933987481481481
20299.999999684365,3,159,0.018518518518518517,-5.933987481481481
20319.999999681164,3,159,0.018518518518518517,-5.933987481481481
20339.999999677962,3,159,0.018518518518518517,-5.933987481481481
20359.99999967476,3,159,0.018518518518518517,-5.933987481481481
20359.99999967476,3,159,0.018518518518518517,-5.933987481481481
20379.99999967156,3,159,0.018518518518518517,-5.933987481481481
20399.99999966836,3,159,0.018518518518518517,-5.933987481481481
20419.999999665157,3,159,0.018518518518518517,-5.933987481481481
20439.999999661955,3,159,0.018518518518518517,-5.933987481481481
20439.999999661955,6,156,0.037037037037037035,-11.867974962962961
20459.999999658754,6,156,0.037037037037037035,-11.867974962962961
20459.999999658754,2,160,0.012345679012345678,-3.955991654320987
20479.999999655553,2,160,0.012345679012345678,-3.955991654320987
20499.99999965235,2,160,0.012345679012345678,-3.955991654320987
20519.99999964915,2,160,0.012345679012345678,-3.955991654320987
20539.99999964595,2,160,0.012345679012345678,-3.955991654320987
20559.999999642747,2,160,0.012345679012345678,-3.955991654320987
20579.999999639545,2,160,0.012345679012345678,-3.955991654320987
20599.999999636344,2,160,0.012345679012345678,-3.955991654320987
20619.999999633143,2,160,0.012345679012345678,-3.955991654320987
20619.999999633143,3,159,0.018518518518518517,-5.933987481481481
20639.99999962994,3,159,0.018518518518518517,-5.933987481481481
20659.99999962674,3,159,0.018518518518518517,-5.933987481481481
20679.99999962354,3,159,0.018518518518518517,-5.933987481481481
20699.999999620337,3,159,0.018518518518518517,-5.933987481481481
20719.999999617135,3,159,0.018518518518518517,-5.933987481481481
20719.999999617135,4,158,0.024691358024691357,-7.911983308641974
20719.999999617135,5,157,0.030864197530864196,-9.889979135802468
20739.999999613934,5,157,0.030864197530864196,-9.889979135802468
20759.999999610733,5,157,0.030864197530864196,-9.889979135802468
20779.99999960753,5,157,0.030864197530864196,-9.889979135802468
20779.99999960753,3,159,0.018518518518518517,-5.933987481481481
20799.99999960433,3,159,0.018518518518518517,-5.933987481481481
20819.99999960113,3,159,0.018518518518518517,-5.933987481481481
20839.999999597927,3,159,0.018518518518518517,-5.933987481481481
20839.999999597927,1,161,0.006172839506172839,-1.9779958271604936
20859.999999594726,1,161,0.006172839506172839,-1.9779958271604936
20879.999999591524,1,161,0.006172839506172839,-1.9779958271604936
20879.999999591524,2,160,0.012345679012345678,-3.955991654320987
20899.999999588323,2,160,0.012345679012345678,-3.955991654320987
20899.999999588323,5,157,0.030864197530864196,-9.889979135802468
20919.99999958512,5,157,0.030864197530864196,-9.889979135802468
20919.99999958512,4,158,0.024691358024691357,-7.911983308641974
20919.99999958512,6,156,0.037037037037037035,-11.867974962962961
20939.99999958192,6,156,0.037037037037037035,-11.867974962962961
20939.99999958192,4,158,0.024691358024691357,-7.911983308641974
20959.99999957872,4,158,0.024691358024691357,-7.911983308641974
20959.99999957872,3,159,0.018518518518518517,-5.933987481481481
20979.999999575517,3,159,0.018518518518518517,-5.933987481481481
20979.999999575517,3,159,0.018518518518518517,-5.933987481481481
20999.999999572316,3,159,0.018518518518518517,-5.933987481481481
20999.999999572316,3,159,0.018518518518518517,-5.933987481481481
21019.999999569114,3,159,0.018518518518518517,-5.933987481481481
21019.999999569114,2,160,0.012345679012345678,-3.955991654320987
21019.999999569114,5,157,0.030864197530864196,-9.889979135802468
21039.999999565913,5,157,0.030864197530864196,-9.889979135802468
21039.999999565913,7,155,0.043209876543209874,-13.845970790123456
21039.999999565913,3,159,0.018518518518518517,-5.933987481481481
21059.99999956271,3,159,0.018518518518518517,-5.933987481481481
21079.99999955951,3,159,0.018518518518518517,-5.933987481481481
21099.99999955631,3,159,0.018518518518518517,-5.933987481481481
21119.999999553107,3,159,0.018518518518518517,-5.933987481481481
21139.999999549906,3,159,0.018518518518518517,-5.933987481481481
21159.999999546704,3,159,0.018518518518518517,-5.933987481481481
21179.999999543503,3,159,0.018518518518518517,-5.933987481481481
21199.9999995403,3,159,0.018518518518518517,-5.933987481481481
21219.9999995371,3,159,0.018518518518518517,-5.933987481481481
21219.9999995371,2,160,0.012345679012345678,-3.955991654320987
21219.9999995371,2,160,0.012345679012345678,-3.955991654320987
21239.9999995339,2,160,0.012345679012345678,-3.955991654320987
21239.9999995339,5,157,0.030864197530864196,-9.889979135802468
21239.9999995339,2,160,0.012345679012345678,-3.955991654320987
21239.9999995339,3,159,0.018518518518518517,-5.933987481481481
21259.999999530697,3,159,0.018518518518518517,-5.933987481481481
21279.999999527496,3,159,0.018518518518518517,-5.933987481481481
21279.999999527496,5,157,0.030864197530864196,-9.889979135802468
21279.999999527496,2,160,0.012345679012345678,-3.955991654320987
21279.999999527496,4,158,0.024691358024691357,-7.911983308641974
21279.999999527496,2,160,0.012345679012345678,-3.955991654320987
21299.999999524294,2,160,0.012345679012345678,-3.955991654320987
21319.999999521093,2,160,0.012345679012345678,-3.955991654320987
21339.99999951789,2,160,0.012345679012345678,-3.955991654320987
21359.99999951469,2,160,0.012345679012345678,-3.955991654320987
21359.99999951469,4,158,0.024691358024691357,-7.911983308641974
21379.99999951149,4,158,0.024691358024691357,-7.911983308641974
21399.999999508287,4,158,0.024691358024691357,-7.911983308641974
21399.999999508287,5,157,0.030864197530864196,-9.889979135802468
21419.999999505086,5,157,0.030864197530864196,-9.889979135802468
21419.999999505086,1,161,0.006172839506172839,-1.9779958271604936
21419.999999505086,4,158,0.024691358024691357,-7.911983308641974
21439.999999501884,4,158,0.024691358024691357,-7.911983308641974
21459.999999498683,4,158,0.024691358024691357,-7.911983308641974
21479.99999949548,4,158,0.024691358024691357,-7.911983308641974
21499.99999949228,4,158,0.024691358024691357,-7.911983308641974
21519.99999948908,4,158,0.024691358024691357,-7.911983308641974
21539.999999485877,4,158,0.024691358024691357,-7.911983308641974
21539.999999485877,6,156,0.037037037037037035,-11.867974962962961
21559.999999482676,6,156,0.037037037037037035,-11.867974962962961
21559.999999482676,4,158,0.024691358024691357,-7.911983308641974
21579.999999479474,4,158,0.024691358024691357,-7.911983308641974
21599.999999476273,4,158,0.024691358024691357,-7.911983308641974
21599.999999476273,4,158,0.024691358024691357,-7.911983308641974
21619.99999947307,4,158,0.024691358024691357,-7.911983308641974
21639.99999946987,4,158,0.024691358024691357,-7.911983308641974
21639.99999946987,4,158,0.024691358024691357,-7.911983308641974
21639.99999946987,4,158,0.024691358024691357,-7.911983308641974
21639.99999946987,4,158,0.024691358024691357,-7.911983308641974
21659.99999946667,4,158,0.024691358024691357,-7.911983308641974
21679.999999463467,4,158,0.024691358024691357,-7.911983308641974
21679.999999463467,3,159,0.018518518518518517,-5.933987481481481
21679.999999463467,2,160,0.012345679012345678,-3.955991654320987
21699.999999460266,2,160,0.012345679012345678,-3.955991654320987
21699.999999460266,1,161,0.006172839506172839,-1.9779958271604936
21719.999999457064,1,161,0.006172839506172839,-1.9779958271604936
21739.999999453863,1,161,0.006172839506172839,-1.9779958271604936
21759.99999945066,1,161,0.006172839506172839,-1.9779958271604936
21779.99999944746,1,161,0.006172839506172839,-1.9779958271604936
21799.99999944426,1,161,0.006172839506172839,-1.9779958271604936
21819.999999441057,1,161,0.006172839506172839,-1.9779958271604936
21839.999999437856,1,161,0.006172839506172839,-1.9779958271604936
21839.999999437856,4,158,0.024691358024691357,-7.911983308641974
21839.999999437856,2,160,0.012345679012345678,-3.955991654320987
21839.999999437856,3,159,0.018518518518518517,-5.933987481481481
21839.999999437856,2,160,0.012345679012345678,-3.955991654320987
21859.999999434654,2,160,0.012345679012345678,-3.955991654320987
21879.999999431453,2,160,0.012345679012345678,-3.955991654320987
21879.999999431453,2,160,0.012345679012345678,-3.955991654320987
21899.99999942825,2,160,0.012345679012345678,-3.955991654320987
21919.99999942505,2,160,0.012345679012345678,-3.955991654320987
21939.99999942185,2,160,0.012345679012345678,-3.955991654320987
21939.99999942185,2,160,0.012345679012345678,-3.955991654320987
21959.999999418647,2,160,0.012345679012345678,-3.955991654320987
21959.999999418647,1,161,0.006172839506172839,-1.9779958271604936
21979.999999415446,1,161,0.006172839506172839,-1.9779958271604936
21979.999999415446,3,159,0.018518518518518517,-5.933987481481481
21979.999999415446,1,161,0.006172839506172839,-1.9779958271604936
21979.999999415446,1,161,0.006172839506172839,-1.9779958271604936
21999.999999412245,1,161,0.006172839506172839,-1.9779958271604936
22019.999999409043,1,161,0.006172839506172839,-1.9779958271604936
22019.999999409043,3,159,0.018518518518518517,-5.933987481481481
22039.99999940584,3,159,0.018518518518518517,-5.933987481481481
22059.99999940264,3,159,0.018518518518518517,-5.933987481481481
22079.99999939944,3,159,0.018518518518518517,-5.933987481481481
22079.99999939944,3,159,0.018518518518518517,-5.933987481481481
22099.999999396237,3,159,0.018518518518518517,-5.933987481481481
22099.999999396237,0,162,0.0,0.0
22119.999999393036,0,162,0.0,0.0
22139.999999389835,0,162,0.0,0.0
22139.999999389835,2,160,0.012345679012345678,-3.955991654320987
22159.999999386633,2,160,0.012345679012345678,-3.955991654320987
22179.99999938343,2,160,0.012345679012345678,-3.955991654320987
22179.99999938343,0,162,0.0,0.0
22179.99999938343,1,161,0.006172839506172839,-1.9779958271604936
22199.99999938023,1,161,0.006172839506172839,-1.9779958271604936
22199.99999938023,1,161,0.006172839506172839,-1.9779958271604936
22199.99999938023,3,159,0.018518518518518517,-5.933987481481481
22199.99999938023,0,162,0.0,0.0
22219.99999937703,0,162,0.0,0.0
22239.999999373827,0,162,0.0,0.0
22239.999999373827,1,161,0.006172839506172839,-1.9779958271604936
22239.999999373827,1,161,0.006172839506172839,-1.9779958271604936
22259.999999370626,1,161,0.006172839506172839,-1.9779958271604936
22279.999999367425,1,161,0.006172839506172839,-1.9779958271604936
22299.999999364223,1,161,0.006172839506172839,-1.9779958271604936
22319.99999936102,1,161,0.006172839506172839,-1.9779958271604936
22339.99999935782,1,161,0.006172839506172839,-1.9779958271604936
22359.99999935462,1,161,0.006172839506172839,-1.9779958271604936
22359.99999935462,4,158,0.024691358024691357,-7.911983308641974
22379.999999351418,4,158,0.024691358024691357,-7.911983308641974
22379.999999351418,5,157,0.030864197530864196,-9.889979135802468
22399.999999348216,5,157,0.030864197530864196,-9.889979135802468
22419.999999345015,5,157,0.030864197530864196,-9.889979135802468
22439.999999341813,5,157,0.030864197530864196,-9.889979135802468
22459.99999933861,5,157,0.030864197530864196,-9.889979135802468
22459.99999933861,5,157,0.030864197530864196,-9.889979135802468
22459.99999933861,2,160,0.012345679012345678,-3.955991654320987
22479.99999933541,2,160,0.012345679012345678,-3.955991654320987
22499.99999933221,2,160,0.012345679012345678,-3.955991654320987
22519.999999329008,2,160,0.012345679012345678,-3.955991654320987
22519.999999329008,6,156,0.037037037037037035,-11.867974962962961
22519.999999329008,5,157,0.030864197530864196,-9.889979135802468
22539.999999325806,5,157,0.030864197530864196,-9.889979135802468
22539.999999325806,4,158,0.024691358024691357,-7.911983308641974
22539.999999325806,3,159,0.018518518518518517,-5.933987481481481
22559.999999322605,3,159,0.018518518518518517,-5.933987481481481
22579.999999319403,3,159,0.018518518518518517,-5.933987481481481
22579.999999319403,3,159,0.018518518518518517,-5.933987481481481
22579.999999319403,4,158,0.024691358024691357,-7.911983308641974
22599.999999316202,4,158,0.024691358024691357,-7.911983308641974
22619.999999313,4,158,0.024691358024691357,-7.911983308641974
22639.9999993098,4,158,0.024691358024691357,-7.911983308641974
22659.999999306598,4,158,0.024691358024691357,-7.911983308641974
22659.999999306598,5,157,0.030864197530864196,-9.889979135802468
22679.999999303396,5,157,0.030864197530864196,-9.889979135802468
22679.999999303396,1,161,0.006172839506172839,-1.9779958271604936
22679.999999303396,2,160,0.012345679012345678,-3.955991654320987
22699.999999300195,2,160,0.012345679012345678,-3.955991654320987
22719.999999296993,2,160,0.012345679012345678,-3.955991654320987
22739.999999293792,2,160,0.012345679012345678,-3.955991654320987
22739.999999293792,2,160,0.012345679012345678,-3.955991654320987
22759.99999929059,2,160,0.012345679012345678,-3.955991654320987
22759.99999929059,3,159,0.018518518518518517,-5.933987481481481
22759.99999929059,4,158,0.024691358024691357,-7.911983308641974
22779.99999928739,4,158,0.024691358024691357,-7.911983308641974
22779.99999928739,1,161,0.006172839506172839,-1.9779958271604936
22779.99999928739,3,159,0.018518518518518517,-5.933987481481481
22799.999999284188,3,159,0.018518518518518517,-5.933987481481481
22819.999999280986,3,159,0.018518518518518517,-5.933987481481481
22819.999999280986,4,158,0.024691358024691357,-7.911983308641974
22819.999999280986,4,158,0.024691358024691357,-7.911983308641974
22839.999999277785,4,158,0.024691358024691357,-7.911983308641974
22859.999999274583,4,158,0.024691358024691357,-7.911983308641974
22879.999999271382,4,158,0.024691358024691357,-7.911983308641974
22879.999999271382,6,156,0.037037037037037035,-11.867974962962961
22899.99999926818,6,156,0.037037037037037035,-11.867974962962961
22919.99999926498,6,156,0.037037037037037035,-11.867974962962961
22919.99999926498,4,158,0.024691358024691357,-7.911983308641974
22939.999999261778,4,158,0.024691358024691357,-7.911983308641974
22939.999999261778,2,160,0.012345679012345678,-3.955991654320987
22959.999999258576,2,160,0.012345679012345678,-3.955991654320987
22959.999999258576,7,155,0.043209876543209874,-13.845970790123456
22979.999999255375,7,155,0.043209876543209874,-13.845970790123456
22979.999999255375,3,159,0.018518518518518517,-5.933987481481481
22979.999999255375,4,158,0.024691358024691357,-7.911983308641974
22999.999999252173,4,158,0.024691358024691357,-7.911983308641974
23019.999999248972,4,158,0.024691358024691357,-7.911983308641974
23039.99999924577,4,158,0.024691358024691357,-7.911983308641974
23059.99999924257,4,158,0.024691358024691357,-7.911983308641974
23059.99999924257,2,160,0.012345679012345678,-3.955991654320987
23059.99999924257,2,160,0.012345679012345678,-3.955991654320987
23079.999999239368,2,160,0.012345679012345678,-3.955991654320987
23079.999999239368,4,158,0.024691358024691357,-7.911983308641974
23079.999999239368,2,160,0.012345679012345678,-3.955991654320987
23079.999999239368,5,157,0.030864197530864196,-9.889979135802468
23099.999999236166,5,157,0.030864197530864196,-9.889979135802468
23119.999999232965,5,157,0.030864197530864196,-9.889979135802468
23139.999999229763,5,157,0.030864197530864196,-9.889979135802468
23159.999999226562,5,157,0.030864197530864196,-9.889979135802468
23179.99999922336,5,157,0.030864197530864196,-9.889979135802468
23199.99999922016,5,157,0.030864197530864196,-9.889979135802468
23219.999999216958,5,157,0.030864197530864196,-9.889979135802468
23219.999999216958,4,158,0.024691358024691357,-7.911983308641974
23239.999999213756,4,158,0.024691358024691357,-7.911983308641974
23259.999999210555,4,158,0.024691358024691357,-7.911983308641974
23279.999999207354,4,158,0.024691358024691357,-7.911983308641974
23299.999999204152,4,158,0.024691358024691357,-7.911983308641974
23319.99999920095,4,158,0.024691358024691357,-7.911983308641974
23339.99999919775,4,158,0.024691358024691357,-7.911983308641974
23359.999999194548,4,158,0.024691358024691357,-7.911983308641974
23379.999999191346,4,158,0.024691358024691357,-7.911983308641974
23399.999999188145,4,158,0.024691358024691357,-7.911983308641974
23419.999999184944,4,158,0.024691358024691357,-7.911983308641974
23419.999999184944,3,159,0.018518518518518517,-5.933987481481481
23439.999999181742,3,159,0.018518518518518517,-5.933987481481481
23459.99999917854,3,159,0.018518518518518517,-5.933987481481481
23479.99999917534,3,159,0.018518518518518517,-5.933987481481481
23499.999999172138,3,159,0.018518518518518517,-5.933987481481481
23519.999999168936,3,159,0.018518518518518517,-5.933987481481481
23539.999999165735,3,159,0.018518518518518517,-5.933987481481481
23539.999999165735,5,157,0.030864197530864196,-9.889979135802468
23559.999999162534,5,157,0.030864197530864196,-9.889979135802468
23579.999999159332,5,157,0.030864197530864196,-9.889979135802468
23579.999999159332,4,158,0.024691358024691357,-7.911983308641974
23579.999999159332,0,162,0.0,0.0
23599.99999915613,0,162,0.0,0.0
23619.99999915293,0,162,0.0,0.0
23639.999999149728,0,162,0.0,0.0
23659.999999146527,0,162,0.0,0.0
23679.999999143325,0,162,0.0,0.0
23699.999999140124,0,162,0.0,0.0
23699.999999140124,2,160,0.012345679012345678,-3.955991654320987
23719.999999136922,2,160,0.012345679012345678,-3.955991654320987
23739.99999913372,2,160,0.012345679012345678,-3.955991654320987
23759.99999913052,2,160,0.012345679012345678,-3.955991654320987
23759.99999913052,3,159,0.018518518518518517,-5.933987481481481
23779.999999127318,3,159,0.018518518518518517,-5.933987481481481
23779.999999127318,4,158,0.024691358024691357,-7.911983308641974
23799.999999124117,4,158,0.024691358024691357,-7.911983308641974
23819.999999120915,4,158,0.024691358024691357,-7.911983308641974
23839.999999117714,4,158,0.024691358024691357,-7.911983308641974
23859.999999114512,4,158,0.024691358024691357,-7.911983308641974
23879.99999911131,4,158,0.024691358024691357,-7.911983308641974
23899.99999910811,4,158,0.024691358024691357,-7.911983308641974
23919.999999104908,4,158,0.024691358024691357,-7.911983308641974
23919.999999104908,5,157,0.030864197530864196,-9.889979135802468
23939.999999101707,5,157,0.030864197530864196,-9.889979135802468
23959.999999098505,5,157,0.030864197530864196,-9.889979135802468
23979.999999095304,5,157,0.030864197530864196,-9.889979135802468
23979.999999095304,1,161,0.006172839506172839,-1.9779958271604936
23979.999999095304,4,158,0.024691358024691357,-7.911983308641974
23999.999999092102,4,158,0.024691358024691357,-7.911983308641974
24019.9999990889,4,158,0.024691358024691357,-7.911983308641974
24039.9999990857,4,158,0.024691358024691357,-7.911983308641974
24039.9999990857,3,159,0.018518518518518517,-5.933987481481481
24039.9999990857,4,158,0.024691358024691357,-7.911983308641974
24059.999999082498,4,158,0.024691358024691357,-7.911983308641974
24079.999999079297,4,158,0.024691358024691357,-7.911983308641974
24099.999999076095,4,158,0.024691358024691357,-7.911983308641974
24119.999999072894,4,158,0.024691358024691357,-7.911983308641974
24119.999999072894,5,157,0.030864197530864196,-9.889979135802468
24139.999999069692,5,157,0.030864197530864196,-9.889979135802468
24159.99999906649,5,157,0.030864197530864196,-9.889979135802468
24159.99999906649,2,160,0.012345679012345678,-3.955991654320987
24159.99999906649,2,160,0.012345679012345678,-3.955991654320987
24179.99999906329,2,160,0.012345679012345678,-3.955991654320987
24179.99999906329,3,159,0.018518518518518517,-5.933987481481481
24199.999999060088,3,159,0.018518518518518517,-5.933987481481481
24199.999999060088,6,156,0.037037037037037035,-11.867974962962961
24199.999999060088,6,156,0.037037037037037035,-11.867974962962961
24219.999999056887,6,156,0.037037037037037035,-11.867974962962961
24219.999999056887,4,158,0.024691358024691357,-7.911983308641974
24219.999999056887,3,159,0.018518518518518517,-5.933987481481481
24239.999999053685,3,159,0.018518518518518517,-5.933987481481481
24259.999999050484,3,159,0.018518518518518517,-5.933987481481481
24259.999999050484,2,160,0.012345679012345678,-3.955991654320987
24279.999999047282,2,160,0.012345679012345678,-3.955991654320987
24299.99999904408,2,160,0.012345679012345678,-3.955991654320987
24299.99999904408,3,159,0.018518518518518517,-5.933987481481481
24299.99999904408,5,157,0.030864197530864196,-9.889979135802468
24319.99999904088,5,157,0.030864197530864196,-9.889979135802468
24339.99999903768,5,157,0.030864197530864196,-9.889979135802468
24359.999999034477,5,157,0.030864197530864196,-9.889979135802468
24379.999999031275,5,157,0.030864197530864196,-9.889979135802468
24399.999999028074,5,157,0.030864197530864196,-9.889979135802468
24399.999999028074,4,158,0.024691358024691357,-7.911983308641974
24419.999999024873,4,158,0.024691358024691357,-7.911983308641974
24439.99999902167,4,158,0.024691358024691357,-7.911983308641974
24459.99999901847,4,158,0.024691358024691357,-7.911983308641974
24459.99999901847,4,158,0.024691358024691357,-7.911983308641974
24479.99999901527,4,158,0.024691358024691357,-7.911983308641974
24499.999999012067,4,158,0.024691358024691357,-7.911983308641974
24519.999999008865,4,158,0.024691358024691357,-7.911983308641974
24539.999999005664,4,158,0.024691358024691357,-7.911983308641974
24559.999999002463,4,158,0.024691358024691357,-7.911983308641974
24579.99999899926,4,158,0.024691358024691357,-7.911983308641974
24599.99999899606,4,158,0.024691358024691357,-7.911983308641974
24619.99999899286,4,158,0.024691358024691357,-7.911983308641974
24639.999998989657,4,158,0.024691358024691357,-7.911983308641974
24659.999998986455,4,158,0.024691358024691357,-7.911983308641974
24679.999998983254,4,158,0.024691358024691357,-7.911983308641974
24699.999998980053,4,158,0.024691358024691357,-7.911983308641974
24719.99999897685,4,158,0.024691358024691357,-7.911983308641974
24739.99999897365,4,158,0.024691358024691357,-7.911983308641974
24739.99999897365,0,162,0.0,0.0
24759.99999897045,0,162,0.0,0.0
24779.999998967247,0,162,0.0,0.0
24799.999998964046,0,162,0.0,0.0
24799.999998964046,5,157,0.030864197530864196,-9.889979135802468
24799.999998964046,2,160,0.012345679012345678,-3.955991654320987
24819.999998960844,2,160,0.012345679012345678,-3.955991654320987
24839.999998957643,2,160,0.012345679012345678,-3.955991654320987
24859.99999895444,2,160,0.012345679012345678,-3.955991654320987
24879.99999895124,2,160,0.012345679012345678,-3.955991654320987
24899.99999894804,2,160,0.012345679012345678,-3.955991654320987
24899.99999894804,3,159,0.018518518518518517,-5.933987481481481
24919.999998944837,3,159,0.018518518518518517,-5.933987481481481
24919.999998944837,2,160,0.012345679012345678,-3.955991654320987
24939.999998941636,2,160,0.012345679012345678,-3.955991654320987
24939.999998941636,5,157,0.030864197530864196,-9.889979135802468
24939.999998941636,3,159,0.018518518518518517,-5.933987481481481
24959.999998938434,3,159,0.018518518518518517,-5.933987481481481
24979.999998935233,3,159,0.018518518518518517,-5.933987481481481
24999.99999893203,3,159,0.018518518518518517,-5.933987481481481
25019.99999892883,3,159,0.018518518518518517,-5.933987481481481
25039.99999892563,3,159,0.018518518518518517,-5.933987481481481
25059.999998922427,3,159,0.018518518518518517,-5.933987481481481
25079.999998919226,3,159,0.018518518518518517,-5.933987481481481
25079.999998919226,3,159,0.018518518518518517,-5.933987481481481
25099.999998916024,3,159,0.018518518518518517,-5.933987481481481
25099.999998916024,2,160,0.012345679012345678,-3.955991654320987
25119.999998912823,2,160,0.012345679012345678,-3.955991654320987
25119.999998912823,3,159,0.018518518518518517,-5.933987481481481
25139.99999890962,3,159,0.018518518518518517,-5.933987481481481
25159.99999890642,3,159,0.018518518518518517,-5.933987481481481
25159.99999890642,3,159,0.018518518518518517,-5.933987481481481
25179.99999890322,3,159,0.018518518518518517,-5.933987481481481
25179.99999890322,3,159,0.018518518518518517,-5.933987481481481
25199.999998900017,3,159,0.018518518518518517,-5.933987481481481
25219.999998896816,3,159,0.018518518518518517,-5.933987481481481
25239.999998893614,3,159,0.018518518518518517,-5.933987481481481
25239.999998893614,4,158,0.024691358024691357,-7.911983308641974
25259.999998890413,4,158,0.024691358024691357,-7.911983308641974
25259.999998890413,5,157,0.030864197530864196,-9.889979135802468
25259.999998890413,3,159,0.018518518518518517,-5.933987481481481
25279.99999888721,3,159,0.018518518518518517,-5.933987481481481
25299.99999888401,3,159,0.018518518518518517,-5.933987481481481
25299.99999888401,0,162,0.0,0.0
25319.99999888081,0,162,0.0,0.0
25339.999998877607,0,162,0.0,0.0
25359.999998874406,0,162,0.0,0.0
25379.999998871204,0,162,0.0,0.0
25399.999998868003,0,162,0.0,0.0
25419.9999988648,0,162,0.0,0.0
25419.9999988648,6,156,0.037037037037037035,-11.867974962962961
25439.9999988616,6,156,0.037037037037037035,-11.867974962962961
25459.9999988584,6,156,0.037037037037037035,-11.867974962962961
25459.9999988584,2,160,0.012345679012345678,-3.955991654320987
25459.9999988584,4,158,0.024691358024691357,-7.911983308641974
25459.9999988584,4,158,0.024691358024691357,-7.911983308641974
25479.999998855197,4,158,0.024691358024691357,-7.911983308641974
25479.999998855197,2,160,0.012345679012345678,-3.955991654320987
25499.999998851996,2,160,0.012345679012345678,-3.955991654320987
25519.999998848794,2,160,0.012345679012345678,-3.955991654320987
25539.999998845593,2,160,0.012345679012345678,-3.955991654320987
25559.99999884239,2,160,0.012345679012345678,-3.955991654320987
25559.99999884239,3,159,0.018518518518518517,-5.933987481481481
25579.99999883919,3,159,0.018518518518518517,-5.933987481481481
25579.99999883919,2,160,0.012345679012345678,-3.955991654320987
25579.99999883919,4,158,0.024691358024691357,-7.911983308641974
25599.99999883599,4,158,0.024691358024691357,-7.911983308641974
25619.999998832787,4,158,0.024691358024691357,-7.911983308641974
25639.999998829586,4,158,0.024691358024691357,-7.911983308641974
25659.999998826384,4,158,0.024691358024691357,-7.911983308641974
25679.999998823183,4,158,0.024691358024691357,-7.911983308641974
25679.999998823183,1,161,0.006172839506172839,-1.9779958271604936
25699.99999881998,1,161,0.006172839506172839,-1.9779958271604936
25719.99999881678,1,161,0.006172839506172839,-1.9779958271604936
25719.99999881678,3,159,0.018518518518518517,-5.933987481481481
25739.99999881358,3,159,0.018518518518518517,-5.933987481481481
25739.99999881358,3,159,0.018518518518518517,-5.933987481481481
25759.999998810377,3,159,0.018518518518518517,-5.933987481481481
25779.999998807176,3,159,0.018518518518518517,-5.933987481481481
25799.999998803974,3,159,0.018518518518518517,-5.933987481481481
25819.999998800773,3,159,0.018518518518518517,-5.933987481481481
25839.99999879757,3,159,0.018518518518518517,-5.933987481481481
25839.99999879757,3,159,0.018518518518518517,-5.933987481481481
25859.99999879437,3,159,0.018518518518518517,-5.933987481481481
25859.99999879437,4,158,0.024691358024691357,-7.911983308641974
25879.99999879117,4,158,0.024691358024691357,-7.911983308641974
25899.999998787967,4,158,0.024691358024691357,-7.911983308641974
25919.999998784766,4,158,0.024691358024691357,-7.911983308641974
25919.999998784766,2,160,0.012345679012345678,-3.955991654320987
25939.999998781564,2,160,0.012345679012345678,-3.955991654320987
25959.999998778363,2,160,0.012345679012345678,-3.955991654320987
25959.999998778363,5,157,0.030864197530864196,-9.889979135802468
25979.99999877516,5,157,0.030864197530864196,-9.889979135802468
25979.99999877516,2,160,0.012345679012345678,-3.955991654320987
25999.99999877196,2,160,0.012345679012345678,-3.955991654320987
25999.99999877196,5,157,0.030864197530864196,-9.889979135802468
25999.99999877196,2,160,0.012345679012345678,-3.955991654320987
25999.99999877196,4,158,0.024691358024691357,-7.911983308641974
26019.99999876876,4,158,0.024691358024691357,-7.911983308641974
26039.999998765557,4,158,0.024691358024691357,-7.911983308641974
26039.999998765557,7,155,0.043209876543209874,-13.845970790123456
26059.999998762356,7,155,0.043209876543209874,-13.845970790123456
26079.999998759155,7,155,0.043209876543209874,-13.845970790123456
26079.999998759155,4,158,0.024691358024691357,-7.911983308641974
26099.999998755953,4,158,0.024691358024691357,-7.911983308641974
26119.99999875275,4,158,0.024691358024691357,-7.911983308641974
26139.99999874955,4,158,0.024691358024691357,-7.911983308641974
26159.99999874635,4,158,0.024691358024691357,-7.911983308641974
26179.999998743147,4,158,0.024691358024691357,-7.911983308641974
26179.999998743147,7,155,0.043209876543209874,-13.845970790123456
26199.999998739946,7,155,0.043209876543209874,-13.845970790123456
26199.999998739946,5,157,0.030864197530864196,-9.889979135802468
26199.999998739946,5,157,0.030864197530864196,-9.889979135802468
26199.999998739946,3,159,0.018518518518518517,-5.933987481481481
26219.999998736745,3,159,0.018518518518518517,-5.933987481481481
26219.999998736745,5,157,0.030864197530864196,-9.889979135802468
26239.999998733543,5,157,0.030864197530864196,-9.889979135802468
26259.99999873034,5,157,0.030864197530864196,-9.889979135802468
26259.99999873034,5,157,0.030864197530864196,-9.889979135802468
26279.99999872714,5,157,0.030864197530864196,-9.889979135802468
26279.99999872714,3,159,0.018518518518518517,-5.933987481481481
26299.99999872394,3,159,0.018518518518518517,-5.933987481481481
26299.99999872394,3,159,0.018518518518518517,-5.933987481481481
26319.999998720737,3,159,0.018518518518518517,-5.933987481481481
26319.999998720737,3,159,0.018518518518518517,-5.933987481481481
26339.999998717536,3,159,0.018518518518518517,-5.933987481481481
26359.999998714335,3,159,0.018518518518518517,-5.933987481481481
26379.999998711133,3,159,0.018518518518518517,-5.933987481481481
26399.99999870793,3,159,0.018518518518518517,-5.933987481481481
26419.99999870473,3,159,0.018518518518518517,-5.933987481481481
26439.99999870153,3,159,0.018518518518518517,-5.933987481481481
26459.999998698328,3,159,0.018518518518518517,-5.933987481481481
26479.999998695126,3,159,0.018518518518518517,-5.933987481481481
26499.999998691925,3,159,0.018518518518518517,-5.933987481481481
26499.999998691925,4,158,0.024691358024691357,-7.911983308641974
26499.999998691925,4,158,0.024691358024691357,-7.911983308641974
26499.999998691925,4,158,0.024691358024691357,-7.911983308641974
26499.999998691925,4,158,0.024691358024691357,-7.911983308641974
26519.999998688723,4,158,0.024691358024691357,-7.911983308641974
26539.999998685522,4,158,0.024691358024691357,-7.911983308641974
26559.99999868232,4,158,0.024691358024691357,-7.911983308641974
26559.99999868232,4,158,0.024691358024691357,-7.911983308641974
26559.99999868232,3,159,0.018518518518518517,-5.933987481481481
26579.99999867912,3,159,0.018518518518518517,-5.933987481481481
26599.999998675918,3,159,0.018518518518518517,-5.933987481481481
26619.999998672716,3,159,0.018518518518518517,-5.933987481481481
26639.999998669515,3,159,0.018518518518518517,-5.933987481481481
26659.999998666313,3,159,0.018518518518518517,-5.933987481481481
26679.999998663112,3,159,0.018518518518518517,-5.933987481481481
26679.999998663112,3,159,0.018518518518518517,-5.933987481481481
26699.99999865991,3,159,0.018518518518518517,-5.933987481481481
26699.99999865991,3,159,0.018518518518518517,-5.933987481481481
26699.99999865991,0,162,0.0,0.0
26699.99999865991,1,161,0.006172839506172839,-1.9779958271604936
26699.99999865991,2,160,0.012345679012345678,-3.955991654320987
26699.99999865991,4,158,0.024691358024691357,-7.911983308641974
26699.99999865991,1,161,0.006172839506172839,-1.9779958271604936
26699.99999865991,2,160,0.012345679012345678,-3.955991654320987
26719.99999865671,2,160,0.012345679012345678,-3.955991654320987
26719.99999865671,3,159,0.018518518518518517,-5.933987481481481
26719.99999865671,2,160,0.012345679012345678,-3.955991654320987
26719.99999865671,2,160,0.012345679012345678,-3.955991654320987
26719.99999865671,0,162,0.0,0.0
26739.999998653508,0,162,0.0,0.0
26759.999998650306,0,162,0.0,0.0
26779.999998647105,0,162,0.0,0.0
26799.999998643903,0,162,0.0,0.0
26799.999998643903,2,160,0.012345679012345678,-3.955991654320987
26819.999998640702,2,160,0.012345679012345678,-3.955991654320987
26839.9999986375,2,160,0.012345679012345678,-3.955991654320987
26859.9999986343,2,160,0.012345679012345678,-3.955991654320987
26879.999998631098,2,160,0.012345679012345678,-3.955991654320987
26879.999998631098,2,160,0.012345679012345678,-3.955991654320987
26879.999998631098,2,160,0.012345679012345678,-3.955991654320987
26899.999998627896,2,160,0.012345679012345678,-3.955991654320987
26919.999998624695,2,160,0.012345679012345678,-3.955991654320987
26939.999998621493,2,160,0.012345679012345678,-3.955991654320987
26959.999998618292,2,160,0.012345679012345678,-3.955991654320987
26979.99999861509,2,160,0.012345679012345678,-3.955991654320987
26979.99999861509,3,159,0.018518518518518517,-5.933987481481481
26999.99999861189,3,159,0.018518518518518517,-5.933987481481481
27019.999998608688,3,159,0.018518518518518517,-5.933987481481481
27039.999998605486,3,159,0.018518518518518517,-5.933987481481481
27039.999998605486,3,159,0.018518518518518517,-5.933987481481481
27039.999998605486,3,159,0.018518518518518517,-5.933987481481481
27039.999998605486,0,162,0.0,0.0
27059.999998602285,0,162,0.0,0.0
27059.999998602285,4,158,0.024691358024691357,-7.911983308641974
27079.999998599083,4,158,0.024691358024691357,-7.911983308641974
27099.999998595882,4,158,0.024691358024691357,-7.911983308641974
27119.99999859268,4,158,0.024691358024691357,-7.911983308641974
27139.99999858948,4,158,0.024691358024691357,-7.911983308641974
27139.99999858948,3,159,0.018518518518518517,-5.933987481481481
27139.99999858948,4,158,0.024691358024691357,-7.911983308641974
27159.999998586278,4,158,0.024691358024691357,-7.911983308641974
27159.999998586278,3,159,0.018518518518518517,-5.933987481481481
27159.999998586278,6,156,0.037037037037037035,-11.867974962962961
27159.999998586278,2,160,0.012345679012345678,-3.955991654320987
27179.999998583076,2,160,0.012345679012345678,-3.955991654320987
27199.999998579875,2,160,0.012345679012345678,-3.955991654320987
27219.999998576674,2,160,0.012345679012345678,-3.955991654320987
27219.999998576674,2,160,0.012345679012345678,-3.955991654320987
27239.999998573472,2,160,0.012345679012345678,-3.955991654320987
27259.99999857027,2,160,0.012345679012345678,-3.955991654320987
27279.99999856707,2,160,0.012345679012345678,-3.955991654320987
27299.999998563868,2,160,0.012345679012345678,-3.955991654320987
27299.999998563868,5,157,0.030864197530864196,-9.889979135802468
27299.999998563868,4,158,0.024691358024691357,-7.911983308641974
27299.999998563868,5,157,0.030864197530864196,-9.889979135802468
27299.999998563868,2,160,0.012345679012345678,-3.955991654320987
27319.999998560666,2,160,0.012345679012345678,-3.955991654320987
27339.999998557465,2,160,0.012345679012345678,-3.955991654320987
27359.999998554264,2,160,0.012345679012345678,-3.955991654320987
27379.999998551062,2,160,0.012345679012345678,-3.955991654320987
27399.99999854786,2,160,0.012345679012345678,-3.955991654320987
27399.99999854786,4,158,0.024691358024691357,-7.911983308641974
27419.99999854466,4,158,0.024691358024691357,-7.911983308641974
27419.99999854466,2,160,0.012345679012345678,-3.955991654320987
27439.999998541458,2,160,0.012345679012345678,-3.955991654320987
27459.999998538256,2,160,0.012345679012345678,-3.955991654320987
27479.999998535055,2,160,0.012345679012345678,-3.955991654320987
27499.999998531854,2,160,0.012345679012345678,-3.955991654320987
27519.999998528652,2,160,0.012345679012345678,-3.955991654320987
27539.99999852545,2,160,0.012345679012345678,-3.955991654320987
27559.99999852225,2,160,0.012345679012345678,-3.955991654320987
27579.999998519048,2,160,0.012345679012345678,-3.955991654320987
27599.999998515847,2,160,0.012345679012345678,-3.955991654320987
27599.999998515847,1,161,0.006172839506172839,-1.9779958271604936
27599.999998515847,3,159,0.018518518518518517,-5.933987481481481
27619.999998512645,3,159,0.018518518518518517,-5.933987481481481
27619.999998512645,0,162,0.0,0.0
27619.999998512645,3,159,0.018518518518518517,-5.933987481481481
27619.999998512645,2,160,0.012345679012345678,-3.955991654320987
27639.999998509444,2,160,0.012345679012345678,-3.955991654320987
27659.999998506242,2,160,0.012345679012345678,-3.955991654320987
27659.999998506242,2,160,0.012345679012345678,-3.955991654320987
27679.99999850304,2,160,0.012345679012345678,-3.955991654320987
27679.99999850304,3,159,0.018518518518518517,-5.933987481481481
27679.99999850304,2,160,0.012345679012345678,-3.955991654320987
27699.99999849984,2,160,0.012345679012345678,-3.955991654320987
27719.999998496638,2,160,0.012345679012345678,-3.955991654320987
27739.999998493437,2,160,0.012345679012345678,-3.955991654320987
27759.999998490235,2,160,0.012345679012345678,-3.955991654320987
27779.999998487034,2,160,0.012345679012345678,-3.955991654320987
27799.999998483832,2,160,0.012345679012345678,-3.955991654320987
27819.99999848063,2,160,0.012345679012345678,-3.955991654320987
27839.99999847743,2,160,0.012345679012345678,-3.955991654320987
27839.99999847743,2,160,0.012345679012345678,-3.955991654320987
27859.999998474228,2,160,0.012345679012345678,-3.955991654320987
27859.999998474228,4,158,0.024691358024691357,-7.911983308641974
27859.999998474228,2,160,0.012345679012345678,-3.955991654320987
27879.999998471027,2,160,0.012345679012345678,-3.955991654320987
27879.999998471027,4,158,0.024691358024691357,-7.911983308641974
27899.999998467825,4,158,0.024691358024691357,-7.911983308641974
27899.999998467825,5,157,0.030864197530864196,-9.889979135802468
27919.999998464624,5,157,0.030864197530864196,-9.889979135802468
27939.999998461422,5,157,0.030864197530864196,-9.889979135802468
27959.99999845822,5,157,0.030864197530864196,-9.889979135802468
27979.99999845502,5,157,0.030864197530864196,-9.889979135802468
27999.999998451818,5,157,0.030864197530864196,-9.889979135802468
28019.999998448617,5,157,0.030864197530864196,-9.889979135802468
28039.999998445415,5,157,0.030864197530864196,-9.889979135802468
28059.999998442214,5,157,0.030864197530864196,-9.889979135802468
28079.999998439012,5,157,0.030864197530864196,-9.889979135802468
28099.99999843581,5,157,0.030864197530864196,-9.889979135802468
28119.99999843261,5,157,0.030864197530864196,-9.889979135802468
28139.999998429408,5,157,0.030864197530864196,-9.889979135802468
28139.999998429408,1,161,0.006172839506172839,-1.9779958271604936
28159.999998426207,1,161,0.006172839506172839,-1.9779958271604936
28159.999998426207,3,159,0.018518518518518517,-5.933987481481481
28179.999998423005,3,159,0.018518518518518517,-5.933987481481481
28179.999998423005,3,159,0.018518518518518517,-5.933987481481481
28199.999998419804,3,159,0.018518518518518517,-5.933987481481481
28219.999998416602,3,159,0.018518518518518517,-5.933987481481481
28239.9999984134,3,159,0.018518518518518517,-5.933987481481481
28259.9999984102,3,159,0.018518518518518517,-5.933987481481481
28279.999998407,3,159,0.018518518518518517,-5.933987481481481
28299.999998403797,3,159,0.018518518518518517,-5.933987481481481
28299.999998403797,1,161,0.006172839506172839,-1.9779958271604936
28319.999998400595,1,161,0.006172839506172839,-1.9779958271604936
28339.999998397394,1,161,0.006172839506172839,-1.9779958271604936
28339.999998397394,2,160,0.012345679012345678,-3.955991654320987
28359.999998394193,2,160,0.012345679012345678,-3.955991654320987
28359.999998394193,3,159,0.018518518518518517,-5.933987481481481
28379.99999839099,3,159,0.018518518518518517,-5.933987481481481
28379.99999839099,3,159,0.018518518518518517,-5.933987481481481
28399.99999838779,3,159,0.018518518518518517,-5.933987481481481
28399.99999838779,3,159,0.018518518518518517,-5.933987481481481
28399.99999838779,2,160,0.012345679012345678,-3.955991654320987
28419.99999838459,2,160,0.012345679012345678,-3.955991654320987
28439.999998381387,2,160,0.012345679012345678,-3.955991654320987
28459.999998378185,2,160,0.012345679012345678,-3.955991654320987
28459.999998378185,3,159,0.018518518518518517,-5.933987481481481
28479.999998374984,3,159,0.018518518518518517,-5.933987481481481
28499.999998371783,3,159,0.018518518518518517,-5.933987481481481
28519.99999836858,3,159,0.018518518518518517,-5.933987481481481
28539.99999836538,3,159,0.018518518518518517,-5.933987481481481
28559.99999836218,3,159,0.018518518518518517,-5.933987481481481
28559.99999836218,4,158,0.024691358024691357,-7.911983308641974
28579.999998358977,4,158,0.024691358024691357,-7.911983308641974
28579.999998358977,6,156,0.037037037037037035,-11.867974962962961
28599.999998355775,6,156,0.037037037037037035,-11.867974962962961
28619.999998352574,6,156,0.037037037037037035,-11.867974962962961
28639.999998349373,6,156,0.037037037037037035,-11.867974962962961
28659.99999834617,6,156,0.037037037037037035,-11.867974962962961
28659.99999834617,2,160,0.012345679012345678,-3.955991654320987
28659.99999834617,5,157,0.030864197530864196,-9.889979135802468
28679.99999834297,5,157,0.030864197530864196,-9.889979135802468
28699.99999833977,5,157,0.030864197530864196,-9.889979135802468
28719.999998336567,5,157,0.030864197530864196,-9.889979135802468
28719.999998336567,5,157,0.030864197530864196,-9.889979135802468
28719.999998336567,4,158,0.024691358024691357,-7.911983308641974
28719.999998336567,2,160,0.012345679012345678,-3.955991654320987
28739.999998333366,2,160,0.012345679012345678,-3.955991654320987
28759.999998330164,2,160,0.012345679012345678,-3.955991654320987
28779.999998326963,2,160,0.012345679012345678,-3.955991654320987
28799.99999832376,2,160,0.012345679012345678,-3.955991654320987
28819.99999832056,2,160,0.012345679012345678,-3.955991654320987
28839.99999831736,2,160,0.012345679012345678,-3.955991654320987
28859.999998314157,2,160,0.012345679012345678,-3.955991654320987
28859.999998314157,5,157,0.030864197530864196,-9.889979135802468
28859.999998314157,5,157,0.030864197530864196,-9.889979135802468
28879.999998310956,5,157,0.030864197530864196,-9.889979135802468
28899.999998307754,5,157,0.030864197530864196,-9.889979135802468
28919.999998304553,5,157,0.030864197530864196,-9.889979135802468
28919.999998304553,3,159,0.018518518518518517,-5.933987481481481
28919.999998304553,5,157,0.030864197530864196,-9.889979135802468
28919.999998304553,4,158,0.024691358024691357,-7.911983308641974
28919.999998304553,2,160,0.012345679012345678,-3.955991654320987
28939.99999830135,2,160,0.012345679012345678,-3.955991654320987
28959.99999829815,2,160,0.012345679012345678,-3.955991654320987
28979.99999829495,2,160,0.012345679012345678,-3.955991654320987
28999.999998291747,2,160,0.012345679012345678,-3.955991654320987
28999.999998291747,3,159,0.018518518518518517,-5.933987481481481
29019.999998288546,3,159,0.018518518518518517,-5.933987481481481
29039.999998285344,3,159,0.018518518518518517,-5.933987481481481
29059.999998282143,3,159,0.018518518518518517,-5.933987481481481
29059.999998282143,3,159,0.018518518518518517,-5.933987481481481
29079.99999827894,3,159,0.018518518518518517,-5.933987481481481
29079.99999827894,4,158,0.024691358024691357,-7.911983308641974
29099.99999827574,4,158,0.024691358024691357,-7.911983308641974
29119.99999827254,4,158,0.024691358024691357,-7.911983308641974
29139.999998269337,4,158,0.024691358024691357,-7.911983308641974
29139.999998269337,4,158,0.024691358024691357,-7.911983308641974
29159.999998266136,4,158,0.024691358024691357,-7.911983308641974
29159.999998266136,4,158,0.024691358024691357,-7.911983308641974
29179.999998262934,4,158,0.024691358024691357,-7.911983308641974
29199.999998259733,4,158,0.024691358024691357,-7.911983308641974
29199.999998259733,4,158,0.024691358024691357,-7.911983308641974
29219.99999825653,4,158,0.024691358024691357,-7.911983308641974
29239.99999825333,4,158,0.024691358024691357,-7.911983308641974
29239.99999825333,2,160,0.012345679012345678,-3.955991654320987
29259.99999825013,2,160,0.012345679012345678,-3.955991654320987
29259.99999825013,1,161,0.006172839506172839,-1.9779958271604936
29279.999998246927,1,161,0.006172839506172839,-1.9779958271604936
29299.999998243726,1,161,0.006172839506172839,-1.9779958271604936
29319.999998240524,1,161,0.006172839506172839,-1.9779958271604936
29319.999998240524,2,160,0.012345679012345678,-3.955991654320987
29339.999998237323,2,160,0.012345679012345678,-3.955991654320987
29339.999998237323,3,159,0.018518518518518517,-5.933987481481481
29339.999998237323,6,156,0.037037037037037035,-11.867974962962961
29359.99999823412,6,156,0.037037037037037035,-11.867974962962961
29379.99999823092,6,156,0.037037037037037035,-11.867974962962961
29399.99999822772,6,156,0.037037037037037035,-11.867974962962961
29419.999998224517,6,156,0.037037037037037035,-11.867974962962961
29439.999998221316,6,156,0.037037037037037035,-11.867974962962961
29439.999998221316,4,158,0.024691358024691357,-7.911983308641974
29439.999998221316,4,158,0.024691358024691357,-7.911983308641974
29439.999998221316,5,157,0.030864197530864196,-9.889979135802468
29439.999998221316,2,160,0.012345679012345678,-3.955991654320987
29439.999998221316,2,160,0.012345679012345678,-3.955991654320987
29459.999998218114,2,160,0.012345679012345678,-3.955991654320987
29459.999998218114,3,159,0.018518518518518517,-5.933987481481481
29459.999998218114,4,158,0.024691358024691357,-7.911983308641974
29479.999998214913,4,158,0.024691358024691357,-7.911983308641974
29479.999998214913,1,161,0.006172839506172839,-1.9779958271604936
29499.99999821171,1,161,0.006172839506172839,-1.9779958271604936
29499.99999821171,4,158,0.024691358024691357,-7.911983308641974
29499.99999821171,3,159,0.018518518518518517,-5.933987481481481
29499.99999821171,3,159,0.018518518518518517,-5.933987481481481
29519.99999820851,3,159,0.018518518518518517,-5.933987481481481
29519.99999820851,2,160,0.012345679012345678,-3.955991654320987
29539.99999820531,2,160,0.012345679012345678,-3.955991654320987
29559.999998202107,2,160,0.012345679012345678,-3.955991654320987
29559.999998202107,2,160,0.012345679012345678,-3.955991654320987
29579.999998198906,2,160,0.012345679012345678,-3.955991654320987
29579.999998198906,1,161,0.006172839506172839,-1.9779958271604936
29599.999998195704,1,161,0.006172839506172839,-1.9779958271604936
29619.999998192503,1,161,0.006172839506172839,-1.9779958271604936
29619.999998192503,1,161,0.006172839506172839,-1.9779958271604936
29639.9999981893,1,161,0.006172839506172839,-1.9779958271604936
29659.9999981861,1,161,0.006172839506172839,-1.9779958271604936
29659.9999981861,2,160,0.012345679012345678,-3.955991654320987
29679.9999981829,2,160,0.012345679012345678,-3.955991654320987
29679.9999981829,3,159,0.018518518518518517,-5.933987481481481
29699.999998179697,3,159,0.018518518518518517,-5.933987481481481
29719.999998176496,3,159,0.018518518518518517,-5.933987481481481
29739.999998173294,3,159,0.018518518518518517,-5.933987481481481
29759.999998170093,3,159,0.018518518518518517,-5.933987481481481
29779.99999816689,3,159,0.018518518518518517,-5.933987481481481
29799.99999816369,3,159,0.018518518518518517,-5.933987481481481
29819.99999816049,3,159,0.018518518518518517,-5.933987481481481
29839.999998157287,3,159,0.018518518518518517,-5.933987481481481
29859.999998154086,3,159,0.018518518518518517,-5.933987481481481
29879.999998150884,3,159,0.018518518518518517,-5.933987481481481
29899.999998147683,3,159,0.018518518518518517,-5.933987481481481
29899.999998147683,3,159,0.018518518518518517,-5.933987481481481
29899.999998147683,3,159,0.018518518518518517,-5.933987481481481
29899.999998147683,3,159,0.018518518518518517,-5.933987481481481
29919.99999814448,3,159,0.018518518518518517,-5.933987481481481
29919.99999814448,2,160,0.012345679012345678,-3.955991654320987
29919.99999814448,6,156,0.037037037037037035,-11.867974962962961
29919.99999814448,2,160,0.012345679012345678,-3.955991654320987
29939.99999814128,2,160,0.012345679012345678,-3.955991654320987
29939.99999814128,3,159,0.018518518518518517,-5.933987481481481
29939.99999814128,3,159,0.018518518518518517,-5.933987481481481
29939.99999814128,5,157,0.030864197530864196,-9.889979135802468
29959.99999813808,5,157,0.030864197530864196,-9.889979135802468
29979.999998134877,5,157,0.030864197530864196,-9.889979135802468
29999.999998131676,5,157,0.030864197530864196,-9.889979135802468
30019.999998128475,5,157,0.030864197530864196,-9.889979135802468
30019.999998128475,3,159,0.018518518518518517,-5.933987481481481
30039.999998125273,3,159,0.018518518518518517,-5.933987481481481
30059.99999812207,3,159,0.018518518518518517,-5.933987481481481
30079.99999811887,3,159,0.018518518518518517,-5.933987481481481
30099.99999811567,3,159,0.018518518518518517,-5.933987481481481
30119.999998112467,3,159,0.018518518518518517,-5.933987481481481
30119.999998112467,3,159,0.018518518518518517,-5.933987481481481
30139.999998109266,3,159,0.018518518518518517,-5.933987481481481
30159.999998106065,3,159,0.018518518518518517,-5.933987481481481
30179.999998102863,3,159,0.018518518518518517,-5.933987481481481
30199.99999809966,3,159,0.018518518518518517,-5.933987481481481
30219.99999809646,3,159,0.018518518518518517,-5.933987481481481
30219.99999809646,5,157,0.030864197530864196,-9.889979135802468
30219.99999809646,3,159,0.018518518518518517,-5.933987481481481
30219.99999809646,3,159,0.018518518518518517,-5.933987481481481
30219.99999809646,4,158,0.024691358024691357,-7.911983308641974
30239.99999809326,4,158,0.024691358024691357,-7.911983308641974
30239.99999809326,2,160,0.012345679012345678,-3.955991654320987
30239.99999809326,2,160,0.012345679012345678,-3.955991654320987
30239.99999809326,2,160,0.012345679012345678,-3.955991654320987
30259.999998090057,2,160,0.012345679012345678,-3.955991654320987
30259.999998090057,1,161,0.006172839506172839,-1.9779958271604936
30259.999998090057,1,161,0.006172839506172839,-1.9779958271604936
30259.999998090057,0,162,0.0,0.0
30279.999998086856,0,162,0.0,0.0
30279.999998086856,2,160,0.012345679012345678,-3.955991654320987
30279.999998086856,1,161,0.006172839506172839,-1.9779958271604936
30279.999998086856,3,159,0.018518518518518517,-5.933987481481481
30299.999998083655,3,159,0.018518518518518517,-5.933987481481481
30299.999998083655,4,158,0.024691358024691357,-7.911983308641974
30319.999998080453,4,158,0.024691358024691357,-7.911983308641974
30339.99999807725,4,158,0.024691358024691357,-7.911983308641974
30359.99999807405,4,158,0.024691358024691357,-7.911983308641974
30359.99999807405,2,160,0.012345679012345678,-3.955991654320987
30379.99999807085,2,160,0.012345679012345678,-3.955991654320987
30399.999998067648,2,160,0.012345679012345678,-3.955991654320987
30399.999998067648,3,159,0.018518518518518517,-5.933987481481481
30399.999998067648,1,161,0.006172839506172839,-1.9779958271604936
30419.999998064446,1,161,0.006172839506172839,-1.9779958271604936
30419.999998064446,3,159,0.018518518518518517,-5.933987481481481
30419.999998064446,3,159,0.018518518518518517,-5.933987481481481
30439.999998061245,3,159,0.018518518518518517,-5.933987481481481
30459.999998058043,3,159,0.018518518518518517,-5.933987481481481
30479.999998054842,3,159,0.018518518518518517,-5.933987481481481
30499.99999805164,3,159,0.018518518518518517,-5.933987481481481
30519.99999804844,3,159,0.018518518518518517,-5.933987481481481
30519.99999804844,1,161,0.006172839506172839,-1.9779958271604936
30519.99999804844,2,160,0.012345679012345678,-3.955991654320987
30539.999998045238,2,160,0.012345679012345678,-3.955991654320987
30559.999998042036,2,160,0.012345679012345678,-3.955991654320987
30579.999998038835,2,160,0.012345679012345678,-3.955991654320987
30599.999998035633,2,160,0.012345679012345678,-3.955991654320987
30619.999998032432,2,160,0.012345679012345678,-3.955991654320987
30619.999998032432,4,158,0.024691358024691357,-7.911983308641974
30619.999998032432,4,158,0.024691358024691357,-7.911983308641974
30639.99999802923,4,158,0.024691358024691357,-7.911983308641974
30639.99999802923,5,157,0.030864197530864196,-9.889979135802468
30659.99999802603,5,157,0.030864197530864196,-9.889979135802468
30659.99999802603,3,159,0.018518518518518517,-5.933987481481481
30679.999998022828,3,159,0.018518518518518517,-5.933987481481481
30699.999998019626,3,159,0.018518518518518517,-5.933987481481481
30699.999998019626,3,159,0.018518518518518517,-5.933987481481481
30719.999998016425,3,159,0.018518518518518517,-5.933987481481481
30719.999998016425,4,158,0.024691358024691357,-7.911983308641974
30739.999998013223,4,158,0.024691358024691357,-7.911983308641974
30759.999998010022,4,158,0.024691358024691357,-7.911983308641974
30779.99999800682,4,158,0.024691358024691357,-7.911983308641974
30799.99999800362,4,158,0.024691358024691357,-7.911983308641974
30799.99999800362,4,158,0.024691358024691357,-7.911983308641974
30819.999998000418,4,158,0.024691358024691357,-7.911983308641974
30819.999998000418,1,161,0.006172839506172839,-1.9779958271604936
30819.999998000418,1,161,0.006172839506172839,-1.9779958271604936
30819.999998000418,4,158,0.024691358024691357,-7.911983308641974
30839.999997997216,4,158,0.024691358024691357,-7.911983308641974
30839.999997997216,2,160,0.012345679012345678,-3.955991654320987
30859.999997994015,2,160,0.012345679012345678,-3.955991654320987
30879.999997990813,2,160,0.012345679012345678,-3.955991654320987
30899.999997987612,2,160,0.012345679012345678,-3.955991654320987
30919.99999798441,2,160,0.012345679012345678,-3.955991654320987
30939.99999798121,2,160,0.012345679012345678,-3.955991654320987
30939.99999798121,2,160,0.012345679012345678,-3.955991654320987
30959.999997978008,2,160,0.012345679012345678,-3.955991654320987
30979.999997974806,2,160,0.012345679012345678,-3.955991654320987
30979.999997974806,1,161,0.006172839506172839,-1.9779958271604936
30999.999997971605,1,161,0.006172839506172839,-1.9779958271604936
31019.999997968403,1,161,0.006172839506172839,-1.9779958271604936
31039.999997965202,1,161,0.006172839506172839,-1.9779958271604936
31039.999997965202,3,159,0.018518518518518517,-5.933987481481481
31059.999997962,3,159,0.018518518518518517,-5.933987481481481
31079.9999979588,3,159,0.018518518518518517,-5.933987481481481
31099.999997955598,3,159,0.018518518518518517,-5.933987481481481
31099.999997955598,6,156,0.037037037037037035,-11.867974962962961
31099.999997955598,4,158,0.024691358024691357,-7.911983308641974
31099.999997955598,3,159,0.018518518518518517,-5.933987481481481
31119.999997952396,3,159,0.018518518518518517,-5.933987481481481
31139.999997949195,3,159,0.018518518518518517,-5.933987481481481
31159.999997945994,3,159,0.018518518518518517,-5.933987481481481
31179.999997942792,3,159,0.018518518518518517,-5.933987481481481
31199.99999793959,3,159,0.018518518518518517,-5.933987481481481
31219.99999793639,3,159,0.018518518518518517,-5.933987481481481
31239.999997933188,3,159,0.018518518518518517,-5.933987481481481
31239.999997933188,5,157,0.030864197530864196,-9.889979135802468
31259.999997929986,5,157,0.030864197530864196,-9.889979135802468
31259.999997929986,3,159,0.018518518518518517,-5.933987481481481
31279.999997926785,3,159,0.018518518518518517,-5.933987481481481
31299.999997923584,3,159,0.018518518518518517,-5.933987481481481
31319.999997920382,3,159,0.018518518518518517,-5.933987481481481
31339.99999791718,3,159,0.018518518518518517,-5.933987481481481
31359.99999791398,3,159,0.018518518518518517,-5.933987481481481
31379.999997910778,3,159,0.018518518518518517,-5.933987481481481
31379.999997910778,6,156,0.037037037037037035,-11.867974962962961
31379.999997910778,2,160,0.012345679012345678,-3.955991654320987
31399.999997907576,2,160,0.012345679012345678,-3.955991654320987
31399.999997907576,3,159,0.018518518518518517,-5.933987481481481
31399.999997907576,2,160,0.012345679012345678,-3.955991654320987
31399.999997907576,1,161,0.006172839506172839,-1.9779958271604936
31399.999997907576,3,159,0.018518518518518517,-5.933987481481481
31419.999997904375,3,159,0.018518518518518517,-5.933987481481481
31439.999997901174,3,159,0.018518518518518517,-5.933987481481481
31459.999997897972,3,159,0.018518518518518517,-5.933987481481481
31479.99999789477,3,159,0.018518518518518517,-5.933987481481481
31499.99999789157,3,159,0.018518518518518517,-5.933987481481481
31519.999997888368,3,159,0.018518518518518517,-5.933987481481481
31519.999997888368,2,160,0.012345679012345678,-3.955991654320987
31519.999997888368,4,158,0.024691358024691357,-7.911983308641974
31519.999997888368,4,158,0.024691358024691357,-7.911983308641974
31519.999997888368,3,159,0.018518518518518517,-5.933987481481481
31519.999997888368,3,159,0.018518518518518517,-5.933987481481481
31539.999997885167,3,159,0.018518518518518517,-5.933987481481481
31559.999997881965,3,159,0.018518518518518517,-5.933987481481481
31579.999997878764,3,159,0.018518518518518517,-5.933987481481481
31579.999997878764,4,158,0.024691358024691357,-7.911983308641974
31599.999997875562,4,158,0.024691358024691357,-7.911983308641974
31599.999997875562,3,159,0.018518518518518517,-5.933987481481481
31619.99999787236,3,159,0.018518518518518517,-5.933987481481481
31639.99999786916,3,159,0.018518518518518517,-5.933987481481481
31639.99999786916,5,157,0.030864197530864196,-9.889979135802468
31659.999997865958,5,157,0.030864197530864196,-9.889979135802468
31679.999997862757,5,157,0.030864197530864196,-9.889979135802468
31699.999997859555,5,157,0.030864197530864196,-9.889979135802468
31719.999997856354,5,157,0.030864197530864196,-9.889979135802468
31719.999997856354,4,158,0.024691358024691357,-7.911983308641974
31739.999997853152,4,158,0.024691358024691357,-7.911983308641974
31759.99999784995,4,158,0.024691358024691357,-7.911983308641974
31779.99999784675,4,158,0.024691358024691357,-7.911983308641974
31779.99999784675,4,158,0.024691358024691357,-7.911983308641974
31799.999997843548,4,158,0.024691358024691357,-7.911983308641974
31799.999997843548,3,159,0.018518518518518517,-5.933987481481481
31799.999997843548,4,158,0.024691358024691357,-7.911983308641974
31819.999997840347,4,158,0.024691358024691357,-7.911983308641974
31819.999997840347,4,158,0.024691358024691357,-7.911983308641974
31819.999997840347,4,158,0.024691358024691357,-7.911983308641974
31839.999997837145,4,158,0.024691358024691357,-7.911983308641974
31859.999997833944,4,158,0.024691358024691357,-7.911983308641974
31859.999997833944,1,161,0.006172839506172839,-1.9779958271604936
31859.999997833944,4,158,0.024691358024691357,-7.911983308641974
31879.999997830742,4,158,0.024691358024691357,-7.911983308641974
31899.99999782754,4,158,0.024691358024691357,-7.911983308641974
31899.99999782754,6,156,0.037037037037037035,-11.867974962962961
31899.99999782754,3,159,0.018518518518518517,-5.933987481481481
31899.99999782754,2,160,0.012345679012345678,-3.955991654320987
31919.99999782434,2,160,0.012345679012345678,-3.955991654320987
31919.99999782434,2,160,0.012345679012345678,-3.955991654320987
31939.999997821138,2,160,0.012345679012345678,-3.955991654320987
31959.999997817937,2,160,0.012345679012345678,-3.955991654320987
31959.999997817937,3,159,0.018518518518518517,-5.933987481481481
31959.999997817937,4,158,0.024691358024691357,-7.911983308641974
31979.999997814735,4,158,0.024691358024691357,-7.911983308641974
31999.999997811534,4,158,0.024691358024691357,-7.911983308641974
31999.999997811534,3,159,0.018518518518518517,-5.933987481481481
32019.999997808332,3,159,0.018518518518518517,-5.933987481481481
32019.999997808332,6,156,0.037037037037037035,-11.867974962962961
32019.999997808332,3,159,0.018518518518518517,-5.933987481481481
32039.99999780513,3,159,0.018518518518518517,-5.933987481481481
32039.99999780513,5,157,0.030864197530864196,-9.889979135802468
32039.99999780513,3,159,0.018518518518518517,-5.933987481481481
32039.99999780513,1,161,0.006172839506172839,-1.9779958271604936
32039.99999780513,1,161,0.006172839506172839,-1.9779958271604936
32039.99999780513,7,155,0.043209876543209874,-13.845970790123456
32059.99999780193,7,155,0.043209876543209874,-13.845970790123456
32079.999997798728,7,155,0.043209876543209874,-13.845970790123456
32079.999997798728,8,154,0.04938271604938271,-15.823966617283949
32099.999997795527,8,154,0.04938271604938271,-15.823966617283949
32119.999997792325,8,154,0.04938271604938271,-15.823966617283949
32119.999997792325,4,158,0.024691358024691357,-7.911983308641974
32119.999997792325,2,160,0.012345679012345678,-3.955991654320987
32139.999997789124,2,160,0.012345679012345678,-3.955991654320987
32139.999997789124,3,159,0.018518518518518517,-5.933987481481481
32139.999997789124,6,156,0.037037037037037035,-11.867974962962961
32159.999997785922,6,156,0.037037037037037035,-11.867974962962961
32159.999997785922,4,158,0.024691358024691357,-7.911983308641974
32179.99999778272,4,158,0.024691358024691357,-7.911983308641974
32199.99999777952,4,158,0.024691358024691357,-7.911983308641974
32219.99999777632,4,158,0.024691358024691357,-7.911983308641974
32239.999997773117,4,158,0.024691358024691357,-7.911983308641974
32259.999997769915,4,158,0.024691358024691357,-7.911983308641974
32259.999997769915,5,157,0.030864197530864196,-9.889979135802468
32259.999997769915,2,160,0.012345679012345678,-3.955991654320987
32279.999997766714,2,160,0.012345679012345678,-3.955991654320987
32279.999997766714,5,157,0.030864197530864196,-9.889979135802468
32299.999997763513,5,157,0.030864197530864196,-9.889979135802468
32319.99999776031,5,157,0.030864197530864196,-9.889979135802468
32319.99999776031,4,158,0.024691358024691357,-7.911983308641974
32339.99999775711,4,158,0.024691358024691357,-7.911983308641974
32359.99999775391,4,158,0.024691358024691357,-7.911983308641974
32359.99999775391,3,159,0.018518518518518517,-5.933987481481481
32379.999997750707,3,159,0.018518518518518517,-5.933987481481481
32379.999997750707,4,158,0.024691358024691357,-7.911983308641974
32399.999997747505,4,158,0.024691358024691357,-7.911983308641974
32419.999997744304,4,158,0.024691358024691357,-7.911983308641974
32439.999997741103,4,158,0.024691358024691357,-7.911983308641974
32459.9999977379,4,158,0.024691358024691357,-7.911983308641974
32479.9999977347,4,158,0.024691358024691357,-7.911983308641974
32499.9999977315,4,158,0.024691358024691357,-7.911983308641974
32499.9999977315,3,159,0.018518518518518517,-5.933987481481481
32499.9999977315,5,157,0.030864197530864196,-9.889979135802468
32519.999997728297,5,157,0.030864197530864196,-9.889979135802468
32539.999997725095,5,157,0.030864197530864196,-9.889979135802468
32559.999997721894,5,157,0.030864197530864196,-9.889979135802468
32559.999997721894,2,160,0.012345679012345678,-3.955991654320987
32559.999997721894,2,160,0.012345679012345678,-3.955991654320987
32579.999997718693,2,160,0.012345679012345678,-3.955991654320987
32579.999997718693,5,157,0.030864197530864196,-9.889979135802468
32599.99999771549,5,157,0.030864197530864196,-9.889979135802468
32619.99999771229,5,157,0.030864197530864196,-9.889979135802468
32639.99999770909,5,157,0.030864197530864196,-9.889979135802468
32659.999997705887,5,157,0.030864197530864196,-9.889979135802468
32679.999997702686,5,157,0.030864197530864196,-9.889979135802468
32699.999997699484,5,157,0.030864197530864196,-9.889979135802468
32699.999997699484,5,157,0.030864197530864196,-9.889979135802468
32719.999997696283,5,157,0.030864197530864196,-9.889979135802468
32739.99999769308,5,157,0.030864197530864196,-9.889979135802468
32759.99999768988,5,157,0.030864197530864196,-9.889979135802468
32779.99999769104,5,157,0.030864197530864196,-9.889979135802468
32799.999997695115,5,157,0.030864197530864196,-9.889979135802468
32819.99999769919,5,157,0.030864197530864196,-9.889979135802468
32839.999997703264,5,157,0.030864197530864196,-9.889979135802468
32859.99999770734,5,157,0.030864197530864196,-9.889979135802468
32879.99999771141,5,157,0.030864197530864196,-9.889979135802468
32899.99999771549,5,157,0.030864197530864196,-9.889979135802468
32899.99999771549,2,160,0.012345679012345678,-3.955991654320987
32899.99999771549,3,159,0.018518518518518517,-5.933987481481481
32919.99999771956,3,159,0.018518518518518517,-5.933987481481481
32939.99999772364,3,159,0.018518518518518517,-5.933987481481481
32959.99999772771,3,159,0.018518518518518517,-5.933987481481481
32979.999997731786,3,159,0.018518518518518517,-5.933987481481481
32999.99999773586,3,159,0.018518518518518517,-5.933987481481481
33019.999997739935,3,159,0.018518518518518517,-5.933987481481481
33039.99999774401,3,159,0.018518518518518517,-5.933987481481481
33039.99999774401,2,160,0.012345679012345678,-3.955991654320987
33059.999997748084,2,160,0.012345679012345678,-3.955991654320987
33079.99999775216,2,160,0.012345679012345678,-3.955991654320987
33099.99999775623,2,160,0.012345679012345678,-3.955991654320987
33099.99999775623,3,159,0.018518518518518517,-5.933987481481481
33099.99999775623,2,160,0.012345679012345678,-3.955991654320987
33119.99999776031,2,160,0.012345679012345678,-3.955991654320987
33119.99999776031,4,158,0.024691358024691357,-7.911983308641974
33139.99999776438,4,158,0.024691358024691357,-7.911983308641974
33139.99999776438,3,159,0.018518518518518517,-5.933987481481481
33139.99999776438,5,157,0.030864197530864196,-9.889979135802468
33159.99999776846,5,157,0.030864197530864196,-9.889979135802468
33159.99999776846,2,160,0.012345679012345678,-3.955991654320987
33179.99999777253,2,160,0.012345679012345678,-3.955991654320987
33199.999997776606,2,160,0.012345679012345678,-3.955991654320987
33219.99999778068,2,160,0.012345679012345678,-3.955991654320987
33219.99999778068,2,160,0.012345679012345678,-3.955991654320987
33239.999997784755,2,160,0.012345679012345678,-3.955991654320987
33259.99999778883,2,160,0.012345679012345678,-3.955991654320987
33259.99999778883,0,162,0.0,0.0
33279.999997792904,0,162,0.0,0.0
33299.99999779698,0,162,0.0,0.0
33319.99999780105,0,162,0.0,0.0
33339.99999780513,0,162,0.0,0.0
33359.9999978092,0,162,0.0,0.0
33379.99999781328,0,162,0.0,0.0
33379.99999781328,1,161,0.006172839506172839,-1.9779958271604936
33379.99999781328,3,159,0.018518518518518517,-5.933987481481481
33399.99999781735,3,159,0.018518518518518517,-5.933987481481481
33419.999997821425,3,159,0.018518518518518517,-5.933987481481481
33439.9999978255,3,159,0.018518518518518517,-5.933987481481481
33439.9999978255,5,157,0.030864197530864196,-9.889979135802468
33459.999997829575,5,157,0.030864197530864196,-9.889979135802468
33479.99999783365,5,157,0.030864197530864196,-9.889979135802468
33479.99999783365,5,157,0.030864197530864196,-9.889979135802468
33499.999997837724,5,157,0.030864197530864196,-9.889979135802468
33519.9999978418,5,157,0.030864197530864196,-9.889979135802468
33519.9999978418,6,156,0.037037037037037035,-11.867974962962961
33519.9999978418,2,160,0.012345679012345678,-3.955991654320987
33539.99999784587,2,160,0.012345679012345678,-3.955991654320987
33539.99999784587,3,159,0.018518518518518517,-5.933987481481481
33559.99999784995,3,159,0.018518518518518517,-5.933987481481481
33559.99999784995,0,162,0.0,0.0
33579.99999785402,0,162,0.0,0.0
33579.99999785402,1,161,0.006172839506172839,-1.9779958271604936
33579.99999785402,4,158,0.024691358024691357,-7.911983308641974
33579.99999785402,3,159,0.018518518518518517,-5.933987481481481
33579.99999785402,3,159,0.018518518518518517,-5.933987481481481
33599.999997858096,3,159,0.018518518518518517,-5.933987481481481
33619.99999786217,3,159,0.018518518518518517,-5.933987481481481
33639.999997866245,3,159,0.018518518518518517,-5.933987481481481
33639.999997866245,1,161,0.006172839506172839,-1.9779958271604936
33639.999997866245,3,159,0.018518518518518517,-5.933987481481481
33659.99999787032,3,159,0.018518518518518517,-5.933987481481481
33659.99999787032,2,160,0.012345679012345678,-3.955991654320987
33659.99999787032,4,158,0.024691358024691357,-7.911983308641974
33659.99999787032,1,161,0.006172839506172839,-1.9779958271604936
33659.99999787032,3,159,0.018518518518518517,-5.933987481481481
33679.999997874394,3,159,0.018518518518518517,-5.933987481481481
33699.99999787847,3,159,0.018518518518518517,-5.933987481481481
33719.99999788254,3,159,0.018518518518518517,-5.933987481481481
33739.99999788662,3,159,0.018518518518518517,-5.933987481481481
33739.99999788662,4,158,0.024691358024691357,-7.911983308641974
33739.99999788662,4,158,0.024691358024691357,-7.911983308641974
33739.99999788662,4,158,0.024691358024691357,-7.911983308641974
33739.99999788662,3,159,0.018518518518518517,-5.933987481481481
33759.99999789069,3,159,0.018518518518518517,-5.933987481481481
33779.99999789477,3,159,0.018518518518518517,-5.933987481481481
33799.99999789884,3,159,0.018518518518518517,-5.933987481481481
33819.999997902916,3,159,0.018518518518518517,-5.933987481481481
33839.99999790699,3,159,0.018518518518518517,-5.933987481481481
33859.999997911065,3,159,0.018518518518518517,-5.933987481481481
33879.99999791514,3,159,0.018518518518518517,-5.933987481481481
33899.999997919214,3,159,0.018518518518518517,-5.933987481481481
33899.999997919214,7,155,0.043209876543209874,-13.845970790123456
33919.99999792329,7,155,0.043209876543209874,-13.845970790123456
33939.99999792736,7,155,0.043209876543209874,-13.845970790123456
33959.99999793144,7,155,0.043209876543209874,-13.845970790123456
33959.99999793144,6,156,0.037037037037037035,-11.867974962962961
33979.99999793551,6,156,0.037037037037037035,-11.867974962962961
33999.99999793959,6,156,0.037037037037037035,-11.867974962962961
33999.99999793959,2,160,0.012345679012345678,-3.955991654320987
34019.99999794366,2,160,0.012345679012345678,-3.955991654320987
34019.99999794366,2,160,0.012345679012345678,-3.955991654320987
34039.999997947736,2,160,0.012345679012345678,-3.955991654320987
34059.99999795181,2,160,0.012345679012345678,-3.955991654320987
34079.999997955885,2,160,0.012345679012345678,-3.955991654320987
34079.999997955885,3,159,0.018518518518518517,-5.933987481481481
34099.99999795996,3,159,0.018518518518518517,-5.933987481481481
34119.999997964034,3,159,0.018518518518518517,-5.933987481481481
34139.99999796811,3,159,0.018518518518518517,-5.933987481481481
34159.99999797218,3,159,0.018518518518518517,-5.933987481481481
34179.99999797626,3,159,0.018518518518518517,-5.933987481481481
34179.99999797626,6,156,0.037037037037037035,-11.867974962962961
34179.99999797626,2,160,0.012345679012345678,-3.955991654320987
34199.99999798033,2,160,0.012345679012345678,-3.955991654320987
34219.99999798441,2,160,0.012345679012345678,-3.955991654320987
34219.99999798441,4,158,0.024691358024691357,-7.911983308641974
34239.99999798848,4,158,0.024691358024691357,-7.911983308641974
34259.999997992556,4,158,0.024691358024691357,-7.911983308641974
34279.99999799663,4,158,0.024691358024691357,-7.911983308641974
34279.99999799663,4,158,0.024691358024691357,-7.911983308641974
34279.99999799663,5,157,0.030864197530864196,-9.889979135802468
34279.99999799663,5,157,0.030864197530864196,-9.889979135802468
34299.999998000705,5,157,0.030864197530864196,-9.889979135802468
34319.99999800478,5,157,0.030864197530864196,-9.889979135802468
34319.99999800478,2,160,0.012345679012345678,-3.955991654320987
34339.999998008854,2,160,0.012345679012345678,-3.955991654320987
34339.999998008854,2,160,0.012345679012345678,-3.955991654320987
34339.999998008854,4,158,0.024691358024691357,-7.911983308641974
34359.99999801293,4,158,0.024691358024691357,-7.911983308641974
34359.99999801293,7,155,0.043209876543209874,-13.845970790123456
34379.999998017,7,155,0.043209876543209874,-13.845970790123456
34379.999998017,1,161,0.006172839506172839,-1.9779958271604936
34399.99999802108,1,161,0.006172839506172839,-1.9779958271604936
34419.99999802515,1,161,0.006172839506172839,-1.9779958271604936
34419.99999802515,4,158,0.024691358024691357,-7.911983308641974
34419.99999802515,2,160,0.012345679012345678,-3.955991654320987
34439.99999802923,2,160,0.012345679012345678,-3.955991654320987
34459.9999980333,2,160,0.012345679012345678,-3.955991654320987
34479.999998037376,2,160,0.012345679012345678,-3.955991654320987
34499.99999804145,2,160,0.012345679012345678,-3.955991654320987
34519.999998045525,2,160,0.012345679012345678,-3.955991654320987
34539.9999980496,2,160,0.012345679012345678,-3.955991654320987
34559.999998053674,2,160,0.012345679012345678,-3.955991654320987
34579.99999805775,2,160,0.012345679012345678,-3.955991654320987
34599.99999806182,2,160,0.012345679012345678,-3.955991654320987
34619.9999980659,2,160,0.012345679012345678,-3.955991654320987
34639.99999806997,2,160,0.012345679012345678,-3.955991654320987
34639.99999806997,3,159,0.018518518518518517,-5.933987481481481
34659.99999807405,3,159,0.018518518518518517,-5.933987481481481
34659.99999807405,1,161,0.006172839506172839,-1.9779958271604936
34659.99999807405,2,160,0.012345679012345678,-3.955991654320987
34659.99999807405,4,158,0.024691358024691357,-7.911983308641974
34659.99999807405,3,159,0.018518518518518517,-5.933987481481481
34659.99999807405,3,159,0.018518518518518517,-5.933987481481481
34679.99999807812,3,159,0.018518518518518517,-5.933987481481481
34699.999998082196,3,159,0.018518518518518517,-5.933987481481481
34699.999998082196,2,160,0.012345679012345678,-3.955991654320987
34719.99999808627,2,160,0.012345679012345678,-3.955991654320987
34719.99999808627,1,161,0.006172839506172839,-1.9779958271604936
34739.999998090345,1,161,0.006172839506172839,-1.9779958271604936
34739.999998090345,2,160,0.012345679012345678,-3.955991654320987
34759.99999809442,2,160,0.012345679012345678,-3.955991654320987
34779.999998098494,2,160,0.012345679012345678,-3.955991654320987
34799.99999810257,2,160,0.012345679012345678,-3.955991654320987
34799.99999810257,4,158,0.024691358024691357,-7.911983308641974
34799.99999810257,4,158,0.024691358024691357,-7.911983308641974
34819.99999810664,4,158,0.024691358024691357,-7.911983308641974
34819.99999810664,3,159,0.018518518518518517,-5.933987481481481
34839.99999811072,3,159,0.018518518518518517,-5.933987481481481
34859.99999811479,3,159,0.018518518518518517,-5.933987481481481
34879.99999811887,3,159,0.018518518518518517,-5.933987481481481
34899.99999812294,3,159,0.018518518518518517,-5.933987481481481
34919.999998127016,3,159,0.018518518518518517,-5.933987481481481
34939.99999813109,3,159,0.018518518518518517,-5.933987481481481
34939.99999813109,4,158,0.024691358024691357,-7.911983308641974
34939.99999813109,2,160,0.012345679012345678,-3.955991654320987
34959.999998135165,2,160,0.012345679012345678,-3.955991654320987
34979.99999813924,2,160,0.012345679012345678,-3.955991654320987
34999.999998143314,2,160,0.012345679012345678,-3.955991654320987
35019.99999814739,2,160,0.012345679012345678,-3.955991654320987
35039.99999815146,2,160,0.012345679012345678,-3.955991654320987
35059.99999815554,2,160,0.012345679012345678,-3.955991654320987
35059.99999815554,5,157,0.030864197530864196,-9.889979135802468
35059.99999815554,5,157,0.030864197530864196,-9.889979135802468
35079.99999815961,5,157,0.030864197530864196,-9.889979135802468
35099.99999816369,5,157,0.030864197530864196,-9.889979135802468
35119.99999816776,5,157,0.030864197530864196,-9.889979135802468
35119.99999816776,7,155,0.043209876543209874,-13.845970790123456
35139.999998171836,7,155,0.043209876543209874,-13.845970790123456
35159.99999817591,7,155,0.043209876543209874,-13.845970790123456
35159.99999817591,5,157,0.030864197530864196,-9.889979135802468
35179.999998179985,5,157,0.030864197530864196,-9.889979135802468
35199.99999818406,5,157,0.030864197530864196,-9.889979135802468
35219.999998188134,5,157,0.030864197530864196,-9.889979135802468
35239.99999819221,5,157,0.030864197530864196,-9.889979135802468
35259.99999819628,5,157,0.030864197530864196,-9.889979135802468
35279.99999820036,5,157,0.030864197530864196,-9.889979135802468
35299.99999820443,5,157,0.030864197530864196,-9.889979135802468
35319.99999820851,5,157,0.030864197530864196,-9.889979135802468
35319.99999820851,4,158,0.024691358024691357,-7.911983308641974
35339.99999821258,4,158,0.024691358024691357,-7.911983308641974
35359.999998216656,4,158,0.024691358024691357,-7.911983308641974
35359.999998216656,1,161,0.006172839506172839,-1.9779958271604936
35359.999998216656,3,159,0.018518518518518517,-5.933987481481481
35359.999998216656,3,159,0.018518518518518517,-5.933987481481481
35379.99999822073,3,159,0.018518518518518517,-5.933987481481481
35399.999998224805,3,159,0.018518518518518517,-5.933987481481481
35399.999998224805,3,159,0.018518518518518517,-5.933987481481481
35399.999998224805,5,157,0.030864197530864196,-9.889979135802468
35419.99999822888,5,157,0.030864197530864196,-9.889979135802468
35419.99999822888,2,160,0.012345679012345678,-3.955991654320987
35439.999998232954,2,160,0.012345679012345678,-3.955991654320987
35439.999998232954,2,160,0.012345679012345678,-3.955991654320987
35439.999998232954,3,159,0.018518518518518517,-5.933987481481481
35439.999998232954,5,157,0.030864197530864196,-9.889979135802468
35439.999998232954,5,157,0.030864197530864196,-9.889979135802468
35439.999998232954,4,158,0.024691358024691357,-7.911983308641974
35459.99999823703,4,158,0.024691358024691357,-7.911983308641974
35479.9999982411,4,158,0.024691358024691357,-7.911983308641974
35499.99999824518,4,158,0.024691358024691357,-7.911983308641974
35519.99999824925,4,158,0.024691358024691357,-7.911983308641974
35519.99999824925,3,159,0.018518518518518517,-5.933987481481481
35539.999998253326,3,159,0.018518518518518517,-5.933987481481481
35559.9999982574,3,159,0.018518518518518517,-5.933987481481481
35579.999998261475,3,159,0.018518518518518517,-5.933987481481481
35579.999998261475,2,160,0.012345679012345678,-3.955991654320987
35599.99999826555,2,160,0.012345679012345678,-3.955991654320987
35619.999998269624,2,160,0.012345679012345678,-3.955991654320987
35639.9999982737,2,160,0.012345679012345678,-3.955991654320987
35639.9999982737,6,156,0.037037037037037035,-11.867974962962961
35659.99999827777,6,156,0.037037037037037035,-11.867974962962961
35659.99999827777,1,161,0.006172839506172839,-1.9779958271604936
35679.99999828185,1,161,0.006172839506172839,-1.9779958271604936
35699.99999828592,1,161,0.006172839506172839,-1.9779958271604936
35699.99999828592,3,159,0.018518518518518517,-5.933987481481481
35719.99999829,3,159,0.018518518518518517,-5.933987481481481
35739.99999829407,3,159,0.018518518518518517,-5.933987481481481
35759.999998298146,3,159,0.018518518518518517,-5.933987481481481
35779.99999830222,3,159,0.018518518518518517,-5.933987481481481
35799.999998306295,3,159,0.018518518518518517,-5.933987481481481
35819.99999831037,3,159,0.018518518518518517,-5.933987481481481
35839.999998314444,3,159,0.018518518518518517,-5.933987481481481
35859.99999831852,3,159,0.018518518518518517,-5.933987481481481
35859.99999831852,6,156,0.037037037037037035,-11.867974962962961
35859.99999831852,2,160,0.012345679012345678,-3.955991654320987
35879.99999832259,2,160,0.012345679012345678,-3.955991654320987
35899.99999832667,2,160,0.012345679012345678,-3.955991654320987
35919.99999833074,2,160,0.012345679012345678,-3.955991654320987
35939.99999833482,2,160,0.012345679012345678,-3.955991654320987
35959.99999833889,2,160,0.012345679012345678,-3.955991654320987
35979.999998342966,2,160,0.012345679012345678,-3.955991654320987
35999.99999834704,2,160,0.012345679012345678,-3.955991654320987
36019.999998351115,2,160,0.012345679012345678,-3.955991654320987
36039.99999835519,2,160,0.012345679012345678,-3.955991654320987
36039.99999835519,4,158,0.024691358024691357,-7.911983308641974
36059.999998359264,4,158,0.024691358024691357,-7.911983308641974
36059.999998359264,3,159,0.018518518518518517,-5.933987481481481
36059.999998359264,5,157,0.030864197530864196,-9.889979135802468
36079.99999836334,5,157,0.030864197530864196,-9.889979135802468
36099.99999836741,5,157,0.030864197530864196,-9.889979135802468
36119.99999837149,5,157,0.030864197530864196,-9.889979135802468
36139.99999837556,5,157,0.030864197530864196,-9.889979135802468
36159.99999837964,5,157,0.030864197530864196,-9.889979135802468
36159.99999837964,9,153,0.05555555555555555,-17.80196244444444
36179.99999838371,9,153,0.05555555555555555,-17.80196244444444
36199.999998387786,9,153,0.05555555555555555,-17.80196244444444
36199.999998387786,5,157,0.030864197530864196,-9.889979135802468
36199.999998387786,5,157,0.030864197530864196,-9.889979135802468
36219.99999839186,5,157,0.030864197530864196,-9.889979135802468
36219.99999839186,4,158,0.024691358024691357,-7.911983308641974
36239.999998395935,4,158,0.024691358024691357,-7.911983308641974
36259.99999840001,4,158,0.024691358024691357,-7.911983308641974
36279.999998404084,4,158,0.024691358024691357,-7.911983308641974
36299.99999840816,4,158,0.024691358024691357,-7.911983308641974
36299.99999840816,5,157,0.030864197530864196,-9.889979135802468
36319.99999841223,5,157,0.030864197530864196,-9.889979135802468
36339.99999841631,5,157,0.030864197530864196,-9.889979135802468
36359.99999842038,5,157,0.030864197530864196,-9.889979135802468
36379.99999842446,5,157,0.030864197530864196,-9.889979135802468
36399.99999842853,5,157,0.030864197530864196,-9.889979135802468
36419.999998432606,5,157,0.030864197530864196,-9.889979135802468
36419.999998432606,4,158,0.024691358024691357,-7.911983308641974
36439.99999843668,4,158,0.024691358024691357,-7.911983308641974
36459.999998440755,4,158,0.024691358024691357,-7.911983308641974
36479.99999844483,4,158,0.024691358024691357,-7.911983308641974
36499.999998448904,4,158,0.024691358024691357,-7.911983308641974
36519.99999845298,4,158,0.024691358024691357,-7.911983308641974
36519.99999845298,2,160,0.012345679012345678,-3.955991654320987
36519.99999845298,2,160,0.012345679012345678,-3.955991654320987
36539.99999845705,2,160,0.012345679012345678,-3.955991654320987
36559.99999846113,2,160,0.012345679012345678,-3.955991654320987
36559.99999846113,3,159,0.018518518518518517,-5.933987481481481
36579.9999984652,3,159,0.018518518518518517,-5.933987481481481
36599.99999846928,3,159,0.018518518518518517,-5.933987481481481
36619.99999847335,3,159,0.018518518518518517,-5.933987481481481
36619.99999847335,5,157,0.030864197530864196,-9.889979135802468
36639.999998477426,5,157,0.030864197530864196,-9.889979135802468
36639.999998477426,4,158,0.024691358024691357,-7.911983308641974
36639.999998477426,3,159,0.018518518518518517,-5.933987481481481
36659.9999984815,3,159,0.018518518518518517,-5.933987481481481
36659.9999984815,5,157,0.030864197530864196,-9.889979135802468
36659.9999984815,1,161,0.006172839506172839,-1.9779958271604936
36679.999998485575,1,161,0.006172839506172839,-1.9779958271604936
36699.99999848965,1,161,0.006172839506172839,-1.9779958271604936
36719.999998493724,1,161,0.006172839506172839,-1.9779958271604936
36739.9999984978,1,161,0.006172839506172839,-1.9779958271604936
36759.99999850187,1,161,0.006172839506172839,-1.9779958271604936
36779.99999850595,1,161,0.006172839506172839,-1.9779958271604936
36799.99999851002,1,161,0.006172839506172839,-1.9779958271604936
36799.99999851002,1,161,0.006172839506172839,-1.9779958271604936
36819.9999985141,1,161,0.006172839506172839,-1.9779958271604936
36839.99999851817,1,161,0.006172839506172839,-1.9779958271604936
36859.999998522246,1,161,0.006172839506172839,-1.9779958271604936
36879.99999852632,1,161,0.006172839506172839,-1.9779958271604936
36899.999998530395,1,161,0.006172839506172839,-1.9779958271604936
36919.99999853447,1,161,0.006172839506172839,-1.9779958271604936
36939.999998538544,1,161,0.006172839506172839,-1.9779958271604936
36939.999998538544,2,160,0.012345679012345678,-3.955991654320987
36939.999998538544,3,159,0.018518518518518517,-5.933987481481481
36959.99999854262,3,159,0.018518518518518517,-5.933987481481481
36959.99999854262,4,158,0.024691358024691357,-7.911983308641974
36959.99999854262,3,159,0.018518518518518517,-5.933987481481481
36979.99999854669,3,159,0.018518518518518517,-5.933987481481481
36979.99999854669,2,160,0.012345679012345678,-3.955991654320987
36979.99999854669,2,160,0.012345679012345678,-3.955991654320987
36999.99999855077,2,160,0.012345679012345678,-3.955991654320987
37019.99999855484,2,160,0.012345679012345678,-3.955991654320987
37039.99999855892,2,160,0.012345679012345678,-3.955991654320987
37059.99999856299,2,160,0.012345679012345678,-3.955991654320987
37059.99999856299,2,160,0.012345679012345678,-3.955991654320987
37079.999998567066,2,160,0.012345679012345678,-3.955991654320987
37079.999998567066,1,161,0.006172839506172839,-1.9779958271604936
37079.999998567066,4,158,0.024691358024691357,-7.911983308641974
37079.999998567066,4,158,0.024691358024691357,-7.911983308641974
37079.999998567066,0,162,0.0,0.0
37099.99999857114,0,162,0.0,0.0
37119.999998575215,0,162,0.0,0.0
37119.999998575215,2,160,0.012345679012345678,-3.955991654320987
37139.99999857929,2,160,0.012345679012345678,-3.955991654320987
37159.999998583364,2,160,0.012345679012345678,-3.955991654320987
37159.999998583364,3,159,0.018518518518518517,-5.933987481481481
37159.999998583364,4,158,0.024691358024691357,-7.911983308641974
37179.99999858744,4,158,0.024691358024691357,-7.911983308641974
37179.99999858744,3,159,0.018518518518518517,-5.933987481481481
37179.99999858744,3,159,0.018518518518518517,-5.933987481481481
37199.99999859151,3,159,0.018518518518518517,-5.933987481481481
37219.99999859559,3,159,0.018518518518518517,-5.933987481481481
37219.99999859559,6,156,0.037037037037037035,-11.867974962962961
37239.99999859966,6,156,0.037037037037037035,-11.867974962962961
37259.99999860374,6,156,0.037037037037037035,-11.867974962962961
37279.99999860781,6,156,0.037037037037037035,-11.867974962962961
37279.99999860781,4,158,0.024691358024691357,-7.911983308641974
37299.999998611886,4,158,0.024691358024691357,-7.911983308641974
37319.99999861596,4,158,0.024691358024691357,-7.911983308641974
37339.999998620035,4,158,0.024691358024691357,-7.911983308641974
37339.999998620035,2,160,0.012345679012345678,-3.955991654320987
37359.99999862411,2,160,0.012345679012345678,-3.955991654320987
37379.999998628184,2,160,0.012345679012345678,-3.955991654320987
37379.999998628184,5,157,0.030864197530864196,-9.889979135802468
37399.99999863226,5,157,0.030864197530864196,-9.889979135802468
37399.99999863226,3,159,0.018518518518518517,-5.933987481481481
37399.99999863226,4,158,0.024691358024691357,-7.911983308641974
37399.99999863226,5,157,0.030864197530864196,-9.889979135802468
37419.99999863633,5,157,0.030864197530864196,-9.889979135802468
37419.99999863633,4,158,0.024691358024691357,-7.911983308641974
37419.99999863633,3,159,0.018518518518518517,-5.933987481481481
37419.99999863633,3,159,0.018518518518518517,-5.933987481481481
37439.99999864041,3,159,0.018518518518518517,-5.933987481481481
37439.99999864041,3,159,0.018518518518518517,-5.933987481481481
37459.99999864448,3,159,0.018518518518518517,-5.933987481481481
37479.999998648556,3,159,0.018518518518518517,-5.933987481481481
37499.99999865263,3,159,0.018518518518518517,-5.933987481481481
37499.99999865263,1,161,0.006172839506172839,-1.9779958271604936
37519.999998656705,1,161,0.006172839506172839,-1.9779958271604936
37539.99999866078,1,161,0.006172839506172839,-1.9779958271604936
37539.99999866078,0,162,0.0,0.0
37559.999998664855,0,162,0.0,0.0
37559.999998664855,3,159,0.018518518518518517,-5.933987481481481
37579.99999866893,3,159,0.018518518518518517,-5.933987481481481
37599.999998673,3,159,0.018518518518518517,-5.933987481481481
37599.999998673,3,159,0.018518518518518517,-5.933987481481481
37599.999998673,1,161,0.006172839506172839,-1.9779958271604936
37619.99999867708,1,161,0.006172839506172839,-1.9779958271604936
37619.99999867708,3,159,0.018518518518518517,-5.933987481481481
37639.99999868115,3,159,0.018518518518518517,-5.933987481481481
37659.99999868523,3,159,0.018518518518518517,-5.933987481481481
37679.9999986893,3,159,0.018518518518518517,-5.933987481481481
37699.999998693376,3,159,0.018518518518518517,-5.933987481481481
37719.99999869745,3,159,0.018518518518518517,-5.933987481481481
37739.999998701525,3,159,0.018518518518518517,-5.933987481481481
37759.9999987056,3,159,0.018518518518518517,-5.933987481481481
37779.999998709674,3,159,0.018518518518518517,-5.933987481481481
37799.99999871375,3,159,0.018518518518518517,-5.933987481481481
37819.99999871782,3,159,0.018518518518518517,-5.933987481481481
37819.99999871782,4,158,0.024691358024691357,-7.911983308641974
37819.99999871782,4,158,0.024691358024691357,-7.911983308641974
37839.9999987219,4,158,0.024691358024691357,-7.911983308641974
37839.9999987219,2,160,0.012345679012345678,-3.955991654320987
37839.9999987219,4,158,0.024691358024691357,-7.911983308641974
37859.99999872597,4,158,0.024691358024691357,-7.911983308641974
37879.99999873005,4,158,0.024691358024691357,-7.911983308641974
37879.99999873005,4,158,0.024691358024691357,-7.911983308641974
37899.99999873412,4,158,0.024691358024691357,-7.911983308641974
37899.99999873412,6,156,0.037037037037037035,-11.867974962962961
37899.99999873412,2,160,0.012345679012345678,-3.955991654320987
37899.99999873412,1,161,0.006172839506172839,-1.9779958271604936
37899.99999873412,5,157,0.030864197530864196,-9.889979135802468
37919.999998738196,5,157,0.030864197530864196,-9.889979135802468
37939.99999874227,5,157,0.030864197530864196,-9.889979135802468
37939.99999874227,4,158,0.024691358024691357,-7.911983308641974
37959.999998746345,4,158,0.024691358024691357,-7.911983308641974
37959.999998746345,7,155,0.043209876543209874,-13.845970790123456
37959.999998746345,7,155,0.043209876543209874,-13.845970790123456
37959.999998746345,1,161,0.006172839506172839,-1.9779958271604936
37979.99999875042,1,161,0.006172839506172839,-1.9779958271604936
37999.999998754494,1,161,0.006172839506172839,-1.9779958271604936
38019.99999875857,1,161,0.006172839506172839,-1.9779958271604936
38039.99999876264,1,161,0.006172839506172839,-1.9779958271604936
38039.99999876264,4,158,0.024691358024691357,-7.911983308641974
38039.99999876264,6,156,0.037037037037037035,-11.867974962962961
38039.99999876264,1,161,0.006172839506172839,-1.9779958271604936
38059.99999876672,1,161,0.006172839506172839,-1.9779958271604936
38079.99999877079,1,161,0.006172839506172839,-1.9779958271604936
38079.99999877079,2,160,0.012345679012345678,-3.955991654320987
38099.99999877487,2,160,0.012345679012345678,-3.955991654320987
38119.99999877894,2,160,0.012345679012345678,-3.955991654320987
38119.99999877894,5,157,0.030864197530864196,-9.889979135802468
38119.99999877894,2,160,0.012345679012345678,-3.955991654320987
38139.999998783016,2,160,0.012345679012345678,-3.955991654320987
38139.999998783016,1,161,0.006172839506172839,-1.9779958271604936
38159.99999878709,1,161,0.006172839506172839,-1.9779958271604936
38159.99999878709,1,161,0.006172839506172839,-1.9779958271604936
38179.999998791165,1,161,0.006172839506172839,-1.9779958271604936
38199.99999879524,1,161,0.006172839506172839,-1.9779958271604936
38199.99999879524,2,160,0.012345679012345678,-3.955991654320987
38219.999998799314,2,160,0.012345679012345678,-3.955991654320987
38219.999998799314,2,160,0.012345679012345678,-3.955991654320987
38219.999998799314,2,160,0.012345679012345678,-3.955991654320987
38219.999998799314,5,157,0.030864197530864196,-9.889979135802468
38219.999998799314,2,160,0.012345679012345678,-3.955991654320987
38239.99999880339,2,160,0.012345679012345678,-3.955991654320987
38239.99999880339,5,157,0.030864197530864196,-9.889979135802468
38259.99999880746,5,157,0.030864197530864196,-9.889979135802468
38279.99999881154,5,157,0.030864197530864196,-9.889979135802468
38279.99999881154,5,157,0.030864197530864196,-9.889979135802468
38299.99999881561,5,157,0.030864197530864196,-9.889979135802468
38319.99999881969,5,157,0.030864197530864196,-9.889979135802468
38339.99999882376,5,157,0.030864197530864196,-9.889979135802468
38339.99999882376,4,158,0.024691358024691357,-7.911983308641974
38339.99999882376,2,160,0.012345679012345678,-3.955991654320987
38359.999998827836,2,160,0.012345679012345678,-3.955991654320987
38379.99999883191,2,160,0.012345679012345678,-3.955991654320987
38379.99999883191,3,159,0.018518518518518517,-5.933987481481481
38399.999998835985,3,159,0.018518518518518517,-5.933987481481481
38419.99999884006,3,159,0.018518518518518517,-5.933987481481481
38439.999998844134,3,159,0.018518518518518517,-5.933987481481481
38459.99999884821,3,159,0.018518518518518517,-5.933987481481481
38479.99999885228,3,159,0.018518518518518517,-5.933987481481481
38479.99999885228,2,160,0.012345679012345678,-3.955991654320987
38499.99999885636,2,160,0.012345679012345678,-3.955991654320987
38499.99999885636,2,160,0.012345679012345678,-3.955991654320987
38499.99999885636,4,158,0.024691358024691357,-7.911983308641974
38499.99999885636,2,160,0.012345679012345678,-3.955991654320987
38519.99999886043,2,160,0.012345679012345678,-3.955991654320987
38539.99999886451,2,160,0.012345679012345678,-3.955991654320987
38559.99999886858,2,160,0.012345679012345678,-3.955991654320987
38559.99999886858,1,161,0.006172839506172839,-1.9779958271604936
38579.999998872656,1,161,0.006172839506172839,-1.9779958271604936
38599.99999887673,1,161,0.006172839506172839,-1.9779958271604936
38619.999998880805,1,161,0.006172839506172839,-1.9779958271604936
38639.99999888488,1,161,0.006172839506172839,-1.9779958271604936
38659.999998888954,1,161,0.006172839506172839,-1.9779958271604936
38679.99999889303,1,161,0.006172839506172839,-1.9779958271604936
38699.9999988971,1,161,0.006172839506172839,-1.9779958271604936
38719.99999890118,1,161,0.006172839506172839,-1.9779958271604936
38739.99999890525,1,161,0.006172839506172839,-1.9779958271604936
38739.99999890525,1,161,0.006172839506172839,-1.9779958271604936
38759.99999890933,1,161,0.006172839506172839,-1.9779958271604936
38779.9999989134,1,161,0.006172839506172839,-1.9779958271604936
38799.999998917476,1,161,0.006172839506172839,-1.9779958271604936
38819.99999892155,1,161,0.006172839506172839,-1.9779958271604936
38819.99999892155,1,161,0.006172839506172839,-1.9779958271604936
38839.999998925625,1,161,0.006172839506172839,-1.9779958271604936
38839.999998925625,2,160,0.012345679012345678,-3.955991654320987
38839.999998925625,3,159,0.018518518518518517,-5.933987481481481
38839.999998925625,1,161,0.006172839506172839,-1.9779958271604936
38859.9999989297,1,161,0.006172839506172839,-1.9779958271604936
38879.999998933774,1,161,0.006172839506172839,-1.9779958271604936
38879.999998933774,4,158,0.024691358024691357,-7.911983308641974
38899.99999893785,4,158,0.024691358024691357,-7.911983308641974
38899.99999893785,3,159,0.018518518518518517,-5.933987481481481
38899.99999893785,4,158,0.024691358024691357,-7.911983308641974
38899.99999893785,3,159,0.018518518518518517,-5.933987481481481
38919.99999894192,3,159,0.018518518518518517,-5.933987481481481
38919.99999894192,4,158,0.024691358024691357,-7.911983308641974
38919.99999894192,2,160,0.012345679012345678,-3.955991654320987
38919.99999894192,0,162,0.0,0.0
38939.999998946,0,162,0.0,0.0
38959.99999895007,0,162,0.0,0.0
38979.99999895415,0,162,0.0,0.0
38999.99999895822,0,162,0.0,0.0
39019.999998962296,0,162,0.0,0.0
39019.999998962296,4,158,0.024691358024691357,-7.911983308641974
39039.99999896637,4,158,0.024691358024691357,-7.911983308641974
39039.99999896637,5,157,0.030864197530864196,-9.889979135802468
39059.999998970445,5,157,0.030864197530864196,-9.889979135802468
39079.99999897452,5,157,0.030864197530864196,-9.889979135802468
39099.999998978594,5,157,0.030864197530864196,-9.889979135802468
39119.99999898267,5,157,0.030864197530864196,-9.889979135802468
39119.99999898267,2,160,0.012345679012345678,-3.955991654320987
39139.99999898674,2,160,0.012345679012345678,-3.955991654320987
39139.99999898674,5,157,0.030864197530864196,-9.889979135802468
39159.99999899082,5,157,0.030864197530864196,-9.889979135802468
39159.99999899082,1,161,0.006172839506172839,-1.9779958271604936
39179.99999899489,1,161,0.006172839506172839,-1.9779958271604936
39199.99999899897,1,161,0.006172839506172839,-1.9779958271604936
39219.99999900304,1,161,0.006172839506172839,-1.9779958271604936
39239.999999007116,1,161,0.006172839506172839,-1.9779958271604936
39259.99999901119,1,161,0.006172839506172839,-1.9779958271604936
39259.99999901119,2,160,0.012345679012345678,-3.955991654320987
39259.99999901119,5,157,0.030864197530864196,-9.889979135802468
39259.99999901119,3,159,0.018518518518518517,-5.933987481481481
39279.999999015265,3,159,0.018518518518518517,-5.933987481481481
39299.99999901934,3,159,0.018518518518518517,-5.933987481481481
39319.999999023414,3,159,0.018518518518518517,-5.933987481481481
39319.999999023414,5,157,0.030864197530864196,-9.889979135802468
39319.999999023414,4,158,0.024691358024691357,-7.911983308641974
39319.999999023414,3,159,0.018518518518518517,-5.933987481481481
39319.999999023414,3,159,0.018518518518518517,-5.933987481481481
39339.99999902749,3,159,0.018518518518518517,-5.933987481481481
39359.99999903156,3,159,0.018518518518518517,-5.933987481481481
39379.99999903564,3,159,0.018518518518518517,-5.933987481481481
39399.99999903971,3,159,0.018518518518518517,-5.933987481481481
39419.99999904379,3,159,0.018518518518518517,-5.933987481481481
39439.99999904786,3,159,0.018518518518518517,-5.933987481481481
39439.99999904786,3,159,0.018518518518518517,-5.933987481481481
39439.99999904786,3,159,0.018518518518518517,-5.933987481481481
39439.99999904786,3,159,0.018518518518518517,-5.933987481481481
39439.99999904786,6,156,0.037037037037037035,-11.867974962962961
39459.999999051935,6,156,0.037037037037037035,-11.867974962962961
39479.99999905601,6,156,0.037037037037037035,-11.867974962962961
39479.99999905601,3,159,0.018518518518518517,-5.933987481481481
39499.999999060085,3,159,0.018518518518518517,-5.933987481481481
39519.99999906416,3,159,0.018518518518518517,-5.933987481481481
39539.99999906823,3,159,0.018518518518518517,-5.933987481481481
39559.99999907231,3,159,0.018518518518518517,-5.933987481481481
39579.99999907638,3,159,0.018518518518518517,-5.933987481481481
39599.99999908046,3,159,0.018518518518518517,-5.933987481481481
39619.99999908453,3,159,0.018518518518518517,-5.933987481481481
39619.99999908453,2,160,0.012345679012345678,-3.955991654320987
39639.999999088606,2,160,0.012345679012345678,-3.955991654320987
39659.99999909268,2,160,0.012345679012345678,-3.955991654320987
39679.999999096755,2,160,0.012345679012345678,-3.955991654320987
39699.99999910083,2,160,0.012345679012345678,-3.955991654320987
39699.99999910083,3,159,0.018518518518518517,-5.933987481481481
39699.99999910083,4,158,0.024691358024691357,-7.911983308641974
39699.99999910083,4,158,0.024691358024691357,-7.911983308641974
39719.999999104904,4,158,0.024691358024691357,-7.911983308641974
39739.99999910898,4,158,0.024691358024691357,-7.911983308641974
39759.99999911305,4,158,0.024691358024691357,-7.911983308641974
39779.99999911713,4,158,0.024691358024691357,-7.911983308641974
39799.9999991212,4,158,0.024691358024691357,-7.911983308641974
39819.99999912528,4,158,0.024691358024691357,-7.911983308641974
39839.99999912935,4,158,0.024691358024691357,-7.911983308641974
39839.99999912935,3,159,0.018518518518518517,-5.933987481481481
39859.999999133426,3,159,0.018518518518518517,-5.933987481481481
39859.999999133426,2,160,0.012345679012345678,-3.955991654320987
39879.9999991375,2,160,0.012345679012345678,-3.955991654320987
39899.999999141575,2,160,0.012345679012345678,-3.955991654320987
39899.999999141575,2,160,0.012345679012345678,-3.955991654320987
39899.999999141575,1,161,0.006172839506172839,-1.9779958271604936
39919.99999914565,1,161,0.006172839506172839,-1.9779958271604936
39939.999999149724,1,161,0.006172839506172839,-1.9779958271604936
39959.9999991538,1,161,0.006172839506172839,-1.9779958271604936
39979.99999915787,1,161,0.006172839506172839,-1.9779958271604936
39979.99999915787,3,159,0.018518518518518517,-5.933987481481481
39979.99999915787,2,160,0.012345679012345678,-3.955991654320987
39979.99999915787,1,161,0.006172839506172839,-1.9779958271604936
39999.99999916195,1,161,0.006172839506172839,-1.9779958271604936
39999.99999916195,3,159,0.018518518518518517,-5.933987481481481
40019.99999916602,3,159,0.018518518518518517,-5.933987481481481
40019.99999916602,7,155,0.043209876543209874,-13.845970790123456
40019.99999916602,2,160,0.012345679012345678,-3.955991654320987
40039.9999991701,2,160,0.012345679012345678,-3.955991654320987
40059.99999917417,2,160,0.012345679012345678,-3.955991654320987
40079.999999178246,2,160,0.012345679012345678,-3.955991654320987
40099.99999918232,2,160,0.012345679012345678,-3.955991654320987
40099.99999918232,2,160,0.012345679012345678,-3.955991654320987
40119.999999186395,2,160,0.012345679012345678,-3.955991654320987
40139.99999919047,2,160,0.012345679012345678,-3.955991654320987
40159.999999194544,2,160,0.012345679012345678,-3.955991654320987
40159.999999194544,4,158,0.024691358024691357,-7.911983308641974
40179.99999919862,4,158,0.024691358024691357,-7.911983308641974
40179.99999919862,3,159,0.018518518518518517,-5.933987481481481
40179.99999919862,4,158,0.024691358024691357,-7.911983308641974
40179.99999919862,2,160,0.012345679012345678,-3.955991654320987
40199.99999920269,2,160,0.012345679012345678,-3.955991654320987
40219.99999920677,2,160,0.012345679012345678,-3.955991654320987
40239.99999921084,2,160,0.012345679012345678,-3.955991654320987
40259.99999921492,2,160,0.012345679012345678,-3.955991654320987
40279.99999921899,2,160,0.012345679012345678,-3.955991654320987
40279.99999921899,2,160,0.012345679012345678,-3.955991654320987
40299.999999223066,2,160,0.012345679012345678,-3.955991654320987
40299.999999223066,2,160,0.012345679012345678,-3.955991654320987
40319.99999922714,2,160,0.012345679012345678,-3.955991654320987
40319.99999922714,1,161,0.006172839506172839,-1.9779958271604936
40319.99999922714,1,161,0.006172839506172839,-1.9779958271604936
40319.99999922714,1,161,0.006172839506172839,-1.9779958271604936
40319.99999922714,2,160,0.012345679012345678,-3.955991654320987
40319.99999922714,2,160,0.012345679012345678,-3.955991654320987
40319.99999922714,2,160,0.012345679012345678,-3.955991654320987
40339.999999231215,2,160,0.012345679012345678,-3.955991654320987
40359.99999923529,2,160,0.012345679012345678,-3.955991654320987
40379.999999239364,2,160,0.012345679012345678,-3.955991654320987
40399.99999924344,2,160,0.012345679012345678,-3.955991654320987
40419.99999924751,2,160,0.012345679012345678,-3.955991654320987
40439.99999925159,2,160,0.012345679012345678,-3.955991654320987
40459.99999925566,2,160,0.012345679012345678,-3.955991654320987
40479.99999925974,2,160,0.012345679012345678,-3.955991654320987
40499.99999926381,2,160,0.012345679012345678,-3.955991654320987
40499.99999926381,1,161,0.006172839506172839,-1.9779958271604936
40519.999999267886,1,161,0.006172839506172839,-1.9779958271604936
40519.999999267886,2,160,0.012345679012345678,-3.955991654320987
40539.99999927196,2,160,0.012345679012345678,-3.955991654320987
40539.99999927196,2,160,0.012345679012345678,-3.955991654320987
40539.99999927196,2,160,0.012345679012345678,-3.955991654320987
40539.99999927196,4,158,0.024691358024691357,-7.911983308641974
40539.99999927196,2,160,0.012345679012345678,-3.955991654320987
40559.999999276035,2,160,0.012345679012345678,-3.955991654320987
40559.999999276035,2,160,0.012345679012345678,-3.955991654320987
40559.999999276035,2,160,0.012345679012345678,-3.955991654320987
40559.999999276035,5,157,0.030864197530864196,-9.889979135802468
40559.999999276035,3,159,0.018518518518518517,-5.933987481481481
40579.99999928011,3,159,0.018518518518518517,-5.933987481481481
40579.99999928011,3,159,0.018518518518518517,-5.933987481481481
40599.999999284184,3,159,0.018518518518518517,-5.933987481481481
40619.99999928826,3,159,0.018518518518518517,-5.933987481481481
40639.99999929233,3,159,0.018518518518518517,-5.933987481481481
40639.99999929233,5,157,0.030864197530864196,-9.889979135802468
40659.99999929641,5,157,0.030864197530864196,-9.889979135802468
40679.99999930048,5,157,0.030864197530864196,-9.889979135802468
40699.99999930456,5,157,0.030864197530864196,-9.889979135802468
40699.99999930456,3,159,0.018518518518518517,-5.933987481481481
40699.99999930456,4,158,0.024691358024691357,-7.911983308641974
40719.99999930863,4,158,0.024691358024691357,-7.911983308641974
40739.999999312706,4,158,0.024691358024691357,-7.911983308641974
40739.999999312706,1,161,0.006172839506172839,-1.9779958271604936
40739.999999312706,2,160,0.012345679012345678,-3.955991654320987
40739.999999312706,3,159,0.018518518518518517,-5.933987481481481
40759.99999931678,3,159,0.018518518518518517,-5.933987481481481
40759.99999931678,3,159,0.018518518518518517,-5.933987481481481
40779.999999320855,3,159,0.018518518518518517,-5.933987481481481
40799.99999932493,3,159,0.018518518518518517,-5.933987481481481
40819.999999329004,3,159,0.018518518518518517,-5.933987481481481
40839.99999933308,3,159,0.018518518518518517,-5.933987481481481
40839.99999933308,4,158,0.024691358024691357,-7.911983308641974
40859.99999933715,4,158,0.024691358024691357,-7.911983308641974
40879.99999934123,4,158,0.024691358024691357,-7.911983308641974
40899.9999993453,4,158,0.024691358024691357,-7.911983308641974
40919.99999934938,4,158,0.024691358024691357,-7.911983308641974
40939.99999935345,4,158,0.024691358024691357,-7.911983308641974
40959.999999357526,4,158,0.024691358024691357,-7.911983308641974
40979.9999993616,4,158,0.024691358024691357,-7.911983308641974
40979.9999993616,3,159,0.018518518518518517,-5.933987481481481
40979.9999993616,3,159,0.018518518518518517,-5.933987481481481
40979.9999993616,2,160,0.012345679012345678,-3.955991654320987
40999.999999365675,2,160,0.012345679012345678,-3.955991654320987
40999.999999365675,3,159,0.018518518518518517,-5.933987481481481
40999.999999365675,4,158,0.024691358024691357,-7.911983308641974
40999.999999365675,3,159,0.018518518518518517,-5.933987481481481
40999.999999365675,0,162,0.0,0.0
41019.99999936975,0,162,0.0,0.0
41019.99999936975,4,158,0.024691358024691357,-7.911983308641974
41039.999999373824,4,158,0.024691358024691357,-7.911983308641974
41059.9999993779,4,158,0.024691358024691357,-7.911983308641974
41079.99999938197,4,158,0.024691358024691357,-7.911983308641974
41099.99999938605,4,158,0.024691358024691357,-7.911983308641974
41099.99999938605,2,160,0.012345679012345678,-3.955991654320987
41119.99999939012,2,160,0.012345679012345678,-3.955991654320987
41139.9999993942,2,160,0.012345679012345678,-3.955991654320987
41139.9999993942,2,160,0.012345679012345678,-3.955991654320987
41159.99999939827,2,160,0.012345679012345678,-3.955991654320987
41179.999999402346,2,160,0.012345679012345678,-3.955991654320987
41179.999999402346,4,158,0.024691358024691357,-7.911983308641974
41179.999999402346,1,161,0.006172839506172839,-1.9779958271604936
41199.99999940642,1,161,0.006172839506172839,-1.9779958271604936
41199.99999940642,5,157,0.030864197530864196,-9.889979135802468
41219.999999410495,5,157,0.030864197530864196,-9.889979135802468
41239.99999941457,5,157,0.030864197530864196,-9.889979135802468
41259.999999418644,5,157,0.030864197530864196,-9.889979135802468
41279.99999942272,5,157,0.030864197530864196,-9.889979135802468
41279.99999942272,2,160,0.012345679012345678,-3.955991654320987
41279.99999942272,6,156,0.037037037037037035,-11.867974962962961
41299.99999942679,6,156,0.037037037037037035,-11.867974962962961
41319.99999943087,6,156,0.037037037037037035,-11.867974962962961
41319.99999943087,5,157,0.030864197530864196,-9.889979135802468
41339.99999943494,5,157,0.030864197530864196,-9.889979135802468
41359.99999943902,5,157,0.030864197530864196,-9.889979135802468
41359.99999943902,3,159,0.018518518518518517,-5.933987481481481
41359.99999943902,3,159,0.018518518518518517,-5.933987481481481
41359.99999943902,5,157,0.030864197530864196,-9.889979135802468
41379.99999944309,5,157,0.030864197530864196,-9.889979135802468
41379.99999944309,3,159,0.018518518518518517,-5.933987481481481
41399.999999447165,3,159,0.018518518518518517,-5.933987481481481
41419.99999945124,3,159,0.018518518518518517,-5.933987481481481
41439.999999455315,3,159,0.018518518518518517,-5.933987481481481
41459.99999945939,3,159,0.018518518518518517,-5.933987481481481
41479.99999946346,3,159,0.018518518518518517,-5.933987481481481
41499.99999946754,3,159,0.018518518518518517,-5.933987481481481
41519.99999947161,3,159,0.018518518518518517,-5.933987481481481
41519.99999947161,1,161,0.006172839506172839,-1.9779958271604936
41539.99999947569,1,161,0.006172839506172839,-1.9779958271604936
41559.99999947976,1,161,0.006172839506172839,-1.9779958271604936
41579.999999483836,1,161,0.006172839506172839,-1.9779958271604936
41599.99999948791,1,161,0.006172839506172839,-1.9779958271604936
41599.99999948791,3,159,0.018518518518518517,-5.933987481481481
41619.999999491985,3,159,0.018518518518518517,-5.933987481481481
41619.999999491985,3,159,0.018518518518518517,-5.933987481481481
41639.99999949606,3,159,0.018518518518518517,-5.933987481481481
41659.999999500134,3,159,0.018518518518518517,-5.933987481481481
41659.999999500134,2,160,0.012345679012345678,-3.955991654320987
41659.999999500134,3,159,0.018518518518518517,-5.933987481481481
41679.99999950421,3,159,0.018518518518518517,-5.933987481481481
41679.99999950421,4,158,0.024691358024691357,-7.911983308641974
41699.99999950828,4,158,0.024691358024691357,-7.911983308641974
41699.99999950828,1,161,0.006172839506172839,-1.9779958271604936
41699.99999950828,2,160,0.012345679012345678,-3.955991654320987
41699.99999950828,1,161,0.006172839506172839,-1.9779958271604936
41699.99999950828,2,160,0.012345679012345678,-3.955991654320987
41719.99999951236,2,160,0.012345679012345678,-3.955991654320987
41719.99999951236,2,160,0.012345679012345678,-3.955991654320987
41739.99999951643,2,160,0.012345679012345678,-3.955991654320987
41759.99999952051,2,160,0.012345679012345678,-3.955991654320987
41779.99999952458,2,160,0.012345679012345678,-3.955991654320987
41799.999999528656,2,160,0.012345679012345678,-3.955991654320987
41799.999999528656,4,158,0.024691358024691357,-7.911983308641974
41819.99999953273,4,158,0.024691358024691357,-7.911983308641974
41839.999999536805,4,158,0.024691358024691357,-7.911983308641974
41859.99999954088,4,158,0.024691358024691357,-7.911983308641974
41879.999999544954,4,158,0.024691358024691357,-7.911983308641974
41879.999999544954,3,159,0.018518518518518517,-5.933987481481481
41899.99999954903,3,159,0.018518518518518517,-5.933987481481481
41899.99999954903,3,159,0.018518518518518517,-5.933987481481481
41899.99999954903,2,160,0.012345679012345678,-3.955991654320987
41899.99999954903,2,160,0.012345679012345678,-3.955991654320987
41919.9999995531,2,160,0.012345679012345678,-3.955991654320987
41919.9999995531,0,162,0.0,0.0
41939.99999955718,0,162,0.0,0.0
41939.99999955718,3,159,0.018518518518518517,-5.933987481481481
41959.99999956125,3,159,0.018518518518518517,-5.933987481481481
41979.99999956533,3,159,0.018518518518518517,-5.933987481481481
41999.9999995694,3,159,0.018518518518518517,-5.933987481481481
41999.9999995694,4,158,0.024691358024691357,-7.911983308641974
42019.999999573476,4,158,0.024691358024691357,-7.911983308641974
42039.99999957755,4,158,0.024691358024691357,-7.911983308641974
42059.999999581625,4,158,0.024691358024691357,-7.911983308641974
42059.999999581625,2,160,0.012345679012345678,-3.955991654320987
42059.999999581625,2,160,0.012345679012345678,-3.955991654320987
42079.9999995857,2,160,0.012345679012345678,-3.955991654320987
42079.9999995857,4,158,0.024691358024691357,-7.911983308641974
42099.999999589774,4,158,0.024691358024691357,-7.911983308641974
42119.99999959385,4,158,0.024691358024691357,-7.911983308641974
42119.99999959385,4,158,0.024691358024691357,-7.911983308641974
42139.99999959792,4,158,0.024691358024691357,-7.911983308641974
42159.999999602,4,158,0.024691358024691357,-7.911983308641974
42179.99999960607,4,158,0.024691358024691357,-7.911983308641974
42199.99999961015,4,158,0.024691358024691357,-7.911983308641974
42219.99999961422,4,158,0.024691358024691357,-7.911983308641974
42239.999999618296,4,158,0.024691358024691357,-7.911983308641974
42259.99999962237,4,158,0.024691358024691357,-7.911983308641974
42279.999999626445,4,158,0.024691358024691357,-7.911983308641974
42299.99999963052,4,158,0.024691358024691357,-7.911983308641974
42319.999999634594,4,158,0.024691358024691357,-7.911983308641974
42339.99999963867,4,158,0.024691358024691357,-7.911983308641974
42339.99999963867,2,160,0.012345679012345678,-3.955991654320987
42359.99999964274,2,160,0.012345679012345678,-3.955991654320987
42359.99999964274,1,161,0.006172839506172839,-1.9779958271604936
42359.99999964274,3,159,0.018518518518518517,-5.933987481481481
42359.99999964274,3,159,0.018518518518518517,-5.933987481481481
42379.99999964682,3,159,0.018518518518518517,-5.933987481481481
42399.99999965089,3,159,0.018518518518518517,-5.933987481481481
42419.99999965497,3,159,0.018518518518518517,-5.933987481481481
42419.99999965497,4,158,0.024691358024691357,-7.911983308641974
42439.99999965904,4,158,0.024691358024691357,-7.911983308641974
42439.99999965904,6,156,0.037037037037037035,-11.867974962962961
42439.99999965904,4,158,0.024691358024691357,-7.911983308641974
42459.999999663116,4,158,0.024691358024691357,-7.911983308641974
42479.99999966719,4,158,0.024691358024691357,-7.911983308641974
42479.99999966719,4,158,0.024691358024691357,-7.911983308641974
42499.999999671265,4,158,0.024691358024691357,-7.911983308641974
42519.99999967534,4,158,0.024691358024691357,-7.911983308641974
42519.99999967534,4,158,0.024691358024691357,-7.911983308641974
42539.999999679414,4,158,0.024691358024691357,-7.911983308641974
42539.999999679414,2,160,0.012345679012345678,-3.955991654320987
42539.999999679414,4,158,0.024691358024691357,-7.911983308641974
42539.999999679414,3,159,0.018518518518518517,-5.933987481481481
42559.99999968349,3,159,0.018518518518518517,-5.933987481481481
42579.99999968756,3,159,0.018518518518518517,-5.933987481481481
42599.99999969164,3,159,0.018518518518518517,-5.933987481481481
42619.99999969571,3,159,0.018518518518518517,-5.933987481481481
42639.99999969979,3,159,0.018518518518518517,-5.933987481481481
42659.99999970386,3,159,0.018518518518518517,-5.933987481481481
42679.999999707936,3,159,0.018518518518518517,-5.933987481481481
42699.99999971201,3,159,0.018518518518518517,-5.933987481481481
42699.99999971201,2,160,0.012345679012345678,-3.955991654320987
42719.999999716085,2,160,0.012345679012345678,-3.955991654320987
42739.99999972016,2,160,0.012345679012345678,-3.955991654320987
42739.99999972016,1,161,0.006172839506172839,-1.9779958271604936
42739.99999972016,2,160,0.012345679012345678,-3.955991654320987
42759.999999724234,2,160,0.012345679012345678,-3.955991654320987
42779.99999972831,2,160,0.012345679012345678,-3.955991654320987
42799.99999973238,2,160,0.012345679012345678,-3.955991654320987
42799.99999973238,2,160,0.012345679012345678,-3.955991654320987
42799.99999973238,3,159,0.018518518518518517,-5.933987481481481
42799.99999973238,3,159,0.018518518518518517,-5.933987481481481
42819.99999973646,3,159,0.018518518518518517,-5.933987481481481
42839.99999974053,3,159,0.018518518518518517,-5.933987481481481
42859.99999974461,3,159,0.018518518518518517,-5.933987481481481
42859.99999974461,4,158,0.024691358024691357,-7.911983308641974
42859.99999974461,3,159,0.018518518518518517,-5.933987481481481
42859.99999974461,5,157,0.030864197530864196,-9.889979135802468
42879.99999974868,5,157,0.030864197530864196,-9.889979135802468
42899.999999752756,5,157,0.030864197530864196,-9.889979135802468
42919.99999975683,5,157,0.030864197530864196,-9.889979135802468
42919.99999975683,3,159,0.018518518518518517,-5.933987481481481
42919.99999975683,3,159,0.018518518518518517,-5.933987481481481
42939.999999760905,3,159,0.018518518518518517,-5.933987481481481
42959.99999976498,3,159,0.018518518518518517,-5.933987481481481
42979.999999769054,3,159,0.018518518518518517,-5.933987481481481
42999.99999977313,3,159,0.018518518518518517,-5.933987481481481
42999.99999977313,2,160,0.012345679012345678,-3.955991654320987
43019.9999997772,2,160,0.012345679012345678,-3.955991654320987
43019.9999997772,2,160,0.012345679012345678,-3.955991654320987
43039.99999978128,2,160,0.012345679012345678,-3.955991654320987
43039.99999978128,1,161,0.006172839506172839,-1.9779958271604936
43059.99999978535,1,161,0.006172839506172839,-1.9779958271604936
43059.99999978535,1,161,0.006172839506172839,-1.9779958271604936
43079.99999978943,1,161,0.006172839506172839,-1.9779958271604936
43099.9999997935,1,161,0.006172839506172839,-1.9779958271604936
43119.999999797576,1,161,0.006172839506172839,-1.9779958271604936
43139.99999980165,1,161,0.006172839506172839,-1.9779958271604936
43159.999999805725,1,161,0.006172839506172839,-1.9779958271604936
43179.9999998098,1,161,0.006172839506172839,-1.9779958271604936
43179.9999998098,3,159,0.018518518518518517,-5.933987481481481
43199.999999813874,3,159,0.018518518518518517,-5.933987481481481
43199.999999813874,2,160,0.012345679012345678,-3.955991654320987
43199.999999813874,4,158,0.024691358024691357,-7.911983308641974
43219.99999981795,4,158,0.024691358024691357,-7.911983308641974
43219.99999981795,3,159,0.018518518518518517,-5.933987481481481
43239.99999982202,3,159,0.018518518518518517,-5.933987481481481
43259.9999998261,3,159,0.018518518518518517,-5.933987481481481
43279.99999983017,3,159,0.018518518518518517,-5.933987481481481
43279.99999983017,4,158,0.024691358024691357,-7.911983308641974
43299.99999983425,4,158,0.024691358024691357,-7.911983308641974
43319.99999983832,4,158,0.024691358024691357,-7.911983308641974
43339.999999842395,4,158,0.024691358024691357,-7.911983308641974
43339.999999842395,4,158,0.024691358024691357,-7.911983308641974
43359.99999984647,4,158,0.024691358024691357,-7.911983308641974
43359.99999984647,7,155,0.043209876543209874,-13.845970790123456
43359.99999984647,5,157,0.030864197530864196,-9.889979135802468
43359.99999984647,3,159,0.018518518518518517,-5.933987481481481
43359.99999984647,4,158,0.024691358024691357,-7.911983308641974
43359.99999984647,3,159,0.018518518518518517,-5.933987481481481
43379.999999850545,3,159,0.018518518518518517,-5.933987481481481
43399.99999985462,3,159,0.018518518518518517,-5.933987481481481
43419.99999985869,3,159,0.018518518518518517,-5.933987481481481
43439.99999986277,3,159,0.018518518518518517,-5.933987481481481
43459.99999986684,3,159,0.018518518518518517,-5.933987481481481
43479.99999987092,3,159,0.018518518518518517,-5.933987481481481
43499.99999987499,3,159,0.018518518518518517,-5.933987481481481
43499.99999987499,3,159,0.018518518518518517,-5.933987481481481
43519.999999879066,3,159,0.018518518518518517,-5.933987481481481
43519.999999879066,4,158,0.024691358024691357,-7.911983308641974
43539.99999988314,4,158,0.024691358024691357,-7.911983308641974
43539.99999988314,3,159,0.018518518518518517,-5.933987481481481
43539.99999988314,1,161,0.006172839506172839,-1.9779958271604936
43559.999999887215,1,161,0.006172839506172839,-1.9779958271604936
43579.99999989129,1,161,0.006172839506172839,-1.9779958271604936
43599.999999895364,1,161,0.006172839506172839,-1.9779958271604936
43619.99999989944,1,161,0.006172839506172839,-1.9779958271604936
43619.99999989944,1,161,0.006172839506172839,-1.9779958271604936
43619.99999989944,4,158,0.024691358024691357,-7.911983308641974
43639.99999990351,4,158,0.024691358024691357,-7.911983308641974
43659.99999990759,4,158,0.024691358024691357,-7.911983308641974
43679.99999991166,4,158,0.024691358024691357,-7.911983308641974
43699.99999991574,4,158,0.024691358024691357,-7.911983308641974
43699.99999991574,3,159,0.018518518518518517,-5.933987481481481
43719.99999991981,3,159,0.018518518518518517,-5.933987481481481
43739.999999923886,3,159,0.018518518518518517,-5.933987481481481
43759.99999992796,3,159,0.018518518518518517,-5.933987481481481
43779.999999932035,3,159,0.018518518518518517,-5.933987481481481
43779.999999932035,4,158,0.024691358024691357,-7.911983308641974
43799.99999993611,4,158,0.024691358024691357,-7.911983308641974
43799.99999993611,4,158,0.024691358024691357,-7.911983308641974
43799.99999993611,6,156,0.037037037037037035,-11.867974962962961
43819.999999940184,6,156,0.037037037037037035,-11.867974962962961
43839.99999994426,6,156,0.037037037037037035,-11.867974962962961
43839.99999994426,4,158,0.024691358024691357,-7.911983308641974
43839.99999994426,5,157,0.030864197530864196,-9.889979135802468
43839.99999994426,3,159,0.018518518518518517,-5.933987481481481
43859.99999994833,3,159,0.018518518518518517,-5.933987481481481
43859.99999994833,6,156,0.037037037037037035,-11.867974962962961
43879.99999995241,6,156,0.037037037037037035,-11.867974962962961
43879.99999995241,7,155,0.043209876543209874,-13.845970790123456
43879.99999995241,4,158,0.024691358024691357,-7.911983308641974
43899.99999995648,4,158,0.024691358024691357,-7.911983308641974
43899.99999995648,4,158,0.024691358024691357,-7.911983308641974
43919.99999996056,4,158,0.024691358024691357,-7.911983308641974
43919.99999996056,2,160,0.012345679012345678,-3.955991654320987
43939.99999996463,2,160,0.012345679012345678,-3.955991654320987
43939.99999996463,3,159,0.018518518518518517,-5.933987481481481
43959.999999968706,3,159,0.018518518518518517,-5.933987481481481
43959.999999968706,2,160,0.012345679012345678,-3.955991654320987
43979.99999997278,2,160,0.012345679012345678,-3.955991654320987
43999.999999976855,2,160,0.012345679012345678,-3.955991654320987
44019.99999998093,2,160,0.012345679012345678,-3.955991654320987
44019.99999998093,3,159,0.018518518518518517,-5.933987481481481
44039.999999985004,3,159,0.018518518518518517,-5.933987481481481
44059.99999998908,3,159,0.018518518518518517,-5.933987481481481
44079.99999999315,3,159,0.018518518518518517,-5.933987481481481
44079.99999999315,4,158,0.024691358024691357,-7.911983308641974
44099.99999999723,4,158,0.024691358024691357,-7.911983308641974
44120.0000000013,4,158,0.024691358024691357,-7.911983308641974
44140.00000000538,4,158,0.024691358024691357,-7.911983308641974
44160.00000000945,4,158,0.024691358024691357,-7.911983308641974
44180.000000013526,4,158,0.024691358024691357,-7.911983308641974
44200.0000000176,4,158,0.024691358024691357,-7.911983308641974
44200.0000000176,2,160,0.012345679012345678,-3.955991654320987
44200.0000000176,4,158,0.024691358024691357,-7.911983308641974
44220.000000021675,4,158,0.024691358024691357,-7.911983308641974
44240.00000002575,4,158,0.024691358024691357,-7.911983308641974
44240.00000002575,3,159,0.018518518518518517,-5.933987481481481
44260.000000029824,3,159,0.018518518518518517,-5.933987481481481
44260.000000029824,4,158,0.024691358024691357,-7.911983308641974
44280.0000000339,4,158,0.024691358024691357,-7.911983308641974
44300.00000003797,4,158,0.024691358024691357,-7.911983308641974
44320.00000004205,4,158,0.024691358024691357,-7.911983308641974
44320.00000004205,2,160,0.012345679012345678,-3.955991654320987
44340.00000004612,2,160,0.012345679012345678,-3.955991654320987
44360.0000000502,2,160,0.012345679012345678,-3.955991654320987
44380.00000005427,2,160,0.012345679012345678,-3.955991654320987
44380.00000005427,3,159,0.018518518518518517,-5.933987481481481
44380.00000005427,0,162,0.0,0.0
44400.000000058346,0,162,0.0,0.0
44420.00000006242,0,162,0.0,0.0
44420.00000006242,2,160,0.012345679012345678,-3.955991654320987
44440.000000066495,2,160,0.012345679012345678,-3.955991654320987
44460.00000007057,2,160,0.012345679012345678,-3.955991654320987
44480.000000074644,2,160,0.012345679012345678,-3.955991654320987
44480.000000074644,2,160,0.012345679012345678,-3.955991654320987
44500.00000007872,2,160,0.012345679012345678,-3.955991654320987
44500.00000007872,2,160,0.012345679012345678,-3.955991654320987
44520.00000008279,2,160,0.012345679012345678,-3.955991654320987
44540.00000008687,2,160,0.012345679012345678,-3.955991654320987
44540.00000008687,3,159,0.018518518518518517,-5.933987481481481
44560.00000009094,3,159,0.018518518518518517,-5.933987481481481
44580.00000009502,3,159,0.018518518518518517,-5.933987481481481
44580.00000009502,1,161,0.006172839506172839,-1.9779958271604936
44580.00000009502,3,159,0.018518518518518517,-5.933987481481481
44580.00000009502,2,160,0.012345679012345678,-3.955991654320987
44580.00000009502,2,160,0.012345679012345678,-3.955991654320987
44580.00000009502,3,159,0.018518518518518517,-5.933987481481481
44600.00000009909,3,159,0.018518518518518517,-5.933987481481481
44620.000000103166,3,159,0.018518518518518517,-5.933987481481481
44620.000000103166,2,160,0.012345679012345678,-3.955991654320987
44640.00000010724,2,160,0.012345679012345678,-3.955991654320987
44640.00000010724,1,161,0.006172839506172839,-1.9779958271604936
44640.00000010724,2,160,0.012345679012345678,-3.955991654320987
44660.000000111315,2,160,0.012345679012345678,-3.955991654320987
44660.000000111315,2,160,0.012345679012345678,-3.955991654320987
44680.00000011539,2,160,0.012345679012345678,-3.955991654320987
44700.000000119464,2,160,0.012345679012345678,-3.955991654320987
44700.000000119464,2,160,0.012345679012345678,-3.955991654320987
44720.00000012354,2,160,0.012345679012345678,-3.955991654320987
44740.00000012761,2,160,0.012345679012345678,-3.955991654320987
44760.00000013169,2,160,0.012345679012345678,-3.955991654320987
44760.00000013169,3,159,0.018518518518518517,-5.933987481481481
44760.00000013169,5,157,0.030864197530864196,-9.889979135802468
44760.00000013169,3,159,0.018518518518518517,-5.933987481481481
44760.00000013169,5,157,0.030864197530864196,-9.889979135802468
44780.00000013576,5,157,0.030864197530864196,-9.889979135802468
44780.00000013576,3,159,0.018518518518518517,-5.933987481481481
44780.00000013576,4,158,0.024691358024691357,-7.911983308641974
44800.00000013984,4,158,0.024691358024691357,-7.911983308641974
44820.00000014391,4,158,0.024691358024691357,-7.911983308641974
44820.00000014391,3,159,0.018518518518518517,-5.933987481481481
44820.00000014391,5,157,0.030864197530864196,-9.889979135802468
44820.00000014391,4,158,0.024691358024691357,-7.911983308641974
44820.00000014391,4,158,0.024691358024691357,-7.911983308641974
44840.000000147986,4,158,0.024691358024691357,-7.911983308641974
44840.000000147986,4,158,0.024691358024691357,-7.911983308641974
44860.00000015206,4,158,0.024691358024691357,-7.911983308641974
44880.000000156135,4,158,0.024691358024691357,-7.911983308641974
44880.000000156135,3,159,0.018518518518518517,-5.933987481481481
44900.00000016021,3,159,0.018518518518518517,-5.933987481481481
44900.00000016021,5,157,0.030864197530864196,-9.889979135802468
44920.000000164284,5,157,0.030864197530864196,-9.889979135802468
44940.00000016836,5,157,0.030864197530864196,-9.889979135802468
44960.00000017243,5,157,0.030864197530864196,-9.889979135802468
44980.00000017651,5,157,0.030864197530864196,-9.889979135802468
45000.00000018058,5,157,0.030864197530864196,-9.889979135802468
45020.00000018466,5,157,0.030864197530864196,-9.889979135802468
45020.00000018466,3,159,0.018518518518518517,-5.933987481481481
45040.00000018873,3,159,0.018518518518518517,-5.933987481481481
45060.000000192806,3,159,0.018518518518518517,-5.933987481481481
45080.00000019688,3,159,0.018518518518518517,-5.933987481481481
45080.00000019688,2,160,0.012345679012345678,-3.955991654320987
45100.000000200955,2,160,0.012345679012345678,-3.955991654320987
45100.000000200955,6,156,0.037037037037037035,-11.867974962962961
45100.000000200955,1,161,0.006172839506172839,-1.9779958271604936
45120.00000020503,1,161,0.006172839506172839,-1.9779958271604936
45140.000000209104,1,161,0.006172839506172839,-1.9779958271604936
45140.000000209104,4,158,0.024691358024691357,-7.911983308641974
45140.000000209104,3,159,0.018518518518518517,-5.933987481481481
45140.000000209104,4,158,0.024691358024691357,-7.911983308641974
45160.00000021318,4,158,0.024691358024691357,-7.911983308641974
45180.00000021725,4,158,0.024691358024691357,-7.911983308641974
45200.00000022133,4,158,0.024691358024691357,-7.911983308641974
45220.0000002254,4,158,0.024691358024691357,-7.911983308641974
45240.00000022948,4,158,0.024691358024691357,-7.911983308641974
45240.00000022948,4,158,0.024691358024691357,-7.911983308641974
45260.00000023355,4,158,0.024691358024691357,-7.911983308641974
45260.00000023355,1,161,0.006172839506172839,-1.9779958271604936
45260.00000023355,3,159,0.018518518518518517,-5.933987481481481
45280.000000237625,3,159,0.018518518518518517,-5.933987481481481
45280.000000237625,3,159,0.018518518518518517,-5.933987481481481
45300.0000002417,3,159,0.018518518518518517,-5.933987481481481
45300.0000002417,2,160,0.012345679012345678,-3.955991654320987
45320.000000245775,2,160,0.012345679012345678,-3.955991654320987
45340.00000024985,2,160,0.012345679012345678,-3.955991654320987
45340.00000024985,1,161,0.006172839506172839,-1.9779958271604936
45360.000000253924,1,161,0.006172839506172839,-1.9779958271604936
45360.000000253924,2,160,0.012345679012345678,-3.955991654320987
45380.000000258,2,160,0.012345679012345678,-3.955991654320987
45400.00000026207,2,160,0.012345679012345678,-3.955991654320987
45420.00000026615,2,160,0.012345679012345678,-3.955991654320987
45440.00000027022,2,160,0.012345679012345678,-3.955991654320987
45460.000000274296,2,160,0.012345679012345678,-3.955991654320987
45460.000000274296,1,161,0.006172839506172839,-1.9779958271604936
45460.000000274296,1,161,0.006172839506172839,-1.9779958271604936
45460.000000274296,2,160,0.012345679012345678,-3.955991654320987
45460.000000274296,5,157,0.030864197530864196,-9.889979135802468
45480.00000027837,5,157,0.030864197530864196,-9.889979135802468
45480.00000027837,4,158,0.024691358024691357,-7.911983308641974
45500.000000282445,4,158,0.024691358024691357,-7.911983308641974
45500.000000282445,3,159,0.018518518518518517,-5.933987481481481
45520.00000028652,3,159,0.018518518518518517,-5.933987481481481
45520.00000028652,5,157,0.030864197530864196,-9.889979135802468
45520.00000028652,5,157,0.030864197530864196,-9.889979135802468
45520.00000028652,2,160,0.012345679012345678,-3.955991654320987
45520.00000028652,4,158,0.024691358024691357,-7.911983308641974
45520.00000028652,4,158,0.024691358024691357,-7.911983308641974
45520.00000028652,4,158,0.024691358024691357,-7.911983308641974
45540.000000290594,4,158,0.024691358024691357,-7.911983308641974
45560.00000029467,4,158,0.024691358024691357,-7.911983308641974
45580.00000029874,4,158,0.024691358024691357,-7.911983308641974
45600.00000030282,4,158,0.024691358024691357,-7.911983308641974
45620.00000030689,4,158,0.024691358024691357,-7.911983308641974
45640.00000031097,4,158,0.024691358024691357,-7.911983308641974
45660.00000031504,4,158,0.024691358024691357,-7.911983308641974
45660.00000031504,4,158,0.024691358024691357,-7.911983308641974
45660.00000031504,1,161,0.006172839506172839,-1.9779958271604936
45680.000000319116,1,161,0.006172839506172839,-1.9779958271604936
45700.00000032319,1,161,0.006172839506172839,-1.9779958271604936
45720.000000327265,1,161,0.006172839506172839,-1.9779958271604936
45740.00000033134,1,161,0.006172839506172839,-1.9779958271604936
45740.00000033134,2,160,0.012345679012345678,-3.955991654320987
45760.000000335414,2,160,0.012345679012345678,-3.955991654320987
45780.00000033949,2,160,0.012345679012345678,-3.955991654320987
45780.00000033949,1,161,0.006172839506172839,-1.9779958271604936
45780.00000033949,1,161,0.006172839506172839,-1.9779958271604936
45800.00000034356,1,161,0.006172839506172839,-1.9779958271604936
45800.00000034356,2,160,0.012345679012345678,-3.955991654320987
45820.00000034764,2,160,0.012345679012345678,-3.955991654320987
45840.00000035171,2,160,0.012345679012345678,-3.955991654320987
45860.00000035579,2,160,0.012345679012345678,-3.955991654320987
45880.00000035986,2,160,0.012345679012345678,-3.955991654320987
45900.000000363936,2,160,0.012345679012345678,-3.955991654320987
45920.00000036801,2,160,0.012345679012345678,-3.955991654320987
45920.00000036801,4,158,0.024691358024691357,-7.911983308641974
45920.00000036801,5,157,0.030864197530864196,-9.889979135802468
45940.000000372085,5,157,0.030864197530864196,-9.889979135802468
45960.00000037616,5,157,0.030864197530864196,-9.889979135802468
45960.00000037616,3,159,0.018518518518518517,-5.933987481481481
45980.000000380234,3,159,0.018518518518518517,-5.933987481481481
45980.000000380234,3,159,0.018518518518518517,-5.933987481481481
45980.000000380234,0,162,0.0,0.0
46000.00000038431,0,162,0.0,0.0
46020.00000038838,0,162,0.0,0.0
46040.00000039246,0,162,0.0,0.0
46060.00000039653,0,162,0.0,0.0
46080.00000040061,0,162,0.0,0.0
46080.00000040061,3,159,0.018518518518518517,-5.933987481481481
46100.00000040468,3,159,0.018518518518518517,-5.933987481481481
46120.000000408756,3,159,0.018518518518518517,-5.933987481481481
46140.00000041283,3,159,0.018518518518518517,-5.933987481481481
46160.000000416905,3,159,0.018518518518518517,-5.933987481481481
46180.00000042098,3,159,0.018518518518518517,-5.933987481481481
46200.000000425054,3,159,0.018518518518518517,-5.933987481481481
46220.00000042913,3,159,0.018518518518518517,-5.933987481481481
46220.00000042913,4,158,0.024691358024691357,-7.911983308641974
46240.0000004332,4,158,0.024691358024691357,-7.911983308641974
46240.0000004332,1,161,0.006172839506172839,-1.9779958271604936
46260.00000043728,1,161,0.006172839506172839,-1.9779958271604936
46280.00000044135,1,161,0.006172839506172839,-1.9779958271604936
46300.00000044543,1,161,0.006172839506172839,-1.9779958271604936
46300.00000044543,4,158,0.024691358024691357,-7.911983308641974
46320.0000004495,4,158,0.024691358024691357,-7.911983308641974
46340.000000453576,4,158,0.024691358024691357,-7.911983308641974
46360.00000045765,4,158,0.024691358024691357,-7.911983308641974
46380.000000461725,4,158,0.024691358024691357,-7.911983308641974
46400.0000004658,4,158,0.024691358024691357,-7.911983308641974
46400.0000004658,4,158,0.024691358024691357,-7.911983308641974
46420.000000469874,4,158,0.024691358024691357,-7.911983308641974
46420.000000469874,3,159,0.018518518518518517,-5.933987481481481
46440.00000047395,3,159,0.018518518518518517,-5.933987481481481
46440.00000047395,0,162,0.0,0.0
46440.00000047395,1,161,0.006172839506172839,-1.9779958271604936
46460.00000047802,1,161,0.006172839506172839,-1.9779958271604936
46460.00000047802,2,160,0.012345679012345678,-3.955991654320987
46460.00000047802,4,158,0.024691358024691357,-7.911983308641974
46480.0000004821,4,158,0.024691358024691357,-7.911983308641974
46500.00000048617,4,158,0.024691358024691357,-7.911983308641974
46500.00000048617,2,160,0.012345679012345678,-3.955991654320987
46520.00000049025,2,160,0.012345679012345678,-3.955991654320987
46540.00000049432,2,160,0.012345679012345678,-3.955991654320987
46540.00000049432,7,155,0.043209876543209874,-13.845970790123456
46560.000000498396,7,155,0.043209876543209874,-13.845970790123456
46560.000000498396,1,161,0.006172839506172839,-1.9779958271604936
46560.000000498396,3,159,0.018518518518518517,-5.933987481481481
46560.000000498396,2,160,0.012345679012345678,-3.955991654320987
46580.00000050247,2,160,0.012345679012345678,-3.955991654320987
46600.000000506545,2,160,0.012345679012345678,-3.955991654320987
46620.00000051062,2,160,0.012345679012345678,-3.955991654320987
46640.000000514694,2,160,0.012345679012345678,-3.955991654320987
46660.00000051877,2,160,0.012345679012345678,-3.955991654320987
46680.00000052284,2,160,0.012345679012345678,-3.955991654320987
46700.00000052692,2,160,0.012345679012345678,-3.955991654320987
46720.00000053099,2,160,0.012345679012345678,-3.955991654320987
46720.00000053099,4,158,0.024691358024691357,-7.911983308641974
46720.00000053099,0,162,0.0,0.0
46720.00000053099,2,160,0.012345679012345678,-3.955991654320987
46720.00000053099,1,161,0.006172839506172839,-1.9779958271604936
46740.00000053507,1,161,0.006172839506172839,-1.9779958271604936
46740.00000053507,3,159,0.018518518518518517,-5.933987481481481
46740.00000053507,3,159,0.018518518518518517,-5.933987481481481
46760.00000053914,3,159,0.018518518518518517,-5.933987481481481
46780.000000543216,3,159,0.018518518518518517,-5.933987481481481
46800.00000054729,3,159,0.018518518518518517,-5.933987481481481
46820.000000551365,3,159,0.018518518518518517,-5.933987481481481
46840.00000055544,3,159,0.018518518518518517,-5.933987481481481
46860.000000559514,3,159,0.018518518518518517,-5.933987481481481
46860.000000559514,2,160,0.012345679012345678,-3.955991654320987
46880.00000056359,2,160,0.012345679012345678,-3.955991654320987
46900.00000056766,2,160,0.012345679012345678,-3.955991654320987
46900.00000056766,3,159,0.018518518518518517,-5.933987481481481
46920.00000057174,3,159,0.018518518518518517,-5.933987481481481
46920.00000057174,5,157,0.030864197530864196,-9.889979135802468
46940.00000057581,5,157,0.030864197530864196,-9.889979135802468
46940.00000057581,3,159,0.018518518518518517,-5.933987481481481
46960.00000057989,3,159,0.018518518518518517,-5.933987481481481
46980.00000058396,3,159,0.018518518518518517,-5.933987481481481
47000.000000588036,3,159,0.018518518518518517,-5.933987481481481
47000.000000588036,2,160,0.012345679012345678,-3.955991654320987
47000.000000588036,1,161,0.006172839506172839,-1.9779958271604936
47020.00000059211,1,161,0.006172839506172839,-1.9779958271604936
47020.00000059211,2,160,0.012345679012345678,-3.955991654320987
47040.000000596185,2,160,0.012345679012345678,-3.955991654320987
47040.000000596185,4,158,0.024691358024691357,-7.911983308641974
47040.000000596185,3,159,0.018518518518518517,-5.933987481481481
47060.00000060026,3,159,0.018518518518518517,-5.933987481481481
47080.000000604334,3,159,0.018518518518518517,-5.933987481481481
47080.000000604334,3,159,0.018518518518518517,-5.933987481481481
47080.000000604334,4,158,0.024691358024691357,-7.911983308641974
47080.000000604334,6,156,0.037037037037037035,-11.867974962962961
47080.000000604334,6,156,0.037037037037037035,-11.867974962962961
47100.00000060841,6,156,0.037037037037037035,-11.867974962962961
47100.00000060841,3,159,0.018518518518518517,-5.933987481481481
47120.00000061248,3,159,0.018518518518518517,-5.933987481481481
47120.00000061248,5,157,0.030864197530864196,-9.889979135802468
47140.00000061656,5,157,0.030864197530864196,-9.889979135802468
47160.00000062063,5,157,0.030864197530864196,-9.889979135802468
47180.00000062471,5,157,0.030864197530864196,-9.889979135802468
47200.00000062878,5,157,0.030864197530864196,-9.889979135802468
47220.000000632856,5,157,0.030864197530864196,-9.889979135802468
47220.000000632856,2,160,0.012345679012345678,-3.955991654320987
47220.000000632856,2,160,0.012345679012345678,-3.955991654320987
47240.00000063693,2,160,0.012345679012345678,-3.955991654320987
47240.00000063693,4,158,0.024691358024691357,-7.911983308641974
47240.00000063693,2,160,0.012345679012345678,-3.955991654320987
47260.000000641005,2,160,0.012345679012345678,-3.955991654320987
47280.00000064508,2,160,0.012345679012345678,-3.955991654320987
47280.00000064508,4,158,0.024691358024691357,-7.911983308641974
47280.00000064508,2,160,0.012345679012345678,-3.955991654320987
47300.000000649154,2,160,0.012345679012345678,-3.955991654320987
47300.000000649154,2,160,0.012345679012345678,-3.955991654320987
47320.00000065323,2,160,0.012345679012345678,-3.955991654320987
47340.0000006573,2,160,0.012345679012345678,-3.955991654320987
47360.00000066138,2,160,0.012345679012345678,-3.955991654320987
47380.00000066545,2,160,0.012345679012345678,-3.955991654320987
47380.00000066545,3,159,0.018518518518518517,-5.933987481481481
47380.00000066545,6,156,0.037037037037037035,-11.867974962962961
47400.000000669526,6,156,0.037037037037037035,-11.867974962962961
47420.0000006736,6,156,0.037037037037037035,-11.867974962962961
47420.0000006736,5,157,0.030864197530864196,-9.889979135802468
47420.0000006736,5,157,0.030864197530864196,-9.889979135802468
47420.0000006736,4,158,0.024691358024691357,-7.911983308641974
47420.0000006736,4,158,0.024691358024691357,-7.911983308641974
47440.000000677675,4,158,0.024691358024691357,-7.911983308641974
47440.000000677675,6,156,0.037037037037037035,-11.867974962962961
47460.00000068175,6,156,0.037037037037037035,-11.867974962962961
47480.000000685824,6,156,0.037037037037037035,-11.867974962962961
47500.0000006899,6,156,0.037037037037037035,-11.867974962962961
47520.00000069397,6,156,0.037037037037037035,-11.867974962962961
47520.00000069397,2,160,0.012345679012345678,-3.955991654320987
47520.00000069397,5,157,0.030864197530864196,-9.889979135802468
47540.00000069805,5,157,0.030864197530864196,-9.889979135802468
47560.00000070212,5,157,0.030864197530864196,-9.889979135802468
47580.0000007062,5,157,0.030864197530864196,-9.889979135802468
47600.00000071027,5,157,0.030864197530864196,-9.889979135802468
47600.00000071027,3,159,0.018518518518518517,-5.933987481481481
47600.00000071027,5,157,0.030864197530864196,-9.889979135802468
47600.00000071027,4,158,0.024691358024691357,-7.911983308641974
47600.00000071027,2,160,0.012345679012345678,-3.955991654320987
47600.00000071027,2,160,0.012345679012345678,-3.955991654320987
47620.000000714346,2,160,0.012345679012345678,-3.955991654320987
47640.00000071842,2,160,0.012345679012345678,-3.955991654320987
47660.000000722495,2,160,0.012345679012345678,-3.955991654320987
47680.00000072657,2,160,0.012345679012345678,-3.955991654320987
47680.00000072657,3,159,0.018518518518518517,-5.933987481481481
47700.000000730644,3,159,0.018518518518518517,-5.933987481481481
47720.00000073472,3,159,0.018518518518518517,-5.933987481481481
47740.00000073879,3,159,0.018518518518518517,-5.933987481481481
47740.00000073879,0,162,0.0,0.0
47760.00000074287,0,162,0.0,0.0
47760.00000074287,2,160,0.012345679012345678,-3.955991654320987
47760.00000074287,2,160,0.012345679012345678,-3.955991654320987
47780.00000074694,2,160,0.012345679012345678,-3.955991654320987
47800.00000075102,2,160,0.012345679012345678,-3.955991654320987
47800.00000075102,1,161,0.006172839506172839,-1.9779958271604936
47820.00000075509,1,161,0.006172839506172839,-1.9779958271604936
47820.00000075509,2,160,0.012345679012345678,-3.955991654320987
47840.000000759166,2,160,0.012345679012345678,-3.955991654320987
47860.00000076324,2,160,0.012345679012345678,-3.955991654320987
47860.00000076324,1,161,0.006172839506172839,-1.9779958271604936
47860.00000076324,7,155,0.043209876543209874,-13.845970790123456
47860.00000076324,4,158,0.024691358024691357,-7.911983308641974
47860.00000076324,3,159,0.018518518518518517,-5.933987481481481
47860.00000076324,4,158,0.024691358024691357,-7.911983308641974
47860.00000076324,3,159,0.018518518518518517,-5.933987481481481
47860.00000076324,3,159,0.018518518518518517,-5.933987481481481
47880.000000767315,3,159,0.018518518518518517,-5.933987481481481
47900.00000077139,3,159,0.018518518518518517,-5.933987481481481
47900.00000077139,3,159,0.018518518518518517,-5.933987481481481
47920.000000775464,3,159,0.018518518518518517,-5.933987481481481
47940.00000077954,3,159,0.018518518518518517,-5.933987481481481
47960.00000078361,3,159,0.018518518518518517,-5.933987481481481
47980.00000078769,3,159,0.018518518518518517,-5.933987481481481
48000.00000079176,3,159,0.018518518518518517,-5.933987481481481
48020.00000079584,3,159,0.018518518518518517,-5.933987481481481
48020.00000079584,2,160,0.012345679012345678,-3.955991654320987
48040.00000079991,2,160,0.012345679012345678,-3.955991654320987
48060.000000803986,2,160,0.012345679012345678,-3.955991654320987
48080.00000080806,2,160,0.012345679012345678,-3.955991654320987
48100.000000812135,2,160,0.012345679012345678,-3.955991654320987
48120.00000081621,2,160,0.012345679012345678,-3.955991654320987
48120.00000081621,1,161,0.006172839506172839,-1.9779958271604936
48140.000000820284,1,161,0.006172839506172839,-1.9779958271604936
48140.000000820284,3,159,0.018518518518518517,-5.933987481481481
48160.00000082436,3,159,0.018518518518518517,-5.933987481481481
48180.00000082843,3,159,0.018518518518518517,-5.933987481481481
48200.00000083251,3,159,0.018518518518518517,-5.933987481481481
48220.00000083658,3,159,0.018518518518518517,-5.933987481481481
48220.00000083658,3,159,0.018518518518518517,-5.933987481481481
48220.00000083658,4,158,0.024691358024691357,-7.911983308641974
48220.00000083658,1,161,0.006172839506172839,-1.9779958271604936
48240.00000084066,1,161,0.006172839506172839,-1.9779958271604936
48260.00000084473,1,161,0.006172839506172839,-1.9779958271604936
48280.000000848806,1,161,0.006172839506172839,-1.9779958271604936
48280.000000848806,4,158,0.024691358024691357,-7.911983308641974
48300.00000085288,4,158,0.024691358024691357,-7.911983308641974
48300.00000085288,2,160,0.012345679012345678,-3.955991654320987
48320.000000856955,2,160,0.012345679012345678,-3.955991654320987
48340.00000086103,2,160,0.012345679012345678,-3.955991654320987
48360.000000865104,2,160,0.012345679012345678,-3.955991654320987
48380.00000086918,2,160,0.012345679012345678,-3.955991654320987
48380.00000086918,2,160,0.012345679012345678,-3.955991654320987
48400.00000087325,2,160,0.012345679012345678,-3.955991654320987
48400.00000087325,3,159,0.018518518518518517,-5.933987481481481
48420.00000087733,3,159,0.018518518518518517,-5.933987481481481
48420.00000087733,3,159,0.018518518518518517,-5.933987481481481
48440.0000008814,3,159,0.018518518518518517,-5.933987481481481
48440.0000008814,4,158,0.024691358024691357,-7.911983308641974
48440.0000008814,2,160,0.012345679012345678,-3.955991654320987
48440.0000008814,5,157,0.030864197530864196,-9.889979135802468
48460.00000088548,5,157,0.030864197530864196,-9.889979135802468
48460.00000088548,3,159,0.018518518518518517,-5.933987481481481
48480.00000088955,3,159,0.018518518518518517,-5.933987481481481
48500.000000893626,3,159,0.018518518518518517,-5.933987481481481
48520.0000008977,3,159,0.018518518518518517,-5.933987481481481
48540.000000901775,3,159,0.018518518518518517,-5.933987481481481
48540.000000901775,3,159,0.018518518518518517,-5.933987481481481
48560.00000090585,3,159,0.018518518518518517,-5.933987481481481
48580.000000909924,3,159,0.018518518518518517,-5.933987481481481
48580.000000909924,4,158,0.024691358024691357,-7.911983308641974
48600.000000914,4,158,0.024691358024691357,-7.911983308641974
48600.000000914,6,156,0.037037037037037035,-11.867974962962961
48620.00000091807,6,156,0.037037037037037035,-11.867974962962961
48640.00000092215,6,156,0.037037037037037035,-11.867974962962961
48660.00000092622,6,156,0.037037037037037035,-11.867974962962961
48660.00000092622,3,159,0.018518518518518517,-5.933987481481481
48660.00000092622,3,159,0.018518518518518517,-5.933987481481481
48660.00000092622,2,160,0.012345679012345678,-3.955991654320987
48680.0000009303,2,160,0.012345679012345678,-3.955991654320987
48700.00000093437,2,160,0.012345679012345678,-3.955991654320987
48720.000000938446,2,160,0.012345679012345678,-3.955991654320987
48740.00000094252,2,160,0.012345679012345678,-3.955991654320987
48760.000000946595,2,160,0.012345679012345678,-3.955991654320987
48760.000000946595,5,157,0.030864197530864196,-9.889979135802468
48780.00000095067,5,157,0.030864197530864196,-9.889979135802468
48800.000000954744,5,157,0.030864197530864196,-9.889979135802468
48800.000000954744,3,159,0.018518518518518517,-5.933987481481481
48800.000000954744,2,160,0.012345679012345678,-3.955991654320987
48820.00000095882,2,160,0.012345679012345678,-3.955991654320987
48840.00000096289,2,160,0.012345679012345678,-3.955991654320987
48860.00000096697,2,160,0.012345679012345678,-3.955991654320987
48880.00000097104,2,160,0.012345679012345678,-3.955991654320987
48880.00000097104,4,158,0.024691358024691357,-7.911983308641974
48900.00000097512,4,158,0.024691358024691357,-7.911983308641974
48900.00000097512,3,159,0.018518518518518517,-5.933987481481481
48900.00000097512,4,158,0.024691358024691357,-7.911983308641974
48900.00000097512,3,159,0.018518518518518517,-5.933987481481481
48920.00000097919,3,159,0.018518518518518517,-5.933987481481481
48940.000000983266,3,159,0.018518518518518517,-5.933987481481481
48940.000000983266,4,158,0.024691358024691357,-7.911983308641974
48960.00000098734,4,158,0.024691358024691357,-7.911983308641974
48980.000000991415,4,158,0.024691358024691357,-7.911983308641974
49000.00000099549,4,158,0.024691358024691357,-7.911983308641974
49020.000000999564,4,158,0.024691358024691357,-7.911983308641974
49020.000000999564,3,159,0.018518518518518517,-5.933987481481481
49040.00000100364,3,159,0.018518518518518517,-5.933987481481481
49060.00000100771,3,159,0.018518518518518517,-5.933987481481481
49080.00000101179,3,159,0.018518518518518517,-5.933987481481481
49100.00000101586,3,159,0.018518518518518517,-5.933987481481481
49100.00000101586,2,160,0.012345679012345678,-3.955991654320987
49100.00000101586,5,157,0.030864197530864196,-9.889979135802468
49120.00000101994,5,157,0.030864197530864196,-9.889979135802468
49140.00000102401,5,157,0.030864197530864196,-9.889979135802468
49160.000001028086,5,157,0.030864197530864196,-9.889979135802468
49160.000001028086,5,157,0.030864197530864196,-9.889979135802468
49180.00000103216,5,157,0.030864197530864196,-9.889979135802468
49180.00000103216,5,157,0.030864197530864196,-9.889979135802468
49200.000001036235,5,157,0.030864197530864196,-9.889979135802468
49200.000001036235,7,155,0.043209876543209874,-13.845970790123456
49220.00000104031,7,155,0.043209876543209874,-13.845970790123456
49220.00000104031,5,157,0.030864197530864196,-9.889979135802468
49240.000001044384,5,157,0.030864197530864196,-9.889979135802468
49240.000001044384,4,158,0.024691358024691357,-7.911983308641974
49260.00000104846,4,158,0.024691358024691357,-7.911983308641974
49280.00000105253,4,158,0.024691358024691357,-7.911983308641974
49280.00000105253,5,157,0.030864197530864196,-9.889979135802468
49300.00000105661,5,157,0.030864197530864196,-9.889979135802468
49300.00000105661,2,160,0.012345679012345678,-3.955991654320987
49300.00000105661,3,159,0.018518518518518517,-5.933987481481481
49320.00000106068,3,159,0.018518518518518517,-5.933987481481481
49340.000001064756,3,159,0.018518518518518517,-5.933987481481481
49360.00000106883,3,159,0.018518518518518517,-5.933987481481481
49380.000001072905,3,159,0.018518518518518517,-5.933987481481481
49400.00000107698,3,159,0.018518518518518517,-5.933987481481481
49400.00000107698,4,158,0.024691358024691357,-7.911983308641974
49420.000001081055,4,158,0.024691358024691357,-7.911983308641974
49440.00000108513,4,158,0.024691358024691357,-7.911983308641974
49460.0000010892,4,158,0.024691358024691357,-7.911983308641974
49480.00000109328,4,158,0.024691358024691357,-7.911983308641974
49500.00000109735,4,158,0.024691358024691357,-7.911983308641974
49500.00000109735,2,160,0.012345679012345678,-3.955991654320987
49500.00000109735,2,160,0.012345679012345678,-3.955991654320987
49520.00000110143,2,160,0.012345679012345678,-3.955991654320987
49520.00000110143,3,159,0.018518518518518517,-5.933987481481481
49540.0000011055,3,159,0.018518518518518517,-5.933987481481481
49540.0000011055,5,157,0.030864197530864196,-9.889979135802468
49540.0000011055,6,156,0.037037037037037035,-11.867974962962961
49540.0000011055,3,159,0.018518518518518517,-5.933987481481481
49560.000001109576,3,159,0.018518518518518517,-5.933987481481481
49580.00000111365,3,159,0.018518518518518517,-5.933987481481481
49600.000001117725,3,159,0.018518518518518517,-5.933987481481481
49600.000001117725,3,159,0.018518518518518517,-5.933987481481481
49620.0000011218,3,159,0.018518518518518517,-5.933987481481481
49620.0000011218,2,160,0.012345679012345678,-3.955991654320987
49640.000001125874,2,160,0.012345679012345678,-3.955991654320987
49640.000001125874,1,161,0.006172839506172839,-1.9779958271604936
49660.00000112995,1,161,0.006172839506172839,-1.9779958271604936
49680.00000113402,1,161,0.006172839506172839,-1.9779958271604936
49700.0000011381,1,161,0.006172839506172839,-1.9779958271604936
49720.00000114217,1,161,0.006172839506172839,-1.9779958271604936
49740.00000114625,1,161,0.006172839506172839,-1.9779958271604936
49740.00000114625,3,159,0.018518518518518517,-5.933987481481481
49760.00000115032,3,159,0.018518518518518517,-5.933987481481481
49780.000001154396,3,159,0.018518518518518517,-5.933987481481481
49780.000001154396,5,157,0.030864197530864196,-9.889979135802468
49800.00000115847,5,157,0.030864197530864196,-9.889979135802468
49800.00000115847,6,156,0.037037037037037035,-11.867974962962961
49800.00000115847,2,160,0.012345679012345678,-3.955991654320987
49820.000001162545,2,160,0.012345679012345678,-3.955991654320987
49840.00000116662,2,160,0.012345679012345678,-3.955991654320987
49860.000001170694,2,160,0.012345679012345678,-3.955991654320987
49860.000001170694,4,158,0.024691358024691357,-7.911983308641974
49880.00000117477,4,158,0.024691358024691357,-7.911983308641974
49880.00000117477,3,159,0.018518518518518517,-5.933987481481481
49880.00000117477,4,158,0.024691358024691357,-7.911983308641974
49900.00000117884,4,158,0.024691358024691357,-7.911983308641974
49900.00000117884,2,160,0.012345679012345678,-3.955991654320987
49900.00000117884,2,160,0.012345679012345678,-3.955991654320987
49920.00000118292,2,160,0.012345679012345678,-3.955991654320987
49920.00000118292,3,159,0.018518518518518517,-5.933987481481481
49920.00000118292,3,159,0.018518518518518517,-5.933987481481481
49940.00000118699,3,159,0.018518518518518517,-5.933987481481481
49960.00000119107,3,159,0.018518518518518517,-5.933987481481481
49980.00000119514,3,159,0.018518518518518517,-5.933987481481481
50000.000001199216,3,159,0.018518518518518517,-5.933987481481481
50000.000001199216,5,157,0.030864197530864196,-9.889979135802468
50020.00000120329,5,157,0.030864197530864196,-9.889979135802468
50020.00000120329,2,160,0.012345679012345678,-3.955991654320987
50040.000001207365,2,160,0.012345679012345678,-3.955991654320987
50060.00000121144,2,160,0.012345679012345678,-3.955991654320987
50060.00000121144,4,158,0.024691358024691357,-7.911983308641974
50060.00000121144,4,158,0.024691358024691357,-7.911983308641974
50080.000001215514,4,158,0.024691358024691357,-7.911983308641974
50100.00000121959,4,158,0.024691358024691357,-7.911983308641974
50120.00000122366,4,158,0.024691358024691357,-7.911983308641974
50140.00000122774,4,158,0.024691358024691357,-7.911983308641974
50160.00000123181,4,158,0.024691358024691357,-7.911983308641974
50180.00000123589,4,158,0.024691358024691357,-7.911983308641974
50180.00000123589,7,155,0.043209876543209874,-13.845970790123456
50200.00000123996,7,155,0.043209876543209874,-13.845970790123456
50200.00000123996,3,159,0.018518518518518517,-5.933987481481481
50200.00000123996,3,159,0.018518518518518517,-5.933987481481481
50220.000001244036,3,159,0.018518518518518517,-5.933987481481481
50220.000001244036,2,160,0.012345679012345678,-3.955991654320987
50240.00000124811,2,160,0.012345679012345678,-3.955991654320987
50240.00000124811,3,159,0.018518518518518517,-5.933987481481481
50260.000001252185,3,159,0.018518518518518517,-5.933987481481481
50280.00000125626,3,159,0.018518518518518517,-5.933987481481481
50280.00000125626,4,158,0.024691358024691357,-7.911983308641974
50300.000001260334,4,158,0.024691358024691357,-7.911983308641974
50300.000001260334,4,158,0.024691358024691357,-7.911983308641974
50300.000001260334,8,154,0.04938271604938271,-15.823966617283949
50320.00000126441,8,154,0.04938271604938271,-15.823966617283949
50340.00000126848,8,154,0.04938271604938271,-15.823966617283949
50360.00000127256,8,154,0.04938271604938271,-15.823966617283949
50360.00000127256,2,160,0.012345679012345678,-3.955991654320987
50360.00000127256,2,160,0.012345679012345678,-3.955991654320987
50380.00000127663,2,160,0.012345679012345678,-3.955991654320987
50400.00000128071,2,160,0.012345679012345678,-3.955991654320987
50400.00000128071,2,160,0.012345679012345678,-3.955991654320987
50420.00000128478,2,160,0.012345679012345678,-3.955991654320987
50420.00000128478,5,157,0.030864197530864196,-9.889979135802468
50420.00000128478,5,157,0.030864197530864196,-9.889979135802468
50420.00000128478,5,157,0.030864197530864196,-9.889979135802468
50440.000001288856,5,157,0.030864197530864196,-9.889979135802468
50460.00000129293,5,157,0.030864197530864196,-9.889979135802468
50480.000001297005,5,157,0.030864197530864196,-9.889979135802468
50500.00000130108,5,157,0.030864197530864196,-9.889979135802468
50500.00000130108,1,161,0.006172839506172839,-1.9779958271604936
50520.000001305154,1,161,0.006172839506172839,-1.9779958271604936
50520.000001305154,2,160,0.012345679012345678,-3.955991654320987
50540.00000130923,2,160,0.012345679012345678,-3.955991654320987
50560.0000013133,2,160,0.012345679012345678,-3.955991654320987
50580.00000131738,2,160,0.012345679012345678,-3.955991654320987
50580.00000131738,4,158,0.024691358024691357,-7.911983308641974
50600.00000132145,4,158,0.024691358024691357,-7.911983308641974
50620.00000132553,4,158,0.024691358024691357,-7.911983308641974
50620.00000132553,7,155,0.043209876543209874,-13.845970790123456
50640.0000013296,7,155,0.043209876543209874,-13.845970790123456
50660.000001333676,7,155,0.043209876543209874,-13.845970790123456
50680.00000133775,7,155,0.043209876543209874,-13.845970790123456
50700.000001341825,7,155,0.043209876543209874,-13.845970790123456
50700.000001341825,2,160,0.012345679012345678,-3.955991654320987
50720.0000013459,2,160,0.012345679012345678,-3.955991654320987
50740.000001349974,2,160,0.012345679012345678,-3.955991654320987
50760.00000135405,2,160,0.012345679012345678,-3.955991654320987
50760.00000135405,3,159,0.018518518518518517,-5.933987481481481
50780.00000135812,3,159,0.018518518518518517,-5.933987481481481
50780.00000135812,2,160,0.012345679012345678,-3.955991654320987
50800.0000013622,2,160,0.012345679012345678,-3.955991654320987
50820.00000136627,2,160,0.012345679012345678,-3.955991654320987
50820.00000136627,4,158,0.024691358024691357,-7.911983308641974
50840.00000137035,4,158,0.024691358024691357,-7.911983308641974
50840.00000137035,5,157,0.030864197530864196,-9.889979135802468
50860.00000137442,5,157,0.030864197530864196,-9.889979135802468
50860.00000137442,6,156,0.037037037037037035,-11.867974962962961
50880.000001378496,6,156,0.037037037037037035,-11.867974962962961
50880.000001378496,4,158,0.024691358024691357,-7.911983308641974
50900.00000138257,4,158,0.024691358024691357,-7.911983308641974
50920.000001386645,4,158,0.024691358024691357,-7.911983308641974
50940.00000139072,4,158,0.024691358024691357,-7.911983308641974
50960.000001394794,4,158,0.024691358024691357,-7.911983308641974
50980.00000139887,4,158,0.024691358024691357,-7.911983308641974
51000.00000140294,4,158,0.024691358024691357,-7.911983308641974
51020.00000140702,4,158,0.024691358024691357,-7.911983308641974
51020.00000140702,2,160,0.012345679012345678,-3.955991654320987
51020.00000140702,4,158,0.024691358024691357,-7.911983308641974
51020.00000140702,2,160,0.012345679012345678,-3.955991654320987
51040.00000141109,2,160,0.012345679012345678,-3.955991654320987
51060.00000141517,2,160,0.012345679012345678,-3.955991654320987
51080.00000141924,2,160,0.012345679012345678,-3.955991654320987
51080.00000141924,4,158,0.024691358024691357,-7.911983308641974
51100.000001423316,4,158,0.024691358024691357,-7.911983308641974
51120.00000142739,4,158,0.024691358024691357,-7.911983308641974
51120.00000142739,3,159,0.018518518518518517,-5.933987481481481
51140.000001431465,3,159,0.018518518518518517,-5.933987481481481
51140.000001431465,3,159,0.018518518518518517,-5.933987481481481
51140.000001431465,4,158,0.024691358024691357,-7.911983308641974
51160.00000143554,4,158,0.024691358024691357,-7.911983308641974
51180.000001439614,4,158,0.024691358024691357,-7.911983308641974
51200.00000144369,4,158,0.024691358024691357,-7.911983308641974
51200.00000144369,3,159,0.018518518518518517,-5.933987481481481
51220.00000144776,3,159,0.018518518518518517,-5.933987481481481
51220.00000144776,8,154,0.04938271604938271,-15.823966617283949
51240.00000145184,8,154,0.04938271604938271,-15.823966617283949
51260.00000145591,8,154,0.04938271604938271,-15.823966617283949
51280.00000145999,8,154,0.04938271604938271,-15.823966617283949
51280.00000145999,4,158,0.024691358024691357,-7.911983308641974
51300.00000146406,4,158,0.024691358024691357,-7.911983308641974
51300.00000146406,3,159,0.018518518518518517,-5.933987481481481
51320.000001468135,3,159,0.018518518518518517,-5.933987481481481
51340.00000147221,3,159,0.018518518518518517,-5.933987481481481
51340.00000147221,2,160,0.012345679012345678,-3.955991654320987
51340.00000147221,0,162,0.0,0.0
51360.000001476285,0,162,0.0,0.0
51380.00000148036,0,162,0.0,0.0
51380.00000148036,2,160,0.012345679012345678,-3.955991654320987
51400.00000148443,2,160,0.012345679012345678,-3.955991654320987
51420.00000148851,2,160,0.012345679012345678,-3.955991654320987
51420.00000148851,2,160,0.012345679012345678,-3.955991654320987
51440.00000149258,2,160,0.012345679012345678,-3.955991654320987
51460.00000149666,2,160,0.012345679012345678,-3.955991654320987
51480.00000150073,2,160,0.012345679012345678,-3.955991654320987
51480.00000150073,0,162,0.0,0.0
51480.00000150073,2,160,0.012345679012345678,-3.955991654320987
51500.000001504806,2,160,0.012345679012345678,-3.955991654320987
51520.00000150888,2,160,0.012345679012345678,-3.955991654320987
51540.000001512955,2,160,0.012345679012345678,-3.955991654320987
51540.000001512955,4,158,0.024691358024691357,-7.911983308641974
51560.00000151703,4,158,0.024691358024691357,-7.911983308641974
51560.00000151703,2,160,0.012345679012345678,-3.955991654320987
51580.000001521104,2,160,0.012345679012345678,-3.955991654320987
51580.000001521104,0,162,0.0,0.0
51600.00000152518,0,162,0.0,0.0
51600.00000152518,2,160,0.012345679012345678,-3.955991654320987
51620.00000152925,2,160,0.012345679012345678,-3.955991654320987
51640.00000153333,2,160,0.012345679012345678,-3.955991654320987
51640.00000153333,3,159,0.018518518518518517,-5.933987481481481
51640.00000153333,1,161,0.006172839506172839,-1.9779958271604936
51660.0000015374,1,161,0.006172839506172839,-1.9779958271604936
51660.0000015374,2,160,0.012345679012345678,-3.955991654320987
51680.00000154148,2,160,0.012345679012345678,-3.955991654320987
51680.00000154148,3,159,0.018518518518518517,-5.933987481481481
51700.00000154555,3,159,0.018518518518518517,-5.933987481481481
51720.000001549626,3,159,0.018518518518518517,-5.933987481481481
51740.0000015537,3,159,0.018518518518518517,-5.933987481481481
51760.000001557775,3,159,0.018518518518518517,-5.933987481481481
51760.000001557775,2,160,0.012345679012345678,-3.955991654320987
51780.00000156185,2,160,0.012345679012345678,-3.955991654320987
51800.000001565924,2,160,0.012345679012345678,-3.955991654320987
51820.00000157,2,160,0.012345679012345678,-3.955991654320987
51820.00000157,2,160,0.012345679012345678,-3.955991654320987
51840.00000157407,2,160,0.012345679012345678,-3.955991654320987
51860.00000157815,2,160,0.012345679012345678,-3.955991654320987
51860.00000157815,5,157,0.030864197530864196,-9.889979135802468
51880.00000158222,5,157,0.030864197530864196,-9.889979135802468
51880.00000158222,2,160,0.012345679012345678,-3.955991654320987
51880.00000158222,1,161,0.006172839506172839,-1.9779958271604936
51900.0000015863,1,161,0.006172839506172839,-1.9779958271604936
51900.0000015863,1,161,0.006172839506172839,-1.9779958271604936
51900.0000015863,1,161,0.006172839506172839,-1.9779958271604936
51920.00000159037,1,161,0.006172839506172839,-1.9779958271604936
51940.000001594446,1,161,0.006172839506172839,-1.9779958271604936
51940.000001594446,3,159,0.018518518518518517,-5.933987481481481
51960.00000159852,3,159,0.018518518518518517,-5.933987481481481
51960.00000159852,4,158,0.024691358024691357,-7.911983308641974
51980.000001602595,4,158,0.024691358024691357,-7.911983308641974
52000.00000160667,4,158,0.024691358024691357,-7.911983308641974
52020.000001610744,4,158,0.024691358024691357,-7.911983308641974
52040.00000161482,4,158,0.024691358024691357,-7.911983308641974
52060.00000161889,4,158,0.024691358024691357,-7.911983308641974
52060.00000161889,2,160,0.012345679012345678,-3.955991654320987
52060.00000161889,3,159,0.018518518518518517,-5.933987481481481
52060.00000161889,5,157,0.030864197530864196,-9.889979135802468
52060.00000161889,2,160,0.012345679012345678,-3.955991654320987
52060.00000161889,2,160,0.012345679012345678,-3.955991654320987
52080.00000162297,2,160,0.012345679012345678,-3.955991654320987
52080.00000162297,3,159,0.018518518518518517,-5.933987481481481
52100.00000162704,3,159,0.018518518518518517,-5.933987481481481
52100.00000162704,4,158,0.024691358024691357,-7.911983308641974
52100.00000162704,6,156,0.037037037037037035,-11.867974962962961
52120.00000163112,6,156,0.037037037037037035,-11.867974962962961
52140.00000163519,6,156,0.037037037037037035,-11.867974962962961
52160.000001639266,6,156,0.037037037037037035,-11.867974962962961
52180.00000164334,6,156,0.037037037037037035,-11.867974962962961
52200.000001647415,6,156,0.037037037037037035,-11.867974962962961
52220.00000165149,6,156,0.037037037037037035,-11.867974962962961
52240.000001655564,6,156,0.037037037037037035,-11.867974962962961
52240.000001655564,2,160,0.012345679012345678,-3.955991654320987
52240.000001655564,2,160,0.012345679012345678,-3.955991654320987
52240.000001655564,3,159,0.018518518518518517,-5.933987481481481
52240.000001655564,3,159,0.018518518518518517,-5.933987481481481
52260.00000165964,3,159,0.018518518518518517,-5.933987481481481
52280.00000166371,3,159,0.018518518518518517,-5.933987481481481
52280.00000166371,4,158,0.024691358024691357,-7.911983308641974
52280.00000166371,1,161,0.006172839506172839,-1.9779958271604936
52300.00000166779,1,161,0.006172839506172839,-1.9779958271604936
52300.00000166779,2,160,0.012345679012345678,-3.955991654320987
52300.00000166779,3,159,0.018518518518518517,-5.933987481481481
52300.00000166779,2,160,0.012345679012345678,-3.955991654320987
52300.00000166779,1,161,0.006172839506172839,-1.9779958271604936
52320.00000167186,1,161,0.006172839506172839,-1.9779958271604936
52320.00000167186,4,158,0.024691358024691357,-7.911983308641974
52320.00000167186,2,160,0.012345679012345678,-3.955991654320987
52340.00000167594,2,160,0.012345679012345678,-3.955991654320987
52340.00000167594,1,161,0.006172839506172839,-1.9779958271604936
52360.00000168001,1,161,0.006172839506172839,-1.9779958271604936
52380.000001684086,1,161,0.006172839506172839,-1.9779958271604936
52400.00000168816,1,161,0.006172839506172839,-1.9779958271604936
52420.000001692235,1,161,0.006172839506172839,-1.9779958271604936
52440.00000169631,1,161,0.006172839506172839,-1.9779958271604936
52440.00000169631,3,159,0.018518518518518517,-5.933987481481481
52460.000001700384,3,159,0.018518518518518517,-5.933987481481481
52480.00000170446,3,159,0.018518518518518517,-5.933987481481481
52500.00000170853,3,159,0.018518518518518517,-5.933987481481481
52520.00000171261,3,159,0.018518518518518517,-5.933987481481481
52520.00000171261,2,160,0.012345679012345678,-3.955991654320987
52520.00000171261,3,159,0.018518518518518517,-5.933987481481481
52520.00000171261,4,158,0.024691358024691357,-7.911983308641974
52520.00000171261,4,158,0.024691358024691357,-7.911983308641974
52540.00000171668,4,158,0.024691358024691357,-7.911983308641974
52540.00000171668,4,158,0.024691358024691357,-7.911983308641974
52540.00000171668,3,159,0.018518518518518517,-5.933987481481481
52560.00000172076,3,159,0.018518518518518517,-5.933987481481481
52560.00000172076,2,160,0.012345679012345678,-3.955991654320987
52560.00000172076,3,159,0.018518518518518517,-5.933987481481481
52560.00000172076,5,157,0.030864197530864196,-9.889979135802468
52580.00000172483,5,157,0.030864197530864196,-9.889979135802468
52580.00000172483,4,158,0.024691358024691357,-7.911983308641974
52600.000001728906,4,158,0.024691358024691357,-7.911983308641974
52620.00000173298,4,158,0.024691358024691357,-7.911983308641974
52640.000001737055,4,158,0.024691358024691357,-7.911983308641974
52660.00000174113,4,158,0.024691358024691357,-7.911983308641974
52680.000001745204,4,158,0.024691358024691357,-7.911983308641974
52700.00000174928,4,158,0.024691358024691357,-7.911983308641974
52700.00000174928,4,158,0.024691358024691357,-7.911983308641974
52700.00000174928,4,158,0.024691358024691357,-7.911983308641974
52700.00000174928,4,158,0.024691358024691357,-7.911983308641974
52720.00000175335,4,158,0.024691358024691357,-7.911983308641974
52740.00000175743,4,158,0.024691358024691357,-7.911983308641974
52740.00000175743,3,159,0.018518518518518517,-5.933987481481481
52760.0000017615,3,159,0.018518518518518517,-5.933987481481481
52760.0000017615,3,159,0.018518518518518517,-5.933987481481481
52760.0000017615,4,158,0.024691358024691357,-7.911983308641974
52780.00000176558,4,158,0.024691358024691357,-7.911983308641974
52780.00000176558,2,160,0.012345679012345678,-3.955991654320987
52780.00000176558,4,158,0.024691358024691357,-7.911983308641974
52800.00000176965,4,158,0.024691358024691357,-7.911983308641974
52820.000001773726,4,158,0.024691358024691357,-7.911983308641974
52840.0000017778,4,158,0.024691358024691357,-7.911983308641974
52860.000001781875,4,158,0.024691358024691357,-7.911983308641974
52880.00000178595,4,158,0.024691358024691357,-7.911983308641974
52900.000001790024,4,158,0.024691358024691357,-7.911983308641974
52920.0000017941,4,158,0.024691358024691357,-7.911983308641974
52920.0000017941,4,158,0.024691358024691357,-7.911983308641974
52940.00000179817,4,158,0.024691358024691357,-7.911983308641974
52960.00000180225,4,158,0.024691358024691357,-7.911983308641974
52980.00000180632,4,158,0.024691358024691357,-7.911983308641974
53000.0000018104,4,158,0.024691358024691357,-7.911983308641974
53020.00000181447,4,158,0.024691358024691357,-7.911983308641974
53040.000001818546,4,158,0.024691358024691357,-7.911983308641974
53060.00000182262,4,158,0.024691358024691357,-7.911983308641974
53060.00000182262,2,160,0.012345679012345678,-3.955991654320987
53060.00000182262,3,159,0.018518518518518517,-5.933987481481481
53080.000001826695,3,159,0.018518518518518517,-5.933987481481481
53100.00000183077,3,159,0.018518518518518517,-5.933987481481481
53100.00000183077,3,159,0.018518518518518517,-5.933987481481481
53100.00000183077,2,160,0.012345679012345678,-3.955991654320987
53120.000001834844,2,160,0.012345679012345678,-3.955991654320987
53120.000001834844,3,159,0.018518518518518517,-5.933987481481481
53140.00000183892,3,159,0.018518518518518517,-5.933987481481481
53160.00000184299,3,159,0.018518518518518517,-5.933987481481481
53160.00000184299,3,159,0.018518518518518517,-5.933987481481481
53160.00000184299,4,158,0.024691358024691357,-7.911983308641974
53160.00000184299,2,160,0.012345679012345678,-3.955991654320987
53180.00000184707,2,160,0.012345679012345678,-3.955991654320987
53200.00000185114,2,160,0.012345679012345678,-3.955991654320987
53220.00000185522,2,160,0.012345679012345678,-3.955991654320987
53240.00000185929,2,160,0.012345679012345678,-3.955991654320987
53240.00000185929,4,158,0.024691358024691357,-7.911983308641974
53240.00000185929,2,160,0.012345679012345678,-3.955991654320987
53240.00000185929,3,159,0.018518518518518517,-5.933987481481481
53240.00000185929,2,160,0.012345679012345678,-3.955991654320987
53260.000001863365,2,160,0.012345679012345678,-3.955991654320987
53260.000001863365,5,157,0.030864197530864196,-9.889979135802468
53260.000001863365,1,161,0.006172839506172839,-1.9779958271604936
53280.00000186744,1,161,0.006172839506172839,-1.9779958271604936
53280.00000186744,3,159,0.018518518518518517,-5.933987481481481
53300.000001871515,3,159,0.018518518518518517,-5.933987481481481
53300.000001871515,0,162,0.0,0.0
53320.00000187559,0,162,0.0,0.0
53340.00000187966,0,162,0.0,0.0
53340.00000187966,2,160,0.012345679012345678,-3.955991654320987
53340.00000187966,3,159,0.018518518518518517,-5.933987481481481
53360.00000188374,3,159,0.018518518518518517,-5.933987481481481
53380.00000188781,3,159,0.018518518518518517,-5.933987481481481
53400.00000189189,3,159,0.018518518518518517,-5.933987481481481
53420.00000189596,3,159,0.018518518518518517,-5.933987481481481
53420.00000189596,5,157,0.030864197530864196,-9.889979135802468
53420.00000189596,4,158,0.024691358024691357,-7.911983308641974
53440.000001900036,4,158,0.024691358024691357,-7.911983308641974
53440.000001900036,4,158,0.024691358024691357,-7.911983308641974
53460.00000190411,4,158,0.024691358024691357,-7.911983308641974
53460.00000190411,2,160,0.012345679012345678,-3.955991654320987
53480.000001908185,2,160,0.012345679012345678,-3.955991654320987
53500.00000191226,2,160,0.012345679012345678,-3.955991654320987
53500.00000191226,0,162,0.0,0.0
53520.000001916334,0,162,0.0,0.0
53520.000001916334,5,157,0.030864197530864196,-9.889979135802468
53520.000001916334,1,161,0.006172839506172839,-1.9779958271604936
53540.00000192041,1,161,0.006172839506172839,-1.9779958271604936
53560.00000192448,1,161,0.006172839506172839,-1.9779958271604936
53560.00000192448,3,159,0.018518518518518517,-5.933987481481481
53560.00000192448,3,159,0.018518518518518517,-5.933987481481481
53580.00000192856,3,159,0.018518518518518517,-5.933987481481481
53600.00000193263,3,159,0.018518518518518517,-5.933987481481481
53600.00000193263,1,161,0.006172839506172839,-1.9779958271604936
53620.00000193671,1,161,0.006172839506172839,-1.9779958271604936
53640.00000194078,1,161,0.006172839506172839,-1.9779958271604936
53660.000001944856,1,161,0.006172839506172839,-1.9779958271604936
53660.000001944856,2,160,0.012345679012345678,-3.955991654320987
53660.000001944856,5,157,0.030864197530864196,-9.889979135802468
53660.000001944856,2,160,0.012345679012345678,-3.955991654320987
53660.000001944856,2,160,0.012345679012345678,-3.955991654320987
53660.000001944856,3,159,0.018518518518518517,-5.933987481481481
53680.00000194893,3,159,0.018518518518518517,-5.933987481481481
53680.00000194893,3,159,0.018518518518518517,-5.933987481481481
53700.000001953005,3,159,0.018518518518518517,-5.933987481481481
53700.000001953005,3,159,0.018518518518518517,-5.933987481481481
53720.00000195708,3,159,0.018518518518518517,-5.933987481481481
53740.000001961154,3,159,0.018518518518518517,-5.933987481481481
53740.000001961154,4,158,0.024691358024691357,-7.911983308641974
53740.000001961154,3,159,0.018518518518518517,-5.933987481481481
53760.00000196523,3,159,0.018518518518518517,-5.933987481481481
53760.00000196523,4,158,0.024691358024691357,-7.911983308641974
53780.0000019693,4,158,0.024691358024691357,-7.911983308641974
53800.00000197338,4,158,0.024691358024691357,-7.911983308641974
53800.00000197338,2,160,0.012345679012345678,-3.955991654320987
53820.00000197745,2,160,0.012345679012345678,-3.955991654320987
53820.00000197745,3,159,0.018518518518518517,-5.933987481481481
53840.00000198153,3,159,0.018518518518518517,-5.933987481481481
53840.00000198153,3,159,0.018518518518518517,-5.933987481481481
53840.00000198153,4,158,0.024691358024691357,-7.911983308641974
53860.0000019856,4,158,0.024691358024691357,-7.911983308641974
53880.000001989676,4,158,0.024691358024691357,-7.911983308641974
53880.000001989676,3,159,0.018518518518518517,-5.933987481481481
53880.000001989676,3,159,0.018518518518518517,-5.933987481481481
53900.00000199375,3,159,0.018518518518518517,-5.933987481481481
53920.000001997825,3,159,0.018518518518518517,-5.933987481481481
53940.0000020019,3,159,0.018518518518518517,-5.933987481481481
53960.000002005974,3,159,0.018518518518518517,-5.933987481481481
53980.00000201005,3,159,0.018518518518518517,-5.933987481481481
54000.00000201412,3,159,0.018518518518518517,-5.933987481481481
54000.00000201412,2,160,0.012345679012345678,-3.955991654320987
54000.00000201412,2,160,0.012345679012345678,-3.955991654320987
54000.00000201412,2,160,0.012345679012345678,-3.955991654320987
54000.00000201412,3,159,0.018518518518518517,-5.933987481481481
54000.00000201412,1,161,0.006172839506172839,-1.9779958271604936
54020.0000020182,1,161,0.006172839506172839,-1.9779958271604936
54020.0000020182,2,160,0.012345679012345678,-3.955991654320987
54020.0000020182,4,158,0.024691358024691357,-7.911983308641974
54020.0000020182,4,158,0.024691358024691357,-7.911983308641974
54040.00000202227,4,158,0.024691358024691357,-7.911983308641974
54040.00000202227,2,160,0.012345679012345678,-3.955991654320987
54040.00000202227,3,159,0.018518518518518517,-5.933987481481481
54040.00000202227,2,160,0.012345679012345678,-3.955991654320987
54060.00000202635,2,160,0.012345679012345678,-3.955991654320987
54060.00000202635,3,159,0.018518518518518517,-5.933987481481481
54060.00000202635,5,157,0.030864197530864196,-9.889979135802468
54080.00000203042,5,157,0.030864197530864196,-9.889979135802468
54080.00000203042,4,158,0.024691358024691357,-7.911983308641974
54100.000002034496,4,158,0.024691358024691357,-7.911983308641974
54100.000002034496,2,160,0.012345679012345678,-3.955991654320987
54100.000002034496,4,158,0.024691358024691357,-7.911983308641974
54120.00000203857,4,158,0.024691358024691357,-7.911983308641974
54140.000002042645,4,158,0.024691358024691357,-7.911983308641974
54140.000002042645,2,160,0.012345679012345678,-3.955991654320987
54160.00000204672,2,160,0.012345679012345678,-3.955991654320987
54180.000002050794,2,160,0.012345679012345678,-3.955991654320987
54180.000002050794,3,159,0.018518518518518517,-5.933987481481481
54200.00000205487,3,159,0.018518518518518517,-5.933987481481481
54220.00000205894,3,159,0.018518518518518517,-5.933987481481481
54220.00000205894,4,158,0.024691358024691357,-7.911983308641974
54240.00000206302,4,158,0.024691358024691357,-7.911983308641974
54260.00000206709,4,158,0.024691358024691357,-7.911983308641974
54260.00000206709,5,157,0.030864197530864196,-9.889979135802468
54260.00000206709,4,158,0.024691358024691357,-7.911983308641974
54260.00000206709,3,159,0.018518518518518517,-5.933987481481481
54260.00000206709,4,158,0.024691358024691357,-7.911983308641974
54260.00000206709,2,160,0.012345679012345678,-3.955991654320987
54280.00000207117,2,160,0.012345679012345678,-3.955991654320987
54300.00000207524,2,160,0.012345679012345678,-3.955991654320987
54320.000002079316,2,160,0.012345679012345678,-3.955991654320987
54340.00000208339,2,160,0.012345679012345678,-3.955991654320987
54340.00000208339,3,159,0.018518518518518517,-5.933987481481481
54340.00000208339,3,159,0.018518518518518517,-5.933987481481481
54360.000002087465,3,159,0.018518518518518517,-5.933987481481481
54360.000002087465,1,161,0.006172839506172839,-1.9779958271604936
54380.00000209154,1,161,0.006172839506172839,-1.9779958271604936
54400.000002095614,1,161,0.006172839506172839,-1.9779958271604936
54400.000002095614,4,158,0.024691358024691357,-7.911983308641974
54420.00000209969,4,158,0.024691358024691357,-7.911983308641974
54440.00000210376,4,158,0.024691358024691357,-7.911983308641974
54460.00000210784,4,158,0.024691358024691357,-7.911983308641974
54480.00000211191,4,158,0.024691358024691357,-7.911983308641974
54480.00000211191,3,159,0.018518518518518517,-5.933987481481481
54480.00000211191,1,161,0.006172839506172839,-1.9779958271604936
54500.00000211599,1,161,0.006172839506172839,-1.9779958271604936
54520.00000212006,1,161,0.006172839506172839,-1.9779958271604936
54520.00000212006,2,160,0.012345679012345678,-3.955991654320987
54520.00000212006,3,159,0.018518518518518517,-5.933987481481481
54540.000002124136,3,159,0.018518518518518517,-5.933987481481481
54560.00000212821,3,159,0.018518518518518517,-5.933987481481481
54560.00000212821,6,156,0.037037037037037035,-11.867974962962961
54560.00000212821,5,157,0.030864197530864196,-9.889979135802468
54580.000002132285,5,157,0.030864197530864196,-9.889979135802468
54580.000002132285,2,160,0.012345679012345678,-3.955991654320987
54600.00000213636,2,160,0.012345679012345678,-3.955991654320987
54620.000002140434,2,160,0.012345679012345678,-3.955991654320987
54640.00000214451,2,160,0.012345679012345678,-3.955991654320987
54640.00000214451,5,157,0.030864197530864196,-9.889979135802468
54660.00000214858,5,157,0.030864197530864196,-9.889979135802468
54680.00000215266,5,157,0.030864197530864196,-9.889979135802468
54700.00000215673,5,157,0.030864197530864196,-9.889979135802468
54700.00000215673,5,157,0.030864197530864196,-9.889979135802468
54720.00000216081,5,157,0.030864197530864196,-9.889979135802468
54740.00000216488,5,157,0.030864197530864196,-9.889979135802468
54760.000002168956,5,157,0.030864197530864196,-9.889979135802468
54760.000002168956,3,159,0.018518518518518517,-5.933987481481481
54780.00000217303,3,159,0.018518518518518517,-5.933987481481481
54800.000002177105,3,159,0.018518518518518517,-5.933987481481481
54820.00000218118,3,159,0.018518518518518517,-5.933987481481481
54820.00000218118,3,159,0.018518518518518517,-5.933987481481481
54840.000002185254,3,159,0.018518518518518517,-5.933987481481481
54840.000002185254,3,159,0.018518518518518517,-5.933987481481481
54840.000002185254,6,156,0.037037037037037035,-11.867974962962961
54840.000002185254,3,159,0.018518518518518517,-5.933987481481481
54860.00000218933,3,159,0.018518518518518517,-5.933987481481481
54860.00000218933,2,160,0.012345679012345678,-3.955991654320987
54880.0000021934,2,160,0.012345679012345678,-3.955991654320987
54900.00000219748,2,160,0.012345679012345678,-3.955991654320987
54900.00000219748,2,160,0.012345679012345678,-3.955991654320987
54920.00000220155,2,160,0.012345679012345678,-3.955991654320987
54940.00000220563,2,160,0.012345679012345678,-3.955991654320987
54960.0000022097,2,160,0.012345679012345678,-3.955991654320987
54960.0000022097,5,157,0.030864197530864196,-9.889979135802468
54980.000002213776,5,157,0.030864197530864196,-9.889979135802468
54980.000002213776,2,160,0.012345679012345678,-3.955991654320987
54980.000002213776,5,157,0.030864197530864196,-9.889979135802468
54980.000002213776,3,159,0.018518518518518517,-5.933987481481481
55000.00000221785,3,159,0.018518518518518517,-5.933987481481481
55000.00000221785,2,160,0.012345679012345678,-3.955991654320987
55020.000002221925,2,160,0.012345679012345678,-3.955991654320987
55040.000002226,2,160,0.012345679012345678,-3.955991654320987
55060.000002230074,2,160,0.012345679012345678,-3.955991654320987
55080.00000223415,2,160,0.012345679012345678,-3.955991654320987
55100.00000223822,2,160,0.012345679012345678,-3.955991654320987
55120.0000022423,2,160,0.012345679012345678,-3.955991654320987
55140.00000224637,2,160,0.012345679012345678,-3.955991654320987
55160.00000225045,2,160,0.012345679012345678,-3.955991654320987
55160.00000225045,1,161,0.006172839506172839,-1.9779958271604936
55160.00000225045,3,159,0.018518518518518517,-5.933987481481481
55160.00000225045,1,161,0.006172839506172839,-1.9779958271604936
55180.00000225452,1,161,0.006172839506172839,-1.9779958271604936
55200.000002258595,1,161,0.006172839506172839,-1.9779958271604936
55200.000002258595,4,158,0.024691358024691357,-7.911983308641974
55220.00000226267,4,158,0.024691358024691357,-7.911983308641974
55220.00000226267,1,161,0.006172839506172839,-1.9779958271604936
55240.000002266745,1,161,0.006172839506172839,-1.9779958271604936
55240.000002266745,2,160,0.012345679012345678,-3.955991654320987
55260.00000227082,2,160,0.012345679012345678,-3.955991654320987
55280.00000227489,2,160,0.012345679012345678,-3.955991654320987
55280.00000227489,2,160,0.012345679012345678,-3.955991654320987
55300.00000227897,2,160,0.012345679012345678,-3.955991654320987
55320.00000228304,2,160,0.012345679012345678,-3.955991654320987
55340.00000228712,2,160,0.012345679012345678,-3.955991654320987
55340.00000228712,1,161,0.006172839506172839,-1.9779958271604936
55360.00000229119,1,161,0.006172839506172839,-1.9779958271604936
55380.000002295266,1,161,0.006172839506172839,-1.9779958271604936
55400.00000229934,1,161,0.006172839506172839,-1.9779958271604936
55420.000002303415,1,161,0.006172839506172839,-1.9779958271604936
55420.000002303415,3,159,0.018518518518518517,-5.933987481481481
55440.00000230749,3,159,0.018518518518518517,-5.933987481481481
55460.000002311564,3,159,0.018518518518518517,-5.933987481481481
55480.00000231564,3,159,0.018518518518518517,-5.933987481481481
55500.00000231971,3,159,0.018518518518518517,-5.933987481481481
55520.00000232379,3,159,0.018518518518518517,-5.933987481481481
55540.00000232786,3,159,0.018518518518518517,-5.933987481481481
55560.00000233194,3,159,0.018518518518518517,-5.933987481481481
55560.00000233194,4,158,0.024691358024691357,-7.911983308641974
55580.00000233601,4,158,0.024691358024691357,-7.911983308641974
55580.00000233601,1,161,0.006172839506172839,-1.9779958271604936
55600.000002340086,1,161,0.006172839506172839,-1.9779958271604936
55620.00000234416,1,161,0.006172839506172839,-1.9779958271604936
55640.000002348235,1,161,0.006172839506172839,-1.9779958271604936
55660.00000235231,1,161,0.006172839506172839,-1.9779958271604936
55660.00000235231,1,161,0.006172839506172839,-1.9779958271604936
55660.00000235231,2,160,0.012345679012345678,-3.955991654320987
55660.00000235231,2,160,0.012345679012345678,-3.955991654320987
55660.00000235231,1,161,0.006172839506172839,-1.9779958271604936
55680.000002356384,1,161,0.006172839506172839,-1.9779958271604936
55700.00000236046,1,161,0.006172839506172839,-1.9779958271604936
55700.00000236046,2,160,0.012345679012345678,-3.955991654320987
55700.00000236046,0,162,0.0,0.0
55720.00000236453,0,162,0.0,0.0
55740.00000236861,0,162,0.0,0.0
55760.00000237268,0,162,0.0,0.0
55760.00000237268,1,161,0.006172839506172839,-1.9779958271604936
55780.00000237676,1,161,0.006172839506172839,-1.9779958271604936
55800.00000238083,1,161,0.006172839506172839,-1.9779958271604936
55820.000002384906,1,161,0.006172839506172839,-1.9779958271604936
55820.000002384906,2,160,0.012345679012345678,-3.955991654320987
55840.00000238898,2,160,0.012345679012345678,-3.955991654320987
55840.00000238898,2,160,0.012345679012345678,-3.955991654320987
55860.000002393055,2,160,0.012345679012345678,-3.955991654320987
55860.000002393055,4,158,0.024691358024691357,-7.911983308641974
55860.000002393055,2,160,0.012345679012345678,-3.955991654320987
55880.00000239713,2,160,0.012345679012345678,-3.955991654320987
55900.000002401204,2,160,0.012345679012345678,-3.955991654320987
55920.00000240528,2,160,0.012345679012345678,-3.955991654320987
55940.00000240935,2,160,0.012345679012345678,-3.955991654320987
55940.00000240935,4,158,0.024691358024691357,-7.911983308641974
55960.00000241343,4,158,0.024691358024691357,-7.911983308641974
55980.0000024175,4,158,0.024691358024691357,-7.911983308641974
56000.00000242158,4,158,0.024691358024691357,-7.911983308641974
56020.00000242565,4,158,0.024691358024691357,-7.911983308641974
56020.00000242565,3,159,0.018518518518518517,-5.933987481481481
56040.000002429726,3,159,0.018518518518518517,-5.933987481481481
56040.000002429726,3,159,0.018518518518518517,-5.933987481481481
56040.000002429726,4,158,0.024691358024691357,-7.911983308641974
56060.0000024338,4,158,0.024691358024691357,-7.911983308641974
56080.000002437875,4,158,0.024691358024691357,-7.911983308641974
56080.000002437875,3,159,0.018518518518518517,-5.933987481481481
56100.00000244195,3,159,0.018518518518518517,-5.933987481481481
56120.000002446024,3,159,0.018518518518518517,-5.933987481481481
56140.0000024501,3,159,0.018518518518518517,-5.933987481481481
56160.00000245417,3,159,0.018518518518518517,-5.933987481481481
56160.00000245417,5,157,0.030864197530864196,-9.889979135802468
56180.00000245825,5,157,0.030864197530864196,-9.889979135802468
56200.00000246232,5,157,0.030864197530864196,-9.889979135802468
56200.00000246232,3,159,0.018518518518518517,-5.933987481481481
56200.00000246232,2,160,0.012345679012345678,-3.955991654320987
56220.0000024664,2,160,0.012345679012345678,-3.955991654320987
56220.0000024664,5,157,0.030864197530864196,-9.889979135802468
56240.00000247047,5,157,0.030864197530864196,-9.889979135802468
56240.00000247047,5,157,0.030864197530864196,-9.889979135802468
56260.000002474546,5,157,0.030864197530864196,-9.889979135802468
56280.00000247862,5,157,0.030864197530864196,-9.889979135802468
56280.00000247862,3,159,0.018518518518518517,-5.933987481481481
56300.000002482695,3,159,0.018518518518518517,-5.933987481481481
56300.000002482695,2,160,0.012345679012345678,-3.955991654320987
56320.00000248677,2,160,0.012345679012345678,-3.955991654320987
56320.00000248677,3,159,0.018518518518518517,-5.933987481481481
56320.00000248677,3,159,0.018518518518518517,-5.933987481481481
56340.000002490844,3,159,0.018518518518518517,-5.933987481481481
56340.000002490844,1,161,0.006172839506172839,-1.9779958271604936
56360.00000249492,1,161,0.006172839506172839,-1.9779958271604936
56360.00000249492,5,157,0.030864197530864196,-9.889979135802468
56380.00000249899,5,157,0.030864197530864196,-9.889979135802468
56380.00000249899,3,159,0.018518518518518517,-5.933987481481481
56400.00000250307,3,159,0.018518518518518517,-5.933987481481481
56420.00000250714,3,159,0.018518518518518517,-5.933987481481481
56440.00000251122,3,159,0.018518518518518517,-5.933987481481481
56460.00000251529,3,159,0.018518518518518517,-5.933987481481481
56460.00000251529,3,159,0.018518518518518517,-5.933987481481481
56460.00000251529,3,159,0.018518518518518517,-5.933987481481481
56460.00000251529,4,158,0.024691358024691357,-7.911983308641974
56480.000002519366,4,158,0.024691358024691357,-7.911983308641974
56500.00000252344,4,158,0.024691358024691357,-7.911983308641974
56520.000002527515,4,158,0.024691358024691357,-7.911983308641974
56520.000002527515,3,159,0.018518518518518517,-5.933987481481481
56520.000002527515,8,154,0.04938271604938271,-15.823966617283949
56540.00000253159,8,154,0.04938271604938271,-15.823966617283949
56560.000002535664,8,154,0.04938271604938271,-15.823966617283949
56580.00000253974,8,154,0.04938271604938271,-15.823966617283949
56580.00000253974,3,159,0.018518518518518517,-5.933987481481481
56580.00000253974,4,158,0.024691358024691357,-7.911983308641974
56580.00000253974,4,158,0.024691358024691357,-7.911983308641974
56600.00000254381,4,158,0.024691358024691357,-7.911983308641974
56600.00000254381,3,159,0.018518518518518517,-5.933987481481481
56600.00000254381,3,159,0.018518518518518517,-5.933987481481481
56620.00000254789,3,159,0.018518518518518517,-5.933987481481481
56640.00000255196,3,159,0.018518518518518517,-5.933987481481481
56660.00000255604,3,159,0.018518518518518517,-5.933987481481481
56680.00000256011,3,159,0.018518518518518517,-5.933987481481481
56680.00000256011,3,159,0.018518518518518517,-5.933987481481481
56700.000002564186,3,159,0.018518518518518517,-5.933987481481481
56700.000002564186,2,160,0.012345679012345678,-3.955991654320987
56720.00000256826,2,160,0.012345679012345678,-3.955991654320987
56740.000002572335,2,160,0.012345679012345678,-3.955991654320987
56760.00000257641,2,160,0.012345679012345678,-3.955991654320987
56780.000002580484,2,160,0.012345679012345678,-3.955991654320987
56800.00000258456,2,160,0.012345679012345678,-3.955991654320987
56820.00000258863,2,160,0.012345679012345678,-3.955991654320987
56840.00000259271,2,160,0.012345679012345678,-3.955991654320987
56860.00000259678,2,160,0.012345679012345678,-3.955991654320987
56880.00000260086,2,160,0.012345679012345678,-3.955991654320987
56900.00000260493,2,160,0.012345679012345678,-3.955991654320987
56920.000002609006,2,160,0.012345679012345678,-3.955991654320987
56920.000002609006,2,160,0.012345679012345678,-3.955991654320987
56940.00000261308,2,160,0.012345679012345678,-3.955991654320987
56940.00000261308,3,159,0.018518518518518517,-5.933987481481481
56960.000002617155,3,159,0.018518518518518517,-5.933987481481481
56960.000002617155,5,157,0.030864197530864196,-9.889979135802468
56980.00000262123,5,157,0.030864197530864196,-9.889979135802468
56980.00000262123,4,158,0.024691358024691357,-7.911983308641974
57000.000002625304,4,158,0.024691358024691357,-7.911983308641974
57000.000002625304,3,159,0.018518518518518517,-5.933987481481481
57020.00000262938,3,159,0.018518518518518517,-5.933987481481481
57040.00000263345,3,159,0.018518518518518517,-5.933987481481481
57040.00000263345,3,159,0.018518518518518517,-5.933987481481481
57060.00000263753,3,159,0.018518518518518517,-5.933987481481481
57080.0000026416,3,159,0.018518518518518517,-5.933987481481481
57100.00000264568,3,159,0.018518518518518517,-5.933987481481481
57100.00000264568,6,156,0.037037037037037035,-11.867974962962961
57100.00000264568,6,156,0.037037037037037035,-11.867974962962961
57120.00000264975,6,156,0.037037037037037035,-11.867974962962961
57120.00000264975,5,157,0.030864197530864196,-9.889979135802468
57140.000002653826,5,157,0.030864197530864196,-9.889979135802468
57160.0000026579,5,157,0.030864197530864196,-9.889979135802468
57160.0000026579,1,161,0.006172839506172839,-1.9779958271604936
57160.0000026579,3,159,0.018518518518518517,-5.933987481481481
57160.0000026579,5,157,0.030864197530864196,-9.889979135802468
57180.000002661975,5,157,0.030864197530864196,-9.889979135802468
57200.00000266605,5,157,0.030864197530864196,-9.889979135802468
57220.000002670124,5,157,0.030864197530864196,-9.889979135802468
57240.0000026742,5,157,0.030864197530864196,-9.889979135802468
57260.00000267827,5,157,0.030864197530864196,-9.889979135802468
57260.00000267827,1,161,0.006172839506172839,-1.9779958271604936
57260.00000267827,2,160,0.012345679012345678,-3.955991654320987
57280.00000268235,2,160,0.012345679012345678,-3.955991654320987
57300.00000268642,2,160,0.012345679012345678,-3.955991654320987
57300.00000268642,3,159,0.018518518518518517,-5.933987481481481
57320.000002690496,3,159,0.018518518518518517,-5.933987481481481
57320.000002690496,4,158,0.024691358024691357,-7.911983308641974
57340.00000269457,4,158,0.024691358024691357,-7.911983308641974
57360.000002698645,4,158,0.024691358024691357,-7.911983308641974
57360.000002698645,1,161,0.006172839506172839,-1.9779958271604936
57380.00000270272,1,161,0.006172839506172839,-1.9779958271604936
57400.000002706794,1,161,0.006172839506172839,-1.9779958271604936
57420.00000271087,1,161,0.006172839506172839,-1.9779958271604936
57420.00000271087,1,161,0.006172839506172839,-1.9779958271604936
57420.00000271087,0,162,0.0,0.0
57440.00000271494,0,162,0.0,0.0
57460.00000271902,0,162,0.0,0.0
57460.00000271902,3,159,0.018518518518518517,-5.933987481481481
57480.00000272309,3,159,0.018518518518518517,-5.933987481481481
57480.00000272309,1,161,0.006172839506172839,-1.9779958271604936
57500.00000272717,1,161,0.006172839506172839,-1.9779958271604936
57520.00000273124,1,161,0.006172839506172839,-1.9779958271604936
57520.00000273124,2,160,0.012345679012345678,-3.955991654320987
57540.000002735316,2,160,0.012345679012345678,-3.955991654320987
57540.000002735316,2,160,0.012345679012345678,-3.955991654320987
57560.00000273939,2,160,0.012345679012345678,-3.955991654320987
57580.000002743465,2,160,0.012345679012345678,-3.955991654320987
57580.000002743465,1,161,0.006172839506172839,-1.9779958271604936
57600.00000274754,1,161,0.006172839506172839,-1.9779958271604936
57600.00000274754,2,160,0.012345679012345678,-3.955991654320987
57620.000002751614,2,160,0.012345679012345678,-3.955991654320987
57620.000002751614,1,161,0.006172839506172839,-1.9779958271604936
57620.000002751614,5,157,0.030864197530864196,-9.889979135802468
57640.00000275569,5,157,0.030864197530864196,-9.889979135802468
57640.00000275569,2,160,0.012345679012345678,-3.955991654320987
57640.00000275569,0,162,0.0,0.0
57660.00000275976,0,162,0.0,0.0
57680.00000276384,0,162,0.0,0.0
57700.00000276791,0,162,0.0,0.0
57720.00000277199,0,162,0.0,0.0
57740.00000277606,0,162,0.0,0.0
57760.000002780136,0,162,0.0,0.0
57780.00000278421,0,162,0.0,0.0
57780.00000278421,2,160,0.012345679012345678,-3.955991654320987
57800.000002788285,2,160,0.012345679012345678,-3.955991654320987
57800.000002788285,0,162,0.0,0.0
57820.00000279236,0,162,0.0,0.0
57840.000002796434,0,162,0.0,0.0
57840.000002796434,5,157,0.030864197530864196,-9.889979135802468
57860.00000280051,5,157,0.030864197530864196,-9.889979135802468
57880.00000280458,5,157,0.030864197530864196,-9.889979135802468
57900.00000280866,5,157,0.030864197530864196,-9.889979135802468
57920.00000281273,5,157,0.030864197530864196,-9.889979135802468
57940.00000281681,5,157,0.030864197530864196,-9.889979135802468
57940.00000281681,2,160,0.012345679012345678,-3.955991654320987
57960.00000282088,2,160,0.012345679012345678,-3.955991654320987
57960.00000282088,2,160,0.012345679012345678,-3.955991654320987
57960.00000282088,3,159,0.018518518518518517,-5.933987481481481
57980.000002824956,3,159,0.018518518518518517,-5.933987481481481
58000.00000282903,3,159,0.018518518518518517,-5.933987481481481
58000.00000282903,1,161,0.006172839506172839,-1.9779958271604936
58000.00000282903,4,158,0.024691358024691357,-7.911983308641974
58020.000002833105,4,158,0.024691358024691357,-7.911983308641974
58040.00000283718,4,158,0.024691358024691357,-7.911983308641974
58060.000002841254,4,158,0.024691358024691357,-7.911983308641974
58080.00000284533,4,158,0.024691358024691357,-7.911983308641974
58100.0000028494,4,158,0.024691358024691357,-7.911983308641974
58100.0000028494,5,157,0.030864197530864196,-9.889979135802468
58120.00000285348,5,157,0.030864197530864196,-9.889979135802468
58120.00000285348,4,158,0.024691358024691357,-7.911983308641974
58120.00000285348,6,156,0.037037037037037035,-11.867974962962961
58140.00000285755,6,156,0.037037037037037035,-11.867974962962961
58160.00000286163,6,156,0.037037037037037035,-11.867974962962961
58160.00000286163,4,158,0.024691358024691357,-7.911983308641974
58160.00000286163,4,158,0.024691358024691357,-7.911983308641974
58160.00000286163,5,157,0.030864197530864196,-9.889979135802468
58180.0000028657,5,157,0.030864197530864196,-9.889979135802468
58200.000002869776,5,157,0.030864197530864196,-9.889979135802468
58220.00000287385,5,157,0.030864197530864196,-9.889979135802468
58240.000002877925,5,157,0.030864197530864196,-9.889979135802468
58240.000002877925,2,160,0.012345679012345678,-3.955991654320987
58260.000002882,2,160,0.012345679012345678,-3.955991654320987
58260.000002882,3,159,0.018518518518518517,-5.933987481481481
58280.000002886074,3,159,0.018518518518518517,-5.933987481481481
58280.000002886074,3,159,0.018518518518518517,-5.933987481481481
58280.000002886074,3,159,0.018518518518518517,-5.933987481481481
58300.00000289015,3,159,0.018518518518518517,-5.933987481481481
58300.00000289015,4,158,0.024691358024691357,-7.911983308641974
58320.00000289422,4,158,0.024691358024691357,-7.911983308641974
58340.0000028983,4,158,0.024691358024691357,-7.911983308641974
58340.0000028983,2,160,0.012345679012345678,-3.955991654320987
58340.0000028983,3,159,0.018518518518518517,-5.933987481481481
58360.00000290237,3,159,0.018518518518518517,-5.933987481481481
58380.00000290645,3,159,0.018518518518518517,-5.933987481481481
58380.00000290645,4,158,0.024691358024691357,-7.911983308641974
58380.00000290645,2,160,0.012345679012345678,-3.955991654320987
58400.00000291052,2,160,0.012345679012345678,-3.955991654320987
58400.00000291052,3,159,0.018518518518518517,-5.933987481481481
58420.000002914596,3,159,0.018518518518518517,-5.933987481481481
58440.00000291867,3,159,0.018518518518518517,-5.933987481481481
58460.000002922745,3,159,0.018518518518518517,-5.933987481481481
58480.00000292682,3,159,0.018518518518518517,-5.933987481481481
58480.00000292682,4,158,0.024691358024691357,-7.911983308641974
58500.000002930894,4,158,0.024691358024691357,-7.911983308641974
58500.000002930894,2,160,0.012345679012345678,-3.955991654320987
58520.00000293497,2,160,0.012345679012345678,-3.955991654320987
58520.00000293497,1,161,0.006172839506172839,-1.9779958271604936
58520.00000293497,1,161,0.006172839506172839,-1.9779958271604936
58520.00000293497,2,160,0.012345679012345678,-3.955991654320987
58520.00000293497,2,160,0.012345679012345678,-3.955991654320987
58540.00000293904,2,160,0.012345679012345678,-3.955991654320987
58540.00000293904,2,160,0.012345679012345678,-3.955991654320987
58540.00000293904,2,160,0.012345679012345678,-3.955991654320987
58560.00000294312,2,160,0.012345679012345678,-3.955991654320987
58560.00000294312,2,160,0.012345679012345678,-3.955991654320987
58580.00000294719,2,160,0.012345679012345678,-3.955991654320987
58600.00000295127,2,160,0.012345679012345678,-3.955991654320987
58600.00000295127,2,160,0.012345679012345678,-3.955991654320987
58620.00000295534,2,160,0.012345679012345678,-3.955991654320987
58620.00000295534,3,159,0.018518518518518517,-5.933987481481481
58640.000002959416,3,159,0.018518518518518517,-5.933987481481481
58660.00000296349,3,159,0.018518518518518517,-5.933987481481481
58680.000002967565,3,159,0.018518518518518517,-5.933987481481481
58700.00000297164,3,159,0.018518518518518517,-5.933987481481481
58700.00000297164,4,158,0.024691358024691357,-7.911983308641974
58720.000002975714,4,158,0.024691358024691357,-7.911983308641974
58740.00000297979,4,158,0.024691358024691357,-7.911983308641974
58760.00000298386,4,158,0.024691358024691357,-7.911983308641974
58780.00000298794,4,158,0.024691358024691357,-7.911983308641974
58780.00000298794,3,159,0.018518518518518517,-5.933987481481481
58800.00000299201,3,159,0.018518518518518517,-5.933987481481481
58800.00000299201,3,159,0.018518518518518517,-5.933987481481481
58800.00000299201,3,159,0.018518518518518517,-5.933987481481481
58800.00000299201,4,158,0.024691358024691357,-7.911983308641974
58800.00000299201,3,159,0.018518518518518517,-5.933987481481481
58820.00000299609,3,159,0.018518518518518517,-5.933987481481481
58840.00000300016,3,159,0.018518518518518517,-5.933987481481481
58840.00000300016,1,161,0.006172839506172839,-1.9779958271604936
58840.00000300016,3,159,0.018518518518518517,-5.933987481481481
58840.00000300016,4,158,0.024691358024691357,-7.911983308641974
58840.00000300016,3,159,0.018518518518518517,-5.933987481481481
58860.000003004236,3,159,0.018518518518518517,-5.933987481481481
58880.00000300831,3,159,0.018518518518518517,-5.933987481481481
58880.00000300831,2,160,0.012345679012345678,-3.955991654320987
58880.00000300831,4,158,0.024691358024691357,-7.911983308641974
58900.000003012385,4,158,0.024691358024691357,-7.911983308641974
58900.000003012385,4,158,0.024691358024691357,-7.911983308641974
58920.00000301646,4,158,0.024691358024691357,-7.911983308641974
58940.000003020534,4,158,0.024691358024691357,-7.911983308641974
58940.000003020534,4,158,0.024691358024691357,-7.911983308641974
58940.000003020534,3,159,0.018518518518518517,-5.933987481481481
58960.00000302461,3,159,0.018518518518518517,-5.933987481481481
58980.00000302868,3,159,0.018518518518518517,-5.933987481481481
59000.00000303276,3,159,0.018518518518518517,-5.933987481481481
59000.00000303276,4,158,0.024691358024691357,-7.911983308641974
59020.00000303683,4,158,0.024691358024691357,-7.911983308641974
59020.00000303683,5,157,0.030864197530864196,-9.889979135802468
59020.00000303683,4,158,0.024691358024691357,-7.911983308641974
59020.00000303683,4,158,0.024691358024691357,-7.911983308641974
