time,number_A,number_HA,alpha,surf_ch_dens
140.00000000001765,135,27,0.8333333333333334,-133.51471833333332
150.00000000000855,112,50,0.691358024691358,-110.76776632098766
159.99999999999946,106,56,0.654320987654321,-104.83377883950617
169.99999999999037,99,63,0.6111111111111112,-97.91079344444444
179.99999999998127,95,67,0.5864197530864198,-93.95480179012345
189.99999999997218,91,71,0.5617283950617284,-89.99881013580247
199.99999999996308,88,74,0.5432098765432098,-87.03181639506174
209.99999999995399,84,78,0.5185185185185185,-83.07582474074073
219.9999999999449,84,78,0.5185185185185185,-83.07582474074073
229.9999999999358,83,79,0.5123456790123457,-82.0868268271605
239.9999999999267,86,76,0.5308641975308642,-85.05382056790124
249.9999999999176,76,86,0.4691358024691358,-75.16384143209875
259.99999999990854,79,83,0.4876543209876543,-78.1308351728395
269.99999999989944,75,87,0.46296296296296297,-74.17484351851851
279.99999999989035,77,85,0.47530864197530864,-76.15283934567901
289.99999999988125,78,84,0.48148148148148145,-77.14183725925926
299.99999999987216,80,82,0.49382716049382713,-79.11983308641975
309.99999999986306,80,82,0.49382716049382713,-79.11983308641975
319.99999999985397,80,82,0.49382716049382713,-79.11983308641975
329.9999999998449,80,82,0.49382716049382713,-79.11983308641975
339.9999999998358,85,77,0.5246913580246914,-84.06482265432099
349.9999999998267,84,78,0.5185185185185185,-83.07582474074073
359.9999999998176,87,75,0.5370370370370371,-86.04281848148148
369.9999999998085,87,75,0.5370370370370371,-86.04281848148148
379.9999999997994,86,76,0.5308641975308642,-85.05382056790124
389.9999999997903,85,77,0.5246913580246914,-84.06482265432099
399.9999999997812,82,80,0.5061728395061729,-81.09782891358024
409.9999999997721,81,81,0.5,-80.108831
419.999999999763,81,81,0.5,-80.108831
429.9999999997539,75,87,0.46296296296296297,-74.17484351851851
439.99999999974483,75,87,0.46296296296296297,-74.17484351851851
449.99999999973573,69,93,0.42592592592592593,-68.24085603703703
459.99999999972664,73,89,0.4506172839506173,-72.19684769135802
469.99999999971755,73,89,0.4506172839506173,-72.19684769135802
479.99999999970845,78,84,0.48148148148148145,-77.14183725925926
489.99999999969936,73,89,0.4506172839506173,-72.19684769135802
499.99999999969026,76,86,0.4691358024691358,-75.16384143209875
509.99999999968117,79,83,0.4876543209876543,-78.1308351728395
519.9999999996721,79,83,0.4876543209876543,-78.1308351728395
529.999999999663,80,82,0.49382716049382713,-79.11983308641975
539.9999999996539,72,90,0.4444444444444444,-71.20784977777777
549.9999999996448,73,89,0.4506172839506173,-72.19684769135802
559.9999999996357,69,93,0.42592592592592593,-68.24085603703703
569.9999999996267,71,91,0.4382716049382716,-70.21885186419753
579.9999999996176,75,87,0.46296296296296297,-74.17484351851851
589.9999999996085,77,85,0.47530864197530864,-76.15283934567901
599.9999999995994,77,85,0.47530864197530864,-76.15283934567901
609.9999999995903,76,86,0.4691358024691358,-75.16384143209875
619.9999999995812,71,91,0.4382716049382716,-70.21885186419753
629.9999999995721,72,90,0.4444444444444444,-71.20784977777777
639.999999999563,73,89,0.4506172839506173,-72.19684769135802
649.9999999995539,73,89,0.4506172839506173,-72.19684769135802
659.9999999995448,73,89,0.4506172839506173,-72.19684769135802
669.9999999995357,76,86,0.4691358024691358,-75.16384143209875
679.9999999995266,72,90,0.4444444444444444,-71.20784977777777
689.9999999995175,67,95,0.41358024691358025,-66.26286020987655
699.9999999995084,70,92,0.43209876543209874,-69.22985395061728
709.9999999994993,72,90,0.4444444444444444,-71.20784977777777
719.9999999994902,72,90,0.4444444444444444,-71.20784977777777
729.9999999994811,70,92,0.43209876543209874,-69.22985395061728
739.999999999472,68,94,0.41975308641975306,-67.25185812345678
749.999999999463,66,96,0.4074074074074074,-65.2738622962963
759.9999999994538,64,98,0.3950617283950617,-63.295866469135795
769.9999999994448,65,97,0.4012345679012346,-64.28486438271604
779.9999999994357,66,96,0.4074074074074074,-65.2738622962963
789.9999999994266,68,94,0.41975308641975306,-67.25185812345678
799.9999999994175,67,95,0.41358024691358025,-66.26286020987655
809.9999999994084,70,92,0.43209876543209874,-69.22985395061728
819.9999999993993,68,94,0.41975308641975306,-67.25185812345678
829.9999999993902,70,92,0.43209876543209874,-69.22985395061728
839.9999999993811,63,99,0.3888888888888889,-62.30686855555556
849.999999999372,66,96,0.4074074074074074,-65.2738622962963
859.9999999993629,70,92,0.43209876543209874,-69.22985395061728
869.9999999993538,68,94,0.41975308641975306,-67.25185812345678
879.9999999993447,67,95,0.41358024691358025,-66.26286020987655
889.9999999993356,69,93,0.42592592592592593,-68.24085603703703
899.9999999993265,69,93,0.42592592592592593,-68.24085603703703
909.9999999993174,69,93,0.42592592592592593,-68.24085603703703
919.9999999993083,65,97,0.4012345679012346,-64.28486438271604
929.9999999992992,67,95,0.41358024691358025,-66.26286020987655
939.9999999992901,63,99,0.3888888888888889,-62.30686855555556
949.999999999281,60,102,0.37037037037037035,-59.33987481481481
959.999999999272,63,99,0.3888888888888889,-62.30686855555556
969.9999999992629,59,103,0.36419753086419754,-58.350876901234564
979.9999999992538,59,103,0.36419753086419754,-58.350876901234564
989.9999999992447,62,100,0.38271604938271603,-61.317870641975304
999.9999999992356,57,105,0.35185185185185186,-56.372881074074066
1009.9999999992265,63,99,0.3888888888888889,-62.30686855555556
1019.9999999992174,65,97,0.4012345679012346,-64.28486438271604
1029.9999999992083,65,97,0.4012345679012346,-64.28486438271604
1039.9999999991992,69,93,0.42592592592592593,-68.24085603703703
1049.99999999919,67,95,0.41358024691358025,-66.26286020987655
1059.999999999181,63,99,0.3888888888888889,-62.30686855555556
1069.999999999172,68,94,0.41975308641975306,-67.25185812345678
1079.9999999991628,65,97,0.4012345679012346,-64.28486438271604
1089.9999999991537,59,103,0.36419753086419754,-58.350876901234564
1099.9999999991446,66,96,0.4074074074074074,-65.2738622962963
1109.9999999991355,62,100,0.38271604938271603,-61.317870641975304
1119.9999999991264,68,94,0.41975308641975306,-67.25185812345678
1129.9999999991173,66,96,0.4074074074074074,-65.2738622962963
1139.9999999991082,67,95,0.41358024691358025,-66.26286020987655
1149.9999999990991,64,98,0.3950617283950617,-63.295866469135795
1159.99999999909,64,98,0.3950617283950617,-63.295866469135795
1169.999999999081,64,98,0.3950617283950617,-63.295866469135795
1179.9999999990719,61,101,0.3765432098765432,-60.328872728395055
1189.9999999990628,64,98,0.3950617283950617,-63.295866469135795
1199.9999999990537,62,100,0.38271604938271603,-61.317870641975304
1209.9999999990446,63,99,0.3888888888888889,-62.30686855555556
1219.9999999990355,59,103,0.36419753086419754,-58.350876901234564
1229.9999999990264,60,102,0.37037037037037035,-59.33987481481481
1239.9999999990173,62,100,0.38271604938271603,-61.317870641975304
1249.9999999990082,61,101,0.3765432098765432,-60.328872728395055
1259.999999998999,59,103,0.36419753086419754,-58.350876901234564
1269.99999999899,61,101,0.3765432098765432,-60.328872728395055
1279.999999998981,59,103,0.36419753086419754,-58.350876901234564
1289.9999999989718,61,101,0.3765432098765432,-60.328872728395055
1299.9999999989627,60,102,0.37037037037037035,-59.33987481481481
1309.9999999989536,57,105,0.35185185185185186,-56.372881074074066
1319.9999999989445,62,100,0.38271604938271603,-61.317870641975304
1329.9999999989354,57,105,0.35185185185185186,-56.372881074074066
1339.9999999989263,57,105,0.35185185185185186,-56.372881074074066
1349.9999999989172,56,106,0.345679012345679,-55.38388316049383
1359.9999999989082,57,105,0.35185185185185186,-56.372881074074066
1369.999999998899,61,101,0.3765432098765432,-60.328872728395055
1379.99999999889,58,104,0.35802469135802467,-57.36187898765432
1389.9999999988809,63,99,0.3888888888888889,-62.30686855555556
1399.9999999988718,58,104,0.35802469135802467,-57.36187898765432
1409.9999999988627,64,98,0.3950617283950617,-63.295866469135795
1419.9999999988536,59,103,0.36419753086419754,-58.350876901234564
1429.9999999988445,53,109,0.3271604938271605,-52.41688941975308
1439.9999999988354,56,106,0.345679012345679,-55.38388316049383
1449.9999999988263,54,108,0.3333333333333333,-53.405887333333325
1459.9999999988172,56,106,0.345679012345679,-55.38388316049383
1469.999999998808,53,109,0.3271604938271605,-52.41688941975308
1479.999999998799,53,109,0.3271604938271605,-52.41688941975308
1489.99999999879,52,110,0.32098765432098764,-51.42789150617284
1499.9999999987808,51,111,0.3148148148148148,-50.43889359259259
1509.9999999987717,50,112,0.30864197530864196,-49.44989567901234
1519.9999999987626,53,109,0.3271604938271605,-52.41688941975308
1529.9999999987535,50,112,0.30864197530864196,-49.44989567901234
1539.9999999987444,52,110,0.32098765432098764,-51.42789150617284
1549.9999999987353,49,113,0.30246913580246915,-48.4608977654321
1559.9999999987263,47,115,0.29012345679012347,-46.4829019382716
1569.9999999987172,51,111,0.3148148148148148,-50.43889359259259
1579.999999998708,53,109,0.3271604938271605,-52.41688941975308
1589.999999998699,51,111,0.3148148148148148,-50.43889359259259
1599.9999999986899,51,111,0.3148148148148148,-50.43889359259259
1609.9999999986808,49,113,0.30246913580246915,-48.4608977654321
1619.9999999986717,52,110,0.32098765432098764,-51.42789150617284
1629.9999999986626,55,107,0.3395061728395062,-54.39488524691358
1639.9999999986535,55,107,0.3395061728395062,-54.39488524691358
1649.9999999986444,56,106,0.345679012345679,-55.38388316049383
1659.9999999986353,55,107,0.3395061728395062,-54.39488524691358
1669.9999999986262,58,104,0.35802469135802467,-57.36187898765432
1679.999999998617,59,103,0.36419753086419754,-58.350876901234564
1689.999999998608,57,105,0.35185185185185186,-56.372881074074066
1699.999999998599,59,103,0.36419753086419754,-58.350876901234564
1709.9999999985898,55,107,0.3395061728395062,-54.39488524691358
1719.9999999985807,54,108,0.3333333333333333,-53.405887333333325
1729.9999999985716,58,104,0.35802469135802467,-57.36187898765432
1739.9999999985625,56,106,0.345679012345679,-55.38388316049383
1749.9999999985534,55,107,0.3395061728395062,-54.39488524691358
1759.9999999985444,52,110,0.32098765432098764,-51.42789150617284
1769.9999999985353,53,109,0.3271604938271605,-52.41688941975308
1779.9999999985262,49,113,0.30246913580246915,-48.4608977654321
1789.999999998517,53,109,0.3271604938271605,-52.41688941975308
1799.999999998508,52,110,0.32098765432098764,-51.42789150617284
1809.9999999984989,53,109,0.3271604938271605,-52.41688941975308
1819.9999999984898,55,107,0.3395061728395062,-54.39488524691358
1829.9999999984807,55,107,0.3395061728395062,-54.39488524691358
1839.9999999984716,51,111,0.3148148148148148,-50.43889359259259
1849.9999999984625,48,114,0.2962962962962963,-47.47189985185185
1859.9999999984534,53,109,0.3271604938271605,-52.41688941975308
1869.9999999984443,53,109,0.3271604938271605,-52.41688941975308
1879.9999999984352,52,110,0.32098765432098764,-51.42789150617284
1889.9999999984261,51,111,0.3148148148148148,-50.43889359259259
1899.999999998417,49,113,0.30246913580246915,-48.4608977654321
1909.999999998408,51,111,0.3148148148148148,-50.43889359259259
1919.9999999983988,45,117,0.2777777777777778,-44.504906111111104
1929.9999999983897,47,115,0.29012345679012347,-46.4829019382716
1939.9999999983806,49,113,0.30246913580246915,-48.4608977654321
1949.9999999983715,52,110,0.32098765432098764,-51.42789150617284
1959.9999999983625,47,115,0.29012345679012347,-46.4829019382716
1969.9999999983534,48,114,0.2962962962962963,-47.47189985185185
1979.9999999983443,50,112,0.30864197530864196,-49.44989567901234
1989.9999999983352,52,110,0.32098765432098764,-51.42789150617284
1999.999999998326,49,113,0.30246913580246915,-48.4608977654321
2009.999999998317,57,105,0.35185185185185186,-56.372881074074066
2019.9999999983079,55,107,0.3395061728395062,-54.39488524691358
2029.9999999982988,53,109,0.3271604938271605,-52.41688941975308
2039.9999999982897,51,111,0.3148148148148148,-50.43889359259259
2049.999999998326,51,111,0.3148148148148148,-50.43889359259259
2059.9999999985444,58,104,0.35802469135802467,-57.36187898765432
2069.9999999987626,55,107,0.3395061728395062,-54.39488524691358
2079.999999998981,56,106,0.345679012345679,-55.38388316049383
2089.999999999199,54,108,0.3333333333333333,-53.405887333333325
2099.9999999994175,53,109,0.3271604938271605,-52.41688941975308
2109.9999999996357,53,109,0.3271604938271605,-52.41688941975308
2119.999999999854,53,109,0.3271604938271605,-52.41688941975308
2130.0000000000723,53,109,0.3271604938271605,-52.41688941975308
2140.0000000002906,51,111,0.3148148148148148,-50.43889359259259
2150.000000000509,52,110,0.32098765432098764,-51.42789150617284
2160.000000000727,52,110,0.32098765432098764,-51.42789150617284
2170.0000000009454,49,113,0.30246913580246915,-48.4608977654321
2180.0000000011637,52,110,0.32098765432098764,-51.42789150617284
2190.000000001382,56,106,0.345679012345679,-55.38388316049383
2200.0000000016003,49,113,0.30246913580246915,-48.4608977654321
2210.0000000018185,50,112,0.30864197530864196,-49.44989567901234
2220.000000002037,49,113,0.30246913580246915,-48.4608977654321
2230.000000002255,56,106,0.345679012345679,-55.38388316049383
2240.0000000024734,47,115,0.29012345679012347,-46.4829019382716
2250.0000000026916,50,112,0.30864197530864196,-49.44989567901234
2260.00000000291,51,111,0.3148148148148148,-50.43889359259259
2270.000000003128,49,113,0.30246913580246915,-48.4608977654321
2280.0000000033465,49,113,0.30246913580246915,-48.4608977654321
2290.0000000035648,54,108,0.3333333333333333,-53.405887333333325
2300.000000003783,54,108,0.3333333333333333,-53.405887333333325
2310.0000000040013,51,111,0.3148148148148148,-50.43889359259259
2320.0000000042196,51,111,0.3148148148148148,-50.43889359259259
2330.000000004438,56,106,0.345679012345679,-55.38388316049383
2340.000000004656,55,107,0.3395061728395062,-54.39488524691358
2350.0000000048744,54,108,0.3333333333333333,-53.405887333333325
2360.0000000050927,50,112,0.30864197530864196,-49.44989567901234
2370.000000005311,56,106,0.345679012345679,-55.38388316049383
2380.0000000055293,49,113,0.30246913580246915,-48.4608977654321
2390.0000000057476,52,110,0.32098765432098764,-51.42789150617284
2400.000000005966,52,110,0.32098765432098764,-51.42789150617284
2410.000000006184,46,116,0.2839506172839506,-45.49390402469136
2420.0000000064024,52,110,0.32098765432098764,-51.42789150617284
2430.0000000066207,54,108,0.3333333333333333,-53.405887333333325
2440.000000006839,53,109,0.3271604938271605,-52.41688941975308
2450.000000007057,50,112,0.30864197530864196,-49.44989567901234
2460.0000000072755,50,112,0.30864197530864196,-49.44989567901234
2470.000000007494,52,110,0.32098765432098764,-51.42789150617284
2480.000000007712,46,116,0.2839506172839506,-45.49390402469136
2490.0000000079303,51,111,0.3148148148148148,-50.43889359259259
2500.0000000081486,52,110,0.32098765432098764,-51.42789150617284
2510.000000008367,51,111,0.3148148148148148,-50.43889359259259
2520.000000008585,54,108,0.3333333333333333,-53.405887333333325
2530.0000000088035,48,114,0.2962962962962963,-47.47189985185185
2540.0000000090217,45,117,0.2777777777777778,-44.504906111111104
2550.00000000924,49,113,0.30246913580246915,-48.4608977654321
2560.0000000094583,50,112,0.30864197530864196,-49.44989567901234
2570.0000000096766,51,111,0.3148148148148148,-50.43889359259259
2580.000000009895,48,114,0.2962962962962963,-47.47189985185185
2590.000000010113,51,111,0.3148148148148148,-50.43889359259259
2600.0000000103314,55,107,0.3395061728395062,-54.39488524691358
2610.0000000105497,52,110,0.32098765432098764,-51.42789150617284
2620.000000010768,48,114,0.2962962962962963,-47.47189985185185
2630.0000000109862,44,118,0.2716049382716049,-43.51590819753087
2640.0000000112045,48,114,0.2962962962962963,-47.47189985185185
2650.000000011423,42,120,0.25925925925925924,-41.537912370370364
2660.000000011641,52,110,0.32098765432098764,-51.42789150617284
2670.0000000118594,52,110,0.32098765432098764,-51.42789150617284
2680.0000000120776,51,111,0.3148148148148148,-50.43889359259259
2690.000000012296,50,112,0.30864197530864196,-49.44989567901234
2700.000000012514,53,109,0.3271604938271605,-52.41688941975308
2710.0000000127325,53,109,0.3271604938271605,-52.41688941975308
2720.0000000129507,46,116,0.2839506172839506,-45.49390402469136
2730.000000013169,54,108,0.3333333333333333,-53.405887333333325
2740.0000000133873,50,112,0.30864197530864196,-49.44989567901234
2750.0000000136056,51,111,0.3148148148148148,-50.43889359259259
2760.000000013824,52,110,0.32098765432098764,-51.42789150617284
2770.000000014042,52,110,0.32098765432098764,-51.42789150617284
2780.0000000142604,51,111,0.3148148148148148,-50.43889359259259
2790.0000000144787,50,112,0.30864197530864196,-49.44989567901234
2800.000000014697,51,111,0.3148148148148148,-50.43889359259259
2810.0000000149153,47,115,0.29012345679012347,-46.4829019382716
2820.0000000151335,49,113,0.30246913580246915,-48.4608977654321
2830.000000015352,50,112,0.30864197530864196,-49.44989567901234
2840.00000001557,52,110,0.32098765432098764,-51.42789150617284
2850.0000000157884,51,111,0.3148148148148148,-50.43889359259259
2860.0000000160067,51,111,0.3148148148148148,-50.43889359259259
2870.000000016225,47,115,0.29012345679012347,-46.4829019382716
2880.000000016443,51,111,0.3148148148148148,-50.43889359259259
2890.0000000166615,48,114,0.2962962962962963,-47.47189985185185
2900.0000000168798,54,108,0.3333333333333333,-53.405887333333325
2910.000000017098,52,110,0.32098765432098764,-51.42789150617284
2920.0000000173163,52,110,0.32098765432098764,-51.42789150617284
2930.0000000175346,55,107,0.3395061728395062,-54.39488524691358
2940.000000017753,54,108,0.3333333333333333,-53.405887333333325
2950.000000017971,54,108,0.3333333333333333,-53.405887333333325
2960.0000000181894,48,114,0.2962962962962963,-47.47189985185185
2970.0000000184077,41,121,0.25308641975308643,-40.54891445679012
2980.000000018626,52,110,0.32098765432098764,-51.42789150617284
2990.0000000188443,52,110,0.32098765432098764,-51.42789150617284
3000.0000000190626,50,112,0.30864197530864196,-49.44989567901234
3010.000000019281,51,111,0.3148148148148148,-50.43889359259259
3020.000000019499,51,111,0.3148148148148148,-50.43889359259259
3030.0000000197174,50,112,0.30864197530864196,-49.44989567901234
3040.0000000199357,54,108,0.3333333333333333,-53.405887333333325
3050.000000020154,46,116,0.2839506172839506,-45.49390402469136
3060.000000020372,49,113,0.30246913580246915,-48.4608977654321
3070.0000000205905,51,111,0.3148148148148148,-50.43889359259259
3080.000000020809,49,113,0.30246913580246915,-48.4608977654321
3090.000000021027,49,113,0.30246913580246915,-48.4608977654321
3100.0000000212453,49,113,0.30246913580246915,-48.4608977654321
3110.0000000214636,47,115,0.29012345679012347,-46.4829019382716
3120.000000021682,49,113,0.30246913580246915,-48.4608977654321
3130.0000000219,50,112,0.30864197530864196,-49.44989567901234
3140.0000000221185,50,112,0.30864197530864196,-49.44989567901234
3150.0000000223367,49,113,0.30246913580246915,-48.4608977654321
3160.000000022555,51,111,0.3148148148148148,-50.43889359259259
3170.0000000227733,46,116,0.2839506172839506,-45.49390402469136
3180.0000000229916,49,113,0.30246913580246915,-48.4608977654321
3190.00000002321,52,110,0.32098765432098764,-51.42789150617284
3200.000000023428,45,117,0.2777777777777778,-44.504906111111104
3210.0000000236464,51,111,0.3148148148148148,-50.43889359259259
3220.0000000238647,46,116,0.2839506172839506,-45.49390402469136
3230.000000024083,51,111,0.3148148148148148,-50.43889359259259
3240.0000000243012,46,116,0.2839506172839506,-45.49390402469136
3250.0000000245195,51,111,0.3148148148148148,-50.43889359259259
3260.000000024738,49,113,0.30246913580246915,-48.4608977654321
3270.000000024956,49,113,0.30246913580246915,-48.4608977654321
3280.0000000251744,58,104,0.35802469135802467,-57.36187898765432
3290.0000000253926,50,112,0.30864197530864196,-49.44989567901234
3300.000000025611,51,111,0.3148148148148148,-50.43889359259259
3310.000000025829,50,112,0.30864197530864196,-49.44989567901234
3320.0000000260475,53,109,0.3271604938271605,-52.41688941975308
3330.0000000262658,54,108,0.3333333333333333,-53.405887333333325
3340.000000026484,52,110,0.32098765432098764,-51.42789150617284
3350.0000000267023,53,109,0.3271604938271605,-52.41688941975308
3360.0000000269206,50,112,0.30864197530864196,-49.44989567901234
3370.000000027139,51,111,0.3148148148148148,-50.43889359259259
3380.000000027357,48,114,0.2962962962962963,-47.47189985185185
3390.0000000275754,50,112,0.30864197530864196,-49.44989567901234
3400.0000000277937,53,109,0.3271604938271605,-52.41688941975308
3410.000000028012,47,115,0.29012345679012347,-46.4829019382716
3420.0000000282303,50,112,0.30864197530864196,-49.44989567901234
3430.0000000284485,49,113,0.30246913580246915,-48.4608977654321
3440.000000028667,48,114,0.2962962962962963,-47.47189985185185
3450.000000028885,56,106,0.345679012345679,-55.38388316049383
3460.0000000291034,60,102,0.37037037037037035,-59.33987481481481
3470.0000000293217,52,110,0.32098765432098764,-51.42789150617284
3480.00000002954,55,107,0.3395061728395062,-54.39488524691358
3490.000000029758,51,111,0.3148148148148148,-50.43889359259259
3500.0000000299765,53,109,0.3271604938271605,-52.41688941975308
3510.0000000301948,46,116,0.2839506172839506,-45.49390402469136
3520.000000030413,49,113,0.30246913580246915,-48.4608977654321
3530.0000000306313,54,108,0.3333333333333333,-53.405887333333325
3540.0000000308496,51,111,0.3148148148148148,-50.43889359259259
3550.000000031068,51,111,0.3148148148148148,-50.43889359259259
3560.000000031286,49,113,0.30246913580246915,-48.4608977654321
3570.0000000315044,49,113,0.30246913580246915,-48.4608977654321
3580.0000000317227,48,114,0.2962962962962963,-47.47189985185185
3590.000000031941,49,113,0.30246913580246915,-48.4608977654321
3600.0000000321593,49,113,0.30246913580246915,-48.4608977654321
3610.0000000323776,53,109,0.3271604938271605,-52.41688941975308
3620.000000032596,52,110,0.32098765432098764,-51.42789150617284
3630.000000032814,52,110,0.32098765432098764,-51.42789150617284
3640.0000000330324,51,111,0.3148148148148148,-50.43889359259259
3650.0000000332507,49,113,0.30246913580246915,-48.4608977654321
3660.000000033469,48,114,0.2962962962962963,-47.47189985185185
3670.0000000336872,50,112,0.30864197530864196,-49.44989567901234
3680.0000000339055,50,112,0.30864197530864196,-49.44989567901234
3690.000000034124,54,108,0.3333333333333333,-53.405887333333325
3700.000000034342,50,112,0.30864197530864196,-49.44989567901234
3710.0000000345603,48,114,0.2962962962962963,-47.47189985185185
3720.0000000347786,51,111,0.3148148148148148,-50.43889359259259
3730.000000034997,50,112,0.30864197530864196,-49.44989567901234
3740.000000035215,49,113,0.30246913580246915,-48.4608977654321
3750.0000000354335,51,111,0.3148148148148148,-50.43889359259259
3760.0000000356517,52,110,0.32098765432098764,-51.42789150617284
3770.00000003587,52,110,0.32098765432098764,-51.42789150617284
3780.0000000360883,51,111,0.3148148148148148,-50.43889359259259
3790.0000000363066,50,112,0.30864197530864196,-49.44989567901234
3800.000000036525,53,109,0.3271604938271605,-52.41688941975308
3810.000000036743,50,112,0.30864197530864196,-49.44989567901234
3820.0000000369614,50,112,0.30864197530864196,-49.44989567901234
3830.0000000371797,48,114,0.2962962962962963,-47.47189985185185
3840.000000037398,42,120,0.25925925925925924,-41.537912370370364
3850.0000000376162,47,115,0.29012345679012347,-46.4829019382716
3860.0000000378345,52,110,0.32098765432098764,-51.42789150617284
3870.000000038053,47,115,0.29012345679012347,-46.4829019382716
3880.000000038271,48,114,0.2962962962962963,-47.47189985185185
3890.0000000384894,50,112,0.30864197530864196,-49.44989567901234
3900.0000000387076,45,117,0.2777777777777778,-44.504906111111104
3910.000000038926,46,116,0.2839506172839506,-45.49390402469136
3920.000000039144,45,117,0.2777777777777778,-44.504906111111104
3930.0000000393625,44,118,0.2716049382716049,-43.51590819753087
3940.0000000395808,49,113,0.30246913580246915,-48.4608977654321
3950.000000039799,53,109,0.3271604938271605,-52.41688941975308
3960.0000000400173,43,119,0.2654320987654321,-42.52691028395062
3970.0000000402356,43,119,0.2654320987654321,-42.52691028395062
3980.000000040454,45,117,0.2777777777777778,-44.504906111111104
3990.000000040672,41,121,0.25308641975308643,-40.54891445679012
4000.0000000408904,44,118,0.2716049382716049,-43.51590819753087
4010.0000000411087,45,117,0.2777777777777778,-44.504906111111104
4020.000000041327,41,121,0.25308641975308643,-40.54891445679012
4030.0000000415453,46,116,0.2839506172839506,-45.49390402469136
4040.0000000417635,45,117,0.2777777777777778,-44.504906111111104
4050.000000041982,45,117,0.2777777777777778,-44.504906111111104
4060.0000000422,47,115,0.29012345679012347,-46.4829019382716
4070.0000000424184,47,115,0.29012345679012347,-46.4829019382716
4080.0000000426367,48,114,0.2962962962962963,-47.47189985185185
4090.000000042855,49,113,0.30246913580246915,-48.4608977654321
4100.000000043073,51,111,0.3148148148148148,-50.43889359259259
4110.000000043291,48,114,0.2962962962962963,-47.47189985185185
4120.000000043509,51,111,0.3148148148148148,-50.43889359259259
4130.000000043728,48,114,0.2962962962962963,-47.47189985185185
4140.000000043946,47,115,0.29012345679012347,-46.4829019382716
4150.000000044164,49,113,0.30246913580246915,-48.4608977654321
4160.000000044382,49,113,0.30246913580246915,-48.4608977654321
4170.000000044601,51,111,0.3148148148148148,-50.43889359259259
4180.000000044819,50,112,0.30864197530864196,-49.44989567901234
4190.000000045037,46,116,0.2839506172839506,-45.49390402469136
4200.000000045256,52,110,0.32098765432098764,-51.42789150617284
4210.000000045474,50,112,0.30864197530864196,-49.44989567901234
4220.000000045692,53,109,0.3271604938271605,-52.41688941975308
4230.00000004591,48,114,0.2962962962962963,-47.47189985185185
4240.000000046129,50,112,0.30864197530864196,-49.44989567901234
4250.000000046347,48,114,0.2962962962962963,-47.47189985185185
4260.000000046565,49,113,0.30246913580246915,-48.4608977654321
4270.0000000467835,48,114,0.2962962962962963,-47.47189985185185
4280.000000047002,46,116,0.2839506172839506,-45.49390402469136
4290.00000004722,48,114,0.2962962962962963,-47.47189985185185
4300.000000047438,50,112,0.30864197530864196,-49.44989567901234
4310.000000047657,54,108,0.3333333333333333,-53.405887333333325
4320.000000047875,47,115,0.29012345679012347,-46.4829019382716
4330.000000048093,49,113,0.30246913580246915,-48.4608977654321
4340.000000048311,52,110,0.32098765432098764,-51.42789150617284
4350.00000004853,47,115,0.29012345679012347,-46.4829019382716
4360.000000048748,50,112,0.30864197530864196,-49.44989567901234
4370.000000048966,48,114,0.2962962962962963,-47.47189985185185
4380.000000049185,49,113,0.30246913580246915,-48.4608977654321
4390.000000049403,52,110,0.32098765432098764,-51.42789150617284
4400.000000049621,49,113,0.30246913580246915,-48.4608977654321
4410.000000049839,50,112,0.30864197530864196,-49.44989567901234
4420.000000050058,45,117,0.2777777777777778,-44.504906111111104
4430.000000050276,50,112,0.30864197530864196,-49.44989567901234
4440.000000050494,49,113,0.30246913580246915,-48.4608977654321
4450.0000000507125,52,110,0.32098765432098764,-51.42789150617284
4460.000000050931,51,111,0.3148148148148148,-50.43889359259259
4470.000000051149,46,116,0.2839506172839506,-45.49390402469136
4480.000000051367,50,112,0.30864197530864196,-49.44989567901234
4490.000000051586,47,115,0.29012345679012347,-46.4829019382716
4500.000000051804,49,113,0.30246913580246915,-48.4608977654321
4510.000000052022,48,114,0.2962962962962963,-47.47189985185185
4520.0000000522405,49,113,0.30246913580246915,-48.4608977654321
4530.000000052459,47,115,0.29012345679012347,-46.4829019382716
4540.000000052677,45,117,0.2777777777777778,-44.504906111111104
4550.000000052895,45,117,0.2777777777777778,-44.504906111111104
4560.000000053114,48,114,0.2962962962962963,-47.47189985185185
4570.000000053332,47,115,0.29012345679012347,-46.4829019382716
4580.00000005355,47,115,0.29012345679012347,-46.4829019382716
4590.000000053768,52,110,0.32098765432098764,-51.42789150617284
4600.000000053987,45,117,0.2777777777777778,-44.504906111111104
4610.000000054205,50,112,0.30864197530864196,-49.44989567901234
4620.000000054423,54,108,0.3333333333333333,-53.405887333333325
4630.0000000546415,48,114,0.2962962962962963,-47.47189985185185
4640.00000005486,50,112,0.30864197530864196,-49.44989567901234
4650.000000055078,51,111,0.3148148148148148,-50.43889359259259
4660.000000055296,51,111,0.3148148148148148,-50.43889359259259
4670.000000055515,50,112,0.30864197530864196,-49.44989567901234
4680.000000055733,52,110,0.32098765432098764,-51.42789150617284
4690.000000055951,52,110,0.32098765432098764,-51.42789150617284
4700.0000000561695,55,107,0.3395061728395062,-54.39488524691358
4710.000000056388,51,111,0.3148148148148148,-50.43889359259259
4720.000000056606,48,114,0.2962962962962963,-47.47189985185185
4730.000000056824,46,116,0.2839506172839506,-45.49390402469136
4740.000000057043,48,114,0.2962962962962963,-47.47189985185185
4750.000000057261,48,114,0.2962962962962963,-47.47189985185185
4760.000000057479,51,111,0.3148148148148148,-50.43889359259259
4770.000000057697,45,117,0.2777777777777778,-44.504906111111104
4780.000000057916,47,115,0.29012345679012347,-46.4829019382716
4790.000000058134,44,118,0.2716049382716049,-43.51590819753087
4800.000000058352,46,116,0.2839506172839506,-45.49390402469136
4810.000000058571,42,120,0.25925925925925924,-41.537912370370364
4820.000000058789,50,112,0.30864197530864196,-49.44989567901234
4830.000000059007,52,110,0.32098765432098764,-51.42789150617284
4840.000000059225,48,114,0.2962962962962963,-47.47189985185185
4850.000000059444,47,115,0.29012345679012347,-46.4829019382716
4860.000000059662,49,113,0.30246913580246915,-48.4608977654321
4870.00000005988,56,106,0.345679012345679,-55.38388316049383
4880.0000000600985,46,116,0.2839506172839506,-45.49390402469136
4890.000000060317,51,111,0.3148148148148148,-50.43889359259259
4900.000000060535,50,112,0.30864197530864196,-49.44989567901234
4910.000000060753,47,115,0.29012345679012347,-46.4829019382716
4920.000000060972,49,113,0.30246913580246915,-48.4608977654321
4930.00000006119,53,109,0.3271604938271605,-52.41688941975308
4940.000000061408,47,115,0.29012345679012347,-46.4829019382716
4950.000000061626,47,115,0.29012345679012347,-46.4829019382716
4960.000000061845,56,106,0.345679012345679,-55.38388316049383
4970.000000062063,57,105,0.35185185185185186,-56.372881074074066
4980.000000062281,52,110,0.32098765432098764,-51.42789150617284
4990.0000000625,54,108,0.3333333333333333,-53.405887333333325
5000.000000062718,53,109,0.3271604938271605,-52.41688941975308
5010.000000062936,54,108,0.3333333333333333,-53.405887333333325
5020.000000063154,51,111,0.3148148148148148,-50.43889359259259
5030.000000063373,49,113,0.30246913580246915,-48.4608977654321
5040.000000063591,51,111,0.3148148148148148,-50.43889359259259
5050.000000063809,50,112,0.30864197530864196,-49.44989567901234
5060.0000000640275,46,116,0.2839506172839506,-45.49390402469136
5070.000000064246,50,112,0.30864197530864196,-49.44989567901234
5080.000000064464,42,120,0.25925925925925924,-41.537912370370364
5090.000000064682,47,115,0.29012345679012347,-46.4829019382716
5100.000000064901,46,116,0.2839506172839506,-45.49390402469136
5110.000000065119,46,116,0.2839506172839506,-45.49390402469136
5120.000000065337,47,115,0.29012345679012347,-46.4829019382716
5130.0000000655555,44,118,0.2716049382716049,-43.51590819753087
5140.000000065774,46,116,0.2839506172839506,-45.49390402469136
5150.000000065992,44,118,0.2716049382716049,-43.51590819753087
5160.00000006621,44,118,0.2716049382716049,-43.51590819753087
5170.000000066429,41,121,0.25308641975308643,-40.54891445679012
5180.000000066647,43,119,0.2654320987654321,-42.52691028395062
5190.000000066865,43,119,0.2654320987654321,-42.52691028395062
5200.000000067083,42,120,0.25925925925925924,-41.537912370370364
5210.000000067302,41,121,0.25308641975308643,-40.54891445679012
5220.00000006752,41,121,0.25308641975308643,-40.54891445679012
5230.000000067738,44,118,0.2716049382716049,-43.51590819753087
5240.0000000679565,41,121,0.25308641975308643,-40.54891445679012
5250.000000068175,42,120,0.25925925925925924,-41.537912370370364
5260.000000068393,42,120,0.25925925925925924,-41.537912370370364
5270.000000068611,37,125,0.22839506172839505,-36.59292280246914
5280.00000006883,39,123,0.24074074074074073,-38.57091862962963
5290.000000069048,43,119,0.2654320987654321,-42.52691028395062
5300.000000069266,43,119,0.2654320987654321,-42.52691028395062
5310.0000000694845,41,121,0.25308641975308643,-40.54891445679012
5320.000000069703,37,125,0.22839506172839505,-36.59292280246914
5330.000000069921,39,123,0.24074074074074073,-38.57091862962963
5340.000000070139,43,119,0.2654320987654321,-42.52691028395062
5350.000000070358,45,117,0.2777777777777778,-44.504906111111104
5360.000000070576,42,120,0.25925925925925924,-41.537912370370364
5370.000000070794,43,119,0.2654320987654321,-42.52691028395062
5380.000000071012,47,115,0.29012345679012347,-46.4829019382716
5390.000000071231,45,117,0.2777777777777778,-44.504906111111104
5400.000000071449,43,119,0.2654320987654321,-42.52691028395062
5410.000000071667,51,111,0.3148148148148148,-50.43889359259259
5420.000000071886,46,116,0.2839506172839506,-45.49390402469136
5430.000000072104,49,113,0.30246913580246915,-48.4608977654321
5440.000000072322,47,115,0.29012345679012347,-46.4829019382716
5450.00000007254,45,117,0.2777777777777778,-44.504906111111104
5460.000000072759,46,116,0.2839506172839506,-45.49390402469136
5470.000000072977,47,115,0.29012345679012347,-46.4829019382716
5480.000000073195,44,118,0.2716049382716049,-43.51590819753087
5490.0000000734135,41,121,0.25308641975308643,-40.54891445679012
5500.000000073632,45,117,0.2777777777777778,-44.504906111111104
5510.00000007385,45,117,0.2777777777777778,-44.504906111111104
5520.000000074068,44,118,0.2716049382716049,-43.51590819753087
5530.000000074287,44,118,0.2716049382716049,-43.51590819753087
5540.000000074505,42,120,0.25925925925925924,-41.537912370370364
5550.000000074723,48,114,0.2962962962962963,-47.47189985185185
5560.000000074941,42,120,0.25925925925925924,-41.537912370370364
5570.00000007516,44,118,0.2716049382716049,-43.51590819753087
5580.000000075378,44,118,0.2716049382716049,-43.51590819753087
5590.000000075596,41,121,0.25308641975308643,-40.54891445679012
5600.000000075815,50,112,0.30864197530864196,-49.44989567901234
5610.000000076033,45,117,0.2777777777777778,-44.504906111111104
5620.000000076251,47,115,0.29012345679012347,-46.4829019382716
5630.000000076469,44,118,0.2716049382716049,-43.51590819753087
5640.000000076688,45,117,0.2777777777777778,-44.504906111111104
5650.000000076906,48,114,0.2962962962962963,-47.47189985185185
5660.000000077124,48,114,0.2962962962962963,-47.47189985185185
5670.0000000773425,44,118,0.2716049382716049,-43.51590819753087
5680.000000077561,49,113,0.30246913580246915,-48.4608977654321
5690.000000077779,48,114,0.2962962962962963,-47.47189985185185
5700.000000077997,48,114,0.2962962962962963,-47.47189985185185
5710.000000078216,48,114,0.2962962962962963,-47.47189985185185
5720.000000078434,45,117,0.2777777777777778,-44.504906111111104
5730.000000078652,46,116,0.2839506172839506,-45.49390402469136
5740.0000000788705,45,117,0.2777777777777778,-44.504906111111104
5750.000000079089,41,121,0.25308641975308643,-40.54891445679012
5760.000000079307,45,117,0.2777777777777778,-44.504906111111104
5770.000000079525,42,120,0.25925925925925924,-41.537912370370364
5780.000000079744,40,122,0.24691358024691357,-39.55991654320987
5790.000000079962,45,117,0.2777777777777778,-44.504906111111104
5800.00000008018,46,116,0.2839506172839506,-45.49390402469136
5810.000000080398,47,115,0.29012345679012347,-46.4829019382716
5820.000000080617,43,119,0.2654320987654321,-42.52691028395062
5830.000000080835,45,117,0.2777777777777778,-44.504906111111104
5840.000000081053,49,113,0.30246913580246915,-48.4608977654321
5850.0000000812715,47,115,0.29012345679012347,-46.4829019382716
5860.00000008149,48,114,0.2962962962962963,-47.47189985185185
5870.000000081708,43,119,0.2654320987654321,-42.52691028395062
5880.000000081926,45,117,0.2777777777777778,-44.504906111111104
5890.000000082145,51,111,0.3148148148148148,-50.43889359259259
5900.000000082363,50,112,0.30864197530864196,-49.44989567901234
5910.000000082581,47,115,0.29012345679012347,-46.4829019382716
5920.0000000827995,44,118,0.2716049382716049,-43.51590819753087
5930.000000083018,44,118,0.2716049382716049,-43.51590819753087
5940.000000083236,39,123,0.24074074074074073,-38.57091862962963
5950.000000083454,42,120,0.25925925925925924,-41.537912370370364
5960.000000083673,42,120,0.25925925925925924,-41.537912370370364
5970.000000083891,40,122,0.24691358024691357,-39.55991654320987
5980.000000084109,44,118,0.2716049382716049,-43.51590819753087
5990.000000084327,39,123,0.24074074074074073,-38.57091862962963
6000.000000084546,41,121,0.25308641975308643,-40.54891445679012
6010.000000084764,39,123,0.24074074074074073,-38.57091862962963
6020.000000084982,42,120,0.25925925925925924,-41.537912370370364
6030.000000085201,40,122,0.24691358024691357,-39.55991654320987
6040.000000085419,43,119,0.2654320987654321,-42.52691028395062
6050.000000085637,44,118,0.2716049382716049,-43.51590819753087
6060.000000085855,47,115,0.29012345679012347,-46.4829019382716
6070.000000086074,48,114,0.2962962962962963,-47.47189985185185
6080.000000086292,44,118,0.2716049382716049,-43.51590819753087
6090.00000008651,47,115,0.29012345679012347,-46.4829019382716
6100.0000000867285,43,119,0.2654320987654321,-42.52691028395062
6110.000000086947,45,117,0.2777777777777778,-44.504906111111104
6120.000000087165,41,121,0.25308641975308643,-40.54891445679012
6130.000000087383,47,115,0.29012345679012347,-46.4829019382716
6140.000000087602,48,114,0.2962962962962963,-47.47189985185185
6150.00000008782,44,118,0.2716049382716049,-43.51590819753087
6160.000000088038,46,116,0.2839506172839506,-45.49390402469136
6170.0000000882565,44,118,0.2716049382716049,-43.51590819753087
6180.000000088475,44,118,0.2716049382716049,-43.51590819753087
6190.000000088693,49,113,0.30246913580246915,-48.4608977654321
6200.000000088911,44,118,0.2716049382716049,-43.51590819753087
6210.00000008913,43,119,0.2654320987654321,-42.52691028395062
6220.000000089348,43,119,0.2654320987654321,-42.52691028395062
6230.000000089566,44,118,0.2716049382716049,-43.51590819753087
6240.000000089784,43,119,0.2654320987654321,-42.52691028395062
6250.000000090003,45,117,0.2777777777777778,-44.504906111111104
6260.000000090221,50,112,0.30864197530864196,-49.44989567901234
6270.000000090439,46,116,0.2839506172839506,-45.49390402469136
6280.0000000906575,44,118,0.2716049382716049,-43.51590819753087
6290.000000090876,50,112,0.30864197530864196,-49.44989567901234
6300.000000091094,47,115,0.29012345679012347,-46.4829019382716
6310.000000091312,44,118,0.2716049382716049,-43.51590819753087
6320.000000091531,46,116,0.2839506172839506,-45.49390402469136
6330.000000091749,48,114,0.2962962962962963,-47.47189985185185
6340.000000091967,50,112,0.30864197530864196,-49.44989567901234
6350.0000000921855,47,115,0.29012345679012347,-46.4829019382716
6360.000000092404,44,118,0.2716049382716049,-43.51590819753087
6370.000000092622,50,112,0.30864197530864196,-49.44989567901234
6380.00000009284,43,119,0.2654320987654321,-42.52691028395062
6390.000000093059,45,117,0.2777777777777778,-44.504906111111104
6400.000000093277,44,118,0.2716049382716049,-43.51590819753087
6410.000000093495,46,116,0.2839506172839506,-45.49390402469136
6420.000000093713,44,118,0.2716049382716049,-43.51590819753087
6430.000000093932,46,116,0.2839506172839506,-45.49390402469136
6440.00000009415,46,116,0.2839506172839506,-45.49390402469136
6450.000000094368,44,118,0.2716049382716049,-43.51590819753087
6460.0000000945865,39,123,0.24074074074074073,-38.57091862962963
6470.000000094805,41,121,0.25308641975308643,-40.54891445679012
6480.000000095023,43,119,0.2654320987654321,-42.52691028395062
6490.000000095241,44,118,0.2716049382716049,-43.51590819753087
6500.00000009546,47,115,0.29012345679012347,-46.4829019382716
6510.000000095678,45,117,0.2777777777777778,-44.504906111111104
6520.000000095896,46,116,0.2839506172839506,-45.49390402469136
6530.0000000961145,40,122,0.24691358024691357,-39.55991654320987
6540.000000096333,39,123,0.24074074074074073,-38.57091862962963
6550.000000096551,41,121,0.25308641975308643,-40.54891445679012
6560.000000096769,41,121,0.25308641975308643,-40.54891445679012
6570.000000096988,43,119,0.2654320987654321,-42.52691028395062
6580.000000097206,42,120,0.25925925925925924,-41.537912370370364
6590.000000097424,41,121,0.25308641975308643,-40.54891445679012
6600.000000097642,44,118,0.2716049382716049,-43.51590819753087
6610.000000097861,42,120,0.25925925925925924,-41.537912370370364
6620.000000098079,44,118,0.2716049382716049,-43.51590819753087
6630.000000098297,37,125,0.22839506172839505,-36.59292280246914
6640.000000098516,40,122,0.24691358024691357,-39.55991654320987
6650.000000098734,42,120,0.25925925925925924,-41.537912370370364
6660.000000098952,41,121,0.25308641975308643,-40.54891445679012
6670.00000009917,45,117,0.2777777777777778,-44.504906111111104
6680.000000099389,41,121,0.25308641975308643,-40.54891445679012
6690.000000099607,39,123,0.24074074074074073,-38.57091862962963
6700.000000099825,41,121,0.25308641975308643,-40.54891445679012
6710.0000001000435,44,118,0.2716049382716049,-43.51590819753087
6720.000000100262,42,120,0.25925925925925924,-41.537912370370364
6730.00000010048,41,121,0.25308641975308643,-40.54891445679012
6740.000000100698,44,118,0.2716049382716049,-43.51590819753087
6750.000000100917,50,112,0.30864197530864196,-49.44989567901234
6760.000000101135,41,121,0.25308641975308643,-40.54891445679012
6770.000000101353,47,115,0.29012345679012347,-46.4829019382716
6780.0000001015715,46,116,0.2839506172839506,-45.49390402469136
6790.00000010179,44,118,0.2716049382716049,-43.51590819753087
6800.000000102008,46,116,0.2839506172839506,-45.49390402469136
6810.000000102226,46,116,0.2839506172839506,-45.49390402469136
6820.000000102445,43,119,0.2654320987654321,-42.52691028395062
6830.000000102663,48,114,0.2962962962962963,-47.47189985185185
6840.000000102881,43,119,0.2654320987654321,-42.52691028395062
6850.000000103099,47,115,0.29012345679012347,-46.4829019382716
6860.000000103318,45,117,0.2777777777777778,-44.504906111111104
6870.000000103536,44,118,0.2716049382716049,-43.51590819753087
6880.000000103754,38,124,0.2345679012345679,-37.581920716049375
6890.0000001039725,46,116,0.2839506172839506,-45.49390402469136
6900.000000104191,47,115,0.29012345679012347,-46.4829019382716
6910.000000104409,48,114,0.2962962962962963,-47.47189985185185
6920.000000104627,46,116,0.2839506172839506,-45.49390402469136
6930.000000104846,43,119,0.2654320987654321,-42.52691028395062
6940.000000105064,50,112,0.30864197530864196,-49.44989567901234
6950.000000105282,49,113,0.30246913580246915,-48.4608977654321
6960.0000001055005,49,113,0.30246913580246915,-48.4608977654321
6970.000000105719,48,114,0.2962962962962963,-47.47189985185185
6980.000000105937,45,117,0.2777777777777778,-44.504906111111104
6990.000000106155,51,111,0.3148148148148148,-50.43889359259259
7000.000000106374,46,116,0.2839506172839506,-45.49390402469136
7010.000000106592,45,117,0.2777777777777778,-44.504906111111104
7020.00000010681,45,117,0.2777777777777778,-44.504906111111104
7030.000000107028,47,115,0.29012345679012347,-46.4829019382716
7040.000000107247,46,116,0.2839506172839506,-45.49390402469136
7050.000000107465,48,114,0.2962962962962963,-47.47189985185185
7060.000000107683,50,112,0.30864197530864196,-49.44989567901234
7070.0000001079015,46,116,0.2839506172839506,-45.49390402469136
7080.00000010812,47,115,0.29012345679012347,-46.4829019382716
7090.000000108338,47,115,0.29012345679012347,-46.4829019382716
7100.000000108556,45,117,0.2777777777777778,-44.504906111111104
7110.000000108775,45,117,0.2777777777777778,-44.504906111111104
7120.000000108993,39,123,0.24074074074074073,-38.57091862962963
7130.000000109211,44,118,0.2716049382716049,-43.51590819753087
7140.0000001094295,43,119,0.2654320987654321,-42.52691028395062
7150.000000109648,43,119,0.2654320987654321,-42.52691028395062
7160.000000109866,46,116,0.2839506172839506,-45.49390402469136
7170.000000110084,49,113,0.30246913580246915,-48.4608977654321
7180.000000110303,45,117,0.2777777777777778,-44.504906111111104
7190.000000110521,50,112,0.30864197530864196,-49.44989567901234
7200.000000110739,45,117,0.2777777777777778,-44.504906111111104
7210.000000110957,47,115,0.29012345679012347,-46.4829019382716
7220.000000111176,41,121,0.25308641975308643,-40.54891445679012
7230.000000111394,45,117,0.2777777777777778,-44.504906111111104
7240.000000111612,43,119,0.2654320987654321,-42.52691028395062
7250.000000111831,43,119,0.2654320987654321,-42.52691028395062
7260.000000112049,43,119,0.2654320987654321,-42.52691028395062
7270.000000112267,48,114,0.2962962962962963,-47.47189985185185
7280.000000112485,47,115,0.29012345679012347,-46.4829019382716
7290.000000112704,42,120,0.25925925925925924,-41.537912370370364
7300.000000112922,48,114,0.2962962962962963,-47.47189985185185
7310.00000011314,45,117,0.2777777777777778,-44.504906111111104
7320.0000001133585,48,114,0.2962962962962963,-47.47189985185185
7330.000000113577,47,115,0.29012345679012347,-46.4829019382716
7340.000000113795,47,115,0.29012345679012347,-46.4829019382716
7350.000000114013,46,116,0.2839506172839506,-45.49390402469136
7360.000000114232,49,113,0.30246913580246915,-48.4608977654321
7370.00000011445,47,115,0.29012345679012347,-46.4829019382716
7380.000000114668,49,113,0.30246913580246915,-48.4608977654321
7390.0000001148865,48,114,0.2962962962962963,-47.47189985185185
7400.000000115105,49,113,0.30246913580246915,-48.4608977654321
7410.000000115323,48,114,0.2962962962962963,-47.47189985185185
7420.000000115541,47,115,0.29012345679012347,-46.4829019382716
7430.00000011576,48,114,0.2962962962962963,-47.47189985185185
7440.000000115978,50,112,0.30864197530864196,-49.44989567901234
7450.000000116196,48,114,0.2962962962962963,-47.47189985185185
7460.000000116414,47,115,0.29012345679012347,-46.4829019382716
7470.000000116633,48,114,0.2962962962962963,-47.47189985185185
7480.000000116851,48,114,0.2962962962962963,-47.47189985185185
7490.000000117069,49,113,0.30246913580246915,-48.4608977654321
7500.0000001172875,48,114,0.2962962962962963,-47.47189985185185
7510.000000117506,44,118,0.2716049382716049,-43.51590819753087
7520.000000117724,46,116,0.2839506172839506,-45.49390402469136
7530.000000117942,48,114,0.2962962962962963,-47.47189985185185
7540.000000118161,46,116,0.2839506172839506,-45.49390402469136
7550.000000118379,50,112,0.30864197530864196,-49.44989567901234
7560.000000118597,43,119,0.2654320987654321,-42.52691028395062
7570.0000001188155,45,117,0.2777777777777778,-44.504906111111104
7580.000000119034,46,116,0.2839506172839506,-45.49390402469136
7590.000000119252,43,119,0.2654320987654321,-42.52691028395062
7600.00000011947,47,115,0.29012345679012347,-46.4829019382716
7610.000000119689,41,121,0.25308641975308643,-40.54891445679012
7620.000000119907,47,115,0.29012345679012347,-46.4829019382716
7630.000000120125,48,114,0.2962962962962963,-47.47189985185185
7640.000000120343,46,116,0.2839506172839506,-45.49390402469136
7650.000000120562,46,116,0.2839506172839506,-45.49390402469136
7660.00000012078,45,117,0.2777777777777778,-44.504906111111104
7670.000000120998,47,115,0.29012345679012347,-46.4829019382716
7680.0000001212165,42,120,0.25925925925925924,-41.537912370370364
7690.000000121435,42,120,0.25925925925925924,-41.537912370370364
7700.000000121653,44,118,0.2716049382716049,-43.51590819753087
7710.000000121871,46,116,0.2839506172839506,-45.49390402469136
7720.00000012209,46,116,0.2839506172839506,-45.49390402469136
7730.000000122308,47,115,0.29012345679012347,-46.4829019382716
7740.000000122526,46,116,0.2839506172839506,-45.49390402469136
7750.0000001227445,46,116,0.2839506172839506,-45.49390402469136
7760.000000122963,47,115,0.29012345679012347,-46.4829019382716
7770.000000123181,45,117,0.2777777777777778,-44.504906111111104
7780.000000123399,42,120,0.25925925925925924,-41.537912370370364
7790.000000123618,43,119,0.2654320987654321,-42.52691028395062
7800.000000123836,45,117,0.2777777777777778,-44.504906111111104
7810.000000124054,46,116,0.2839506172839506,-45.49390402469136
7820.000000124272,44,118,0.2716049382716049,-43.51590819753087
7830.000000124491,49,113,0.30246913580246915,-48.4608977654321
7840.000000124709,45,117,0.2777777777777778,-44.504906111111104
7850.000000124927,49,113,0.30246913580246915,-48.4608977654321
7860.000000125146,47,115,0.29012345679012347,-46.4829019382716
7870.000000125364,43,119,0.2654320987654321,-42.52691028395062
7880.000000125582,43,119,0.2654320987654321,-42.52691028395062
7890.0000001258,42,120,0.25925925925925924,-41.537912370370364
7900.000000126019,39,123,0.24074074074074073,-38.57091862962963
7910.000000126237,40,122,0.24691358024691357,-39.55991654320987
7920.000000126455,38,124,0.2345679012345679,-37.581920716049375
7930.0000001266735,39,123,0.24074074074074073,-38.57091862962963
7940.000000126892,39,123,0.24074074074074073,-38.57091862962963
7950.00000012711,44,118,0.2716049382716049,-43.51590819753087
7960.000000127328,46,116,0.2839506172839506,-45.49390402469136
7970.000000127547,43,119,0.2654320987654321,-42.52691028395062
7980.000000127765,42,120,0.25925925925925924,-41.537912370370364
7990.000000127983,39,123,0.24074074074074073,-38.57091862962963
8000.0000001282015,38,124,0.2345679012345679,-37.581920716049375
8010.00000012842,44,118,0.2716049382716049,-43.51590819753087
8020.000000128638,43,119,0.2654320987654321,-42.52691028395062
8030.000000128856,39,123,0.24074074074074073,-38.57091862962963
8040.000000129075,40,122,0.24691358024691357,-39.55991654320987
8050.000000129293,46,116,0.2839506172839506,-45.49390402469136
8060.000000129511,45,117,0.2777777777777778,-44.504906111111104
8070.000000129729,46,116,0.2839506172839506,-45.49390402469136
8080.000000129948,44,118,0.2716049382716049,-43.51590819753087
8090.000000130166,40,122,0.24691358024691357,-39.55991654320987
8100.000000130384,44,118,0.2716049382716049,-43.51590819753087
8110.0000001306025,47,115,0.29012345679012347,-46.4829019382716
8120.000000130821,41,121,0.25308641975308643,-40.54891445679012
8130.000000131039,48,114,0.2962962962962963,-47.47189985185185
8140.000000131257,46,116,0.2839506172839506,-45.49390402469136
8150.000000131476,43,119,0.2654320987654321,-42.52691028395062
8160.000000131694,47,115,0.29012345679012347,-46.4829019382716
8170.000000131912,44,118,0.2716049382716049,-43.51590819753087
8180.0000001321305,44,118,0.2716049382716049,-43.51590819753087
8190.000000132349,44,118,0.2716049382716049,-43.51590819753087
8200.000000132566,42,120,0.25925925925925924,-41.537912370370364
8210.000000132784,42,120,0.25925925925925924,-41.537912370370364
8220.000000133003,44,118,0.2716049382716049,-43.51590819753087
8230.000000133221,42,120,0.25925925925925924,-41.537912370370364
8240.00000013344,43,119,0.2654320987654321,-42.52691028395062
8250.000000133658,45,117,0.2777777777777778,-44.504906111111104
8260.000000133876,44,118,0.2716049382716049,-43.51590819753087
8270.000000134094,48,114,0.2962962962962963,-47.47189985185185
8280.000000134312,42,120,0.25925925925925924,-41.537912370370364
8290.00000013453,42,120,0.25925925925925924,-41.537912370370364
8300.000000134749,50,112,0.30864197530864196,-49.44989567901234
8310.000000134967,46,116,0.2839506172839506,-45.49390402469136
8320.000000135185,50,112,0.30864197530864196,-49.44989567901234
8330.000000135404,49,113,0.30246913580246915,-48.4608977654321
8340.000000135622,46,116,0.2839506172839506,-45.49390402469136
8350.00000013584,45,117,0.2777777777777778,-44.504906111111104
8360.000000136059,43,119,0.2654320987654321,-42.52691028395062
8370.000000136277,41,121,0.25308641975308643,-40.54891445679012
8380.000000136495,44,118,0.2716049382716049,-43.51590819753087
8390.000000136713,42,120,0.25925925925925924,-41.537912370370364
8400.000000136932,43,119,0.2654320987654321,-42.52691028395062
8410.00000013715,43,119,0.2654320987654321,-42.52691028395062
8420.000000137368,43,119,0.2654320987654321,-42.52691028395062
8430.000000137587,42,120,0.25925925925925924,-41.537912370370364
8440.000000137805,40,122,0.24691358024691357,-39.55991654320987
8450.000000138023,42,120,0.25925925925925924,-41.537912370370364
8460.000000138241,39,123,0.24074074074074073,-38.57091862962963
8470.00000013846,43,119,0.2654320987654321,-42.52691028395062
8480.000000138678,43,119,0.2654320987654321,-42.52691028395062
8490.000000138896,49,113,0.30246913580246915,-48.4608977654321
8500.000000139114,48,114,0.2962962962962963,-47.47189985185185
8510.000000139333,47,115,0.29012345679012347,-46.4829019382716
8520.000000139551,49,113,0.30246913580246915,-48.4608977654321
8530.00000013977,47,115,0.29012345679012347,-46.4829019382716
8540.000000139988,45,117,0.2777777777777778,-44.504906111111104
8550.000000140206,51,111,0.3148148148148148,-50.43889359259259
8560.000000140424,50,112,0.30864197530864196,-49.44989567901234
8570.000000140642,48,114,0.2962962962962963,-47.47189985185185
8580.00000014086,46,116,0.2839506172839506,-45.49390402469136
8590.000000141079,46,116,0.2839506172839506,-45.49390402469136
8600.000000141297,46,116,0.2839506172839506,-45.49390402469136
8610.000000141516,42,120,0.25925925925925924,-41.537912370370364
8620.000000141734,46,116,0.2839506172839506,-45.49390402469136
8630.000000141952,48,114,0.2962962962962963,-47.47189985185185
8640.00000014217,47,115,0.29012345679012347,-46.4829019382716
8650.000000142389,44,118,0.2716049382716049,-43.51590819753087
8660.000000142607,42,120,0.25925925925925924,-41.537912370370364
8670.000000142825,45,117,0.2777777777777778,-44.504906111111104
8680.000000143044,46,116,0.2839506172839506,-45.49390402469136
8690.000000143262,46,116,0.2839506172839506,-45.49390402469136
8700.00000014348,45,117,0.2777777777777778,-44.504906111111104
8710.000000143698,47,115,0.29012345679012347,-46.4829019382716
8720.000000143917,46,116,0.2839506172839506,-45.49390402469136
8730.000000144135,43,119,0.2654320987654321,-42.52691028395062
8740.000000144353,45,117,0.2777777777777778,-44.504906111111104
8750.000000144571,46,116,0.2839506172839506,-45.49390402469136
8760.00000014479,39,123,0.24074074074074073,-38.57091862962963
8770.000000145008,42,120,0.25925925925925924,-41.537912370370364
8780.000000145226,43,119,0.2654320987654321,-42.52691028395062
8790.000000145445,43,119,0.2654320987654321,-42.52691028395062
8800.000000145663,42,120,0.25925925925925924,-41.537912370370364
8810.000000145881,43,119,0.2654320987654321,-42.52691028395062
8820.0000001461,46,116,0.2839506172839506,-45.49390402469136
8830.000000146318,46,116,0.2839506172839506,-45.49390402469136
8840.000000146536,50,112,0.30864197530864196,-49.44989567901234
8850.000000146754,46,116,0.2839506172839506,-45.49390402469136
8860.000000146973,47,115,0.29012345679012347,-46.4829019382716
8870.00000014719,44,118,0.2716049382716049,-43.51590819753087
8880.000000147409,48,114,0.2962962962962963,-47.47189985185185
8890.000000147627,48,114,0.2962962962962963,-47.47189985185185
8900.000000147846,48,114,0.2962962962962963,-47.47189985185185
8910.000000148064,48,114,0.2962962962962963,-47.47189985185185
8920.000000148282,48,114,0.2962962962962963,-47.47189985185185
8930.0000001485,47,115,0.29012345679012347,-46.4829019382716
8940.000000148719,49,113,0.30246913580246915,-48.4608977654321
8950.000000148937,48,114,0.2962962962962963,-47.47189985185185
8960.000000149155,49,113,0.30246913580246915,-48.4608977654321
8970.000000149374,46,116,0.2839506172839506,-45.49390402469136
8980.000000149592,46,116,0.2839506172839506,-45.49390402469136
8990.00000014981,44,118,0.2716049382716049,-43.51590819753087
9000.000000150028,49,113,0.30246913580246915,-48.4608977654321
9010.000000150247,48,114,0.2962962962962963,-47.47189985185185
9020.000000150465,48,114,0.2962962962962963,-47.47189985185185
9030.000000150683,53,109,0.3271604938271605,-52.41688941975308
9040.000000150902,51,111,0.3148148148148148,-50.43889359259259
9050.00000015112,44,118,0.2716049382716049,-43.51590819753087
9060.000000151338,44,118,0.2716049382716049,-43.51590819753087
9070.000000151556,46,116,0.2839506172839506,-45.49390402469136
9080.000000151775,44,118,0.2716049382716049,-43.51590819753087
9090.000000151993,48,114,0.2962962962962963,-47.47189985185185
9100.000000152211,46,116,0.2839506172839506,-45.49390402469136
9110.00000015243,43,119,0.2654320987654321,-42.52691028395062
9120.000000152648,41,121,0.25308641975308643,-40.54891445679012
9130.000000152866,45,117,0.2777777777777778,-44.504906111111104
9140.000000153084,47,115,0.29012345679012347,-46.4829019382716
9150.000000153303,45,117,0.2777777777777778,-44.504906111111104
9160.00000015352,43,119,0.2654320987654321,-42.52691028395062
9170.00000015374,43,119,0.2654320987654321,-42.52691028395062
9180.000000153957,48,114,0.2962962962962963,-47.47189985185185
9190.000000154176,51,111,0.3148148148148148,-50.43889359259259
9200.000000154394,46,116,0.2839506172839506,-45.49390402469136
9210.000000154612,45,117,0.2777777777777778,-44.504906111111104
9220.00000015483,41,121,0.25308641975308643,-40.54891445679012
9230.000000155049,43,119,0.2654320987654321,-42.52691028395062
9240.000000155267,41,121,0.25308641975308643,-40.54891445679012
9250.000000155485,43,119,0.2654320987654321,-42.52691028395062
9260.000000155704,44,118,0.2716049382716049,-43.51590819753087
9270.000000155922,49,113,0.30246913580246915,-48.4608977654321
9280.00000015614,44,118,0.2716049382716049,-43.51590819753087
9290.000000156359,41,121,0.25308641975308643,-40.54891445679012
9300.000000156577,46,116,0.2839506172839506,-45.49390402469136
9310.000000156795,41,121,0.25308641975308643,-40.54891445679012
9320.000000157013,43,119,0.2654320987654321,-42.52691028395062
9330.000000157232,46,116,0.2839506172839506,-45.49390402469136
9340.00000015745,43,119,0.2654320987654321,-42.52691028395062
9350.000000157668,40,122,0.24691358024691357,-39.55991654320987
9360.000000157886,42,120,0.25925925925925924,-41.537912370370364
9370.000000158105,47,115,0.29012345679012347,-46.4829019382716
9380.000000158323,45,117,0.2777777777777778,-44.504906111111104
9390.000000158541,45,117,0.2777777777777778,-44.504906111111104
9400.00000015876,44,118,0.2716049382716049,-43.51590819753087
9410.000000158978,49,113,0.30246913580246915,-48.4608977654321
9420.000000159196,44,118,0.2716049382716049,-43.51590819753087
9430.000000159414,50,112,0.30864197530864196,-49.44989567901234
9440.000000159633,48,114,0.2962962962962963,-47.47189985185185
9450.000000159851,47,115,0.29012345679012347,-46.4829019382716
9460.00000016007,49,113,0.30246913580246915,-48.4608977654321
9470.000000160288,50,112,0.30864197530864196,-49.44989567901234
9480.000000160506,53,109,0.3271604938271605,-52.41688941975308
9490.000000160724,51,111,0.3148148148148148,-50.43889359259259
9500.000000160942,49,113,0.30246913580246915,-48.4608977654321
9510.00000016116,55,107,0.3395061728395062,-54.39488524691358
9520.000000161379,52,110,0.32098765432098764,-51.42789150617284
9530.000000161597,49,113,0.30246913580246915,-48.4608977654321
9540.000000161815,43,119,0.2654320987654321,-42.52691028395062
9550.000000162034,50,112,0.30864197530864196,-49.44989567901234
9560.000000162252,47,115,0.29012345679012347,-46.4829019382716
9570.00000016247,49,113,0.30246913580246915,-48.4608977654321
9580.000000162689,51,111,0.3148148148148148,-50.43889359259259
9590.000000162907,54,108,0.3333333333333333,-53.405887333333325
9600.000000163125,50,112,0.30864197530864196,-49.44989567901234
9610.000000163343,53,109,0.3271604938271605,-52.41688941975308
9620.000000163562,47,115,0.29012345679012347,-46.4829019382716
9630.00000016378,49,113,0.30246913580246915,-48.4608977654321
9640.000000163998,52,110,0.32098765432098764,-51.42789150617284
9650.000000164217,52,110,0.32098765432098764,-51.42789150617284
9660.000000164435,48,114,0.2962962962962963,-47.47189985185185
9670.000000164653,48,114,0.2962962962962963,-47.47189985185185
9680.000000164871,44,118,0.2716049382716049,-43.51590819753087
9690.00000016509,51,111,0.3148148148148148,-50.43889359259259
9700.000000165308,49,113,0.30246913580246915,-48.4608977654321
9710.000000165526,52,110,0.32098765432098764,-51.42789150617284
9720.000000165744,53,109,0.3271604938271605,-52.41688941975308
9730.000000165963,51,111,0.3148148148148148,-50.43889359259259
9740.000000166181,53,109,0.3271604938271605,-52.41688941975308
9750.0000001664,53,109,0.3271604938271605,-52.41688941975308
9760.000000166618,57,105,0.35185185185185186,-56.372881074074066
9770.000000166836,54,108,0.3333333333333333,-53.405887333333325
9780.000000167054,55,107,0.3395061728395062,-54.39488524691358
9790.000000167272,54,108,0.3333333333333333,-53.405887333333325
9800.00000016749,54,108,0.3333333333333333,-53.405887333333325
9810.000000167709,51,111,0.3148148148148148,-50.43889359259259
9820.000000167927,53,109,0.3271604938271605,-52.41688941975308
9830.000000168146,52,110,0.32098765432098764,-51.42789150617284
9840.000000168364,57,105,0.35185185185185186,-56.372881074074066
9850.000000168582,59,103,0.36419753086419754,-58.350876901234564
9860.0000001688,52,110,0.32098765432098764,-51.42789150617284
9870.000000169019,59,103,0.36419753086419754,-58.350876901234564
9880.000000169237,53,109,0.3271604938271605,-52.41688941975308
9890.000000169455,54,108,0.3333333333333333,-53.405887333333325
9900.000000169674,55,107,0.3395061728395062,-54.39488524691358
9910.000000169892,52,110,0.32098765432098764,-51.42789150617284
9920.00000017011,49,113,0.30246913580246915,-48.4608977654321
9930.000000170328,54,108,0.3333333333333333,-53.405887333333325
9940.000000170547,55,107,0.3395061728395062,-54.39488524691358
9950.000000170765,49,113,0.30246913580246915,-48.4608977654321
9960.000000170983,48,114,0.2962962962962963,-47.47189985185185
9970.000000171201,49,113,0.30246913580246915,-48.4608977654321
9980.00000017142,53,109,0.3271604938271605,-52.41688941975308
9990.000000171638,49,113,0.30246913580246915,-48.4608977654321
10000.000000171856,48,114,0.2962962962962963,-47.47189985185185
10010.000000172075,45,117,0.2777777777777778,-44.504906111111104
10020.000000172293,49,113,0.30246913580246915,-48.4608977654321
10030.000000172511,46,116,0.2839506172839506,-45.49390402469136
10040.00000017273,46,116,0.2839506172839506,-45.49390402469136
10050.000000172948,44,118,0.2716049382716049,-43.51590819753087
10060.000000173166,46,116,0.2839506172839506,-45.49390402469136
10070.000000173384,42,120,0.25925925925925924,-41.537912370370364
10080.000000173603,47,115,0.29012345679012347,-46.4829019382716
10090.00000017382,51,111,0.3148148148148148,-50.43889359259259
10100.000000174039,49,113,0.30246913580246915,-48.4608977654321
10110.000000174257,48,114,0.2962962962962963,-47.47189985185185
10120.000000174476,46,116,0.2839506172839506,-45.49390402469136
10130.000000174694,44,118,0.2716049382716049,-43.51590819753087
10140.000000174912,48,114,0.2962962962962963,-47.47189985185185
10150.00000017513,48,114,0.2962962962962963,-47.47189985185185
10160.000000175349,46,116,0.2839506172839506,-45.49390402469136
10170.000000175567,48,114,0.2962962962962963,-47.47189985185185
10180.000000175785,46,116,0.2839506172839506,-45.49390402469136
10190.000000176004,43,119,0.2654320987654321,-42.52691028395062
10200.000000176222,49,113,0.30246913580246915,-48.4608977654321
10210.00000017644,46,116,0.2839506172839506,-45.49390402469136
10220.000000176658,43,119,0.2654320987654321,-42.52691028395062
10230.000000176877,43,119,0.2654320987654321,-42.52691028395062
10240.000000177095,46,116,0.2839506172839506,-45.49390402469136
10250.000000177313,44,118,0.2716049382716049,-43.51590819753087
10260.000000177532,43,119,0.2654320987654321,-42.52691028395062
10270.00000017775,43,119,0.2654320987654321,-42.52691028395062
10280.000000177968,46,116,0.2839506172839506,-45.49390402469136
10290.000000178186,45,117,0.2777777777777778,-44.504906111111104
10300.000000178405,45,117,0.2777777777777778,-44.504906111111104
10310.000000178623,48,114,0.2962962962962963,-47.47189985185185
10320.000000178841,47,115,0.29012345679012347,-46.4829019382716
10330.00000017906,49,113,0.30246913580246915,-48.4608977654321
10340.000000179278,50,112,0.30864197530864196,-49.44989567901234
10350.000000179496,47,115,0.29012345679012347,-46.4829019382716
10360.000000179714,48,114,0.2962962962962963,-47.47189985185185
10370.000000179933,44,118,0.2716049382716049,-43.51590819753087
10380.00000018015,47,115,0.29012345679012347,-46.4829019382716
10390.00000018037,47,115,0.29012345679012347,-46.4829019382716
10400.000000180587,47,115,0.29012345679012347,-46.4829019382716
10410.000000180806,48,114,0.2962962962962963,-47.47189985185185
10420.000000181024,51,111,0.3148148148148148,-50.43889359259259
10430.000000181242,51,111,0.3148148148148148,-50.43889359259259
10440.00000018146,50,112,0.30864197530864196,-49.44989567901234
10450.000000181679,52,110,0.32098765432098764,-51.42789150617284
10460.000000181897,50,112,0.30864197530864196,-49.44989567901234
10470.000000182115,51,111,0.3148148148148148,-50.43889359259259
10480.000000182334,48,114,0.2962962962962963,-47.47189985185185
10490.000000182552,49,113,0.30246913580246915,-48.4608977654321
10500.00000018277,50,112,0.30864197530864196,-49.44989567901234
10510.000000182989,52,110,0.32098765432098764,-51.42789150617284
10520.000000183207,48,114,0.2962962962962963,-47.47189985185185
10530.000000183425,54,108,0.3333333333333333,-53.405887333333325
10540.000000183643,50,112,0.30864197530864196,-49.44989567901234
10550.000000183862,49,113,0.30246913580246915,-48.4608977654321
10560.00000018408,52,110,0.32098765432098764,-51.42789150617284
10570.000000184298,51,111,0.3148148148148148,-50.43889359259259
10580.000000184516,50,112,0.30864197530864196,-49.44989567901234
10590.000000184735,51,111,0.3148148148148148,-50.43889359259259
10600.000000184953,54,108,0.3333333333333333,-53.405887333333325
10610.000000185171,56,106,0.345679012345679,-55.38388316049383
10620.00000018539,54,108,0.3333333333333333,-53.405887333333325
10630.000000185608,49,113,0.30246913580246915,-48.4608977654321
10640.000000185826,48,114,0.2962962962962963,-47.47189985185185
10650.000000186044,47,115,0.29012345679012347,-46.4829019382716
10660.000000186263,48,114,0.2962962962962963,-47.47189985185185
10670.000000186481,49,113,0.30246913580246915,-48.4608977654321
10680.0000001867,49,113,0.30246913580246915,-48.4608977654321
10690.000000186918,44,118,0.2716049382716049,-43.51590819753087
10700.000000187136,48,114,0.2962962962962963,-47.47189985185185
10710.000000187354,46,116,0.2839506172839506,-45.49390402469136
10720.000000187572,49,113,0.30246913580246915,-48.4608977654321
10730.00000018779,47,115,0.29012345679012347,-46.4829019382716
10740.000000188009,47,115,0.29012345679012347,-46.4829019382716
10750.000000188227,49,113,0.30246913580246915,-48.4608977654321
10760.000000188445,43,119,0.2654320987654321,-42.52691028395062
10770.000000188664,50,112,0.30864197530864196,-49.44989567901234
10780.000000188882,47,115,0.29012345679012347,-46.4829019382716
10790.0000001891,48,114,0.2962962962962963,-47.47189985185185
10800.000000189319,45,117,0.2777777777777778,-44.504906111111104
10810.000000189537,48,114,0.2962962962962963,-47.47189985185185
10820.000000189755,47,115,0.29012345679012347,-46.4829019382716
10830.000000189973,46,116,0.2839506172839506,-45.49390402469136
10840.000000190192,42,120,0.25925925925925924,-41.537912370370364
10850.00000019041,47,115,0.29012345679012347,-46.4829019382716
10860.000000190628,51,111,0.3148148148148148,-50.43889359259259
10870.000000190847,49,113,0.30246913580246915,-48.4608977654321
10880.000000191065,49,113,0.30246913580246915,-48.4608977654321
10890.000000191283,47,115,0.29012345679012347,-46.4829019382716
10900.000000191501,45,117,0.2777777777777778,-44.504906111111104
10910.00000019172,48,114,0.2962962962962963,-47.47189985185185
10920.000000191938,50,112,0.30864197530864196,-49.44989567901234
10930.000000192156,47,115,0.29012345679012347,-46.4829019382716
10940.000000192375,47,115,0.29012345679012347,-46.4829019382716
10950.000000192593,41,121,0.25308641975308643,-40.54891445679012
10960.000000192811,47,115,0.29012345679012347,-46.4829019382716
10970.00000019303,47,115,0.29012345679012347,-46.4829019382716
10980.000000193248,44,118,0.2716049382716049,-43.51590819753087
10990.000000193466,41,121,0.25308641975308643,-40.54891445679012
11000.000000193684,40,122,0.24691358024691357,-39.55991654320987
11010.000000193902,40,122,0.24691358024691357,-39.55991654320987
11020.00000019412,43,119,0.2654320987654321,-42.52691028395062
11030.000000194339,39,123,0.24074074074074073,-38.57091862962963
11040.000000194557,44,118,0.2716049382716049,-43.51590819753087
11050.000000194776,41,121,0.25308641975308643,-40.54891445679012
11060.000000194994,41,121,0.25308641975308643,-40.54891445679012
11070.000000195212,41,121,0.25308641975308643,-40.54891445679012
11080.00000019543,41,121,0.25308641975308643,-40.54891445679012
11090.000000195649,45,117,0.2777777777777778,-44.504906111111104
11100.000000195867,43,119,0.2654320987654321,-42.52691028395062
11110.000000196085,42,120,0.25925925925925924,-41.537912370370364
11120.000000196304,44,118,0.2716049382716049,-43.51590819753087
11130.000000196522,40,122,0.24691358024691357,-39.55991654320987
11140.00000019674,46,116,0.2839506172839506,-45.49390402469136
11150.000000196958,45,117,0.2777777777777778,-44.504906111111104
11160.000000197177,42,120,0.25925925925925924,-41.537912370370364
11170.000000197395,44,118,0.2716049382716049,-43.51590819753087
11180.000000197613,45,117,0.2777777777777778,-44.504906111111104
11190.000000197831,37,125,0.22839506172839505,-36.59292280246914
11200.00000019805,38,124,0.2345679012345679,-37.581920716049375
11210.000000198268,42,120,0.25925925925925924,-41.537912370370364
11220.000000198486,39,123,0.24074074074074073,-38.57091862962963
11230.000000198705,44,118,0.2716049382716049,-43.51590819753087
11240.000000198923,42,120,0.25925925925925924,-41.537912370370364
11250.000000199141,43,119,0.2654320987654321,-42.52691028395062
11260.00000019936,42,120,0.25925925925925924,-41.537912370370364
11270.000000199578,49,113,0.30246913580246915,-48.4608977654321
11280.000000199796,39,123,0.24074074074074073,-38.57091862962963
11290.000000200014,46,116,0.2839506172839506,-45.49390402469136
11300.000000200233,44,118,0.2716049382716049,-43.51590819753087
11310.00000020045,45,117,0.2777777777777778,-44.504906111111104
11320.00000020067,43,119,0.2654320987654321,-42.52691028395062
11330.000000200887,48,114,0.2962962962962963,-47.47189985185185
11340.000000201106,44,118,0.2716049382716049,-43.51590819753087
11350.000000201324,44,118,0.2716049382716049,-43.51590819753087
11360.000000201542,41,121,0.25308641975308643,-40.54891445679012
11370.00000020176,42,120,0.25925925925925924,-41.537912370370364
11380.000000201979,46,116,0.2839506172839506,-45.49390402469136
11390.000000202197,40,122,0.24691358024691357,-39.55991654320987
11400.000000202415,47,115,0.29012345679012347,-46.4829019382716
11410.000000202634,43,119,0.2654320987654321,-42.52691028395062
11420.000000202852,41,121,0.25308641975308643,-40.54891445679012
11430.00000020307,40,122,0.24691358024691357,-39.55991654320987
11440.000000203288,41,121,0.25308641975308643,-40.54891445679012
11450.000000203507,39,123,0.24074074074074073,-38.57091862962963
11460.000000203725,43,119,0.2654320987654321,-42.52691028395062
11470.000000203943,44,118,0.2716049382716049,-43.51590819753087
11480.000000204162,43,119,0.2654320987654321,-42.52691028395062
11490.00000020438,36,126,0.2222222222222222,-35.60392488888888
11500.000000204598,42,120,0.25925925925925924,-41.537912370370364
11510.000000204816,42,120,0.25925925925925924,-41.537912370370364
11520.000000205035,45,117,0.2777777777777778,-44.504906111111104
11530.000000205253,42,120,0.25925925925925924,-41.537912370370364
11540.000000205471,47,115,0.29012345679012347,-46.4829019382716
11550.00000020569,44,118,0.2716049382716049,-43.51590819753087
11560.000000205908,40,122,0.24691358024691357,-39.55991654320987
11570.000000206126,41,121,0.25308641975308643,-40.54891445679012
11580.000000206344,39,123,0.24074074074074073,-38.57091862962963
11590.000000206563,39,123,0.24074074074074073,-38.57091862962963
11600.00000020678,37,125,0.22839506172839505,-36.59292280246914
11610.000000207,39,123,0.24074074074074073,-38.57091862962963
11620.000000207217,44,118,0.2716049382716049,-43.51590819753087
11630.000000207436,38,124,0.2345679012345679,-37.581920716049375
11640.000000207654,47,115,0.29012345679012347,-46.4829019382716
11650.000000207872,42,120,0.25925925925925924,-41.537912370370364
11660.00000020809,42,120,0.25925925925925924,-41.537912370370364
11670.000000208309,47,115,0.29012345679012347,-46.4829019382716
11680.000000208527,42,120,0.25925925925925924,-41.537912370370364
11690.000000208745,43,119,0.2654320987654321,-42.52691028395062
11700.000000208964,42,120,0.25925925925925924,-41.537912370370364
11710.000000209182,42,120,0.25925925925925924,-41.537912370370364
11720.0000002094,50,112,0.30864197530864196,-49.44989567901234
11730.000000209619,43,119,0.2654320987654321,-42.52691028395062
11740.000000209837,49,113,0.30246913580246915,-48.4608977654321
11750.000000210055,48,114,0.2962962962962963,-47.47189985185185
11760.000000210273,48,114,0.2962962962962963,-47.47189985185185
11770.000000210492,46,116,0.2839506172839506,-45.49390402469136
11780.00000021071,46,116,0.2839506172839506,-45.49390402469136
11790.000000210928,46,116,0.2839506172839506,-45.49390402469136
11800.000000211146,43,119,0.2654320987654321,-42.52691028395062
11810.000000211365,45,117,0.2777777777777778,-44.504906111111104
11820.000000211583,45,117,0.2777777777777778,-44.504906111111104
11830.000000211801,41,121,0.25308641975308643,-40.54891445679012
11840.00000021202,42,120,0.25925925925925924,-41.537912370370364
11850.000000212238,43,119,0.2654320987654321,-42.52691028395062
11860.000000212456,45,117,0.2777777777777778,-44.504906111111104
11870.000000212674,49,113,0.30246913580246915,-48.4608977654321
11880.000000212893,46,116,0.2839506172839506,-45.49390402469136
11890.000000213111,42,120,0.25925925925925924,-41.537912370370364
11900.00000021333,48,114,0.2962962962962963,-47.47189985185185
11910.000000213548,47,115,0.29012345679012347,-46.4829019382716
11920.000000213766,42,120,0.25925925925925924,-41.537912370370364
11930.000000213984,47,115,0.29012345679012347,-46.4829019382716
11940.000000214202,43,119,0.2654320987654321,-42.52691028395062
11950.00000021442,52,110,0.32098765432098764,-51.42789150617284
11960.000000214639,49,113,0.30246913580246915,-48.4608977654321
11970.000000214857,45,117,0.2777777777777778,-44.504906111111104
11980.000000215075,45,117,0.2777777777777778,-44.504906111111104
11990.000000215294,46,116,0.2839506172839506,-45.49390402469136
12000.000000215512,44,118,0.2716049382716049,-43.51590819753087
12010.00000021573,45,117,0.2777777777777778,-44.504906111111104
12020.000000215949,42,120,0.25925925925925924,-41.537912370370364
12030.000000216167,43,119,0.2654320987654321,-42.52691028395062
12040.000000216385,44,118,0.2716049382716049,-43.51590819753087
12050.000000216603,45,117,0.2777777777777778,-44.504906111111104
12060.000000216822,48,114,0.2962962962962963,-47.47189985185185
12070.00000021704,47,115,0.29012345679012347,-46.4829019382716
12080.000000217258,47,115,0.29012345679012347,-46.4829019382716
12090.000000217477,46,116,0.2839506172839506,-45.49390402469136
12100.000000217695,46,116,0.2839506172839506,-45.49390402469136
12110.000000217913,45,117,0.2777777777777778,-44.504906111111104
12120.000000218131,46,116,0.2839506172839506,-45.49390402469136
12130.00000021835,48,114,0.2962962962962963,-47.47189985185185
12140.000000218568,49,113,0.30246913580246915,-48.4608977654321
12150.000000218786,48,114,0.2962962962962963,-47.47189985185185
12160.000000219005,48,114,0.2962962962962963,-47.47189985185185
12170.000000219223,50,112,0.30864197530864196,-49.44989567901234
12180.000000219441,49,113,0.30246913580246915,-48.4608977654321
12190.00000021966,49,113,0.30246913580246915,-48.4608977654321
12200.000000219878,49,113,0.30246913580246915,-48.4608977654321
12210.000000220096,48,114,0.2962962962962963,-47.47189985185185
12220.000000220314,51,111,0.3148148148148148,-50.43889359259259
12230.000000220532,48,114,0.2962962962962963,-47.47189985185185
12240.00000022075,48,114,0.2962962962962963,-47.47189985185185
12250.000000220969,54,108,0.3333333333333333,-53.405887333333325
12260.000000221187,50,112,0.30864197530864196,-49.44989567901234
12270.000000221406,47,115,0.29012345679012347,-46.4829019382716
12280.000000221624,47,115,0.29012345679012347,-46.4829019382716
12290.000000221842,46,116,0.2839506172839506,-45.49390402469136
12300.00000022206,47,115,0.29012345679012347,-46.4829019382716
12310.000000222279,44,118,0.2716049382716049,-43.51590819753087
12320.000000222497,48,114,0.2962962962962963,-47.47189985185185
12330.000000222715,45,117,0.2777777777777778,-44.504906111111104
12340.000000222934,49,113,0.30246913580246915,-48.4608977654321
12350.000000223152,43,119,0.2654320987654321,-42.52691028395062
12360.00000022337,44,118,0.2716049382716049,-43.51590819753087
12370.000000223588,43,119,0.2654320987654321,-42.52691028395062
12380.000000223807,42,120,0.25925925925925924,-41.537912370370364
12390.000000224025,42,120,0.25925925925925924,-41.537912370370364
12400.000000224243,45,117,0.2777777777777778,-44.504906111111104
12410.000000224461,40,122,0.24691358024691357,-39.55991654320987
12420.00000022468,45,117,0.2777777777777778,-44.504906111111104
12430.000000224898,37,125,0.22839506172839505,-36.59292280246914
12440.000000225116,47,115,0.29012345679012347,-46.4829019382716
12450.000000225335,43,119,0.2654320987654321,-42.52691028395062
12460.000000225553,46,116,0.2839506172839506,-45.49390402469136
12470.000000225771,47,115,0.29012345679012347,-46.4829019382716
12480.00000022599,51,111,0.3148148148148148,-50.43889359259259
12490.000000226208,47,115,0.29012345679012347,-46.4829019382716
12500.000000226426,47,115,0.29012345679012347,-46.4829019382716
12510.000000226644,39,123,0.24074074074074073,-38.57091862962963
12520.000000226863,45,117,0.2777777777777778,-44.504906111111104
12530.00000022708,44,118,0.2716049382716049,-43.51590819753087
12540.0000002273,45,117,0.2777777777777778,-44.504906111111104
12550.000000227517,40,122,0.24691358024691357,-39.55991654320987
12560.000000227736,46,116,0.2839506172839506,-45.49390402469136
12570.000000227954,43,119,0.2654320987654321,-42.52691028395062
12580.000000228172,47,115,0.29012345679012347,-46.4829019382716
12590.00000022839,45,117,0.2777777777777778,-44.504906111111104
12600.000000228609,47,115,0.29012345679012347,-46.4829019382716
12610.000000228827,47,115,0.29012345679012347,-46.4829019382716
12620.000000229045,45,117,0.2777777777777778,-44.504906111111104
12630.000000229264,42,120,0.25925925925925924,-41.537912370370364
12640.000000229482,41,121,0.25308641975308643,-40.54891445679012
12650.0000002297,50,112,0.30864197530864196,-49.44989567901234
12660.000000229918,43,119,0.2654320987654321,-42.52691028395062
12670.000000230137,48,114,0.2962962962962963,-47.47189985185185
12680.000000230355,47,115,0.29012345679012347,-46.4829019382716
12690.000000230573,49,113,0.30246913580246915,-48.4608977654321
12700.000000230792,42,120,0.25925925925925924,-41.537912370370364
12710.00000023101,47,115,0.29012345679012347,-46.4829019382716
12720.000000231228,44,118,0.2716049382716049,-43.51590819753087
12730.000000231446,46,116,0.2839506172839506,-45.49390402469136
12740.000000231665,43,119,0.2654320987654321,-42.52691028395062
12750.000000231883,44,118,0.2716049382716049,-43.51590819753087
12760.000000232101,44,118,0.2716049382716049,-43.51590819753087
12770.00000023232,49,113,0.30246913580246915,-48.4608977654321
12780.000000232538,45,117,0.2777777777777778,-44.504906111111104
12790.000000232756,43,119,0.2654320987654321,-42.52691028395062
12800.000000232974,40,122,0.24691358024691357,-39.55991654320987
12810.000000233193,45,117,0.2777777777777778,-44.504906111111104
12820.00000023341,44,118,0.2716049382716049,-43.51590819753087
12830.00000023363,40,122,0.24691358024691357,-39.55991654320987
12840.000000233847,44,118,0.2716049382716049,-43.51590819753087
12850.000000234066,46,116,0.2839506172839506,-45.49390402469136
12860.000000234284,45,117,0.2777777777777778,-44.504906111111104
12870.000000234502,44,118,0.2716049382716049,-43.51590819753087
12880.00000023472,45,117,0.2777777777777778,-44.504906111111104
12890.000000234939,43,119,0.2654320987654321,-42.52691028395062
12900.000000235157,46,116,0.2839506172839506,-45.49390402469136
12910.000000235375,44,118,0.2716049382716049,-43.51590819753087
12920.000000235594,45,117,0.2777777777777778,-44.504906111111104
12930.000000235812,40,122,0.24691358024691357,-39.55991654320987
12940.00000023603,42,120,0.25925925925925924,-41.537912370370364
12950.000000236249,46,116,0.2839506172839506,-45.49390402469136
12960.000000236467,42,120,0.25925925925925924,-41.537912370370364
12970.000000236685,41,121,0.25308641975308643,-40.54891445679012
12980.000000236903,43,119,0.2654320987654321,-42.52691028395062
12990.000000237122,46,116,0.2839506172839506,-45.49390402469136
13000.00000023734,46,116,0.2839506172839506,-45.49390402469136
13010.000000237558,44,118,0.2716049382716049,-43.51590819753087
13020.000000237776,44,118,0.2716049382716049,-43.51590819753087
13030.000000237995,47,115,0.29012345679012347,-46.4829019382716
13040.000000238213,46,116,0.2839506172839506,-45.49390402469136
13050.000000238431,45,117,0.2777777777777778,-44.504906111111104
13060.00000023865,51,111,0.3148148148148148,-50.43889359259259
13070.000000238868,50,112,0.30864197530864196,-49.44989567901234
13080.000000239086,48,114,0.2962962962962963,-47.47189985185185
13090.000000239304,47,115,0.29012345679012347,-46.4829019382716
13100.000000239523,44,118,0.2716049382716049,-43.51590819753087
13110.000000239741,45,117,0.2777777777777778,-44.504906111111104
13120.00000023996,44,118,0.2716049382716049,-43.51590819753087
13130.000000240178,46,116,0.2839506172839506,-45.49390402469136
13140.000000240396,46,116,0.2839506172839506,-45.49390402469136
13150.000000240614,46,116,0.2839506172839506,-45.49390402469136
13160.000000240832,49,113,0.30246913580246915,-48.4608977654321
13170.00000024105,46,116,0.2839506172839506,-45.49390402469136
13180.000000241269,51,111,0.3148148148148148,-50.43889359259259
13190.000000241487,47,115,0.29012345679012347,-46.4829019382716
13200.000000241705,48,114,0.2962962962962963,-47.47189985185185
13210.000000241924,51,111,0.3148148148148148,-50.43889359259259
13220.000000242142,49,113,0.30246913580246915,-48.4608977654321
13230.00000024236,48,114,0.2962962962962963,-47.47189985185185
13240.000000242579,49,113,0.30246913580246915,-48.4608977654321
13250.000000242797,49,113,0.30246913580246915,-48.4608977654321
13260.000000243015,47,115,0.29012345679012347,-46.4829019382716
13270.000000243233,51,111,0.3148148148148148,-50.43889359259259
13280.000000243452,52,110,0.32098765432098764,-51.42789150617284
13290.00000024367,51,111,0.3148148148148148,-50.43889359259259
13300.000000243888,49,113,0.30246913580246915,-48.4608977654321
13310.000000244107,51,111,0.3148148148148148,-50.43889359259259
13320.000000244325,56,106,0.345679012345679,-55.38388316049383
13330.000000244543,49,113,0.30246913580246915,-48.4608977654321
13340.000000244761,49,113,0.30246913580246915,-48.4608977654321
13350.00000024498,44,118,0.2716049382716049,-43.51590819753087
13360.000000245198,48,114,0.2962962962962963,-47.47189985185185
13370.000000245416,47,115,0.29012345679012347,-46.4829019382716
13380.000000245635,46,116,0.2839506172839506,-45.49390402469136
13390.000000245853,46,116,0.2839506172839506,-45.49390402469136
13400.000000246071,47,115,0.29012345679012347,-46.4829019382716
13410.00000024629,47,115,0.29012345679012347,-46.4829019382716
13420.000000246508,44,118,0.2716049382716049,-43.51590819753087
13430.000000246726,42,120,0.25925925925925924,-41.537912370370364
13440.000000246944,42,120,0.25925925925925924,-41.537912370370364
13450.000000247162,49,113,0.30246913580246915,-48.4608977654321
13460.00000024738,45,117,0.2777777777777778,-44.504906111111104
13470.000000247599,51,111,0.3148148148148148,-50.43889359259259
13480.000000247817,52,110,0.32098765432098764,-51.42789150617284
13490.000000248036,47,115,0.29012345679012347,-46.4829019382716
13500.000000248254,50,112,0.30864197530864196,-49.44989567901234
13510.000000248472,49,113,0.30246913580246915,-48.4608977654321
13520.00000024869,50,112,0.30864197530864196,-49.44989567901234
13530.000000248909,50,112,0.30864197530864196,-49.44989567901234
13540.000000249127,49,113,0.30246913580246915,-48.4608977654321
13550.000000249345,46,116,0.2839506172839506,-45.49390402469136
13560.000000249564,50,112,0.30864197530864196,-49.44989567901234
13570.000000249782,48,114,0.2962962962962963,-47.47189985185185
13580.00000025,48,114,0.2962962962962963,-47.47189985185185
13590.000000250218,48,114,0.2962962962962963,-47.47189985185185
13600.000000250437,51,111,0.3148148148148148,-50.43889359259259
13610.000000250655,47,115,0.29012345679012347,-46.4829019382716
13620.000000250873,46,116,0.2839506172839506,-45.49390402469136
13630.000000251091,51,111,0.3148148148148148,-50.43889359259259
13640.00000025131,46,116,0.2839506172839506,-45.49390402469136
13650.000000251528,49,113,0.30246913580246915,-48.4608977654321
13660.000000251746,50,112,0.30864197530864196,-49.44989567901234
13670.000000251965,52,110,0.32098765432098764,-51.42789150617284
13680.000000252183,49,113,0.30246913580246915,-48.4608977654321
13690.000000252401,51,111,0.3148148148148148,-50.43889359259259
13700.00000025262,49,113,0.30246913580246915,-48.4608977654321
13710.000000252838,53,109,0.3271604938271605,-52.41688941975308
13720.000000253056,49,113,0.30246913580246915,-48.4608977654321
13730.000000253274,47,115,0.29012345679012347,-46.4829019382716
13740.000000253493,46,116,0.2839506172839506,-45.49390402469136
13750.00000025371,45,117,0.2777777777777778,-44.504906111111104
13760.00000025393,45,117,0.2777777777777778,-44.504906111111104
13770.000000254147,41,121,0.25308641975308643,-40.54891445679012
13780.000000254366,48,114,0.2962962962962963,-47.47189985185185
13790.000000254584,43,119,0.2654320987654321,-42.52691028395062
13800.000000254802,44,118,0.2716049382716049,-43.51590819753087
13810.00000025502,45,117,0.2777777777777778,-44.504906111111104
13820.000000255239,44,118,0.2716049382716049,-43.51590819753087
13830.000000255457,47,115,0.29012345679012347,-46.4829019382716
13840.000000255675,52,110,0.32098765432098764,-51.42789150617284
13850.000000255894,48,114,0.2962962962962963,-47.47189985185185
13860.000000256112,48,114,0.2962962962962963,-47.47189985185185
13870.00000025633,45,117,0.2777777777777778,-44.504906111111104
13880.000000256548,46,116,0.2839506172839506,-45.49390402469136
13890.000000256767,48,114,0.2962962962962963,-47.47189985185185
13900.000000256985,42,120,0.25925925925925924,-41.537912370370364
13910.000000257203,45,117,0.2777777777777778,-44.504906111111104
13920.000000257422,45,117,0.2777777777777778,-44.504906111111104
13930.00000025764,48,114,0.2962962962962963,-47.47189985185185
13940.000000257858,45,117,0.2777777777777778,-44.504906111111104
13950.000000258076,45,117,0.2777777777777778,-44.504906111111104
13960.000000258295,47,115,0.29012345679012347,-46.4829019382716
13970.000000258513,47,115,0.29012345679012347,-46.4829019382716
13980.000000258731,46,116,0.2839506172839506,-45.49390402469136
13990.00000025895,47,115,0.29012345679012347,-46.4829019382716
14000.000000259168,48,114,0.2962962962962963,-47.47189985185185
14010.000000259386,45,117,0.2777777777777778,-44.504906111111104
14020.000000259604,43,119,0.2654320987654321,-42.52691028395062
14030.000000259823,43,119,0.2654320987654321,-42.52691028395062
14040.00000026004,48,114,0.2962962962962963,-47.47189985185185
14050.00000026026,48,114,0.2962962962962963,-47.47189985185185
14060.000000260477,47,115,0.29012345679012347,-46.4829019382716
14070.000000260696,42,120,0.25925925925925924,-41.537912370370364
14080.000000260914,45,117,0.2777777777777778,-44.504906111111104
14090.000000261132,47,115,0.29012345679012347,-46.4829019382716
14100.00000026135,45,117,0.2777777777777778,-44.504906111111104
14110.000000261569,45,117,0.2777777777777778,-44.504906111111104
14120.000000261787,46,116,0.2839506172839506,-45.49390402469136
14130.000000262005,48,114,0.2962962962962963,-47.47189985185185
14140.000000262224,40,122,0.24691358024691357,-39.55991654320987
14150.000000262442,46,116,0.2839506172839506,-45.49390402469136
14160.00000026266,44,118,0.2716049382716049,-43.51590819753087
14170.000000262879,48,114,0.2962962962962963,-47.47189985185185
14180.000000263097,45,117,0.2777777777777778,-44.504906111111104
14190.000000263315,45,117,0.2777777777777778,-44.504906111111104
14200.000000263533,48,114,0.2962962962962963,-47.47189985185185
14210.000000263752,46,116,0.2839506172839506,-45.49390402469136
14220.00000026397,45,117,0.2777777777777778,-44.504906111111104
14230.000000264188,46,116,0.2839506172839506,-45.49390402469136
14240.000000264406,47,115,0.29012345679012347,-46.4829019382716
14250.000000264625,45,117,0.2777777777777778,-44.504906111111104
14260.000000264843,49,113,0.30246913580246915,-48.4608977654321
14270.000000265061,49,113,0.30246913580246915,-48.4608977654321
14280.00000026528,52,110,0.32098765432098764,-51.42789150617284
14290.000000265498,48,114,0.2962962962962963,-47.47189985185185
14300.000000265716,49,113,0.30246913580246915,-48.4608977654321
14310.000000265934,49,113,0.30246913580246915,-48.4608977654321
14320.000000266153,46,116,0.2839506172839506,-45.49390402469136
14330.000000266371,46,116,0.2839506172839506,-45.49390402469136
14340.00000026659,45,117,0.2777777777777778,-44.504906111111104
14350.000000266808,45,117,0.2777777777777778,-44.504906111111104
14360.000000267026,46,116,0.2839506172839506,-45.49390402469136
14370.000000267244,45,117,0.2777777777777778,-44.504906111111104
14380.000000267462,46,116,0.2839506172839506,-45.49390402469136
14390.00000026768,49,113,0.30246913580246915,-48.4608977654321
14400.000000267899,49,113,0.30246913580246915,-48.4608977654321
14410.000000268117,48,114,0.2962962962962963,-47.47189985185185
14420.000000268335,52,110,0.32098765432098764,-51.42789150617284
14430.000000268554,52,110,0.32098765432098764,-51.42789150617284
14440.000000268772,45,117,0.2777777777777778,-44.504906111111104
14450.00000026899,46,116,0.2839506172839506,-45.49390402469136
14460.000000269209,44,118,0.2716049382716049,-43.51590819753087
14470.000000269427,46,116,0.2839506172839506,-45.49390402469136
14480.000000269645,45,117,0.2777777777777778,-44.504906111111104
14490.000000269863,48,114,0.2962962962962963,-47.47189985185185
14500.000000270082,49,113,0.30246913580246915,-48.4608977654321
14510.0000002703,50,112,0.30864197530864196,-49.44989567901234
14520.000000270518,48,114,0.2962962962962963,-47.47189985185185
14530.000000270737,49,113,0.30246913580246915,-48.4608977654321
14540.000000270955,46,116,0.2839506172839506,-45.49390402469136
14550.000000271173,49,113,0.30246913580246915,-48.4608977654321
14560.000000271391,49,113,0.30246913580246915,-48.4608977654321
14570.00000027161,44,118,0.2716049382716049,-43.51590819753087
14580.000000271828,47,115,0.29012345679012347,-46.4829019382716
14590.000000272046,43,119,0.2654320987654321,-42.52691028395062
14600.000000272265,45,117,0.2777777777777778,-44.504906111111104
14610.000000272483,44,118,0.2716049382716049,-43.51590819753087
14620.000000272701,52,110,0.32098765432098764,-51.42789150617284
14630.00000027292,46,116,0.2839506172839506,-45.49390402469136
14640.000000273138,49,113,0.30246913580246915,-48.4608977654321
14650.000000273356,50,112,0.30864197530864196,-49.44989567901234
14660.000000273574,48,114,0.2962962962962963,-47.47189985185185
14670.000000273792,48,114,0.2962962962962963,-47.47189985185185
14680.00000027401,49,113,0.30246913580246915,-48.4608977654321
14690.000000274229,49,113,0.30246913580246915,-48.4608977654321
14700.000000274447,47,115,0.29012345679012347,-46.4829019382716
14710.000000274666,49,113,0.30246913580246915,-48.4608977654321
14720.000000274884,47,115,0.29012345679012347,-46.4829019382716
14730.000000275102,51,111,0.3148148148148148,-50.43889359259259
14740.00000027532,49,113,0.30246913580246915,-48.4608977654321
14750.000000275539,48,114,0.2962962962962963,-47.47189985185185
14760.000000275757,46,116,0.2839506172839506,-45.49390402469136
14770.000000275975,50,112,0.30864197530864196,-49.44989567901234
14780.000000276194,48,114,0.2962962962962963,-47.47189985185185
14790.000000276412,47,115,0.29012345679012347,-46.4829019382716
14800.00000027663,46,116,0.2839506172839506,-45.49390402469136
14810.000000276848,48,114,0.2962962962962963,-47.47189985185185
14820.000000277067,50,112,0.30864197530864196,-49.44989567901234
14830.000000277285,46,116,0.2839506172839506,-45.49390402469136
14840.000000277503,46,116,0.2839506172839506,-45.49390402469136
14850.000000277721,49,113,0.30246913580246915,-48.4608977654321
14860.00000027794,43,119,0.2654320987654321,-42.52691028395062
14870.000000278158,44,118,0.2716049382716049,-43.51590819753087
14880.000000278376,48,114,0.2962962962962963,-47.47189985185185
14890.000000278595,43,119,0.2654320987654321,-42.52691028395062
14900.000000278813,44,118,0.2716049382716049,-43.51590819753087
14910.000000279031,48,114,0.2962962962962963,-47.47189985185185
14920.00000027925,49,113,0.30246913580246915,-48.4608977654321
14930.000000279468,48,114,0.2962962962962963,-47.47189985185185
14940.000000279686,47,115,0.29012345679012347,-46.4829019382716
14950.000000279904,43,119,0.2654320987654321,-42.52691028395062
14960.000000280123,48,114,0.2962962962962963,-47.47189985185185
14970.00000028034,45,117,0.2777777777777778,-44.504906111111104
14980.00000028056,45,117,0.2777777777777778,-44.504906111111104
14990.000000280777,42,120,0.25925925925925924,-41.537912370370364
15000.000000280996,46,116,0.2839506172839506,-45.49390402469136
15010.000000281214,46,116,0.2839506172839506,-45.49390402469136
15020.000000281432,41,121,0.25308641975308643,-40.54891445679012
15030.00000028165,48,114,0.2962962962962963,-47.47189985185185
15040.000000281869,46,116,0.2839506172839506,-45.49390402469136
15050.000000282087,50,112,0.30864197530864196,-49.44989567901234
15060.000000282305,48,114,0.2962962962962963,-47.47189985185185
15070.000000282524,49,113,0.30246913580246915,-48.4608977654321
15080.000000282742,48,114,0.2962962962962963,-47.47189985185185
15090.00000028296,47,115,0.29012345679012347,-46.4829019382716
15100.000000283178,41,121,0.25308641975308643,-40.54891445679012
15110.000000283397,42,120,0.25925925925925924,-41.537912370370364
15120.000000283615,49,113,0.30246913580246915,-48.4608977654321
15130.000000283833,48,114,0.2962962962962963,-47.47189985185185
15140.000000284052,43,119,0.2654320987654321,-42.52691028395062
15150.00000028427,46,116,0.2839506172839506,-45.49390402469136
15160.000000284488,47,115,0.29012345679012347,-46.4829019382716
15170.000000284706,47,115,0.29012345679012347,-46.4829019382716
15180.000000284925,46,116,0.2839506172839506,-45.49390402469136
15190.000000285143,51,111,0.3148148148148148,-50.43889359259259
15200.000000285361,49,113,0.30246913580246915,-48.4608977654321
15210.00000028558,51,111,0.3148148148148148,-50.43889359259259
15220.000000285798,49,113,0.30246913580246915,-48.4608977654321
15230.000000286016,46,116,0.2839506172839506,-45.49390402469136
15240.000000286234,49,113,0.30246913580246915,-48.4608977654321
15250.000000286453,44,118,0.2716049382716049,-43.51590819753087
15260.000000286671,47,115,0.29012345679012347,-46.4829019382716
15270.00000028689,48,114,0.2962962962962963,-47.47189985185185
15280.000000287107,49,113,0.30246913580246915,-48.4608977654321
15290.000000287326,51,111,0.3148148148148148,-50.43889359259259
15300.000000287544,47,115,0.29012345679012347,-46.4829019382716
15310.000000287762,47,115,0.29012345679012347,-46.4829019382716
15320.00000028798,48,114,0.2962962962962963,-47.47189985185185
15330.000000288199,44,118,0.2716049382716049,-43.51590819753087
15340.000000288417,51,111,0.3148148148148148,-50.43889359259259
15350.000000288635,44,118,0.2716049382716049,-43.51590819753087
15360.000000288854,45,117,0.2777777777777778,-44.504906111111104
15370.000000289072,43,119,0.2654320987654321,-42.52691028395062
15380.00000028929,38,124,0.2345679012345679,-37.581920716049375
15390.000000289509,44,118,0.2716049382716049,-43.51590819753087
15400.000000289727,43,119,0.2654320987654321,-42.52691028395062
15410.000000289945,43,119,0.2654320987654321,-42.52691028395062
15420.000000290163,49,113,0.30246913580246915,-48.4608977654321
15430.000000290382,44,118,0.2716049382716049,-43.51590819753087
15440.0000002906,49,113,0.30246913580246915,-48.4608977654321
15450.000000290818,48,114,0.2962962962962963,-47.47189985185185
15460.000000291036,44,118,0.2716049382716049,-43.51590819753087
15470.000000291255,41,121,0.25308641975308643,-40.54891445679012
15480.000000291473,48,114,0.2962962962962963,-47.47189985185185
15490.000000291691,46,116,0.2839506172839506,-45.49390402469136
15500.00000029191,48,114,0.2962962962962963,-47.47189985185185
15510.000000292128,46,116,0.2839506172839506,-45.49390402469136
15520.000000292346,48,114,0.2962962962962963,-47.47189985185185
15530.000000292564,47,115,0.29012345679012347,-46.4829019382716
15540.000000292783,45,117,0.2777777777777778,-44.504906111111104
15550.000000293001,47,115,0.29012345679012347,-46.4829019382716
15560.00000029322,44,118,0.2716049382716049,-43.51590819753087
15570.000000293438,40,122,0.24691358024691357,-39.55991654320987
15580.000000293656,40,122,0.24691358024691357,-39.55991654320987
15590.000000293874,42,120,0.25925925925925924,-41.537912370370364
15600.000000294092,44,118,0.2716049382716049,-43.51590819753087
15610.00000029431,46,116,0.2839506172839506,-45.49390402469136
15620.000000294529,46,116,0.2839506172839506,-45.49390402469136
15630.000000294747,47,115,0.29012345679012347,-46.4829019382716
15640.000000294966,43,119,0.2654320987654321,-42.52691028395062
15650.000000295184,50,112,0.30864197530864196,-49.44989567901234
15660.000000295402,44,118,0.2716049382716049,-43.51590819753087
15670.00000029562,43,119,0.2654320987654321,-42.52691028395062
15680.000000295839,45,117,0.2777777777777778,-44.504906111111104
15690.000000296057,49,113,0.30246913580246915,-48.4608977654321
15700.000000296275,48,114,0.2962962962962963,-47.47189985185185
15710.000000296493,45,117,0.2777777777777778,-44.504906111111104
15720.000000296712,48,114,0.2962962962962963,-47.47189985185185
15730.00000029693,48,114,0.2962962962962963,-47.47189985185185
15740.000000297148,46,116,0.2839506172839506,-45.49390402469136
15750.000000297367,43,119,0.2654320987654321,-42.52691028395062
15760.000000297585,46,116,0.2839506172839506,-45.49390402469136
15770.000000297803,45,117,0.2777777777777778,-44.504906111111104
15780.000000298021,41,121,0.25308641975308643,-40.54891445679012
15790.00000029824,46,116,0.2839506172839506,-45.49390402469136
15800.000000298458,42,120,0.25925925925925924,-41.537912370370364
15810.000000298676,43,119,0.2654320987654321,-42.52691028395062
15820.000000298895,45,117,0.2777777777777778,-44.504906111111104
15830.000000299113,45,117,0.2777777777777778,-44.504906111111104
15840.000000299331,45,117,0.2777777777777778,-44.504906111111104
15850.00000029955,48,114,0.2962962962962963,-47.47189985185185
15860.000000299768,46,116,0.2839506172839506,-45.49390402469136
15870.000000299986,46,116,0.2839506172839506,-45.49390402469136
15880.000000300204,43,119,0.2654320987654321,-42.52691028395062
15890.000000300422,47,115,0.29012345679012347,-46.4829019382716
15900.00000030064,46,116,0.2839506172839506,-45.49390402469136
15910.000000300859,46,116,0.2839506172839506,-45.49390402469136
15920.000000301077,48,114,0.2962962962962963,-47.47189985185185
15930.000000301296,49,113,0.30246913580246915,-48.4608977654321
15940.000000301514,49,113,0.30246913580246915,-48.4608977654321
15950.000000301732,53,109,0.3271604938271605,-52.41688941975308
15960.00000030195,48,114,0.2962962962962963,-47.47189985185185
15970.000000302169,44,118,0.2716049382716049,-43.51590819753087
15980.000000302387,47,115,0.29012345679012347,-46.4829019382716
15990.000000302605,41,121,0.25308641975308643,-40.54891445679012
16000.000000302824,46,116,0.2839506172839506,-45.49390402469136
16010.000000303042,46,116,0.2839506172839506,-45.49390402469136
16020.00000030326,45,117,0.2777777777777778,-44.504906111111104
16030.000000303478,46,116,0.2839506172839506,-45.49390402469136
16040.000000303697,43,119,0.2654320987654321,-42.52691028395062
16050.000000303915,41,121,0.25308641975308643,-40.54891445679012
16060.000000304133,43,119,0.2654320987654321,-42.52691028395062
16070.000000304351,41,121,0.25308641975308643,-40.54891445679012
16080.00000030457,41,121,0.25308641975308643,-40.54891445679012
16090.000000304788,43,119,0.2654320987654321,-42.52691028395062
16100.000000305006,41,121,0.25308641975308643,-40.54891445679012
16110.000000305225,43,119,0.2654320987654321,-42.52691028395062
16120.000000305443,48,114,0.2962962962962963,-47.47189985185185
16130.000000305661,41,121,0.25308641975308643,-40.54891445679012
16140.00000030588,46,116,0.2839506172839506,-45.49390402469136
16150.000000306098,48,114,0.2962962962962963,-47.47189985185185
16160.000000306316,48,114,0.2962962962962963,-47.47189985185185
16170.000000306534,47,115,0.29012345679012347,-46.4829019382716
16180.000000306753,48,114,0.2962962962962963,-47.47189985185185
16190.00000030697,49,113,0.30246913580246915,-48.4608977654321
16200.00000030719,51,111,0.3148148148148148,-50.43889359259259
16210.000000307407,52,110,0.32098765432098764,-51.42789150617284
16220.000000307626,53,109,0.3271604938271605,-52.41688941975308
16230.000000307844,47,115,0.29012345679012347,-46.4829019382716
16240.000000308062,49,113,0.30246913580246915,-48.4608977654321
16250.00000030828,46,116,0.2839506172839506,-45.49390402469136
16260.000000308499,47,115,0.29012345679012347,-46.4829019382716
16270.000000308717,47,115,0.29012345679012347,-46.4829019382716
16280.000000308935,45,117,0.2777777777777778,-44.504906111111104
16290.000000309154,43,119,0.2654320987654321,-42.52691028395062
16300.000000309372,49,113,0.30246913580246915,-48.4608977654321
16310.00000030959,51,111,0.3148148148148148,-50.43889359259259
16320.000000309808,48,114,0.2962962962962963,-47.47189985185185
16330.000000310027,49,113,0.30246913580246915,-48.4608977654321
16340.000000310245,50,112,0.30864197530864196,-49.44989567901234
16350.000000310463,50,112,0.30864197530864196,-49.44989567901234
16360.000000310682,48,114,0.2962962962962963,-47.47189985185185
16370.0000003109,50,112,0.30864197530864196,-49.44989567901234
16380.000000311118,47,115,0.29012345679012347,-46.4829019382716
16390.000000310243,48,114,0.2962962962962963,-47.47189985185185
16400.000000308642,44,118,0.2716049382716049,-43.51590819753087
16410.00000030704,43,119,0.2654320987654321,-42.52691028395062
16420.00000030544,45,117,0.2777777777777778,-44.504906111111104
16430.00000030384,45,117,0.2777777777777778,-44.504906111111104
16440.00000030224,46,116,0.2839506172839506,-45.49390402469136
16450.00000030064,46,116,0.2839506172839506,-45.49390402469136
16460.00000029904,43,119,0.2654320987654321,-42.52691028395062
16470.000000297438,44,118,0.2716049382716049,-43.51590819753087
16480.000000295837,48,114,0.2962962962962963,-47.47189985185185
16490.000000294236,49,113,0.30246913580246915,-48.4608977654321
16500.000000292635,49,113,0.30246913580246915,-48.4608977654321
16510.000000291035,44,118,0.2716049382716049,-43.51590819753087
16520.000000289434,43,119,0.2654320987654321,-42.52691028395062
16530.000000287833,46,116,0.2839506172839506,-45.49390402469136
16540.000000286233,44,118,0.2716049382716049,-43.51590819753087
16550.000000284632,46,116,0.2839506172839506,-45.49390402469136
16560.00000028303,45,117,0.2777777777777778,-44.504906111111104
16570.00000028143,48,114,0.2962962962962963,-47.47189985185185
16580.00000027983,53,109,0.3271604938271605,-52.41688941975308
16590.00000027823,43,119,0.2654320987654321,-42.52691028395062
16600.00000027663,43,119,0.2654320987654321,-42.52691028395062
16610.000000275028,48,114,0.2962962962962963,-47.47189985185185
16620.000000273427,47,115,0.29012345679012347,-46.4829019382716
16630.000000271826,49,113,0.30246913580246915,-48.4608977654321
16640.000000270225,50,112,0.30864197530864196,-49.44989567901234
16650.000000268625,50,112,0.30864197530864196,-49.44989567901234
16660.000000267024,47,115,0.29012345679012347,-46.4829019382716
16670.000000265423,49,113,0.30246913580246915,-48.4608977654321
16680.000000263823,49,113,0.30246913580246915,-48.4608977654321
16690.000000262222,49,113,0.30246913580246915,-48.4608977654321
16700.00000026062,49,113,0.30246913580246915,-48.4608977654321
16710.00000025902,53,109,0.3271604938271605,-52.41688941975308
16720.00000025742,55,107,0.3395061728395062,-54.39488524691358
16730.00000025582,49,113,0.30246913580246915,-48.4608977654321
16740.00000025422,50,112,0.30864197530864196,-49.44989567901234
16750.000000252618,50,112,0.30864197530864196,-49.44989567901234
16760.000000251017,48,114,0.2962962962962963,-47.47189985185185
16770.000000249416,49,113,0.30246913580246915,-48.4608977654321
16780.000000247815,48,114,0.2962962962962963,-47.47189985185185
16790.000000246215,49,113,0.30246913580246915,-48.4608977654321
16800.000000244614,46,116,0.2839506172839506,-45.49390402469136
16810.000000243013,51,111,0.3148148148148148,-50.43889359259259
16820.000000241413,48,114,0.2962962962962963,-47.47189985185185
16830.000000239812,50,112,0.30864197530864196,-49.44989567901234
16840.00000023821,49,113,0.30246913580246915,-48.4608977654321
16850.00000023661,48,114,0.2962962962962963,-47.47189985185185
16860.00000023501,46,116,0.2839506172839506,-45.49390402469136
16870.00000023341,48,114,0.2962962962962963,-47.47189985185185
16880.00000023181,47,115,0.29012345679012347,-46.4829019382716
16890.000000230208,47,115,0.29012345679012347,-46.4829019382716
16900.000000228607,44,118,0.2716049382716049,-43.51590819753087
16910.000000227006,48,114,0.2962962962962963,-47.47189985185185
16920.000000225406,46,116,0.2839506172839506,-45.49390402469136
16930.000000223805,47,115,0.29012345679012347,-46.4829019382716
16940.000000222204,48,114,0.2962962962962963,-47.47189985185185
16950.000000220603,50,112,0.30864197530864196,-49.44989567901234
16960.000000219003,47,115,0.29012345679012347,-46.4829019382716
16970.000000217402,53,109,0.3271604938271605,-52.41688941975308
16980.0000002158,50,112,0.30864197530864196,-49.44989567901234
16990.0000002142,50,112,0.30864197530864196,-49.44989567901234
17000.0000002126,50,112,0.30864197530864196,-49.44989567901234
17010.000000211,51,111,0.3148148148148148,-50.43889359259259
17020.0000002094,51,111,0.3148148148148148,-50.43889359259259
17030.000000207798,53,109,0.3271604938271605,-52.41688941975308
17040.000000206197,49,113,0.30246913580246915,-48.4608977654321
17050.000000204596,49,113,0.30246913580246915,-48.4608977654321
17060.000000202996,52,110,0.32098765432098764,-51.42789150617284
17070.000000201395,55,107,0.3395061728395062,-54.39488524691358
17080.000000199794,54,108,0.3333333333333333,-53.405887333333325
17090.000000198193,48,114,0.2962962962962963,-47.47189985185185
17100.000000196593,51,111,0.3148148148148148,-50.43889359259259
17110.000000194992,55,107,0.3395061728395062,-54.39488524691358
17120.00000019339,52,110,0.32098765432098764,-51.42789150617284
17130.00000019179,47,115,0.29012345679012347,-46.4829019382716
17140.00000019019,50,112,0.30864197530864196,-49.44989567901234
17150.00000018859,51,111,0.3148148148148148,-50.43889359259259
17160.00000018699,48,114,0.2962962962962963,-47.47189985185185
17170.000000185388,50,112,0.30864197530864196,-49.44989567901234
17180.000000183787,46,116,0.2839506172839506,-45.49390402469136
17190.000000182186,47,115,0.29012345679012347,-46.4829019382716
17200.000000180586,44,118,0.2716049382716049,-43.51590819753087
17210.000000178985,40,122,0.24691358024691357,-39.55991654320987
17220.000000177384,45,117,0.2777777777777778,-44.504906111111104
17230.000000175783,47,115,0.29012345679012347,-46.4829019382716
17240.000000174183,51,111,0.3148148148148148,-50.43889359259259
17250.000000172582,52,110,0.32098765432098764,-51.42789150617284
17260.00000017098,50,112,0.30864197530864196,-49.44989567901234
17270.00000016938,45,117,0.2777777777777778,-44.504906111111104
17280.00000016778,48,114,0.2962962962962963,-47.47189985185185
17290.00000016618,44,118,0.2716049382716049,-43.51590819753087
17300.00000016458,43,119,0.2654320987654321,-42.52691028395062
17310.000000162978,43,119,0.2654320987654321,-42.52691028395062
17320.000000161377,45,117,0.2777777777777778,-44.504906111111104
17330.000000159776,44,118,0.2716049382716049,-43.51590819753087
17340.000000158176,41,121,0.25308641975308643,-40.54891445679012
17350.000000156575,43,119,0.2654320987654321,-42.52691028395062
17360.000000154974,48,114,0.2962962962962963,-47.47189985185185
17370.000000153374,49,113,0.30246913580246915,-48.4608977654321
17380.000000151773,49,113,0.30246913580246915,-48.4608977654321
17390.000000150172,50,112,0.30864197530864196,-49.44989567901234
17400.00000014857,52,110,0.32098765432098764,-51.42789150617284
17410.00000014697,50,112,0.30864197530864196,-49.44989567901234
17420.00000014537,49,113,0.30246913580246915,-48.4608977654321
17430.00000014377,50,112,0.30864197530864196,-49.44989567901234
17440.00000014217,44,118,0.2716049382716049,-43.51590819753087
17450.000000140568,44,118,0.2716049382716049,-43.51590819753087
17460.000000138967,44,118,0.2716049382716049,-43.51590819753087
17470.000000137366,48,114,0.2962962962962963,-47.47189985185185
17480.000000135766,48,114,0.2962962962962963,-47.47189985185185
17490.000000134165,50,112,0.30864197530864196,-49.44989567901234
17500.000000132564,51,111,0.3148148148148148,-50.43889359259259
17510.000000130964,46,116,0.2839506172839506,-45.49390402469136
17520.000000129363,52,110,0.32098765432098764,-51.42789150617284
17530.000000127762,47,115,0.29012345679012347,-46.4829019382716
17540.00000012616,49,113,0.30246913580246915,-48.4608977654321
17550.00000012456,45,117,0.2777777777777778,-44.504906111111104
17560.00000012296,44,118,0.2716049382716049,-43.51590819753087
17570.00000012136,45,117,0.2777777777777778,-44.504906111111104
17580.00000011976,42,120,0.25925925925925924,-41.537912370370364
17590.000000118158,44,118,0.2716049382716049,-43.51590819753087
17600.000000116557,42,120,0.25925925925925924,-41.537912370370364
17610.000000114956,46,116,0.2839506172839506,-45.49390402469136
17620.000000113356,45,117,0.2777777777777778,-44.504906111111104
17630.000000111755,44,118,0.2716049382716049,-43.51590819753087
17640.000000110154,45,117,0.2777777777777778,-44.504906111111104
17650.000000108554,42,120,0.25925925925925924,-41.537912370370364
17660.000000106953,43,119,0.2654320987654321,-42.52691028395062
17670.000000105352,43,119,0.2654320987654321,-42.52691028395062
17680.00000010375,45,117,0.2777777777777778,-44.504906111111104
17690.00000010215,51,111,0.3148148148148148,-50.43889359259259
17700.00000010055,45,117,0.2777777777777778,-44.504906111111104
17710.00000009895,47,115,0.29012345679012347,-46.4829019382716
17720.00000009735,49,113,0.30246913580246915,-48.4608977654321
17730.000000095748,51,111,0.3148148148148148,-50.43889359259259
17740.000000094147,45,117,0.2777777777777778,-44.504906111111104
17750.000000092547,47,115,0.29012345679012347,-46.4829019382716
17760.000000090946,41,121,0.25308641975308643,-40.54891445679012
17770.000000089345,42,120,0.25925925925925924,-41.537912370370364
17780.000000087744,52,110,0.32098765432098764,-51.42789150617284
17790.000000086144,47,115,0.29012345679012347,-46.4829019382716
17800.000000084543,50,112,0.30864197530864196,-49.44989567901234
17810.000000082942,48,114,0.2962962962962963,-47.47189985185185
17820.00000008134,46,116,0.2839506172839506,-45.49390402469136
17830.00000007974,48,114,0.2962962962962963,-47.47189985185185
17840.00000007814,52,110,0.32098765432098764,-51.42789150617284
17850.00000007654,51,111,0.3148148148148148,-50.43889359259259
17860.00000007494,56,106,0.345679012345679,-55.38388316049383
17870.000000073338,53,109,0.3271604938271605,-52.41688941975308
17880.000000071737,52,110,0.32098765432098764,-51.42789150617284
17890.000000070137,51,111,0.3148148148148148,-50.43889359259259
17900.000000068536,51,111,0.3148148148148148,-50.43889359259259
17910.000000066935,53,109,0.3271604938271605,-52.41688941975308
17920.000000065334,55,107,0.3395061728395062,-54.39488524691358
17930.000000063734,55,107,0.3395061728395062,-54.39488524691358
17940.000000062133,53,109,0.3271604938271605,-52.41688941975308
17950.000000060532,53,109,0.3271604938271605,-52.41688941975308
17960.00000005893,49,113,0.30246913580246915,-48.4608977654321
17970.00000005733,51,111,0.3148148148148148,-50.43889359259259
17980.00000005573,53,109,0.3271604938271605,-52.41688941975308
17990.00000005413,56,106,0.345679012345679,-55.38388316049383
18000.00000005253,54,108,0.3333333333333333,-53.405887333333325
18010.000000050928,47,115,0.29012345679012347,-46.4829019382716
18020.000000049327,55,107,0.3395061728395062,-54.39488524691358
18030.000000047727,53,109,0.3271604938271605,-52.41688941975308
18040.000000046126,53,109,0.3271604938271605,-52.41688941975308
18050.000000044525,50,112,0.30864197530864196,-49.44989567901234
18060.000000042925,57,105,0.35185185185185186,-56.372881074074066
18070.000000041324,51,111,0.3148148148148148,-50.43889359259259
18080.000000039723,50,112,0.30864197530864196,-49.44989567901234
18090.000000038122,53,109,0.3271604938271605,-52.41688941975308
18100.00000003652,48,114,0.2962962962962963,-47.47189985185185
18110.00000003492,50,112,0.30864197530864196,-49.44989567901234
18120.00000003332,47,115,0.29012345679012347,-46.4829019382716
18130.00000003172,51,111,0.3148148148148148,-50.43889359259259
18140.00000003012,47,115,0.29012345679012347,-46.4829019382716
18150.000000028518,49,113,0.30246913580246915,-48.4608977654321
18160.000000026917,47,115,0.29012345679012347,-46.4829019382716
18170.000000025317,44,118,0.2716049382716049,-43.51590819753087
18180.000000023716,46,116,0.2839506172839506,-45.49390402469136
18190.000000022115,50,112,0.30864197530864196,-49.44989567901234
18200.000000020515,49,113,0.30246913580246915,-48.4608977654321
18210.000000018914,46,116,0.2839506172839506,-45.49390402469136
18220.000000017313,49,113,0.30246913580246915,-48.4608977654321
18230.000000015712,47,115,0.29012345679012347,-46.4829019382716
18240.00000001411,46,116,0.2839506172839506,-45.49390402469136
18250.00000001251,43,119,0.2654320987654321,-42.52691028395062
18260.00000001091,48,114,0.2962962962962963,-47.47189985185185
18270.00000000931,47,115,0.29012345679012347,-46.4829019382716
18280.00000000771,46,116,0.2839506172839506,-45.49390402469136
18290.000000006108,47,115,0.29012345679012347,-46.4829019382716
18300.000000004507,47,115,0.29012345679012347,-46.4829019382716
18310.000000002907,46,116,0.2839506172839506,-45.49390402469136
18320.000000001306,45,117,0.2777777777777778,-44.504906111111104
18329.999999999705,45,117,0.2777777777777778,-44.504906111111104
18339.999999998105,52,110,0.32098765432098764,-51.42789150617284
18349.999999996504,48,114,0.2962962962962963,-47.47189985185185
18359.999999994903,49,113,0.30246913580246915,-48.4608977654321
18369.999999993302,49,113,0.30246913580246915,-48.4608977654321
18379.9999999917,47,115,0.29012345679012347,-46.4829019382716
18389.9999999901,48,114,0.2962962962962963,-47.47189985185185
18399.9999999885,47,115,0.29012345679012347,-46.4829019382716
18409.9999999869,47,115,0.29012345679012347,-46.4829019382716
18419.9999999853,47,115,0.29012345679012347,-46.4829019382716
18429.9999999837,45,117,0.2777777777777778,-44.504906111111104
18439.999999982098,44,118,0.2716049382716049,-43.51590819753087
18449.999999980497,50,112,0.30864197530864196,-49.44989567901234
18459.999999978896,48,114,0.2962962962962963,-47.47189985185185
18469.999999977295,47,115,0.29012345679012347,-46.4829019382716
18479.999999975695,47,115,0.29012345679012347,-46.4829019382716
18489.999999974094,46,116,0.2839506172839506,-45.49390402469136
18499.999999972493,52,110,0.32098765432098764,-51.42789150617284
18509.999999970893,48,114,0.2962962962962963,-47.47189985185185
18519.999999969292,48,114,0.2962962962962963,-47.47189985185185
18529.99999996769,49,113,0.30246913580246915,-48.4608977654321
18539.99999996609,51,111,0.3148148148148148,-50.43889359259259
18549.99999996449,49,113,0.30246913580246915,-48.4608977654321
18559.99999996289,48,114,0.2962962962962963,-47.47189985185185
18569.99999996129,49,113,0.30246913580246915,-48.4608977654321
18579.999999959688,48,114,0.2962962962962963,-47.47189985185185
18589.999999958087,47,115,0.29012345679012347,-46.4829019382716
18599.999999956486,47,115,0.29012345679012347,-46.4829019382716
18609.999999954885,43,119,0.2654320987654321,-42.52691028395062
18619.999999953285,50,112,0.30864197530864196,-49.44989567901234
18629.999999951684,46,116,0.2839506172839506,-45.49390402469136
18639.999999950083,49,113,0.30246913580246915,-48.4608977654321
18649.999999948483,49,113,0.30246913580246915,-48.4608977654321
18659.999999946882,43,119,0.2654320987654321,-42.52691028395062
18669.99999994528,41,121,0.25308641975308643,-40.54891445679012
18679.99999994368,46,116,0.2839506172839506,-45.49390402469136
18689.99999994208,49,113,0.30246913580246915,-48.4608977654321
18699.99999994048,50,112,0.30864197530864196,-49.44989567901234
18709.99999993888,44,118,0.2716049382716049,-43.51590819753087
18719.999999937278,42,120,0.25925925925925924,-41.537912370370364
18729.999999935677,44,118,0.2716049382716049,-43.51590819753087
18739.999999934076,50,112,0.30864197530864196,-49.44989567901234
18749.999999932475,49,113,0.30246913580246915,-48.4608977654321
18759.999999930875,54,108,0.3333333333333333,-53.405887333333325
18769.999999929274,50,112,0.30864197530864196,-49.44989567901234
18779.999999927673,48,114,0.2962962962962963,-47.47189985185185
18789.999999926073,49,113,0.30246913580246915,-48.4608977654321
18799.999999924472,50,112,0.30864197530864196,-49.44989567901234
18809.99999992287,43,119,0.2654320987654321,-42.52691028395062
18819.99999992127,45,117,0.2777777777777778,-44.504906111111104
18829.99999991967,45,117,0.2777777777777778,-44.504906111111104
18839.99999991807,46,116,0.2839506172839506,-45.49390402469136
18849.99999991647,42,120,0.25925925925925924,-41.537912370370364
18859.999999914868,50,112,0.30864197530864196,-49.44989567901234
18869.999999913267,43,119,0.2654320987654321,-42.52691028395062
18879.999999911666,46,116,0.2839506172839506,-45.49390402469136
18889.999999910066,45,117,0.2777777777777778,-44.504906111111104
18899.999999908465,46,116,0.2839506172839506,-45.49390402469136
18909.999999906864,46,116,0.2839506172839506,-45.49390402469136
18919.999999905263,54,108,0.3333333333333333,-53.405887333333325
18929.999999903663,43,119,0.2654320987654321,-42.52691028395062
18939.999999902062,48,114,0.2962962962962963,-47.47189985185185
18949.99999990046,44,118,0.2716049382716049,-43.51590819753087
18959.99999989886,49,113,0.30246913580246915,-48.4608977654321
18969.99999989726,48,114,0.2962962962962963,-47.47189985185185
18979.99999989566,47,115,0.29012345679012347,-46.4829019382716
18989.99999989406,44,118,0.2716049382716049,-43.51590819753087
18999.999999892458,50,112,0.30864197530864196,-49.44989567901234
19009.999999890857,48,114,0.2962962962962963,-47.47189985185185
19019.999999889256,46,116,0.2839506172839506,-45.49390402469136
19029.999999887656,49,113,0.30246913580246915,-48.4608977654321
19039.999999886055,48,114,0.2962962962962963,-47.47189985185185
19049.999999884454,48,114,0.2962962962962963,-47.47189985185185
19059.999999882853,49,113,0.30246913580246915,-48.4608977654321
19069.999999881253,49,113,0.30246913580246915,-48.4608977654321
19079.999999879652,47,115,0.29012345679012347,-46.4829019382716
19089.99999987805,53,109,0.3271604938271605,-52.41688941975308
19099.99999987645,53,109,0.3271604938271605,-52.41688941975308
19109.99999987485,50,112,0.30864197530864196,-49.44989567901234
19119.99999987325,46,116,0.2839506172839506,-45.49390402469136
19129.99999987165,47,115,0.29012345679012347,-46.4829019382716
19139.999999870048,49,113,0.30246913580246915,-48.4608977654321
19149.999999868447,51,111,0.3148148148148148,-50.43889359259259
19159.999999866846,47,115,0.29012345679012347,-46.4829019382716
19169.999999865246,48,114,0.2962962962962963,-47.47189985185185
19179.999999863645,48,114,0.2962962962962963,-47.47189985185185
19189.999999862044,53,109,0.3271604938271605,-52.41688941975308
19199.999999860443,49,113,0.30246913580246915,-48.4608977654321
19209.999999858843,48,114,0.2962962962962963,-47.47189985185185
19219.999999857242,56,106,0.345679012345679,-55.38388316049383
19229.99999985564,51,111,0.3148148148148148,-50.43889359259259
19239.99999985404,50,112,0.30864197530864196,-49.44989567901234
19249.99999985244,46,116,0.2839506172839506,-45.49390402469136
19259.99999985084,46,116,0.2839506172839506,-45.49390402469136
19269.99999984924,53,109,0.3271604938271605,-52.41688941975308
19279.999999847638,55,107,0.3395061728395062,-54.39488524691358
19289.999999846037,54,108,0.3333333333333333,-53.405887333333325
19299.999999844436,56,106,0.345679012345679,-55.38388316049383
19309.999999842836,54,108,0.3333333333333333,-53.405887333333325
19319.999999841235,50,112,0.30864197530864196,-49.44989567901234
19329.999999839634,56,106,0.345679012345679,-55.38388316049383
19339.999999838034,53,109,0.3271604938271605,-52.41688941975308
19349.999999836433,53,109,0.3271604938271605,-52.41688941975308
19359.999999834832,53,109,0.3271604938271605,-52.41688941975308
19369.99999983323,51,111,0.3148148148148148,-50.43889359259259
19379.99999983163,51,111,0.3148148148148148,-50.43889359259259
19389.99999983003,46,116,0.2839506172839506,-45.49390402469136
19399.99999982843,50,112,0.30864197530864196,-49.44989567901234
19409.99999982683,43,119,0.2654320987654321,-42.52691028395062
19419.999999825228,49,113,0.30246913580246915,-48.4608977654321
19429.999999823627,53,109,0.3271604938271605,-52.41688941975308
19439.999999822026,47,115,0.29012345679012347,-46.4829019382716
19449.999999820426,49,113,0.30246913580246915,-48.4608977654321
19459.999999818825,50,112,0.30864197530864196,-49.44989567901234
19469.999999817224,51,111,0.3148148148148148,-50.43889359259259
19479.999999815624,51,111,0.3148148148148148,-50.43889359259259
19489.999999814023,49,113,0.30246913580246915,-48.4608977654321
19499.999999812422,51,111,0.3148148148148148,-50.43889359259259
19509.99999981082,52,110,0.32098765432098764,-51.42789150617284
19519.99999980922,51,111,0.3148148148148148,-50.43889359259259
19529.99999980762,50,112,0.30864197530864196,-49.44989567901234
19539.99999980602,44,118,0.2716049382716049,-43.51590819753087
19549.99999980442,53,109,0.3271604938271605,-52.41688941975308
19559.999999802818,47,115,0.29012345679012347,-46.4829019382716
19569.999999801217,50,112,0.30864197530864196,-49.44989567901234
19579.999999799616,49,113,0.30246913580246915,-48.4608977654321
19589.999999798016,47,115,0.29012345679012347,-46.4829019382716
19599.999999796415,48,114,0.2962962962962963,-47.47189985185185
19609.999999794814,49,113,0.30246913580246915,-48.4608977654321
19619.999999793214,47,115,0.29012345679012347,-46.4829019382716
19629.999999791613,46,116,0.2839506172839506,-45.49390402469136
19639.999999790012,47,115,0.29012345679012347,-46.4829019382716
19649.99999978841,42,120,0.25925925925925924,-41.537912370370364
19659.99999978681,43,119,0.2654320987654321,-42.52691028395062
19669.99999978521,42,120,0.25925925925925924,-41.537912370370364
19679.99999978361,48,114,0.2962962962962963,-47.47189985185185
19689.99999978201,46,116,0.2839506172839506,-45.49390402469136
19699.999999780408,48,114,0.2962962962962963,-47.47189985185185
19709.999999778807,47,115,0.29012345679012347,-46.4829019382716
19719.999999777207,46,116,0.2839506172839506,-45.49390402469136
19729.999999775606,43,119,0.2654320987654321,-42.52691028395062
19739.999999774005,45,117,0.2777777777777778,-44.504906111111104
19749.999999772404,49,113,0.30246913580246915,-48.4608977654321
19759.999999770804,46,116,0.2839506172839506,-45.49390402469136
19769.999999769203,42,120,0.25925925925925924,-41.537912370370364
19779.999999767602,45,117,0.2777777777777778,-44.504906111111104
19789.999999766,44,118,0.2716049382716049,-43.51590819753087
19799.9999997644,45,117,0.2777777777777778,-44.504906111111104
19809.9999997628,47,115,0.29012345679012347,-46.4829019382716
19819.9999997612,42,120,0.25925925925925924,-41.537912370370364
19829.9999997596,45,117,0.2777777777777778,-44.504906111111104
19839.999999757998,42,120,0.25925925925925924,-41.537912370370364
19849.999999756397,43,119,0.2654320987654321,-42.52691028395062
19859.999999754797,45,117,0.2777777777777778,-44.504906111111104
19869.999999753196,46,116,0.2839506172839506,-45.49390402469136
19879.999999751595,46,116,0.2839506172839506,-45.49390402469136
19889.999999749994,46,116,0.2839506172839506,-45.49390402469136
19899.999999748394,46,116,0.2839506172839506,-45.49390402469136
19909.999999746793,43,119,0.2654320987654321,-42.52691028395062
19919.999999745192,47,115,0.29012345679012347,-46.4829019382716
19929.99999974359,43,119,0.2654320987654321,-42.52691028395062
19939.99999974199,47,115,0.29012345679012347,-46.4829019382716
19949.99999974039,48,114,0.2962962962962963,-47.47189985185185
19959.99999973879,45,117,0.2777777777777778,-44.504906111111104
19969.99999973719,50,112,0.30864197530864196,-49.44989567901234
19979.999999735588,52,110,0.32098765432098764,-51.42789150617284
19989.999999733987,51,111,0.3148148148148148,-50.43889359259259
19999.999999732387,48,114,0.2962962962962963,-47.47189985185185
20009.999999730786,51,111,0.3148148148148148,-50.43889359259259
20019.999999729185,50,112,0.30864197530864196,-49.44989567901234
20029.999999727585,47,115,0.29012345679012347,-46.4829019382716
20039.999999725984,49,113,0.30246913580246915,-48.4608977654321
20049.999999724383,49,113,0.30246913580246915,-48.4608977654321
20059.999999722782,51,111,0.3148148148148148,-50.43889359259259
20069.99999972118,51,111,0.3148148148148148,-50.43889359259259
20079.99999971958,51,111,0.3148148148148148,-50.43889359259259
20089.99999971798,46,116,0.2839506172839506,-45.49390402469136
20099.99999971638,49,113,0.30246913580246915,-48.4608977654321
20109.99999971478,49,113,0.30246913580246915,-48.4608977654321
20119.999999713178,55,107,0.3395061728395062,-54.39488524691358
20129.999999711577,48,114,0.2962962962962963,-47.47189985185185
20139.999999709977,46,116,0.2839506172839506,-45.49390402469136
20149.999999708376,55,107,0.3395061728395062,-54.39488524691358
20159.999999706775,50,112,0.30864197530864196,-49.44989567901234
20169.999999705175,48,114,0.2962962962962963,-47.47189985185185
20179.999999703574,51,111,0.3148148148148148,-50.43889359259259
20189.999999701973,52,110,0.32098765432098764,-51.42789150617284
20199.999999700372,46,116,0.2839506172839506,-45.49390402469136
20209.99999969877,51,111,0.3148148148148148,-50.43889359259259
20219.99999969717,49,113,0.30246913580246915,-48.4608977654321
20229.99999969557,47,115,0.29012345679012347,-46.4829019382716
20239.99999969397,51,111,0.3148148148148148,-50.43889359259259
20249.99999969237,50,112,0.30864197530864196,-49.44989567901234
20259.999999690768,48,114,0.2962962962962963,-47.47189985185185
20269.999999689167,48,114,0.2962962962962963,-47.47189985185185
20279.999999687567,52,110,0.32098765432098764,-51.42789150617284
20289.999999685966,48,114,0.2962962962962963,-47.47189985185185
20299.999999684365,53,109,0.3271604938271605,-52.41688941975308
20309.999999682765,55,107,0.3395061728395062,-54.39488524691358
20319.999999681164,55,107,0.3395061728395062,-54.39488524691358
20329.999999679563,52,110,0.32098765432098764,-51.42789150617284
20339.999999677962,51,111,0.3148148148148148,-50.43889359259259
20349.99999967636,54,108,0.3333333333333333,-53.405887333333325
20359.99999967476,53,109,0.3271604938271605,-52.41688941975308
20369.99999967316,51,111,0.3148148148148148,-50.43889359259259
20379.99999967156,44,118,0.2716049382716049,-43.51590819753087
20389.99999966996,48,114,0.2962962962962963,-47.47189985185185
20399.99999966836,51,111,0.3148148148148148,-50.43889359259259
20409.999999666758,54,108,0.3333333333333333,-53.405887333333325
20419.999999665157,55,107,0.3395061728395062,-54.39488524691358
20429.999999663556,52,110,0.32098765432098764,-51.42789150617284
20439.999999661955,50,112,0.30864197530864196,-49.44989567901234
20449.999999660355,54,108,0.3333333333333333,-53.405887333333325
20459.999999658754,48,114,0.2962962962962963,-47.47189985185185
20469.999999657153,47,115,0.29012345679012347,-46.4829019382716
20479.999999655553,49,113,0.30246913580246915,-48.4608977654321
20489.99999965395,49,113,0.30246913580246915,-48.4608977654321
20499.99999965235,53,109,0.3271604938271605,-52.41688941975308
20509.99999965075,48,114,0.2962962962962963,-47.47189985185185
20519.99999964915,46,116,0.2839506172839506,-45.49390402469136
20529.99999964755,45,117,0.2777777777777778,-44.504906111111104
20539.99999964595,46,116,0.2839506172839506,-45.49390402469136
20549.999999644348,46,116,0.2839506172839506,-45.49390402469136
20559.999999642747,49,113,0.30246913580246915,-48.4608977654321
20569.999999641146,47,115,0.29012345679012347,-46.4829019382716
20579.999999639545,46,116,0.2839506172839506,-45.49390402469136
20589.999999637945,46,116,0.2839506172839506,-45.49390402469136
20599.999999636344,45,117,0.2777777777777778,-44.504906111111104
20609.999999634743,47,115,0.29012345679012347,-46.4829019382716
20619.999999633143,43,119,0.2654320987654321,-42.52691028395062
20629.999999631542,46,116,0.2839506172839506,-45.49390402469136
20639.99999962994,51,111,0.3148148148148148,-50.43889359259259
20649.99999962834,47,115,0.29012345679012347,-46.4829019382716
20659.99999962674,46,116,0.2839506172839506,-45.49390402469136
20669.99999962514,43,119,0.2654320987654321,-42.52691028395062
20679.99999962354,45,117,0.2777777777777778,-44.504906111111104
20689.999999621938,49,113,0.30246913580246915,-48.4608977654321
20699.999999620337,46,116,0.2839506172839506,-45.49390402469136
20709.999999618736,44,118,0.2716049382716049,-43.51590819753087
20719.999999617135,47,115,0.29012345679012347,-46.4829019382716
20729.999999615535,42,120,0.25925925925925924,-41.537912370370364
20739.999999613934,47,115,0.29012345679012347,-46.4829019382716
20749.999999612333,40,122,0.24691358024691357,-39.55991654320987
20759.999999610733,45,117,0.2777777777777778,-44.504906111111104
20769.999999609132,43,119,0.2654320987654321,-42.52691028395062
20779.99999960753,47,115,0.29012345679012347,-46.4829019382716
20789.99999960593,47,115,0.29012345679012347,-46.4829019382716
20799.99999960433,45,117,0.2777777777777778,-44.504906111111104
20809.99999960273,49,113,0.30246913580246915,-48.4608977654321
20819.99999960113,47,115,0.29012345679012347,-46.4829019382716
20829.999999599528,45,117,0.2777777777777778,-44.504906111111104
20839.999999597927,46,116,0.2839506172839506,-45.49390402469136
20849.999999596326,52,110,0.32098765432098764,-51.42789150617284
20859.999999594726,50,112,0.30864197530864196,-49.44989567901234
20869.999999593125,47,115,0.29012345679012347,-46.4829019382716
20879.999999591524,55,107,0.3395061728395062,-54.39488524691358
20889.999999589923,48,114,0.2962962962962963,-47.47189985185185
20899.999999588323,51,111,0.3148148148148148,-50.43889359259259
20909.999999586722,45,117,0.2777777777777778,-44.504906111111104
20919.99999958512,47,115,0.29012345679012347,-46.4829019382716
20929.99999958352,46,116,0.2839506172839506,-45.49390402469136
20939.99999958192,45,117,0.2777777777777778,-44.504906111111104
20949.99999958032,47,115,0.29012345679012347,-46.4829019382716
20959.99999957872,49,113,0.30246913580246915,-48.4608977654321
20969.999999577118,47,115,0.29012345679012347,-46.4829019382716
20979.999999575517,46,116,0.2839506172839506,-45.49390402469136
20989.999999573916,44,118,0.2716049382716049,-43.51590819753087
20999.999999572316,43,119,0.2654320987654321,-42.52691028395062
21009.999999570715,47,115,0.29012345679012347,-46.4829019382716
21019.999999569114,39,123,0.24074074074074073,-38.57091862962963
21029.999999567513,44,118,0.2716049382716049,-43.51590819753087
21039.999999565913,43,119,0.2654320987654321,-42.52691028395062
21049.999999564312,47,115,0.29012345679012347,-46.4829019382716
21059.99999956271,46,116,0.2839506172839506,-45.49390402469136
21069.99999956111,51,111,0.3148148148148148,-50.43889359259259
21079.99999955951,49,113,0.30246913580246915,-48.4608977654321
21089.99999955791,51,111,0.3148148148148148,-50.43889359259259
21099.99999955631,45,117,0.2777777777777778,-44.504906111111104
21109.999999554708,50,112,0.30864197530864196,-49.44989567901234
21119.999999553107,45,117,0.2777777777777778,-44.504906111111104
21129.999999551506,45,117,0.2777777777777778,-44.504906111111104
21139.999999549906,48,114,0.2962962962962963,-47.47189985185185
21149.999999548305,46,116,0.2839506172839506,-45.49390402469136
21159.999999546704,42,120,0.25925925925925924,-41.537912370370364
21169.999999545103,52,110,0.32098765432098764,-51.42789150617284
21179.999999543503,52,110,0.32098765432098764,-51.42789150617284
21189.999999541902,50,112,0.30864197530864196,-49.44989567901234
21199.9999995403,48,114,0.2962962962962963,-47.47189985185185
21209.9999995387,50,112,0.30864197530864196,-49.44989567901234
21219.9999995371,46,116,0.2839506172839506,-45.49390402469136
21229.9999995355,50,112,0.30864197530864196,-49.44989567901234
21239.9999995339,52,110,0.32098765432098764,-51.42789150617284
21249.999999532298,49,113,0.30246913580246915,-48.4608977654321
21259.999999530697,51,111,0.3148148148148148,-50.43889359259259
21269.999999529096,51,111,0.3148148148148148,-50.43889359259259
21279.999999527496,53,109,0.3271604938271605,-52.41688941975308
21289.999999525895,50,112,0.30864197530864196,-49.44989567901234
21299.999999524294,53,109,0.3271604938271605,-52.41688941975308
21309.999999522694,48,114,0.2962962962962963,-47.47189985185185
21319.999999521093,50,112,0.30864197530864196,-49.44989567901234
21329.999999519492,52,110,0.32098765432098764,-51.42789150617284
21339.99999951789,47,115,0.29012345679012347,-46.4829019382716
21349.99999951629,49,113,0.30246913580246915,-48.4608977654321
21359.99999951469,53,109,0.3271604938271605,-52.41688941975308
21369.99999951309,49,113,0.30246913580246915,-48.4608977654321
21379.99999951149,48,114,0.2962962962962963,-47.47189985185185
21389.999999509888,43,119,0.2654320987654321,-42.52691028395062
21399.999999508287,45,117,0.2777777777777778,-44.504906111111104
21409.999999506686,45,117,0.2777777777777778,-44.504906111111104
21419.999999505086,47,115,0.29012345679012347,-46.4829019382716
21429.999999503485,47,115,0.29012345679012347,-46.4829019382716
21439.999999501884,51,111,0.3148148148148148,-50.43889359259259
21449.999999500284,50,112,0.30864197530864196,-49.44989567901234
21459.999999498683,51,111,0.3148148148148148,-50.43889359259259
21469.999999497082,50,112,0.30864197530864196,-49.44989567901234
21479.99999949548,43,119,0.2654320987654321,-42.52691028395062
21489.99999949388,49,113,0.30246913580246915,-48.4608977654321
21499.99999949228,49,113,0.30246913580246915,-48.4608977654321
21509.99999949068,44,118,0.2716049382716049,-43.51590819753087
21519.99999948908,50,112,0.30864197530864196,-49.44989567901234
21529.999999487478,52,110,0.32098765432098764,-51.42789150617284
21539.999999485877,48,114,0.2962962962962963,-47.47189985185185
21549.999999484276,47,115,0.29012345679012347,-46.4829019382716
21559.999999482676,49,113,0.30246913580246915,-48.4608977654321
21569.999999481075,49,113,0.30246913580246915,-48.4608977654321
21579.999999479474,46,116,0.2839506172839506,-45.49390402469136
21589.999999477874,47,115,0.29012345679012347,-46.4829019382716
21599.999999476273,42,120,0.25925925925925924,-41.537912370370364
21609.999999474672,46,116,0.2839506172839506,-45.49390402469136
21619.99999947307,47,115,0.29012345679012347,-46.4829019382716
21629.99999947147,46,116,0.2839506172839506,-45.49390402469136
21639.99999946987,47,115,0.29012345679012347,-46.4829019382716
21649.99999946827,48,114,0.2962962962962963,-47.47189985185185
21659.99999946667,42,120,0.25925925925925924,-41.537912370370364
21669.999999465068,46,116,0.2839506172839506,-45.49390402469136
21679.999999463467,43,119,0.2654320987654321,-42.52691028395062
21689.999999461867,44,118,0.2716049382716049,-43.51590819753087
21699.999999460266,47,115,0.29012345679012347,-46.4829019382716
21709.999999458665,47,115,0.29012345679012347,-46.4829019382716
21719.999999457064,44,118,0.2716049382716049,-43.51590819753087
21729.999999455464,47,115,0.29012345679012347,-46.4829019382716
21739.999999453863,44,118,0.2716049382716049,-43.51590819753087
21749.999999452262,43,119,0.2654320987654321,-42.52691028395062
21759.99999945066,45,117,0.2777777777777778,-44.504906111111104
21769.99999944906,41,121,0.25308641975308643,-40.54891445679012
21779.99999944746,46,116,0.2839506172839506,-45.49390402469136
21789.99999944586,48,114,0.2962962962962963,-47.47189985185185
21799.99999944426,47,115,0.29012345679012347,-46.4829019382716
21809.999999442658,49,113,0.30246913580246915,-48.4608977654321
21819.999999441057,51,111,0.3148148148148148,-50.43889359259259
21829.999999439457,49,113,0.30246913580246915,-48.4608977654321
21839.999999437856,49,113,0.30246913580246915,-48.4608977654321
21849.999999436255,49,113,0.30246913580246915,-48.4608977654321
21859.999999434654,45,117,0.2777777777777778,-44.504906111111104
21869.999999433054,42,120,0.25925925925925924,-41.537912370370364
21879.999999431453,44,118,0.2716049382716049,-43.51590819753087
21889.999999429852,45,117,0.2777777777777778,-44.504906111111104
21899.99999942825,40,122,0.24691358024691357,-39.55991654320987
21909.99999942665,46,116,0.2839506172839506,-45.49390402469136
21919.99999942505,51,111,0.3148148148148148,-50.43889359259259
21929.99999942345,42,120,0.25925925925925924,-41.537912370370364
21939.99999942185,46,116,0.2839506172839506,-45.49390402469136
21949.999999420248,43,119,0.2654320987654321,-42.52691028395062
21959.999999418647,47,115,0.29012345679012347,-46.4829019382716
21969.999999417047,41,121,0.25308641975308643,-40.54891445679012
21979.999999415446,42,120,0.25925925925925924,-41.537912370370364
21989.999999413845,44,118,0.2716049382716049,-43.51590819753087
21999.999999412245,37,125,0.22839506172839505,-36.59292280246914
22009.999999410644,41,121,0.25308641975308643,-40.54891445679012
22019.999999409043,46,116,0.2839506172839506,-45.49390402469136
22029.999999407442,44,118,0.2716049382716049,-43.51590819753087
22039.99999940584,42,120,0.25925925925925924,-41.537912370370364
22049.99999940424,42,120,0.25925925925925924,-41.537912370370364
22059.99999940264,49,113,0.30246913580246915,-48.4608977654321
22069.99999940104,48,114,0.2962962962962963,-47.47189985185185
22079.99999939944,49,113,0.30246913580246915,-48.4608977654321
22089.999999397838,41,121,0.25308641975308643,-40.54891445679012
22099.999999396237,47,115,0.29012345679012347,-46.4829019382716
22109.999999394637,45,117,0.2777777777777778,-44.504906111111104
22119.999999393036,39,123,0.24074074074074073,-38.57091862962963
22129.999999391435,42,120,0.25925925925925924,-41.537912370370364
22139.999999389835,46,116,0.2839506172839506,-45.49390402469136
22149.999999388234,42,120,0.25925925925925924,-41.537912370370364
22159.999999386633,40,122,0.24691358024691357,-39.55991654320987
22169.999999385032,42,120,0.25925925925925924,-41.537912370370364
22179.99999938343,42,120,0.25925925925925924,-41.537912370370364
22189.99999938183,41,121,0.25308641975308643,-40.54891445679012
22199.99999938023,41,121,0.25308641975308643,-40.54891445679012
22209.99999937863,40,122,0.24691358024691357,-39.55991654320987
22219.99999937703,41,121,0.25308641975308643,-40.54891445679012
22229.999999375428,42,120,0.25925925925925924,-41.537912370370364
22239.999999373827,41,121,0.25308641975308643,-40.54891445679012
22249.999999372227,42,120,0.25925925925925924,-41.537912370370364
22259.999999370626,41,121,0.25308641975308643,-40.54891445679012
22269.999999369025,42,120,0.25925925925925924,-41.537912370370364
22279.999999367425,42,120,0.25925925925925924,-41.537912370370364
22289.999999365824,41,121,0.25308641975308643,-40.54891445679012
22299.999999364223,45,117,0.2777777777777778,-44.504906111111104
22309.999999362622,44,118,0.2716049382716049,-43.51590819753087
22319.99999936102,49,113,0.30246913580246915,-48.4608977654321
22329.99999935942,49,113,0.30246913580246915,-48.4608977654321
22339.99999935782,51,111,0.3148148148148148,-50.43889359259259
22349.99999935622,50,112,0.30864197530864196,-49.44989567901234
22359.99999935462,46,116,0.2839506172839506,-45.49390402469136
22369.99999935302,49,113,0.30246913580246915,-48.4608977654321
22379.999999351418,47,115,0.29012345679012347,-46.4829019382716
22389.999999349817,40,122,0.24691358024691357,-39.55991654320987
22399.999999348216,45,117,0.2777777777777778,-44.504906111111104
22409.999999346615,47,115,0.29012345679012347,-46.4829019382716
22419.999999345015,45,117,0.2777777777777778,-44.504906111111104
22429.999999343414,46,116,0.2839506172839506,-45.49390402469136
22439.999999341813,44,118,0.2716049382716049,-43.51590819753087
22449.999999340213,45,117,0.2777777777777778,-44.504906111111104
22459.99999933861,40,122,0.24691358024691357,-39.55991654320987
22469.99999933701,46,116,0.2839506172839506,-45.49390402469136
22479.99999933541,51,111,0.3148148148148148,-50.43889359259259
22489.99999933381,47,115,0.29012345679012347,-46.4829019382716
22499.99999933221,47,115,0.29012345679012347,-46.4829019382716
22509.99999933061,46,116,0.2839506172839506,-45.49390402469136
22519.999999329008,45,117,0.2777777777777778,-44.504906111111104
22529.999999327407,46,116,0.2839506172839506,-45.49390402469136
22539.999999325806,48,114,0.2962962962962963,-47.47189985185185
22549.999999324205,45,117,0.2777777777777778,-44.504906111111104
22559.999999322605,45,117,0.2777777777777778,-44.504906111111104
22569.999999321004,50,112,0.30864197530864196,-49.44989567901234
22579.999999319403,46,116,0.2839506172839506,-45.49390402469136
22589.999999317803,44,118,0.2716049382716049,-43.51590819753087
22599.999999316202,46,116,0.2839506172839506,-45.49390402469136
22609.9999993146,45,117,0.2777777777777778,-44.504906111111104
22619.999999313,43,119,0.2654320987654321,-42.52691028395062
22629.9999993114,47,115,0.29012345679012347,-46.4829019382716
22639.9999993098,42,120,0.25925925925925924,-41.537912370370364
22649.9999993082,45,117,0.2777777777777778,-44.504906111111104
22659.999999306598,50,112,0.30864197530864196,-49.44989567901234
22669.999999304997,43,119,0.2654320987654321,-42.52691028395062
22679.999999303396,46,116,0.2839506172839506,-45.49390402469136
22689.999999301795,47,115,0.29012345679012347,-46.4829019382716
22699.999999300195,44,118,0.2716049382716049,-43.51590819753087
22709.999999298594,47,115,0.29012345679012347,-46.4829019382716
22719.999999296993,52,110,0.32098765432098764,-51.42789150617284
22729.999999295393,51,111,0.3148148148148148,-50.43889359259259
22739.999999293792,48,114,0.2962962962962963,-47.47189985185185
22749.99999929219,54,108,0.3333333333333333,-53.405887333333325
22759.99999929059,49,113,0.30246913580246915,-48.4608977654321
22769.99999928899,46,116,0.2839506172839506,-45.49390402469136
22779.99999928739,44,118,0.2716049382716049,-43.51590819753087
22789.99999928579,44,118,0.2716049382716049,-43.51590819753087
22799.999999284188,48,114,0.2962962962962963,-47.47189985185185
22809.999999282587,45,117,0.2777777777777778,-44.504906111111104
22819.999999280986,49,113,0.30246913580246915,-48.4608977654321
22829.999999279386,42,120,0.25925925925925924,-41.537912370370364
22839.999999277785,43,119,0.2654320987654321,-42.52691028395062
22849.999999276184,43,119,0.2654320987654321,-42.52691028395062
22859.999999274583,44,118,0.2716049382716049,-43.51590819753087
22869.999999272983,45,117,0.2777777777777778,-44.504906111111104
22879.999999271382,43,119,0.2654320987654321,-42.52691028395062
22889.99999926978,42,120,0.25925925925925924,-41.537912370370364
22899.99999926818,48,114,0.2962962962962963,-47.47189985185185
22909.99999926658,46,116,0.2839506172839506,-45.49390402469136
22919.99999926498,43,119,0.2654320987654321,-42.52691028395062
22929.99999926338,40,122,0.24691358024691357,-39.55991654320987
22939.999999261778,44,118,0.2716049382716049,-43.51590819753087
22949.999999260177,45,117,0.2777777777777778,-44.504906111111104
22959.999999258576,45,117,0.2777777777777778,-44.504906111111104
22969.999999256976,45,117,0.2777777777777778,-44.504906111111104
22979.999999255375,44,118,0.2716049382716049,-43.51590819753087
22989.999999253774,41,121,0.25308641975308643,-40.54891445679012
22999.999999252173,46,116,0.2839506172839506,-45.49390402469136
23009.999999250573,44,118,0.2716049382716049,-43.51590819753087
23019.999999248972,43,119,0.2654320987654321,-42.52691028395062
23029.99999924737,46,116,0.2839506172839506,-45.49390402469136
23039.99999924577,44,118,0.2716049382716049,-43.51590819753087
23049.99999924417,43,119,0.2654320987654321,-42.52691028395062
23059.99999924257,40,122,0.24691358024691357,-39.55991654320987
23069.99999924097,42,120,0.25925925925925924,-41.537912370370364
23079.999999239368,45,117,0.2777777777777778,-44.504906111111104
23089.999999237767,41,121,0.25308641975308643,-40.54891445679012
23099.999999236166,40,122,0.24691358024691357,-39.55991654320987
23109.999999234566,42,120,0.25925925925925924,-41.537912370370364
23119.999999232965,47,115,0.29012345679012347,-46.4829019382716
23129.999999231364,46,116,0.2839506172839506,-45.49390402469136
23139.999999229763,49,113,0.30246913580246915,-48.4608977654321
23149.999999228163,45,117,0.2777777777777778,-44.504906111111104
23159.999999226562,46,116,0.2839506172839506,-45.49390402469136
23169.99999922496,48,114,0.2962962962962963,-47.47189985185185
23179.99999922336,49,113,0.30246913580246915,-48.4608977654321
23189.99999922176,44,118,0.2716049382716049,-43.51590819753087
23199.99999922016,46,116,0.2839506172839506,-45.49390402469136
23209.99999921856,44,118,0.2716049382716049,-43.51590819753087
23219.999999216958,43,119,0.2654320987654321,-42.52691028395062
23229.999999215357,53,109,0.3271604938271605,-52.41688941975308
23239.999999213756,49,113,0.30246913580246915,-48.4608977654321
23249.999999212156,48,114,0.2962962962962963,-47.47189985185185
23259.999999210555,47,115,0.29012345679012347,-46.4829019382716
23269.999999208954,45,117,0.2777777777777778,-44.504906111111104
23279.999999207354,49,113,0.30246913580246915,-48.4608977654321
23289.999999205753,44,118,0.2716049382716049,-43.51590819753087
23299.999999204152,44,118,0.2716049382716049,-43.51590819753087
23309.99999920255,45,117,0.2777777777777778,-44.504906111111104
23319.99999920095,48,114,0.2962962962962963,-47.47189985185185
23329.99999919935,48,114,0.2962962962962963,-47.47189985185185
23339.99999919775,44,118,0.2716049382716049,-43.51590819753087
23349.99999919615,44,118,0.2716049382716049,-43.51590819753087
23359.999999194548,45,117,0.2777777777777778,-44.504906111111104
23369.999999192947,45,117,0.2777777777777778,-44.504906111111104
23379.999999191346,43,119,0.2654320987654321,-42.52691028395062
23389.999999189746,45,117,0.2777777777777778,-44.504906111111104
23399.999999188145,42,120,0.25925925925925924,-41.537912370370364
23409.999999186544,43,119,0.2654320987654321,-42.52691028395062
23419.999999184944,44,118,0.2716049382716049,-43.51590819753087
23429.999999183343,42,120,0.25925925925925924,-41.537912370370364
23439.999999181742,42,120,0.25925925925925924,-41.537912370370364
23449.99999918014,43,119,0.2654320987654321,-42.52691028395062
23459.99999917854,39,123,0.24074074074074073,-38.57091862962963
23469.99999917694,43,119,0.2654320987654321,-42.52691028395062
23479.99999917534,43,119,0.2654320987654321,-42.52691028395062
23489.99999917374,44,118,0.2716049382716049,-43.51590819753087
23499.999999172138,43,119,0.2654320987654321,-42.52691028395062
23509.999999170537,44,118,0.2716049382716049,-43.51590819753087
23519.999999168936,44,118,0.2716049382716049,-43.51590819753087
23529.999999167336,41,121,0.25308641975308643,-40.54891445679012
23539.999999165735,41,121,0.25308641975308643,-40.54891445679012
23549.999999164134,46,116,0.2839506172839506,-45.49390402469136
23559.999999162534,44,118,0.2716049382716049,-43.51590819753087
23569.999999160933,42,120,0.25925925925925924,-41.537912370370364
23579.999999159332,43,119,0.2654320987654321,-42.52691028395062
23589.99999915773,46,116,0.2839506172839506,-45.49390402469136
23599.99999915613,50,112,0.30864197530864196,-49.44989567901234
23609.99999915453,44,118,0.2716049382716049,-43.51590819753087
23619.99999915293,47,115,0.29012345679012347,-46.4829019382716
23629.99999915133,44,118,0.2716049382716049,-43.51590819753087
23639.999999149728,50,112,0.30864197530864196,-49.44989567901234
23649.999999148127,49,113,0.30246913580246915,-48.4608977654321
23659.999999146527,42,120,0.25925925925925924,-41.537912370370364
23669.999999144926,48,114,0.2962962962962963,-47.47189985185185
23679.999999143325,45,117,0.2777777777777778,-44.504906111111104
23689.999999141724,48,114,0.2962962962962963,-47.47189985185185
23699.999999140124,43,119,0.2654320987654321,-42.52691028395062
23709.999999138523,44,118,0.2716049382716049,-43.51590819753087
23719.999999136922,44,118,0.2716049382716049,-43.51590819753087
23729.99999913532,46,116,0.2839506172839506,-45.49390402469136
23739.99999913372,44,118,0.2716049382716049,-43.51590819753087
23749.99999913212,42,120,0.25925925925925924,-41.537912370370364
23759.99999913052,42,120,0.25925925925925924,-41.537912370370364
23769.99999912892,46,116,0.2839506172839506,-45.49390402469136
23779.999999127318,45,117,0.2777777777777778,-44.504906111111104
23789.999999125717,44,118,0.2716049382716049,-43.51590819753087
23799.999999124117,42,120,0.25925925925925924,-41.537912370370364
23809.999999122516,43,119,0.2654320987654321,-42.52691028395062
23819.999999120915,43,119,0.2654320987654321,-42.52691028395062
23829.999999119314,43,119,0.2654320987654321,-42.52691028395062
23839.999999117714,40,122,0.24691358024691357,-39.55991654320987
23849.999999116113,45,117,0.2777777777777778,-44.504906111111104
23859.999999114512,43,119,0.2654320987654321,-42.52691028395062
23869.99999911291,41,121,0.25308641975308643,-40.54891445679012
23879.99999911131,41,121,0.25308641975308643,-40.54891445679012
23889.99999910971,41,121,0.25308641975308643,-40.54891445679012
23899.99999910811,39,123,0.24074074074074073,-38.57091862962963
23909.99999910651,43,119,0.2654320987654321,-42.52691028395062
23919.999999104908,41,121,0.25308641975308643,-40.54891445679012
23929.999999103307,43,119,0.2654320987654321,-42.52691028395062
23939.999999101707,43,119,0.2654320987654321,-42.52691028395062
23949.999999100106,44,118,0.2716049382716049,-43.51590819753087
23959.999999098505,43,119,0.2654320987654321,-42.52691028395062
23969.999999096905,44,118,0.2716049382716049,-43.51590819753087
23979.999999095304,45,117,0.2777777777777778,-44.504906111111104
23989.999999093703,48,114,0.2962962962962963,-47.47189985185185
23999.999999092102,45,117,0.2777777777777778,-44.504906111111104
24009.9999990905,44,118,0.2716049382716049,-43.51590819753087
24019.9999990889,44,118,0.2716049382716049,-43.51590819753087
24029.9999990873,45,117,0.2777777777777778,-44.504906111111104
24039.9999990857,44,118,0.2716049382716049,-43.51590819753087
24049.9999990841,42,120,0.25925925925925924,-41.537912370370364
24059.999999082498,47,115,0.29012345679012347,-46.4829019382716
24069.999999080897,41,121,0.25308641975308643,-40.54891445679012
24079.999999079297,48,114,0.2962962962962963,-47.47189985185185
24089.999999077696,43,119,0.2654320987654321,-42.52691028395062
24099.999999076095,45,117,0.2777777777777778,-44.504906111111104
24109.999999074495,44,118,0.2716049382716049,-43.51590819753087
24119.999999072894,46,116,0.2839506172839506,-45.49390402469136
24129.999999071293,42,120,0.25925925925925924,-41.537912370370364
