time,number_A,number_HA,alpha,surf_ch_dens
140.00000000001765,100,62,0.6172839506172839,-197.79958271604937
150.00000000000855,60,102,0.37037037037037035,-118.67974962962963
159.99999999999946,34,128,0.20987654320987653,-67.25185812345678
169.99999999999037,23,139,0.1419753086419753,-45.49390402469136
179.99999999998127,21,141,0.12962962962962962,-41.537912370370364
189.99999999997218,16,146,0.09876543209876543,-31.647933234567898
199.99999999996308,13,149,0.08024691358024691,-25.71394575308642
209.99999999995399,14,148,0.08641975308641975,-27.691941580246915
219.9999999999449,13,149,0.08024691358024691,-25.71394575308642
229.9999999999358,11,151,0.06790123456790123,-21.757954098765435
239.9999999999267,9,153,0.05555555555555555,-17.80196244444444
249.9999999999176,4,158,0.024691358024691357,-7.911983308641974
259.99999999990854,8,154,0.04938271604938271,-15.823966617283949
269.99999999989944,8,154,0.04938271604938271,-15.823966617283949
279.99999999989035,10,152,0.06172839506172839,-19.779958271604936
289.99999999988125,12,150,0.07407407407407407,-23.735949925925926
299.99999999987216,7,155,0.043209876543209874,-13.845970790123458
309.99999999986306,9,153,0.05555555555555555,-17.80196244444444
319.99999999985397,11,151,0.06790123456790123,-21.757954098765435
329.9999999998449,13,149,0.08024691358024691,-25.71394575308642
339.9999999998358,11,151,0.06790123456790123,-21.757954098765435
349.9999999998267,8,154,0.04938271604938271,-15.823966617283949
359.9999999998176,10,152,0.06172839506172839,-19.779958271604936
369.9999999998085,9,153,0.05555555555555555,-17.80196244444444
379.9999999997994,7,155,0.043209876543209874,-13.845970790123458
389.9999999997903,12,150,0.07407407407407407,-23.735949925925926
399.9999999997812,10,152,0.06172839506172839,-19.779958271604936
409.9999999997721,11,151,0.06790123456790123,-21.757954098765435
419.999999999763,9,153,0.05555555555555555,-17.80196244444444
429.9999999997539,5,157,0.030864197530864196,-9.889979135802468
439.99999999974483,9,153,0.05555555555555555,-17.80196244444444
449.99999999973573,7,155,0.043209876543209874,-13.845970790123458
459.99999999972664,7,155,0.043209876543209874,-13.845970790123458
469.99999999971755,7,155,0.043209876543209874,-13.845970790123458
479.99999999970845,7,155,0.043209876543209874,-13.845970790123458
489.99999999969936,6,156,0.037037037037037035,-11.867974962962963
499.99999999969026,9,153,0.05555555555555555,-17.80196244444444
509.99999999968117,14,148,0.08641975308641975,-27.691941580246915
519.9999999996721,8,154,0.04938271604938271,-15.823966617283949
529.999999999663,11,151,0.06790123456790123,-21.757954098765435
539.9999999996539,10,152,0.06172839506172839,-19.779958271604936
549.9999999996448,6,156,0.037037037037037035,-11.867974962962963
559.9999999996357,8,154,0.04938271604938271,-15.823966617283949
569.9999999996267,10,152,0.06172839506172839,-19.779958271604936
579.9999999996176,8,154,0.04938271604938271,-15.823966617283949
589.9999999996085,5,157,0.030864197530864196,-9.889979135802468
599.9999999995994,5,157,0.030864197530864196,-9.889979135802468
609.9999999995903,9,153,0.05555555555555555,-17.80196244444444
619.9999999995812,10,152,0.06172839506172839,-19.779958271604936
629.9999999995721,9,153,0.05555555555555555,-17.80196244444444
639.999999999563,11,151,0.06790123456790123,-21.757954098765435
649.9999999995539,12,150,0.07407407407407407,-23.735949925925926
659.9999999995448,8,154,0.04938271604938271,-15.823966617283949
669.9999999995357,10,152,0.06172839506172839,-19.779958271604936
679.9999999995266,10,152,0.06172839506172839,-19.779958271604936
689.9999999995175,10,152,0.06172839506172839,-19.779958271604936
699.9999999995084,13,149,0.08024691358024691,-25.71394575308642
709.9999999994993,8,154,0.04938271604938271,-15.823966617283949
719.9999999994902,9,153,0.05555555555555555,-17.80196244444444
729.9999999994811,8,154,0.04938271604938271,-15.823966617283949
739.999999999472,7,155,0.043209876543209874,-13.845970790123458
749.999999999463,8,154,0.04938271604938271,-15.823966617283949
759.9999999994538,8,154,0.04938271604938271,-15.823966617283949
769.9999999994448,5,157,0.030864197530864196,-9.889979135802468
779.9999999994357,6,156,0.037037037037037035,-11.867974962962963
789.9999999994266,6,156,0.037037037037037035,-11.867974962962963
799.9999999994175,7,155,0.043209876543209874,-13.845970790123458
809.9999999994084,9,153,0.05555555555555555,-17.80196244444444
819.9999999993993,8,154,0.04938271604938271,-15.823966617283949
829.9999999993902,7,155,0.043209876543209874,-13.845970790123458
839.9999999993811,7,155,0.043209876543209874,-13.845970790123458
849.999999999372,7,155,0.043209876543209874,-13.845970790123458
859.9999999993629,8,154,0.04938271604938271,-15.823966617283949
869.9999999993538,7,155,0.043209876543209874,-13.845970790123458
879.9999999993447,10,152,0.06172839506172839,-19.779958271604936
889.9999999993356,9,153,0.05555555555555555,-17.80196244444444
899.9999999993265,8,154,0.04938271604938271,-15.823966617283949
909.9999999993174,10,152,0.06172839506172839,-19.779958271604936
919.9999999993083,11,151,0.06790123456790123,-21.757954098765435
929.9999999992992,10,152,0.06172839506172839,-19.779958271604936
939.9999999992901,8,154,0.04938271604938271,-15.823966617283949
949.999999999281,8,154,0.04938271604938271,-15.823966617283949
959.999999999272,6,156,0.037037037037037035,-11.867974962962963
969.9999999992629,7,155,0.043209876543209874,-13.845970790123458
979.9999999992538,8,154,0.04938271604938271,-15.823966617283949
989.9999999992447,9,153,0.05555555555555555,-17.80196244444444
999.9999999992356,8,154,0.04938271604938271,-15.823966617283949
1009.9999999992265,7,155,0.043209876543209874,-13.845970790123458
1019.9999999992174,10,152,0.06172839506172839,-19.779958271604936
1029.9999999992083,7,155,0.043209876543209874,-13.845970790123458
1039.9999999991992,8,154,0.04938271604938271,-15.823966617283949
1049.99999999919,6,156,0.037037037037037035,-11.867974962962963
1059.999999999181,8,154,0.04938271604938271,-15.823966617283949
1069.999999999172,6,156,0.037037037037037035,-11.867974962962963
1079.9999999991628,7,155,0.043209876543209874,-13.845970790123458
1089.9999999991537,7,155,0.043209876543209874,-13.845970790123458
1099.9999999991446,10,152,0.06172839506172839,-19.779958271604936
1109.9999999991355,8,154,0.04938271604938271,-15.823966617283949
1119.9999999991264,5,157,0.030864197530864196,-9.889979135802468
1129.9999999991173,9,153,0.05555555555555555,-17.80196244444444
1139.9999999991082,9,153,0.05555555555555555,-17.80196244444444
1149.9999999990991,4,158,0.024691358024691357,-7.911983308641974
1159.99999999909,8,154,0.04938271604938271,-15.823966617283949
1169.999999999081,7,155,0.043209876543209874,-13.845970790123458
1179.9999999990719,6,156,0.037037037037037035,-11.867974962962963
1189.9999999990628,6,156,0.037037037037037035,-11.867974962962963
1199.9999999990537,6,156,0.037037037037037035,-11.867974962962963
1209.9999999990446,8,154,0.04938271604938271,-15.823966617283949
1219.9999999990355,7,155,0.043209876543209874,-13.845970790123458
1229.9999999990264,6,156,0.037037037037037035,-11.867974962962963
1239.9999999990173,9,153,0.05555555555555555,-17.80196244444444
1249.9999999990082,9,153,0.05555555555555555,-17.80196244444444
1259.999999998999,9,153,0.05555555555555555,-17.80196244444444
1269.99999999899,7,155,0.043209876543209874,-13.845970790123458
1279.999999998981,8,154,0.04938271604938271,-15.823966617283949
1289.9999999989718,9,153,0.05555555555555555,-17.80196244444444
1299.9999999989627,9,153,0.05555555555555555,-17.80196244444444
1309.9999999989536,9,153,0.05555555555555555,-17.80196244444444
1319.9999999989445,9,153,0.05555555555555555,-17.80196244444444
1329.9999999989354,8,154,0.04938271604938271,-15.823966617283949
1339.9999999989263,8,154,0.04938271604938271,-15.823966617283949
1349.9999999989172,6,156,0.037037037037037035,-11.867974962962963
1359.9999999989082,9,153,0.05555555555555555,-17.80196244444444
1369.999999998899,8,154,0.04938271604938271,-15.823966617283949
1379.99999999889,5,157,0.030864197530864196,-9.889979135802468
1389.9999999988809,8,154,0.04938271604938271,-15.823966617283949
1399.9999999988718,3,159,0.018518518518518517,-5.9339874814814815
1409.9999999988627,12,150,0.07407407407407407,-23.735949925925926
1419.9999999988536,7,155,0.043209876543209874,-13.845970790123458
1429.9999999988445,6,156,0.037037037037037035,-11.867974962962963
1439.9999999988354,8,154,0.04938271604938271,-15.823966617283949
1449.9999999988263,9,153,0.05555555555555555,-17.80196244444444
1459.9999999988172,7,155,0.043209876543209874,-13.845970790123458
1469.999999998808,8,154,0.04938271604938271,-15.823966617283949
1479.999999998799,6,156,0.037037037037037035,-11.867974962962963
1489.99999999879,8,154,0.04938271604938271,-15.823966617283949
1499.9999999987808,7,155,0.043209876543209874,-13.845970790123458
1509.9999999987717,5,157,0.030864197530864196,-9.889979135802468
1519.9999999987626,5,157,0.030864197530864196,-9.889979135802468
1529.9999999987535,6,156,0.037037037037037035,-11.867974962962963
1539.9999999987444,8,154,0.04938271604938271,-15.823966617283949
1549.9999999987353,2,160,0.012345679012345678,-3.955991654320987
1559.9999999987263,8,154,0.04938271604938271,-15.823966617283949
1569.9999999987172,8,154,0.04938271604938271,-15.823966617283949
1579.999999998708,8,154,0.04938271604938271,-15.823966617283949
1589.999999998699,11,151,0.06790123456790123,-21.757954098765435
1599.9999999986899,7,155,0.043209876543209874,-13.845970790123458
1609.9999999986808,8,154,0.04938271604938271,-15.823966617283949
1619.9999999986717,9,153,0.05555555555555555,-17.80196244444444
1629.9999999986626,9,153,0.05555555555555555,-17.80196244444444
1639.9999999986535,5,157,0.030864197530864196,-9.889979135802468
1649.9999999986444,8,154,0.04938271604938271,-15.823966617283949
1659.9999999986353,10,152,0.06172839506172839,-19.779958271604936
1669.9999999986262,5,157,0.030864197530864196,-9.889979135802468
1679.999999998617,8,154,0.04938271604938271,-15.823966617283949
1689.999999998608,6,156,0.037037037037037035,-11.867974962962963
1699.999999998599,6,156,0.037037037037037035,-11.867974962962963
1709.9999999985898,8,154,0.04938271604938271,-15.823966617283949
1719.9999999985807,3,159,0.018518518518518517,-5.9339874814814815
1729.9999999985716,9,153,0.05555555555555555,-17.80196244444444
1739.9999999985625,9,153,0.05555555555555555,-17.80196244444444
1749.9999999985534,7,155,0.043209876543209874,-13.845970790123458
1759.9999999985444,8,154,0.04938271604938271,-15.823966617283949
1769.9999999985353,7,155,0.043209876543209874,-13.845970790123458
1779.9999999985262,8,154,0.04938271604938271,-15.823966617283949
1789.999999998517,3,159,0.018518518518518517,-5.9339874814814815
1799.999999998508,5,157,0.030864197530864196,-9.889979135802468
1809.9999999984989,4,158,0.024691358024691357,-7.911983308641974
1819.9999999984898,6,156,0.037037037037037035,-11.867974962962963
1829.9999999984807,8,154,0.04938271604938271,-15.823966617283949
1839.9999999984716,5,157,0.030864197530864196,-9.889979135802468
1849.9999999984625,5,157,0.030864197530864196,-9.889979135802468
1859.9999999984534,4,158,0.024691358024691357,-7.911983308641974
1869.9999999984443,6,156,0.037037037037037035,-11.867974962962963
1879.9999999984352,5,157,0.030864197530864196,-9.889979135802468
1889.9999999984261,8,154,0.04938271604938271,-15.823966617283949
1899.999999998417,10,152,0.06172839506172839,-19.779958271604936
1909.999999998408,10,152,0.06172839506172839,-19.779958271604936
1919.9999999983988,9,153,0.05555555555555555,-17.80196244444444
1929.9999999983897,7,155,0.043209876543209874,-13.845970790123458
1939.9999999983806,11,151,0.06790123456790123,-21.757954098765435
1949.9999999983715,8,154,0.04938271604938271,-15.823966617283949
1959.9999999983625,6,156,0.037037037037037035,-11.867974962962963
1969.9999999983534,9,153,0.05555555555555555,-17.80196244444444
1979.9999999983443,5,157,0.030864197530864196,-9.889979135802468
1989.9999999983352,6,156,0.037037037037037035,-11.867974962962963
1999.999999998326,7,155,0.043209876543209874,-13.845970790123458
2009.999999998317,8,154,0.04938271604938271,-15.823966617283949
2019.9999999983079,9,153,0.05555555555555555,-17.80196244444444
2029.9999999982988,7,155,0.043209876543209874,-13.845970790123458
2039.9999999982897,8,154,0.04938271604938271,-15.823966617283949
2049.999999998326,6,156,0.037037037037037035,-11.867974962962963
2059.9999999985444,7,155,0.043209876543209874,-13.845970790123458
2069.9999999987626,7,155,0.043209876543209874,-13.845970790123458
2079.999999998981,7,155,0.043209876543209874,-13.845970790123458
2089.999999999199,7,155,0.043209876543209874,-13.845970790123458
2099.9999999994175,6,156,0.037037037037037035,-11.867974962962963
2109.9999999996357,8,154,0.04938271604938271,-15.823966617283949
2119.999999999854,8,154,0.04938271604938271,-15.823966617283949
2130.0000000000723,5,157,0.030864197530864196,-9.889979135802468
2140.0000000002906,10,152,0.06172839506172839,-19.779958271604936
2150.000000000509,7,155,0.043209876543209874,-13.845970790123458
2160.000000000727,4,158,0.024691358024691357,-7.911983308641974
2170.0000000009454,7,155,0.043209876543209874,-13.845970790123458
2180.0000000011637,5,157,0.030864197530864196,-9.889979135802468
2190.000000001382,6,156,0.037037037037037035,-11.867974962962963
2200.0000000016003,7,155,0.043209876543209874,-13.845970790123458
2210.0000000018185,5,157,0.030864197530864196,-9.889979135802468
2220.000000002037,6,156,0.037037037037037035,-11.867974962962963
2230.000000002255,8,154,0.04938271604938271,-15.823966617283949
2240.0000000024734,6,156,0.037037037037037035,-11.867974962962963
2250.0000000026916,7,155,0.043209876543209874,-13.845970790123458
2260.00000000291,5,157,0.030864197530864196,-9.889979135802468
2270.000000003128,7,155,0.043209876543209874,-13.845970790123458
2280.0000000033465,8,154,0.04938271604938271,-15.823966617283949
2290.0000000035648,8,154,0.04938271604938271,-15.823966617283949
2300.000000003783,7,155,0.043209876543209874,-13.845970790123458
2310.0000000040013,7,155,0.043209876543209874,-13.845970790123458
2320.0000000042196,5,157,0.030864197530864196,-9.889979135802468
2330.000000004438,6,156,0.037037037037037035,-11.867974962962963
2340.000000004656,6,156,0.037037037037037035,-11.867974962962963
2350.0000000048744,7,155,0.043209876543209874,-13.845970790123458
2360.0000000050927,8,154,0.04938271604938271,-15.823966617283949
2370.000000005311,6,156,0.037037037037037035,-11.867974962962963
2380.0000000055293,6,156,0.037037037037037035,-11.867974962962963
2390.0000000057476,5,157,0.030864197530864196,-9.889979135802468
2400.000000005966,9,153,0.05555555555555555,-17.80196244444444
2410.000000006184,6,156,0.037037037037037035,-11.867974962962963
2420.0000000064024,8,154,0.04938271604938271,-15.823966617283949
2430.0000000066207,10,152,0.06172839506172839,-19.779958271604936
2440.000000006839,11,151,0.06790123456790123,-21.757954098765435
2450.000000007057,9,153,0.05555555555555555,-17.80196244444444
2460.0000000072755,8,154,0.04938271604938271,-15.823966617283949
2470.000000007494,5,157,0.030864197530864196,-9.889979135802468
2480.000000007712,5,157,0.030864197530864196,-9.889979135802468
2490.0000000079303,5,157,0.030864197530864196,-9.889979135802468
2500.0000000081486,5,157,0.030864197530864196,-9.889979135802468
2510.000000008367,4,158,0.024691358024691357,-7.911983308641974
2520.000000008585,7,155,0.043209876543209874,-13.845970790123458
2530.0000000088035,6,156,0.037037037037037035,-11.867974962962963
2540.0000000090217,2,160,0.012345679012345678,-3.955991654320987
2550.00000000924,7,155,0.043209876543209874,-13.845970790123458
2560.0000000094583,8,154,0.04938271604938271,-15.823966617283949
2570.0000000096766,6,156,0.037037037037037035,-11.867974962962963
2580.000000009895,5,157,0.030864197530864196,-9.889979135802468
2590.000000010113,4,158,0.024691358024691357,-7.911983308641974
2600.0000000103314,3,159,0.018518518518518517,-5.9339874814814815
2610.0000000105497,6,156,0.037037037037037035,-11.867974962962963
2620.000000010768,4,158,0.024691358024691357,-7.911983308641974
2630.0000000109862,7,155,0.043209876543209874,-13.845970790123458
2640.0000000112045,8,154,0.04938271604938271,-15.823966617283949
2650.000000011423,7,155,0.043209876543209874,-13.845970790123458
2660.000000011641,7,155,0.043209876543209874,-13.845970790123458
2670.0000000118594,7,155,0.043209876543209874,-13.845970790123458
2680.0000000120776,5,157,0.030864197530864196,-9.889979135802468
2690.000000012296,6,156,0.037037037037037035,-11.867974962962963
2700.000000012514,7,155,0.043209876543209874,-13.845970790123458
2710.0000000127325,8,154,0.04938271604938271,-15.823966617283949
2720.0000000129507,7,155,0.043209876543209874,-13.845970790123458
2730.000000013169,6,156,0.037037037037037035,-11.867974962962963
2740.0000000133873,4,158,0.024691358024691357,-7.911983308641974
2750.0000000136056,4,158,0.024691358024691357,-7.911983308641974
2760.000000013824,5,157,0.030864197530864196,-9.889979135802468
2770.000000014042,7,155,0.043209876543209874,-13.845970790123458
2780.0000000142604,6,156,0.037037037037037035,-11.867974962962963
2790.0000000144787,4,158,0.024691358024691357,-7.911983308641974
2800.000000014697,2,160,0.012345679012345678,-3.955991654320987
2810.0000000149153,3,159,0.018518518518518517,-5.9339874814814815
2820.0000000151335,6,156,0.037037037037037035,-11.867974962962963
2830.000000015352,6,156,0.037037037037037035,-11.867974962962963
2840.00000001557,7,155,0.043209876543209874,-13.845970790123458
2850.0000000157884,2,160,0.012345679012345678,-3.955991654320987
2860.0000000160067,4,158,0.024691358024691357,-7.911983308641974
2870.000000016225,4,158,0.024691358024691357,-7.911983308641974
2880.000000016443,5,157,0.030864197530864196,-9.889979135802468
2890.0000000166615,3,159,0.018518518518518517,-5.9339874814814815
2900.0000000168798,4,158,0.024691358024691357,-7.911983308641974
2910.000000017098,3,159,0.018518518518518517,-5.9339874814814815
2920.0000000173163,7,155,0.043209876543209874,-13.845970790123458
2930.0000000175346,10,152,0.06172839506172839,-19.779958271604936
2940.000000017753,7,155,0.043209876543209874,-13.845970790123458
2950.000000017971,10,152,0.06172839506172839,-19.779958271604936
2960.0000000181894,9,153,0.05555555555555555,-17.80196244444444
2970.0000000184077,9,153,0.05555555555555555,-17.80196244444444
2980.000000018626,12,150,0.07407407407407407,-23.735949925925926
2990.0000000188443,9,153,0.05555555555555555,-17.80196244444444
3000.0000000190626,8,154,0.04938271604938271,-15.823966617283949
3010.000000019281,10,152,0.06172839506172839,-19.779958271604936
3020.000000019499,10,152,0.06172839506172839,-19.779958271604936
3030.0000000197174,10,152,0.06172839506172839,-19.779958271604936
3040.0000000199357,9,153,0.05555555555555555,-17.80196244444444
3050.000000020154,7,155,0.043209876543209874,-13.845970790123458
3060.000000020372,7,155,0.043209876543209874,-13.845970790123458
3070.0000000205905,8,154,0.04938271604938271,-15.823966617283949
3080.000000020809,7,155,0.043209876543209874,-13.845970790123458
3090.000000021027,8,154,0.04938271604938271,-15.823966617283949
3100.0000000212453,8,154,0.04938271604938271,-15.823966617283949
3110.0000000214636,7,155,0.043209876543209874,-13.845970790123458
3120.000000021682,8,154,0.04938271604938271,-15.823966617283949
3130.0000000219,6,156,0.037037037037037035,-11.867974962962963
3140.0000000221185,6,156,0.037037037037037035,-11.867974962962963
3150.0000000223367,6,156,0.037037037037037035,-11.867974962962963
3160.000000022555,11,151,0.06790123456790123,-21.757954098765435
3170.0000000227733,6,156,0.037037037037037035,-11.867974962962963
3180.0000000229916,5,157,0.030864197530864196,-9.889979135802468
3190.00000002321,11,151,0.06790123456790123,-21.757954098765435
3200.000000023428,7,155,0.043209876543209874,-13.845970790123458
3210.0000000236464,5,157,0.030864197530864196,-9.889979135802468
3220.0000000238647,5,157,0.030864197530864196,-9.889979135802468
3230.000000024083,6,156,0.037037037037037035,-11.867974962962963
3240.0000000243012,8,154,0.04938271604938271,-15.823966617283949
3250.0000000245195,7,155,0.043209876543209874,-13.845970790123458
3260.000000024738,5,157,0.030864197530864196,-9.889979135802468
3270.000000024956,4,158,0.024691358024691357,-7.911983308641974
3280.0000000251744,9,153,0.05555555555555555,-17.80196244444444
3290.0000000253926,6,156,0.037037037037037035,-11.867974962962963
3300.000000025611,6,156,0.037037037037037035,-11.867974962962963
3310.000000025829,12,150,0.07407407407407407,-23.735949925925926
3320.0000000260475,11,151,0.06790123456790123,-21.757954098765435
3330.0000000262658,8,154,0.04938271604938271,-15.823966617283949
3340.000000026484,9,153,0.05555555555555555,-17.80196244444444
3350.0000000267023,7,155,0.043209876543209874,-13.845970790123458
3360.0000000269206,9,153,0.05555555555555555,-17.80196244444444
3370.000000027139,8,154,0.04938271604938271,-15.823966617283949
3380.000000027357,9,153,0.05555555555555555,-17.80196244444444
3390.0000000275754,7,155,0.043209876543209874,-13.845970790123458
3400.0000000277937,7,155,0.043209876543209874,-13.845970790123458
3410.000000028012,7,155,0.043209876543209874,-13.845970790123458
3420.0000000282303,5,157,0.030864197530864196,-9.889979135802468
3430.0000000284485,7,155,0.043209876543209874,-13.845970790123458
3440.000000028667,7,155,0.043209876543209874,-13.845970790123458
3450.000000028885,8,154,0.04938271604938271,-15.823966617283949
3460.0000000291034,7,155,0.043209876543209874,-13.845970790123458
3470.0000000293217,4,158,0.024691358024691357,-7.911983308641974
3480.00000002954,9,153,0.05555555555555555,-17.80196244444444
3490.000000029758,7,155,0.043209876543209874,-13.845970790123458
3500.0000000299765,8,154,0.04938271604938271,-15.823966617283949
3510.0000000301948,5,157,0.030864197530864196,-9.889979135802468
3520.000000030413,9,153,0.05555555555555555,-17.80196244444444
3530.0000000306313,7,155,0.043209876543209874,-13.845970790123458
3540.0000000308496,7,155,0.043209876543209874,-13.845970790123458
3550.000000031068,7,155,0.043209876543209874,-13.845970790123458
3560.000000031286,5,157,0.030864197530864196,-9.889979135802468
3570.0000000315044,5,157,0.030864197530864196,-9.889979135802468
3580.0000000317227,4,158,0.024691358024691357,-7.911983308641974
3590.000000031941,4,158,0.024691358024691357,-7.911983308641974
3600.0000000321593,5,157,0.030864197530864196,-9.889979135802468
3610.0000000323776,6,156,0.037037037037037035,-11.867974962962963
3620.000000032596,7,155,0.043209876543209874,-13.845970790123458
3630.000000032814,9,153,0.05555555555555555,-17.80196244444444
3640.0000000330324,9,153,0.05555555555555555,-17.80196244444444
3650.0000000332507,7,155,0.043209876543209874,-13.845970790123458
3660.000000033469,7,155,0.043209876543209874,-13.845970790123458
3670.0000000336872,8,154,0.04938271604938271,-15.823966617283949
3680.0000000339055,9,153,0.05555555555555555,-17.80196244444444
3690.000000034124,9,153,0.05555555555555555,-17.80196244444444
3700.000000034342,10,152,0.06172839506172839,-19.779958271604936
3710.0000000345603,7,155,0.043209876543209874,-13.845970790123458
3720.0000000347786,8,154,0.04938271604938271,-15.823966617283949
3730.000000034997,9,153,0.05555555555555555,-17.80196244444444
3740.000000035215,8,154,0.04938271604938271,-15.823966617283949
3750.0000000354335,7,155,0.043209876543209874,-13.845970790123458
3760.0000000356517,11,151,0.06790123456790123,-21.757954098765435
3770.00000003587,6,156,0.037037037037037035,-11.867974962962963
3780.0000000360883,5,157,0.030864197530864196,-9.889979135802468
3790.0000000363066,10,152,0.06172839506172839,-19.779958271604936
3800.000000036525,9,153,0.05555555555555555,-17.80196244444444
3810.000000036743,11,151,0.06790123456790123,-21.757954098765435
3820.0000000369614,6,156,0.037037037037037035,-11.867974962962963
3830.0000000371797,6,156,0.037037037037037035,-11.867974962962963
3840.000000037398,5,157,0.030864197530864196,-9.889979135802468
3850.0000000376162,11,151,0.06790123456790123,-21.757954098765435
3860.0000000378345,7,155,0.043209876543209874,-13.845970790123458
3870.000000038053,7,155,0.043209876543209874,-13.845970790123458
3880.000000038271,9,153,0.05555555555555555,-17.80196244444444
3890.0000000384894,9,153,0.05555555555555555,-17.80196244444444
3900.0000000387076,6,156,0.037037037037037035,-11.867974962962963
3910.000000038926,8,154,0.04938271604938271,-15.823966617283949
3920.000000039144,6,156,0.037037037037037035,-11.867974962962963
3930.0000000393625,8,154,0.04938271604938271,-15.823966617283949
3940.0000000395808,10,152,0.06172839506172839,-19.779958271604936
3950.000000039799,9,153,0.05555555555555555,-17.80196244444444
3960.0000000400173,6,156,0.037037037037037035,-11.867974962962963
3970.0000000402356,9,153,0.05555555555555555,-17.80196244444444
3980.000000040454,9,153,0.05555555555555555,-17.80196244444444
3990.000000040672,9,153,0.05555555555555555,-17.80196244444444
4000.0000000408904,7,155,0.043209876543209874,-13.845970790123458
4010.0000000411087,10,152,0.06172839506172839,-19.779958271604936
4020.000000041327,10,152,0.06172839506172839,-19.779958271604936
4030.0000000415453,10,152,0.06172839506172839,-19.779958271604936
4040.0000000417635,9,153,0.05555555555555555,-17.80196244444444
4050.000000041982,10,152,0.06172839506172839,-19.779958271604936
4060.0000000422,7,155,0.043209876543209874,-13.845970790123458
4070.0000000424184,14,148,0.08641975308641975,-27.691941580246915
4080.0000000426367,12,150,0.07407407407407407,-23.735949925925926
4090.000000042855,9,153,0.05555555555555555,-17.80196244444444
4100.000000043073,7,155,0.043209876543209874,-13.845970790123458
4110.000000043291,10,152,0.06172839506172839,-19.779958271604936
4120.000000043509,11,151,0.06790123456790123,-21.757954098765435
4130.000000043728,11,151,0.06790123456790123,-21.757954098765435
4140.000000043946,6,156,0.037037037037037035,-11.867974962962963
4150.000000044164,5,157,0.030864197530864196,-9.889979135802468
4160.000000044382,5,157,0.030864197530864196,-9.889979135802468
4170.000000044601,4,158,0.024691358024691357,-7.911983308641974
4180.000000044819,6,156,0.037037037037037035,-11.867974962962963
4190.000000045037,6,156,0.037037037037037035,-11.867974962962963
4200.000000045256,5,157,0.030864197530864196,-9.889979135802468
4210.000000045474,3,159,0.018518518518518517,-5.9339874814814815
4220.000000045692,9,153,0.05555555555555555,-17.80196244444444
4230.00000004591,5,157,0.030864197530864196,-9.889979135802468
4240.000000046129,7,155,0.043209876543209874,-13.845970790123458
4250.000000046347,6,156,0.037037037037037035,-11.867974962962963
4260.000000046565,3,159,0.018518518518518517,-5.9339874814814815
4270.0000000467835,6,156,0.037037037037037035,-11.867974962962963
4280.000000047002,5,157,0.030864197530864196,-9.889979135802468
4290.00000004722,6,156,0.037037037037037035,-11.867974962962963
4300.000000047438,7,155,0.043209876543209874,-13.845970790123458
4310.000000047657,4,158,0.024691358024691357,-7.911983308641974
4320.000000047875,6,156,0.037037037037037035,-11.867974962962963
4330.000000048093,6,156,0.037037037037037035,-11.867974962962963
4340.000000048311,5,157,0.030864197530864196,-9.889979135802468
4350.00000004853,7,155,0.043209876543209874,-13.845970790123458
4360.000000048748,7,155,0.043209876543209874,-13.845970790123458
4370.000000048966,7,155,0.043209876543209874,-13.845970790123458
4380.000000049185,7,155,0.043209876543209874,-13.845970790123458
4390.000000049403,6,156,0.037037037037037035,-11.867974962962963
4400.000000049621,6,156,0.037037037037037035,-11.867974962962963
4410.000000049839,6,156,0.037037037037037035,-11.867974962962963
4420.000000050058,5,157,0.030864197530864196,-9.889979135802468
4430.000000050276,8,154,0.04938271604938271,-15.823966617283949
4440.000000050494,8,154,0.04938271604938271,-15.823966617283949
4450.0000000507125,8,154,0.04938271604938271,-15.823966617283949
4460.000000050931,6,156,0.037037037037037035,-11.867974962962963
4470.000000051149,7,155,0.043209876543209874,-13.845970790123458
4480.000000051367,9,153,0.05555555555555555,-17.80196244444444
4490.000000051586,8,154,0.04938271604938271,-15.823966617283949
4500.000000051804,8,154,0.04938271604938271,-15.823966617283949
4510.000000052022,9,153,0.05555555555555555,-17.80196244444444
4520.0000000522405,4,158,0.024691358024691357,-7.911983308641974
4530.000000052459,5,157,0.030864197530864196,-9.889979135802468
4540.000000052677,8,154,0.04938271604938271,-15.823966617283949
4550.000000052895,8,154,0.04938271604938271,-15.823966617283949
4560.000000053114,5,157,0.030864197530864196,-9.889979135802468
4570.000000053332,4,158,0.024691358024691357,-7.911983308641974
4580.00000005355,5,157,0.030864197530864196,-9.889979135802468
4590.000000053768,5,157,0.030864197530864196,-9.889979135802468
4600.000000053987,3,159,0.018518518518518517,-5.9339874814814815
4610.000000054205,8,154,0.04938271604938271,-15.823966617283949
4620.000000054423,7,155,0.043209876543209874,-13.845970790123458
4630.0000000546415,4,158,0.024691358024691357,-7.911983308641974
4640.00000005486,8,154,0.04938271604938271,-15.823966617283949
4650.000000055078,5,157,0.030864197530864196,-9.889979135802468
4660.000000055296,9,153,0.05555555555555555,-17.80196244444444
4670.000000055515,6,156,0.037037037037037035,-11.867974962962963
4680.000000055733,7,155,0.043209876543209874,-13.845970790123458
4690.000000055951,8,154,0.04938271604938271,-15.823966617283949
4700.0000000561695,8,154,0.04938271604938271,-15.823966617283949
4710.000000056388,10,152,0.06172839506172839,-19.779958271604936
4720.000000056606,7,155,0.043209876543209874,-13.845970790123458
4730.000000056824,5,157,0.030864197530864196,-9.889979135802468
4740.000000057043,7,155,0.043209876543209874,-13.845970790123458
4750.000000057261,9,153,0.05555555555555555,-17.80196244444444
4760.000000057479,5,157,0.030864197530864196,-9.889979135802468
4770.000000057697,8,154,0.04938271604938271,-15.823966617283949
4780.000000057916,9,153,0.05555555555555555,-17.80196244444444
4790.000000058134,8,154,0.04938271604938271,-15.823966617283949
4800.000000058352,8,154,0.04938271604938271,-15.823966617283949
4810.000000058571,6,156,0.037037037037037035,-11.867974962962963
4820.000000058789,9,153,0.05555555555555555,-17.80196244444444
4830.000000059007,8,154,0.04938271604938271,-15.823966617283949
4840.000000059225,7,155,0.043209876543209874,-13.845970790123458
4850.000000059444,6,156,0.037037037037037035,-11.867974962962963
4860.000000059662,6,156,0.037037037037037035,-11.867974962962963
4870.00000005988,7,155,0.043209876543209874,-13.845970790123458
4880.0000000600985,5,157,0.030864197530864196,-9.889979135802468
4890.000000060317,5,157,0.030864197530864196,-9.889979135802468
4900.000000060535,9,153,0.05555555555555555,-17.80196244444444
4910.000000060753,5,157,0.030864197530864196,-9.889979135802468
4920.000000060972,5,157,0.030864197530864196,-9.889979135802468
4930.00000006119,7,155,0.043209876543209874,-13.845970790123458
4940.000000061408,6,156,0.037037037037037035,-11.867974962962963
4950.000000061626,6,156,0.037037037037037035,-11.867974962962963
4960.000000061845,5,157,0.030864197530864196,-9.889979135802468
4970.000000062063,9,153,0.05555555555555555,-17.80196244444444
4980.000000062281,6,156,0.037037037037037035,-11.867974962962963
4990.0000000625,8,154,0.04938271604938271,-15.823966617283949
5000.000000062718,6,156,0.037037037037037035,-11.867974962962963
5010.000000062936,5,157,0.030864197530864196,-9.889979135802468
5020.000000063154,4,158,0.024691358024691357,-7.911983308641974
5030.000000063373,7,155,0.043209876543209874,-13.845970790123458
5040.000000063591,7,155,0.043209876543209874,-13.845970790123458
5050.000000063809,7,155,0.043209876543209874,-13.845970790123458
5060.0000000640275,4,158,0.024691358024691357,-7.911983308641974
5070.000000064246,7,155,0.043209876543209874,-13.845970790123458
5080.000000064464,7,155,0.043209876543209874,-13.845970790123458
5090.000000064682,5,157,0.030864197530864196,-9.889979135802468
5100.000000064901,8,154,0.04938271604938271,-15.823966617283949
5110.000000065119,5,157,0.030864197530864196,-9.889979135802468
5120.000000065337,4,158,0.024691358024691357,-7.911983308641974
5130.0000000655555,7,155,0.043209876543209874,-13.845970790123458
5140.000000065774,7,155,0.043209876543209874,-13.845970790123458
5150.000000065992,6,156,0.037037037037037035,-11.867974962962963
5160.00000006621,9,153,0.05555555555555555,-17.80196244444444
5170.000000066429,7,155,0.043209876543209874,-13.845970790123458
5180.000000066647,6,156,0.037037037037037035,-11.867974962962963
5190.000000066865,5,157,0.030864197530864196,-9.889979135802468
5200.000000067083,6,156,0.037037037037037035,-11.867974962962963
5210.000000067302,7,155,0.043209876543209874,-13.845970790123458
5220.00000006752,6,156,0.037037037037037035,-11.867974962962963
5230.000000067738,4,158,0.024691358024691357,-7.911983308641974
5240.0000000679565,6,156,0.037037037037037035,-11.867974962962963
5250.000000068175,5,157,0.030864197530864196,-9.889979135802468
5260.000000068393,7,155,0.043209876543209874,-13.845970790123458
5270.000000068611,5,157,0.030864197530864196,-9.889979135802468
5280.00000006883,7,155,0.043209876543209874,-13.845970790123458
5290.000000069048,7,155,0.043209876543209874,-13.845970790123458
5300.000000069266,9,153,0.05555555555555555,-17.80196244444444
5310.0000000694845,5,157,0.030864197530864196,-9.889979135802468
5320.000000069703,3,159,0.018518518518518517,-5.9339874814814815
5330.000000069921,4,158,0.024691358024691357,-7.911983308641974
5340.000000070139,6,156,0.037037037037037035,-11.867974962962963
5350.000000070358,5,157,0.030864197530864196,-9.889979135802468
5360.000000070576,6,156,0.037037037037037035,-11.867974962962963
5370.000000070794,5,157,0.030864197530864196,-9.889979135802468
5380.000000071012,9,153,0.05555555555555555,-17.80196244444444
5390.000000071231,10,152,0.06172839506172839,-19.779958271604936
5400.000000071449,9,153,0.05555555555555555,-17.80196244444444
5410.000000071667,6,156,0.037037037037037035,-11.867974962962963
5420.000000071886,3,159,0.018518518518518517,-5.9339874814814815
5430.000000072104,7,155,0.043209876543209874,-13.845970790123458
5440.000000072322,6,156,0.037037037037037035,-11.867974962962963
5450.00000007254,6,156,0.037037037037037035,-11.867974962962963
5460.000000072759,7,155,0.043209876543209874,-13.845970790123458
5470.000000072977,7,155,0.043209876543209874,-13.845970790123458
5480.000000073195,5,157,0.030864197530864196,-9.889979135802468
5490.0000000734135,6,156,0.037037037037037035,-11.867974962962963
5500.000000073632,5,157,0.030864197530864196,-9.889979135802468
5510.00000007385,6,156,0.037037037037037035,-11.867974962962963
5520.000000074068,7,155,0.043209876543209874,-13.845970790123458
5530.000000074287,5,157,0.030864197530864196,-9.889979135802468
5540.000000074505,7,155,0.043209876543209874,-13.845970790123458
5550.000000074723,5,157,0.030864197530864196,-9.889979135802468
5560.000000074941,5,157,0.030864197530864196,-9.889979135802468
5570.00000007516,5,157,0.030864197530864196,-9.889979135802468
5580.000000075378,9,153,0.05555555555555555,-17.80196244444444
5590.000000075596,8,154,0.04938271604938271,-15.823966617283949
5600.000000075815,9,153,0.05555555555555555,-17.80196244444444
5610.000000076033,9,153,0.05555555555555555,-17.80196244444444
5620.000000076251,8,154,0.04938271604938271,-15.823966617283949
5630.000000076469,4,158,0.024691358024691357,-7.911983308641974
5640.000000076688,6,156,0.037037037037037035,-11.867974962962963
5650.000000076906,11,151,0.06790123456790123,-21.757954098765435
5660.000000077124,6,156,0.037037037037037035,-11.867974962962963
5670.0000000773425,5,157,0.030864197530864196,-9.889979135802468
5680.000000077561,6,156,0.037037037037037035,-11.867974962962963
5690.000000077779,5,157,0.030864197530864196,-9.889979135802468
5700.000000077997,6,156,0.037037037037037035,-11.867974962962963
5710.000000078216,9,153,0.05555555555555555,-17.80196244444444
5720.000000078434,5,157,0.030864197530864196,-9.889979135802468
5730.000000078652,5,157,0.030864197530864196,-9.889979135802468
5740.0000000788705,8,154,0.04938271604938271,-15.823966617283949
5750.000000079089,9,153,0.05555555555555555,-17.80196244444444
5760.000000079307,7,155,0.043209876543209874,-13.845970790123458
5770.000000079525,5,157,0.030864197530864196,-9.889979135802468
5780.000000079744,6,156,0.037037037037037035,-11.867974962962963
5790.000000079962,9,153,0.05555555555555555,-17.80196244444444
5800.00000008018,7,155,0.043209876543209874,-13.845970790123458
5810.000000080398,7,155,0.043209876543209874,-13.845970790123458
5820.000000080617,4,158,0.024691358024691357,-7.911983308641974
5830.000000080835,9,153,0.05555555555555555,-17.80196244444444
5840.000000081053,7,155,0.043209876543209874,-13.845970790123458
5850.0000000812715,4,158,0.024691358024691357,-7.911983308641974
5860.00000008149,7,155,0.043209876543209874,-13.845970790123458
5870.000000081708,9,153,0.05555555555555555,-17.80196244444444
5880.000000081926,8,154,0.04938271604938271,-15.823966617283949
5890.000000082145,13,149,0.08024691358024691,-25.71394575308642
5900.000000082363,6,156,0.037037037037037035,-11.867974962962963
5910.000000082581,9,153,0.05555555555555555,-17.80196244444444
5920.0000000827995,8,154,0.04938271604938271,-15.823966617283949
5930.000000083018,10,152,0.06172839506172839,-19.779958271604936
5940.000000083236,6,156,0.037037037037037035,-11.867974962962963
5950.000000083454,8,154,0.04938271604938271,-15.823966617283949
5960.000000083673,7,155,0.043209876543209874,-13.845970790123458
5970.000000083891,7,155,0.043209876543209874,-13.845970790123458
5980.000000084109,8,154,0.04938271604938271,-15.823966617283949
5990.000000084327,8,154,0.04938271604938271,-15.823966617283949
6000.000000084546,6,156,0.037037037037037035,-11.867974962962963
6010.000000084764,3,159,0.018518518518518517,-5.9339874814814815
6020.000000084982,6,156,0.037037037037037035,-11.867974962962963
6030.000000085201,4,158,0.024691358024691357,-7.911983308641974
6040.000000085419,6,156,0.037037037037037035,-11.867974962962963
6050.000000085637,5,157,0.030864197530864196,-9.889979135802468
6060.000000085855,7,155,0.043209876543209874,-13.845970790123458
6070.000000086074,6,156,0.037037037037037035,-11.867974962962963
6080.000000086292,4,158,0.024691358024691357,-7.911983308641974
6090.00000008651,7,155,0.043209876543209874,-13.845970790123458
6100.0000000867285,3,159,0.018518518518518517,-5.9339874814814815
6110.000000086947,3,159,0.018518518518518517,-5.9339874814814815
6120.000000087165,7,155,0.043209876543209874,-13.845970790123458
6130.000000087383,5,157,0.030864197530864196,-9.889979135802468
6140.000000087602,8,154,0.04938271604938271,-15.823966617283949
6150.00000008782,7,155,0.043209876543209874,-13.845970790123458
6160.000000088038,6,156,0.037037037037037035,-11.867974962962963
6170.0000000882565,5,157,0.030864197530864196,-9.889979135802468
6180.000000088475,6,156,0.037037037037037035,-11.867974962962963
6190.000000088693,6,156,0.037037037037037035,-11.867974962962963
6200.000000088911,3,159,0.018518518518518517,-5.9339874814814815
6210.00000008913,6,156,0.037037037037037035,-11.867974962962963
6220.000000089348,5,157,0.030864197530864196,-9.889979135802468
6230.000000089566,7,155,0.043209876543209874,-13.845970790123458
6240.000000089784,6,156,0.037037037037037035,-11.867974962962963
6250.000000090003,6,156,0.037037037037037035,-11.867974962962963
6260.000000090221,6,156,0.037037037037037035,-11.867974962962963
6270.000000090439,8,154,0.04938271604938271,-15.823966617283949
6280.0000000906575,7,155,0.043209876543209874,-13.845970790123458
6290.000000090876,6,156,0.037037037037037035,-11.867974962962963
6300.000000091094,6,156,0.037037037037037035,-11.867974962962963
6310.000000091312,7,155,0.043209876543209874,-13.845970790123458
6320.000000091531,7,155,0.043209876543209874,-13.845970790123458
6330.000000091749,7,155,0.043209876543209874,-13.845970790123458
6340.000000091967,10,152,0.06172839506172839,-19.779958271604936
6350.0000000921855,10,152,0.06172839506172839,-19.779958271604936
6360.000000092404,6,156,0.037037037037037035,-11.867974962962963
6370.000000092622,7,155,0.043209876543209874,-13.845970790123458
6380.00000009284,7,155,0.043209876543209874,-13.845970790123458
6390.000000093059,6,156,0.037037037037037035,-11.867974962962963
6400.000000093277,7,155,0.043209876543209874,-13.845970790123458
6410.000000093495,5,157,0.030864197530864196,-9.889979135802468
6420.000000093713,8,154,0.04938271604938271,-15.823966617283949
6430.000000093932,9,153,0.05555555555555555,-17.80196244444444
6440.00000009415,7,155,0.043209876543209874,-13.845970790123458
6450.000000094368,8,154,0.04938271604938271,-15.823966617283949
6460.0000000945865,7,155,0.043209876543209874,-13.845970790123458
6470.000000094805,6,156,0.037037037037037035,-11.867974962962963
6480.000000095023,5,157,0.030864197530864196,-9.889979135802468
6490.000000095241,6,156,0.037037037037037035,-11.867974962962963
6500.00000009546,8,154,0.04938271604938271,-15.823966617283949
6510.000000095678,6,156,0.037037037037037035,-11.867974962962963
6520.000000095896,3,159,0.018518518518518517,-5.9339874814814815
6530.0000000961145,5,157,0.030864197530864196,-9.889979135802468
6540.000000096333,4,158,0.024691358024691357,-7.911983308641974
6550.000000096551,3,159,0.018518518518518517,-5.9339874814814815
6560.000000096769,5,157,0.030864197530864196,-9.889979135802468
6570.000000096988,6,156,0.037037037037037035,-11.867974962962963
6580.000000097206,3,159,0.018518518518518517,-5.9339874814814815
6590.000000097424,2,160,0.012345679012345678,-3.955991654320987
6600.000000097642,3,159,0.018518518518518517,-5.9339874814814815
6610.000000097861,2,160,0.012345679012345678,-3.955991654320987
6620.000000098079,5,157,0.030864197530864196,-9.889979135802468
6630.000000098297,6,156,0.037037037037037035,-11.867974962962963
6640.000000098516,7,155,0.043209876543209874,-13.845970790123458
6650.000000098734,4,158,0.024691358024691357,-7.911983308641974
6660.000000098952,6,156,0.037037037037037035,-11.867974962962963
6670.00000009917,5,157,0.030864197530864196,-9.889979135802468
6680.000000099389,7,155,0.043209876543209874,-13.845970790123458
6690.000000099607,5,157,0.030864197530864196,-9.889979135802468
6700.000000099825,9,153,0.05555555555555555,-17.80196244444444
6710.0000001000435,10,152,0.06172839506172839,-19.779958271604936
6720.000000100262,5,157,0.030864197530864196,-9.889979135802468
6730.00000010048,5,157,0.030864197530864196,-9.889979135802468
6740.000000100698,8,154,0.04938271604938271,-15.823966617283949
6750.000000100917,12,150,0.07407407407407407,-23.735949925925926
6760.000000101135,10,152,0.06172839506172839,-19.779958271604936
6770.000000101353,9,153,0.05555555555555555,-17.80196244444444
6780.0000001015715,9,153,0.05555555555555555,-17.80196244444444
6790.00000010179,4,158,0.024691358024691357,-7.911983308641974
6800.000000102008,10,152,0.06172839506172839,-19.779958271604936
6810.000000102226,7,155,0.043209876543209874,-13.845970790123458
6820.000000102445,5,157,0.030864197530864196,-9.889979135802468
6830.000000102663,8,154,0.04938271604938271,-15.823966617283949
6840.000000102881,5,157,0.030864197530864196,-9.889979135802468
6850.000000103099,5,157,0.030864197530864196,-9.889979135802468
6860.000000103318,7,155,0.043209876543209874,-13.845970790123458
6870.000000103536,4,158,0.024691358024691357,-7.911983308641974
6880.000000103754,7,155,0.043209876543209874,-13.845970790123458
6890.0000001039725,8,154,0.04938271604938271,-15.823966617283949
6900.000000104191,5,157,0.030864197530864196,-9.889979135802468
6910.000000104409,3,159,0.018518518518518517,-5.9339874814814815
6920.000000104627,4,158,0.024691358024691357,-7.911983308641974
6930.000000104846,5,157,0.030864197530864196,-9.889979135802468
6940.000000105064,7,155,0.043209876543209874,-13.845970790123458
6950.000000105282,7,155,0.043209876543209874,-13.845970790123458
6960.0000001055005,7,155,0.043209876543209874,-13.845970790123458
6970.000000105719,6,156,0.037037037037037035,-11.867974962962963
6980.000000105937,5,157,0.030864197530864196,-9.889979135802468
6990.000000106155,7,155,0.043209876543209874,-13.845970790123458
7000.000000106374,5,157,0.030864197530864196,-9.889979135802468
7010.000000106592,8,154,0.04938271604938271,-15.823966617283949
7020.00000010681,5,157,0.030864197530864196,-9.889979135802468
7030.000000107028,5,157,0.030864197530864196,-9.889979135802468
7040.000000107247,6,156,0.037037037037037035,-11.867974962962963
7050.000000107465,3,159,0.018518518518518517,-5.9339874814814815
7060.000000107683,6,156,0.037037037037037035,-11.867974962962963
7070.0000001079015,4,158,0.024691358024691357,-7.911983308641974
7080.00000010812,9,153,0.05555555555555555,-17.80196244444444
7090.000000108338,7,155,0.043209876543209874,-13.845970790123458
7100.000000108556,6,156,0.037037037037037035,-11.867974962962963
7110.000000108775,5,157,0.030864197530864196,-9.889979135802468
7120.000000108993,3,159,0.018518518518518517,-5.9339874814814815
7130.000000109211,5,157,0.030864197530864196,-9.889979135802468
7140.0000001094295,4,158,0.024691358024691357,-7.911983308641974
7150.000000109648,6,156,0.037037037037037035,-11.867974962962963
7160.000000109866,4,158,0.024691358024691357,-7.911983308641974
7170.000000110084,3,159,0.018518518518518517,-5.9339874814814815
7180.000000110303,5,157,0.030864197530864196,-9.889979135802468
7190.000000110521,7,155,0.043209876543209874,-13.845970790123458
7200.000000110739,7,155,0.043209876543209874,-13.845970790123458
7210.000000110957,6,156,0.037037037037037035,-11.867974962962963
7220.000000111176,7,155,0.043209876543209874,-13.845970790123458
7230.000000111394,6,156,0.037037037037037035,-11.867974962962963
7240.000000111612,5,157,0.030864197530864196,-9.889979135802468
7250.000000111831,7,155,0.043209876543209874,-13.845970790123458
7260.000000112049,9,153,0.05555555555555555,-17.80196244444444
7270.000000112267,8,154,0.04938271604938271,-15.823966617283949
7280.000000112485,7,155,0.043209876543209874,-13.845970790123458
7290.000000112704,8,154,0.04938271604938271,-15.823966617283949
7300.000000112922,8,154,0.04938271604938271,-15.823966617283949
7310.00000011314,6,156,0.037037037037037035,-11.867974962962963
7320.0000001133585,9,153,0.05555555555555555,-17.80196244444444
7330.000000113577,9,153,0.05555555555555555,-17.80196244444444
7340.000000113795,6,156,0.037037037037037035,-11.867974962962963
7350.000000114013,6,156,0.037037037037037035,-11.867974962962963
7360.000000114232,6,156,0.037037037037037035,-11.867974962962963
7370.00000011445,7,155,0.043209876543209874,-13.845970790123458
7380.000000114668,6,156,0.037037037037037035,-11.867974962962963
7390.0000001148865,8,154,0.04938271604938271,-15.823966617283949
7400.000000115105,7,155,0.043209876543209874,-13.845970790123458
7410.000000115323,10,152,0.06172839506172839,-19.779958271604936
7420.000000115541,7,155,0.043209876543209874,-13.845970790123458
7430.00000011576,10,152,0.06172839506172839,-19.779958271604936
7440.000000115978,9,153,0.05555555555555555,-17.80196244444444
7450.000000116196,8,154,0.04938271604938271,-15.823966617283949
7460.000000116414,4,158,0.024691358024691357,-7.911983308641974
7470.000000116633,10,152,0.06172839506172839,-19.779958271604936
7480.000000116851,4,158,0.024691358024691357,-7.911983308641974
7490.000000117069,6,156,0.037037037037037035,-11.867974962962963
7500.0000001172875,4,158,0.024691358024691357,-7.911983308641974
7510.000000117506,5,157,0.030864197530864196,-9.889979135802468
7520.000000117724,4,158,0.024691358024691357,-7.911983308641974
7530.000000117942,3,159,0.018518518518518517,-5.9339874814814815
7540.000000118161,4,158,0.024691358024691357,-7.911983308641974
7550.000000118379,4,158,0.024691358024691357,-7.911983308641974
7560.000000118597,6,156,0.037037037037037035,-11.867974962962963
7570.0000001188155,5,157,0.030864197530864196,-9.889979135802468
7580.000000119034,5,157,0.030864197530864196,-9.889979135802468
7590.000000119252,6,156,0.037037037037037035,-11.867974962962963
7600.00000011947,8,154,0.04938271604938271,-15.823966617283949
7610.000000119689,7,155,0.043209876543209874,-13.845970790123458
7620.000000119907,5,157,0.030864197530864196,-9.889979135802468
7630.000000120125,7,155,0.043209876543209874,-13.845970790123458
7640.000000120343,5,157,0.030864197530864196,-9.889979135802468
7650.000000120562,6,156,0.037037037037037035,-11.867974962962963
7660.00000012078,6,156,0.037037037037037035,-11.867974962962963
7670.000000120998,5,157,0.030864197530864196,-9.889979135802468
7680.0000001212165,6,156,0.037037037037037035,-11.867974962962963
7690.000000121435,7,155,0.043209876543209874,-13.845970790123458
7700.000000121653,8,154,0.04938271604938271,-15.823966617283949
7710.000000121871,6,156,0.037037037037037035,-11.867974962962963
7720.00000012209,6,156,0.037037037037037035,-11.867974962962963
7730.000000122308,7,155,0.043209876543209874,-13.845970790123458
7740.000000122526,5,157,0.030864197530864196,-9.889979135802468
7750.0000001227445,9,153,0.05555555555555555,-17.80196244444444
7760.000000122963,6,156,0.037037037037037035,-11.867974962962963
7770.000000123181,8,154,0.04938271604938271,-15.823966617283949
7780.000000123399,10,152,0.06172839506172839,-19.779958271604936
7790.000000123618,5,157,0.030864197530864196,-9.889979135802468
7800.000000123836,7,155,0.043209876543209874,-13.845970790123458
7810.000000124054,9,153,0.05555555555555555,-17.80196244444444
7820.000000124272,7,155,0.043209876543209874,-13.845970790123458
7830.000000124491,4,158,0.024691358024691357,-7.911983308641974
7840.000000124709,6,156,0.037037037037037035,-11.867974962962963
7850.000000124927,5,157,0.030864197530864196,-9.889979135802468
7860.000000125146,3,159,0.018518518518518517,-5.9339874814814815
7870.000000125364,4,158,0.024691358024691357,-7.911983308641974
7880.000000125582,5,157,0.030864197530864196,-9.889979135802468
7890.0000001258,6,156,0.037037037037037035,-11.867974962962963
7900.000000126019,4,158,0.024691358024691357,-7.911983308641974
7910.000000126237,4,158,0.024691358024691357,-7.911983308641974
7920.000000126455,4,158,0.024691358024691357,-7.911983308641974
7930.0000001266735,6,156,0.037037037037037035,-11.867974962962963
7940.000000126892,7,155,0.043209876543209874,-13.845970790123458
7950.00000012711,7,155,0.043209876543209874,-13.845970790123458
7960.000000127328,5,157,0.030864197530864196,-9.889979135802468
7970.000000127547,8,154,0.04938271604938271,-15.823966617283949
7980.000000127765,3,159,0.018518518518518517,-5.9339874814814815
7990.000000127983,6,156,0.037037037037037035,-11.867974962962963
8000.0000001282015,9,153,0.05555555555555555,-17.80196244444444
8010.00000012842,8,154,0.04938271604938271,-15.823966617283949
8020.000000128638,9,153,0.05555555555555555,-17.80196244444444
8030.000000128856,6,156,0.037037037037037035,-11.867974962962963
8040.000000129075,8,154,0.04938271604938271,-15.823966617283949
8050.000000129293,11,151,0.06790123456790123,-21.757954098765435
8060.000000129511,7,155,0.043209876543209874,-13.845970790123458
8070.000000129729,10,152,0.06172839506172839,-19.779958271604936
8080.000000129948,10,152,0.06172839506172839,-19.779958271604936
8090.000000130166,6,156,0.037037037037037035,-11.867974962962963
8100.000000130384,6,156,0.037037037037037035,-11.867974962962963
8110.0000001306025,9,153,0.05555555555555555,-17.80196244444444
8120.000000130821,9,153,0.05555555555555555,-17.80196244444444
8130.000000131039,9,153,0.05555555555555555,-17.80196244444444
8140.000000131257,6,156,0.037037037037037035,-11.867974962962963
8150.000000131476,9,153,0.05555555555555555,-17.80196244444444
8160.000000131694,9,153,0.05555555555555555,-17.80196244444444
8170.000000131912,8,154,0.04938271604938271,-15.823966617283949
8180.0000001321305,6,156,0.037037037037037035,-11.867974962962963
8190.000000132349,9,153,0.05555555555555555,-17.80196244444444
8200.000000132566,8,154,0.04938271604938271,-15.823966617283949
8210.000000132784,6,156,0.037037037037037035,-11.867974962962963
8220.000000133003,8,154,0.04938271604938271,-15.823966617283949
8230.000000133221,6,156,0.037037037037037035,-11.867974962962963
8240.00000013344,5,157,0.030864197530864196,-9.889979135802468
8250.000000133658,4,158,0.024691358024691357,-7.911983308641974
8260.000000133876,6,156,0.037037037037037035,-11.867974962962963
8270.000000134094,4,158,0.024691358024691357,-7.911983308641974
8280.000000134312,5,157,0.030864197530864196,-9.889979135802468
8290.00000013453,8,154,0.04938271604938271,-15.823966617283949
8300.000000134749,4,158,0.024691358024691357,-7.911983308641974
8310.000000134967,5,157,0.030864197530864196,-9.889979135802468
8320.000000135185,3,159,0.018518518518518517,-5.9339874814814815
8330.000000135404,6,156,0.037037037037037035,-11.867974962962963
8340.000000135622,6,156,0.037037037037037035,-11.867974962962963
8350.00000013584,6,156,0.037037037037037035,-11.867974962962963
8360.000000136059,6,156,0.037037037037037035,-11.867974962962963
8370.000000136277,4,158,0.024691358024691357,-7.911983308641974
8380.000000136495,6,156,0.037037037037037035,-11.867974962962963
8390.000000136713,7,155,0.043209876543209874,-13.845970790123458
8400.000000136932,7,155,0.043209876543209874,-13.845970790123458
8410.00000013715,6,156,0.037037037037037035,-11.867974962962963
8420.000000137368,8,154,0.04938271604938271,-15.823966617283949
8430.000000137587,4,158,0.024691358024691357,-7.911983308641974
8440.000000137805,6,156,0.037037037037037035,-11.867974962962963
8450.000000138023,7,155,0.043209876543209874,-13.845970790123458
8460.000000138241,5,157,0.030864197530864196,-9.889979135802468
8470.00000013846,5,157,0.030864197530864196,-9.889979135802468
8480.000000138678,6,156,0.037037037037037035,-11.867974962962963
8490.000000138896,7,155,0.043209876543209874,-13.845970790123458
8500.000000139114,5,157,0.030864197530864196,-9.889979135802468
8510.000000139333,7,155,0.043209876543209874,-13.845970790123458
8520.000000139551,7,155,0.043209876543209874,-13.845970790123458
8530.00000013977,3,159,0.018518518518518517,-5.9339874814814815
8540.000000139988,6,156,0.037037037037037035,-11.867974962962963
8550.000000140206,5,157,0.030864197530864196,-9.889979135802468
8560.000000140424,7,155,0.043209876543209874,-13.845970790123458
8570.000000140642,7,155,0.043209876543209874,-13.845970790123458
8580.00000014086,3,159,0.018518518518518517,-5.9339874814814815
8590.000000141079,7,155,0.043209876543209874,-13.845970790123458
8600.000000141297,2,160,0.012345679012345678,-3.955991654320987
8610.000000141516,4,158,0.024691358024691357,-7.911983308641974
8620.000000141734,6,156,0.037037037037037035,-11.867974962962963
8630.000000141952,4,158,0.024691358024691357,-7.911983308641974
8640.00000014217,4,158,0.024691358024691357,-7.911983308641974
8650.000000142389,8,154,0.04938271604938271,-15.823966617283949
8660.000000142607,3,159,0.018518518518518517,-5.9339874814814815
8670.000000142825,9,153,0.05555555555555555,-17.80196244444444
8680.000000143044,1,161,0.006172839506172839,-1.9779958271604936
8690.000000143262,7,155,0.043209876543209874,-13.845970790123458
8700.00000014348,3,159,0.018518518518518517,-5.9339874814814815
8710.000000143698,5,157,0.030864197530864196,-9.889979135802468
8720.000000143917,3,159,0.018518518518518517,-5.9339874814814815
8730.000000144135,4,158,0.024691358024691357,-7.911983308641974
8740.000000144353,3,159,0.018518518518518517,-5.9339874814814815
8750.000000144571,2,160,0.012345679012345678,-3.955991654320987
8760.00000014479,4,158,0.024691358024691357,-7.911983308641974
8770.000000145008,3,159,0.018518518518518517,-5.9339874814814815
8780.000000145226,4,158,0.024691358024691357,-7.911983308641974
8790.000000145445,2,160,0.012345679012345678,-3.955991654320987
8800.000000145663,0,162,0.0,0.0
8810.000000145881,3,159,0.018518518518518517,-5.9339874814814815
8820.0000001461,1,161,0.006172839506172839,-1.9779958271604936
8830.000000146318,1,161,0.006172839506172839,-1.9779958271604936
8840.000000146536,4,158,0.024691358024691357,-7.911983308641974
8850.000000146754,3,159,0.018518518518518517,-5.9339874814814815
8860.000000146973,6,156,0.037037037037037035,-11.867974962962963
8870.00000014719,5,157,0.030864197530864196,-9.889979135802468
8880.000000147409,6,156,0.037037037037037035,-11.867974962962963
8890.000000147627,5,157,0.030864197530864196,-9.889979135802468
8900.000000147846,4,158,0.024691358024691357,-7.911983308641974
8910.000000148064,3,159,0.018518518518518517,-5.9339874814814815
8920.000000148282,5,157,0.030864197530864196,-9.889979135802468
8930.0000001485,6,156,0.037037037037037035,-11.867974962962963
8940.000000148719,5,157,0.030864197530864196,-9.889979135802468
8950.000000148937,5,157,0.030864197530864196,-9.889979135802468
8960.000000149155,6,156,0.037037037037037035,-11.867974962962963
8970.000000149374,5,157,0.030864197530864196,-9.889979135802468
8980.000000149592,8,154,0.04938271604938271,-15.823966617283949
8990.00000014981,6,156,0.037037037037037035,-11.867974962962963
9000.000000150028,4,158,0.024691358024691357,-7.911983308641974
9010.000000150247,4,158,0.024691358024691357,-7.911983308641974
9020.000000150465,5,157,0.030864197530864196,-9.889979135802468
9030.000000150683,5,157,0.030864197530864196,-9.889979135802468
9040.000000150902,7,155,0.043209876543209874,-13.845970790123458
9050.00000015112,4,158,0.024691358024691357,-7.911983308641974
9060.000000151338,3,159,0.018518518518518517,-5.9339874814814815
9070.000000151556,4,158,0.024691358024691357,-7.911983308641974
9080.000000151775,5,157,0.030864197530864196,-9.889979135802468
9090.000000151993,8,154,0.04938271604938271,-15.823966617283949
9100.000000152211,2,160,0.012345679012345678,-3.955991654320987
9110.00000015243,4,158,0.024691358024691357,-7.911983308641974
9120.000000152648,7,155,0.043209876543209874,-13.845970790123458
9130.000000152866,7,155,0.043209876543209874,-13.845970790123458
9140.000000153084,3,159,0.018518518518518517,-5.9339874814814815
9150.000000153303,8,154,0.04938271604938271,-15.823966617283949
9160.00000015352,6,156,0.037037037037037035,-11.867974962962963
9170.00000015374,3,159,0.018518518518518517,-5.9339874814814815
9180.000000153957,6,156,0.037037037037037035,-11.867974962962963
9190.000000154176,6,156,0.037037037037037035,-11.867974962962963
9200.000000154394,3,159,0.018518518518518517,-5.9339874814814815
9210.000000154612,7,155,0.043209876543209874,-13.845970790123458
9220.00000015483,7,155,0.043209876543209874,-13.845970790123458
9230.000000155049,5,157,0.030864197530864196,-9.889979135802468
9240.000000155267,8,154,0.04938271604938271,-15.823966617283949
9250.000000155485,8,154,0.04938271604938271,-15.823966617283949
9260.000000155704,6,156,0.037037037037037035,-11.867974962962963
9270.000000155922,7,155,0.043209876543209874,-13.845970790123458
9280.00000015614,7,155,0.043209876543209874,-13.845970790123458
9290.000000156359,9,153,0.05555555555555555,-17.80196244444444
9300.000000156577,8,154,0.04938271604938271,-15.823966617283949
9310.000000156795,8,154,0.04938271604938271,-15.823966617283949
9320.000000157013,6,156,0.037037037037037035,-11.867974962962963
9330.000000157232,10,152,0.06172839506172839,-19.779958271604936
9340.00000015745,6,156,0.037037037037037035,-11.867974962962963
9350.000000157668,8,154,0.04938271604938271,-15.823966617283949
9360.000000157886,8,154,0.04938271604938271,-15.823966617283949
9370.000000158105,10,152,0.06172839506172839,-19.779958271604936
9380.000000158323,9,153,0.05555555555555555,-17.80196244444444
9390.000000158541,8,154,0.04938271604938271,-15.823966617283949
9400.00000015876,7,155,0.043209876543209874,-13.845970790123458
9410.000000158978,8,154,0.04938271604938271,-15.823966617283949
9420.000000159196,6,156,0.037037037037037035,-11.867974962962963
9430.000000159414,9,153,0.05555555555555555,-17.80196244444444
9440.000000159633,8,154,0.04938271604938271,-15.823966617283949
9450.000000159851,9,153,0.05555555555555555,-17.80196244444444
9460.00000016007,6,156,0.037037037037037035,-11.867974962962963
9470.000000160288,7,155,0.043209876543209874,-13.845970790123458
9480.000000160506,4,158,0.024691358024691357,-7.911983308641974
9490.000000160724,5,157,0.030864197530864196,-9.889979135802468
9500.000000160942,8,154,0.04938271604938271,-15.823966617283949
9510.00000016116,6,156,0.037037037037037035,-11.867974962962963
9520.000000161379,5,157,0.030864197530864196,-9.889979135802468
9530.000000161597,6,156,0.037037037037037035,-11.867974962962963
9540.000000161815,4,158,0.024691358024691357,-7.911983308641974
9550.000000162034,9,153,0.05555555555555555,-17.80196244444444
9560.000000162252,7,155,0.043209876543209874,-13.845970790123458
9570.00000016247,9,153,0.05555555555555555,-17.80196244444444
9580.000000162689,8,154,0.04938271604938271,-15.823966617283949
9590.000000162907,6,156,0.037037037037037035,-11.867974962962963
9600.000000163125,9,153,0.05555555555555555,-17.80196244444444
9610.000000163343,12,150,0.07407407407407407,-23.735949925925926
9620.000000163562,5,157,0.030864197530864196,-9.889979135802468
9630.00000016378,6,156,0.037037037037037035,-11.867974962962963
9640.000000163998,9,153,0.05555555555555555,-17.80196244444444
9650.000000164217,8,154,0.04938271604938271,-15.823966617283949
9660.000000164435,6,156,0.037037037037037035,-11.867974962962963
9670.000000164653,4,158,0.024691358024691357,-7.911983308641974
9680.000000164871,8,154,0.04938271604938271,-15.823966617283949
9690.00000016509,4,158,0.024691358024691357,-7.911983308641974
9700.000000165308,6,156,0.037037037037037035,-11.867974962962963
9710.000000165526,3,159,0.018518518518518517,-5.9339874814814815
9720.000000165744,5,157,0.030864197530864196,-9.889979135802468
9730.000000165963,7,155,0.043209876543209874,-13.845970790123458
9740.000000166181,8,154,0.04938271604938271,-15.823966617283949
9750.0000001664,4,158,0.024691358024691357,-7.911983308641974
9760.000000166618,5,157,0.030864197530864196,-9.889979135802468
9770.000000166836,4,158,0.024691358024691357,-7.911983308641974
9780.000000167054,3,159,0.018518518518518517,-5.9339874814814815
9790.000000167272,2,160,0.012345679012345678,-3.955991654320987
9800.00000016749,5,157,0.030864197530864196,-9.889979135802468
9810.000000167709,6,156,0.037037037037037035,-11.867974962962963
9820.000000167927,7,155,0.043209876543209874,-13.845970790123458
9830.000000168146,5,157,0.030864197530864196,-9.889979135802468
9840.000000168364,7,155,0.043209876543209874,-13.845970790123458
9850.000000168582,4,158,0.024691358024691357,-7.911983308641974
9860.0000001688,6,156,0.037037037037037035,-11.867974962962963
9870.000000169019,4,158,0.024691358024691357,-7.911983308641974
9880.000000169237,5,157,0.030864197530864196,-9.889979135802468
9890.000000169455,6,156,0.037037037037037035,-11.867974962962963
9900.000000169674,5,157,0.030864197530864196,-9.889979135802468
9910.000000169892,7,155,0.043209876543209874,-13.845970790123458
9920.00000017011,6,156,0.037037037037037035,-11.867974962962963
9930.000000170328,6,156,0.037037037037037035,-11.867974962962963
9940.000000170547,7,155,0.043209876543209874,-13.845970790123458
9950.000000170765,5,157,0.030864197530864196,-9.889979135802468
9960.000000170983,5,157,0.030864197530864196,-9.889979135802468
9970.000000171201,5,157,0.030864197530864196,-9.889979135802468
9980.00000017142,7,155,0.043209876543209874,-13.845970790123458
9990.000000171638,5,157,0.030864197530864196,-9.889979135802468
10000.000000171856,5,157,0.030864197530864196,-9.889979135802468
10010.000000172075,5,157,0.030864197530864196,-9.889979135802468
10020.000000172293,4,158,0.024691358024691357,-7.911983308641974
10030.000000172511,6,156,0.037037037037037035,-11.867974962962963
10040.00000017273,8,154,0.04938271604938271,-15.823966617283949
10050.000000172948,6,156,0.037037037037037035,-11.867974962962963
10060.000000173166,5,157,0.030864197530864196,-9.889979135802468
10070.000000173384,6,156,0.037037037037037035,-11.867974962962963
10080.000000173603,6,156,0.037037037037037035,-11.867974962962963
10090.00000017382,3,159,0.018518518518518517,-5.9339874814814815
10100.000000174039,3,159,0.018518518518518517,-5.9339874814814815
10110.000000174257,3,159,0.018518518518518517,-5.9339874814814815
10120.000000174476,4,158,0.024691358024691357,-7.911983308641974
10130.000000174694,5,157,0.030864197530864196,-9.889979135802468
10140.000000174912,5,157,0.030864197530864196,-9.889979135802468
10150.00000017513,4,158,0.024691358024691357,-7.911983308641974
10160.000000175349,4,158,0.024691358024691357,-7.911983308641974
10170.000000175567,4,158,0.024691358024691357,-7.911983308641974
10180.000000175785,5,157,0.030864197530864196,-9.889979135802468
10190.000000176004,3,159,0.018518518518518517,-5.9339874814814815
10200.000000176222,6,156,0.037037037037037035,-11.867974962962963
10210.00000017644,6,156,0.037037037037037035,-11.867974962962963
10220.000000176658,5,157,0.030864197530864196,-9.889979135802468
10230.000000176877,4,158,0.024691358024691357,-7.911983308641974
10240.000000177095,7,155,0.043209876543209874,-13.845970790123458
10250.000000177313,5,157,0.030864197530864196,-9.889979135802468
10260.000000177532,3,159,0.018518518518518517,-5.9339874814814815
10270.00000017775,4,158,0.024691358024691357,-7.911983308641974
10280.000000177968,6,156,0.037037037037037035,-11.867974962962963
10290.000000178186,5,157,0.030864197530864196,-9.889979135802468
10300.000000178405,8,154,0.04938271604938271,-15.823966617283949
10310.000000178623,6,156,0.037037037037037035,-11.867974962962963
10320.000000178841,6,156,0.037037037037037035,-11.867974962962963
10330.00000017906,6,156,0.037037037037037035,-11.867974962962963
10340.000000179278,8,154,0.04938271604938271,-15.823966617283949
10350.000000179496,7,155,0.043209876543209874,-13.845970790123458
10360.000000179714,8,154,0.04938271604938271,-15.823966617283949
10370.000000179933,8,154,0.04938271604938271,-15.823966617283949
10380.00000018015,3,159,0.018518518518518517,-5.9339874814814815
10390.00000018037,3,159,0.018518518518518517,-5.9339874814814815
10400.000000180587,7,155,0.043209876543209874,-13.845970790123458
10410.000000180806,6,156,0.037037037037037035,-11.867974962962963
10420.000000181024,8,154,0.04938271604938271,-15.823966617283949
10430.000000181242,9,153,0.05555555555555555,-17.80196244444444
10440.00000018146,7,155,0.043209876543209874,-13.845970790123458
10450.000000181679,9,153,0.05555555555555555,-17.80196244444444
10460.000000181897,6,156,0.037037037037037035,-11.867974962962963
10470.000000182115,7,155,0.043209876543209874,-13.845970790123458
10480.000000182334,9,153,0.05555555555555555,-17.80196244444444
10490.000000182552,5,157,0.030864197530864196,-9.889979135802468
10500.00000018277,5,157,0.030864197530864196,-9.889979135802468
10510.000000182989,4,158,0.024691358024691357,-7.911983308641974
10520.000000183207,4,158,0.024691358024691357,-7.911983308641974
10530.000000183425,9,153,0.05555555555555555,-17.80196244444444
10540.000000183643,5,157,0.030864197530864196,-9.889979135802468
10550.000000183862,5,157,0.030864197530864196,-9.889979135802468
10560.00000018408,7,155,0.043209876543209874,-13.845970790123458
10570.000000184298,5,157,0.030864197530864196,-9.889979135802468
10580.000000184516,6,156,0.037037037037037035,-11.867974962962963
10590.000000184735,5,157,0.030864197530864196,-9.889979135802468
10600.000000184953,6,156,0.037037037037037035,-11.867974962962963
10610.000000185171,10,152,0.06172839506172839,-19.779958271604936
10620.00000018539,7,155,0.043209876543209874,-13.845970790123458
10630.000000185608,8,154,0.04938271604938271,-15.823966617283949
10640.000000185826,6,156,0.037037037037037035,-11.867974962962963
10650.000000186044,8,154,0.04938271604938271,-15.823966617283949
10660.000000186263,5,157,0.030864197530864196,-9.889979135802468
10670.000000186481,8,154,0.04938271604938271,-15.823966617283949
10680.0000001867,5,157,0.030864197530864196,-9.889979135802468
10690.000000186918,7,155,0.043209876543209874,-13.845970790123458
10700.000000187136,9,153,0.05555555555555555,-17.80196244444444
10710.000000187354,8,154,0.04938271604938271,-15.823966617283949
10720.000000187572,4,158,0.024691358024691357,-7.911983308641974
10730.00000018779,6,156,0.037037037037037035,-11.867974962962963
10740.000000188009,7,155,0.043209876543209874,-13.845970790123458
10750.000000188227,6,156,0.037037037037037035,-11.867974962962963
10760.000000188445,8,154,0.04938271604938271,-15.823966617283949
10770.000000188664,13,149,0.08024691358024691,-25.71394575308642
10780.000000188882,8,154,0.04938271604938271,-15.823966617283949
10790.0000001891,8,154,0.04938271604938271,-15.823966617283949
10800.000000189319,9,153,0.05555555555555555,-17.80196244444444
10810.000000189537,8,154,0.04938271604938271,-15.823966617283949
10820.000000189755,6,156,0.037037037037037035,-11.867974962962963
10830.000000189973,6,156,0.037037037037037035,-11.867974962962963
10840.000000190192,8,154,0.04938271604938271,-15.823966617283949
10850.00000019041,7,155,0.043209876543209874,-13.845970790123458
10860.000000190628,12,150,0.07407407407407407,-23.735949925925926
10870.000000190847,8,154,0.04938271604938271,-15.823966617283949
10880.000000191065,7,155,0.043209876543209874,-13.845970790123458
10890.000000191283,8,154,0.04938271604938271,-15.823966617283949
10900.000000191501,3,159,0.018518518518518517,-5.9339874814814815
10910.00000019172,5,157,0.030864197530864196,-9.889979135802468
10920.000000191938,4,158,0.024691358024691357,-7.911983308641974
10930.000000192156,5,157,0.030864197530864196,-9.889979135802468
10940.000000192375,5,157,0.030864197530864196,-9.889979135802468
10950.000000192593,6,156,0.037037037037037035,-11.867974962962963
10960.000000192811,4,158,0.024691358024691357,-7.911983308641974
10970.00000019303,4,158,0.024691358024691357,-7.911983308641974
10980.000000193248,6,156,0.037037037037037035,-11.867974962962963
10990.000000193466,3,159,0.018518518518518517,-5.9339874814814815
11000.000000193684,5,157,0.030864197530864196,-9.889979135802468
11010.000000193902,5,157,0.030864197530864196,-9.889979135802468
11020.00000019412,4,158,0.024691358024691357,-7.911983308641974
11030.000000194339,10,152,0.06172839506172839,-19.779958271604936
11040.000000194557,8,154,0.04938271604938271,-15.823966617283949
11050.000000194776,6,156,0.037037037037037035,-11.867974962962963
11060.000000194994,7,155,0.043209876543209874,-13.845970790123458
11070.000000195212,7,155,0.043209876543209874,-13.845970790123458
11080.00000019543,7,155,0.043209876543209874,-13.845970790123458
11090.000000195649,8,154,0.04938271604938271,-15.823966617283949
11100.000000195867,9,153,0.05555555555555555,-17.80196244444444
11110.000000196085,6,156,0.037037037037037035,-11.867974962962963
11120.000000196304,5,157,0.030864197530864196,-9.889979135802468
11130.000000196522,5,157,0.030864197530864196,-9.889979135802468
11140.00000019674,8,154,0.04938271604938271,-15.823966617283949
11150.000000196958,7,155,0.043209876543209874,-13.845970790123458
11160.000000197177,5,157,0.030864197530864196,-9.889979135802468
11170.000000197395,3,159,0.018518518518518517,-5.9339874814814815
11180.000000197613,5,157,0.030864197530864196,-9.889979135802468
11190.000000197831,7,155,0.043209876543209874,-13.845970790123458
11200.00000019805,5,157,0.030864197530864196,-9.889979135802468
11210.000000198268,6,156,0.037037037037037035,-11.867974962962963
11220.000000198486,6,156,0.037037037037037035,-11.867974962962963
11230.000000198705,10,152,0.06172839506172839,-19.779958271604936
11240.000000198923,9,153,0.05555555555555555,-17.80196244444444
11250.000000199141,6,156,0.037037037037037035,-11.867974962962963
11260.00000019936,6,156,0.037037037037037035,-11.867974962962963
11270.000000199578,8,154,0.04938271604938271,-15.823966617283949
11280.000000199796,6,156,0.037037037037037035,-11.867974962962963
11290.000000200014,9,153,0.05555555555555555,-17.80196244444444
11300.000000200233,6,156,0.037037037037037035,-11.867974962962963
11310.00000020045,7,155,0.043209876543209874,-13.845970790123458
11320.00000020067,9,153,0.05555555555555555,-17.80196244444444
11330.000000200887,8,154,0.04938271604938271,-15.823966617283949
11340.000000201106,5,157,0.030864197530864196,-9.889979135802468
11350.000000201324,5,157,0.030864197530864196,-9.889979135802468
11360.000000201542,5,157,0.030864197530864196,-9.889979135802468
11370.00000020176,5,157,0.030864197530864196,-9.889979135802468
11380.000000201979,9,153,0.05555555555555555,-17.80196244444444
11390.000000202197,6,156,0.037037037037037035,-11.867974962962963
11400.000000202415,7,155,0.043209876543209874,-13.845970790123458
11410.000000202634,8,154,0.04938271604938271,-15.823966617283949
11420.000000202852,5,157,0.030864197530864196,-9.889979135802468
11430.00000020307,5,157,0.030864197530864196,-9.889979135802468
11440.000000203288,5,157,0.030864197530864196,-9.889979135802468
11450.000000203507,7,155,0.043209876543209874,-13.845970790123458
11460.000000203725,4,158,0.024691358024691357,-7.911983308641974
11470.000000203943,7,155,0.043209876543209874,-13.845970790123458
11480.000000204162,7,155,0.043209876543209874,-13.845970790123458
11490.00000020438,5,157,0.030864197530864196,-9.889979135802468
11500.000000204598,5,157,0.030864197530864196,-9.889979135802468
11510.000000204816,5,157,0.030864197530864196,-9.889979135802468
11520.000000205035,4,158,0.024691358024691357,-7.911983308641974
11530.000000205253,7,155,0.043209876543209874,-13.845970790123458
11540.000000205471,8,154,0.04938271604938271,-15.823966617283949
11550.00000020569,6,156,0.037037037037037035,-11.867974962962963
11560.000000205908,4,158,0.024691358024691357,-7.911983308641974
11570.000000206126,5,157,0.030864197530864196,-9.889979135802468
11580.000000206344,5,157,0.030864197530864196,-9.889979135802468
11590.000000206563,3,159,0.018518518518518517,-5.9339874814814815
11600.00000020678,7,155,0.043209876543209874,-13.845970790123458
11610.000000207,4,158,0.024691358024691357,-7.911983308641974
11620.000000207217,7,155,0.043209876543209874,-13.845970790123458
11630.000000207436,4,158,0.024691358024691357,-7.911983308641974
11640.000000207654,6,156,0.037037037037037035,-11.867974962962963
11650.000000207872,4,158,0.024691358024691357,-7.911983308641974
11660.00000020809,8,154,0.04938271604938271,-15.823966617283949
11670.000000208309,7,155,0.043209876543209874,-13.845970790123458
11680.000000208527,4,158,0.024691358024691357,-7.911983308641974
11690.000000208745,5,157,0.030864197530864196,-9.889979135802468
11700.000000208964,6,156,0.037037037037037035,-11.867974962962963
11710.000000209182,8,154,0.04938271604938271,-15.823966617283949
11720.0000002094,5,157,0.030864197530864196,-9.889979135802468
11730.000000209619,4,158,0.024691358024691357,-7.911983308641974
11740.000000209837,8,154,0.04938271604938271,-15.823966617283949
11750.000000210055,8,154,0.04938271604938271,-15.823966617283949
11760.000000210273,6,156,0.037037037037037035,-11.867974962962963
11770.000000210492,8,154,0.04938271604938271,-15.823966617283949
11780.00000021071,7,155,0.043209876543209874,-13.845970790123458
11790.000000210928,6,156,0.037037037037037035,-11.867974962962963
11800.000000211146,4,158,0.024691358024691357,-7.911983308641974
11810.000000211365,6,156,0.037037037037037035,-11.867974962962963
11820.000000211583,5,157,0.030864197530864196,-9.889979135802468
11830.000000211801,5,157,0.030864197530864196,-9.889979135802468
11840.00000021202,10,152,0.06172839506172839,-19.779958271604936
11850.000000212238,6,156,0.037037037037037035,-11.867974962962963
11860.000000212456,6,156,0.037037037037037035,-11.867974962962963
11870.000000212674,6,156,0.037037037037037035,-11.867974962962963
11880.000000212893,5,157,0.030864197530864196,-9.889979135802468
11890.000000213111,5,157,0.030864197530864196,-9.889979135802468
11900.00000021333,6,156,0.037037037037037035,-11.867974962962963
11910.000000213548,3,159,0.018518518518518517,-5.9339874814814815
11920.000000213766,6,156,0.037037037037037035,-11.867974962962963
11930.000000213984,5,157,0.030864197530864196,-9.889979135802468
11940.000000214202,6,156,0.037037037037037035,-11.867974962962963
11950.00000021442,4,158,0.024691358024691357,-7.911983308641974
11960.000000214639,6,156,0.037037037037037035,-11.867974962962963
11970.000000214857,6,156,0.037037037037037035,-11.867974962962963
11980.000000215075,10,152,0.06172839506172839,-19.779958271604936
11990.000000215294,9,153,0.05555555555555555,-17.80196244444444
12000.000000215512,7,155,0.043209876543209874,-13.845970790123458
12010.00000021573,8,154,0.04938271604938271,-15.823966617283949
12020.000000215949,8,154,0.04938271604938271,-15.823966617283949
12030.000000216167,4,158,0.024691358024691357,-7.911983308641974
12040.000000216385,6,156,0.037037037037037035,-11.867974962962963
12050.000000216603,5,157,0.030864197530864196,-9.889979135802468
12060.000000216822,9,153,0.05555555555555555,-17.80196244444444
12070.00000021704,7,155,0.043209876543209874,-13.845970790123458
12080.000000217258,6,156,0.037037037037037035,-11.867974962962963
12090.000000217477,5,157,0.030864197530864196,-9.889979135802468
12100.000000217695,3,159,0.018518518518518517,-5.9339874814814815
12110.000000217913,8,154,0.04938271604938271,-15.823966617283949
12120.000000218131,5,157,0.030864197530864196,-9.889979135802468
12130.00000021835,6,156,0.037037037037037035,-11.867974962962963
12140.000000218568,10,152,0.06172839506172839,-19.779958271604936
12150.000000218786,9,153,0.05555555555555555,-17.80196244444444
12160.000000219005,8,154,0.04938271604938271,-15.823966617283949
12170.000000219223,6,156,0.037037037037037035,-11.867974962962963
12180.000000219441,5,157,0.030864197530864196,-9.889979135802468
12190.00000021966,5,157,0.030864197530864196,-9.889979135802468
12200.000000219878,4,158,0.024691358024691357,-7.911983308641974
12210.000000220096,9,153,0.05555555555555555,-17.80196244444444
12220.000000220314,5,157,0.030864197530864196,-9.889979135802468
12230.000000220532,9,153,0.05555555555555555,-17.80196244444444
12240.00000022075,6,156,0.037037037037037035,-11.867974962962963
12250.000000220969,5,157,0.030864197530864196,-9.889979135802468
12260.000000221187,6,156,0.037037037037037035,-11.867974962962963
12270.000000221406,7,155,0.043209876543209874,-13.845970790123458
12280.000000221624,2,160,0.012345679012345678,-3.955991654320987
12290.000000221842,5,157,0.030864197530864196,-9.889979135802468
12300.00000022206,7,155,0.043209876543209874,-13.845970790123458
12310.000000222279,6,156,0.037037037037037035,-11.867974962962963
12320.000000222497,7,155,0.043209876543209874,-13.845970790123458
12330.000000222715,9,153,0.05555555555555555,-17.80196244444444
12340.000000222934,7,155,0.043209876543209874,-13.845970790123458
12350.000000223152,6,156,0.037037037037037035,-11.867974962962963
12360.00000022337,8,154,0.04938271604938271,-15.823966617283949
12370.000000223588,7,155,0.043209876543209874,-13.845970790123458
12380.000000223807,4,158,0.024691358024691357,-7.911983308641974
12390.000000224025,7,155,0.043209876543209874,-13.845970790123458
12400.000000224243,3,159,0.018518518518518517,-5.9339874814814815
12410.000000224461,8,154,0.04938271604938271,-15.823966617283949
12420.00000022468,6,156,0.037037037037037035,-11.867974962962963
12430.000000224898,6,156,0.037037037037037035,-11.867974962962963
12440.000000225116,8,154,0.04938271604938271,-15.823966617283949
12450.000000225335,6,156,0.037037037037037035,-11.867974962962963
12460.000000225553,6,156,0.037037037037037035,-11.867974962962963
12470.000000225771,5,157,0.030864197530864196,-9.889979135802468
12480.00000022599,4,158,0.024691358024691357,-7.911983308641974
12490.000000226208,7,155,0.043209876543209874,-13.845970790123458
12500.000000226426,8,154,0.04938271604938271,-15.823966617283949
12510.000000226644,6,156,0.037037037037037035,-11.867974962962963
12520.000000226863,6,156,0.037037037037037035,-11.867974962962963
12530.00000022708,6,156,0.037037037037037035,-11.867974962962963
12540.0000002273,5,157,0.030864197530864196,-9.889979135802468
12550.000000227517,7,155,0.043209876543209874,-13.845970790123458
12560.000000227736,8,154,0.04938271604938271,-15.823966617283949
12570.000000227954,7,155,0.043209876543209874,-13.845970790123458
12580.000000228172,8,154,0.04938271604938271,-15.823966617283949
12590.00000022839,6,156,0.037037037037037035,-11.867974962962963
12600.000000228609,7,155,0.043209876543209874,-13.845970790123458
12610.000000228827,6,156,0.037037037037037035,-11.867974962962963
12620.000000229045,6,156,0.037037037037037035,-11.867974962962963
12630.000000229264,5,157,0.030864197530864196,-9.889979135802468
12640.000000229482,7,155,0.043209876543209874,-13.845970790123458
12650.0000002297,7,155,0.043209876543209874,-13.845970790123458
12660.000000229918,4,158,0.024691358024691357,-7.911983308641974
12670.000000230137,4,158,0.024691358024691357,-7.911983308641974
12680.000000230355,7,155,0.043209876543209874,-13.845970790123458
12690.000000230573,5,157,0.030864197530864196,-9.889979135802468
12700.000000230792,4,158,0.024691358024691357,-7.911983308641974
12710.00000023101,3,159,0.018518518518518517,-5.9339874814814815
12720.000000231228,7,155,0.043209876543209874,-13.845970790123458
12730.000000231446,4,158,0.024691358024691357,-7.911983308641974
12740.000000231665,7,155,0.043209876543209874,-13.845970790123458
12750.000000231883,4,158,0.024691358024691357,-7.911983308641974
12760.000000232101,9,153,0.05555555555555555,-17.80196244444444
12770.00000023232,7,155,0.043209876543209874,-13.845970790123458
12780.000000232538,10,152,0.06172839506172839,-19.779958271604936
12790.000000232756,8,154,0.04938271604938271,-15.823966617283949
12800.000000232974,5,157,0.030864197530864196,-9.889979135802468
12810.000000233193,7,155,0.043209876543209874,-13.845970790123458
12820.00000023341,9,153,0.05555555555555555,-17.80196244444444
12830.00000023363,8,154,0.04938271604938271,-15.823966617283949
12840.000000233847,7,155,0.043209876543209874,-13.845970790123458
12850.000000234066,5,157,0.030864197530864196,-9.889979135802468
12860.000000234284,6,156,0.037037037037037035,-11.867974962962963
12870.000000234502,7,155,0.043209876543209874,-13.845970790123458
12880.00000023472,9,153,0.05555555555555555,-17.80196244444444
12890.000000234939,8,154,0.04938271604938271,-15.823966617283949
12900.000000235157,7,155,0.043209876543209874,-13.845970790123458
12910.000000235375,5,157,0.030864197530864196,-9.889979135802468
12920.000000235594,8,154,0.04938271604938271,-15.823966617283949
12930.000000235812,5,157,0.030864197530864196,-9.889979135802468
12940.00000023603,6,156,0.037037037037037035,-11.867974962962963
12950.000000236249,8,154,0.04938271604938271,-15.823966617283949
12960.000000236467,8,154,0.04938271604938271,-15.823966617283949
12970.000000236685,7,155,0.043209876543209874,-13.845970790123458
12980.000000236903,5,157,0.030864197530864196,-9.889979135802468
12990.000000237122,7,155,0.043209876543209874,-13.845970790123458
13000.00000023734,8,154,0.04938271604938271,-15.823966617283949
13010.000000237558,7,155,0.043209876543209874,-13.845970790123458
13020.000000237776,7,155,0.043209876543209874,-13.845970790123458
13030.000000237995,8,154,0.04938271604938271,-15.823966617283949
13040.000000238213,7,155,0.043209876543209874,-13.845970790123458
13050.000000238431,5,157,0.030864197530864196,-9.889979135802468
13060.00000023865,7,155,0.043209876543209874,-13.845970790123458
13070.000000238868,5,157,0.030864197530864196,-9.889979135802468
13080.000000239086,7,155,0.043209876543209874,-13.845970790123458
13090.000000239304,11,151,0.06790123456790123,-21.757954098765435
13100.000000239523,9,153,0.05555555555555555,-17.80196244444444
13110.000000239741,12,150,0.07407407407407407,-23.735949925925926
13120.00000023996,10,152,0.06172839506172839,-19.779958271604936
13130.000000240178,8,154,0.04938271604938271,-15.823966617283949
13140.000000240396,9,153,0.05555555555555555,-17.80196244444444
13150.000000240614,9,153,0.05555555555555555,-17.80196244444444
13160.000000240832,11,151,0.06790123456790123,-21.757954098765435
13170.00000024105,9,153,0.05555555555555555,-17.80196244444444
13180.000000241269,7,155,0.043209876543209874,-13.845970790123458
13190.000000241487,9,153,0.05555555555555555,-17.80196244444444
13200.000000241705,6,156,0.037037037037037035,-11.867974962962963
13210.000000241924,7,155,0.043209876543209874,-13.845970790123458
13220.000000242142,11,151,0.06790123456790123,-21.757954098765435
13230.00000024236,7,155,0.043209876543209874,-13.845970790123458
13240.000000242579,10,152,0.06172839506172839,-19.779958271604936
13250.000000242797,9,153,0.05555555555555555,-17.80196244444444
13260.000000243015,8,154,0.04938271604938271,-15.823966617283949
13270.000000243233,6,156,0.037037037037037035,-11.867974962962963
13280.000000243452,5,157,0.030864197530864196,-9.889979135802468
13290.00000024367,6,156,0.037037037037037035,-11.867974962962963
13300.000000243888,3,159,0.018518518518518517,-5.9339874814814815
13310.000000244107,8,154,0.04938271604938271,-15.823966617283949
13320.000000244325,5,157,0.030864197530864196,-9.889979135802468
13330.000000244543,5,157,0.030864197530864196,-9.889979135802468
13340.000000244761,9,153,0.05555555555555555,-17.80196244444444
13350.00000024498,8,154,0.04938271604938271,-15.823966617283949
13360.000000245198,7,155,0.043209876543209874,-13.845970790123458
13370.000000245416,7,155,0.043209876543209874,-13.845970790123458
13380.000000245635,8,154,0.04938271604938271,-15.823966617283949
13390.000000245853,7,155,0.043209876543209874,-13.845970790123458
13400.000000246071,7,155,0.043209876543209874,-13.845970790123458
13410.00000024629,7,155,0.043209876543209874,-13.845970790123458
13420.000000246508,7,155,0.043209876543209874,-13.845970790123458
13430.000000246726,5,157,0.030864197530864196,-9.889979135802468
13440.000000246944,4,158,0.024691358024691357,-7.911983308641974
13450.000000247162,4,158,0.024691358024691357,-7.911983308641974
13460.00000024738,6,156,0.037037037037037035,-11.867974962962963
13470.000000247599,6,156,0.037037037037037035,-11.867974962962963
13480.000000247817,6,156,0.037037037037037035,-11.867974962962963
13490.000000248036,6,156,0.037037037037037035,-11.867974962962963
13500.000000248254,5,157,0.030864197530864196,-9.889979135802468
13510.000000248472,8,154,0.04938271604938271,-15.823966617283949
13520.00000024869,6,156,0.037037037037037035,-11.867974962962963
13530.000000248909,7,155,0.043209876543209874,-13.845970790123458
13540.000000249127,6,156,0.037037037037037035,-11.867974962962963
13550.000000249345,6,156,0.037037037037037035,-11.867974962962963
13560.000000249564,7,155,0.043209876543209874,-13.845970790123458
13570.000000249782,3,159,0.018518518518518517,-5.9339874814814815
13580.00000025,7,155,0.043209876543209874,-13.845970790123458
13590.000000250218,7,155,0.043209876543209874,-13.845970790123458
13600.000000250437,6,156,0.037037037037037035,-11.867974962962963
13610.000000250655,6,156,0.037037037037037035,-11.867974962962963
13620.000000250873,4,158,0.024691358024691357,-7.911983308641974
13630.000000251091,5,157,0.030864197530864196,-9.889979135802468
13640.00000025131,3,159,0.018518518518518517,-5.9339874814814815
13650.000000251528,4,158,0.024691358024691357,-7.911983308641974
13660.000000251746,4,158,0.024691358024691357,-7.911983308641974
13670.000000251965,7,155,0.043209876543209874,-13.845970790123458
13680.000000252183,5,157,0.030864197530864196,-9.889979135802468
13690.000000252401,6,156,0.037037037037037035,-11.867974962962963
13700.00000025262,6,156,0.037037037037037035,-11.867974962962963
13710.000000252838,4,158,0.024691358024691357,-7.911983308641974
13720.000000253056,5,157,0.030864197530864196,-9.889979135802468
13730.000000253274,3,159,0.018518518518518517,-5.9339874814814815
13740.000000253493,10,152,0.06172839506172839,-19.779958271604936
13750.00000025371,7,155,0.043209876543209874,-13.845970790123458
13760.00000025393,5,157,0.030864197530864196,-9.889979135802468
13770.000000254147,6,156,0.037037037037037035,-11.867974962962963
13780.000000254366,3,159,0.018518518518518517,-5.9339874814814815
13790.000000254584,6,156,0.037037037037037035,-11.867974962962963
13800.000000254802,9,153,0.05555555555555555,-17.80196244444444
13810.00000025502,6,156,0.037037037037037035,-11.867974962962963
13820.000000255239,9,153,0.05555555555555555,-17.80196244444444
13830.000000255457,5,157,0.030864197530864196,-9.889979135802468
13840.000000255675,9,153,0.05555555555555555,-17.80196244444444
13850.000000255894,8,154,0.04938271604938271,-15.823966617283949
13860.000000256112,10,152,0.06172839506172839,-19.779958271604936
13870.00000025633,8,154,0.04938271604938271,-15.823966617283949
13880.000000256548,5,157,0.030864197530864196,-9.889979135802468
13890.000000256767,6,156,0.037037037037037035,-11.867974962962963
13900.000000256985,8,154,0.04938271604938271,-15.823966617283949
13910.000000257203,6,156,0.037037037037037035,-11.867974962962963
13920.000000257422,7,155,0.043209876543209874,-13.845970790123458
13930.00000025764,5,157,0.030864197530864196,-9.889979135802468
13940.000000257858,6,156,0.037037037037037035,-11.867974962962963
13950.000000258076,7,155,0.043209876543209874,-13.845970790123458
13960.000000258295,6,156,0.037037037037037035,-11.867974962962963
13970.000000258513,7,155,0.043209876543209874,-13.845970790123458
13980.000000258731,7,155,0.043209876543209874,-13.845970790123458
13990.00000025895,7,155,0.043209876543209874,-13.845970790123458
14000.000000259168,5,157,0.030864197530864196,-9.889979135802468
14010.000000259386,8,154,0.04938271604938271,-15.823966617283949
14020.000000259604,9,153,0.05555555555555555,-17.80196244444444
14030.000000259823,6,156,0.037037037037037035,-11.867974962962963
14040.00000026004,4,158,0.024691358024691357,-7.911983308641974
14050.00000026026,6,156,0.037037037037037035,-11.867974962962963
14060.000000260477,6,156,0.037037037037037035,-11.867974962962963
14070.000000260696,4,158,0.024691358024691357,-7.911983308641974
14080.000000260914,6,156,0.037037037037037035,-11.867974962962963
14090.000000261132,4,158,0.024691358024691357,-7.911983308641974
14100.00000026135,6,156,0.037037037037037035,-11.867974962962963
14110.000000261569,8,154,0.04938271604938271,-15.823966617283949
14120.000000261787,5,157,0.030864197530864196,-9.889979135802468
14130.000000262005,2,160,0.012345679012345678,-3.955991654320987
14140.000000262224,5,157,0.030864197530864196,-9.889979135802468
14150.000000262442,4,158,0.024691358024691357,-7.911983308641974
14160.00000026266,7,155,0.043209876543209874,-13.845970790123458
14170.000000262879,5,157,0.030864197530864196,-9.889979135802468
14180.000000263097,9,153,0.05555555555555555,-17.80196244444444
14190.000000263315,4,158,0.024691358024691357,-7.911983308641974
14200.000000263533,7,155,0.043209876543209874,-13.845970790123458
14210.000000263752,7,155,0.043209876543209874,-13.845970790123458
14220.00000026397,7,155,0.043209876543209874,-13.845970790123458
14230.000000264188,6,156,0.037037037037037035,-11.867974962962963
14240.000000264406,4,158,0.024691358024691357,-7.911983308641974
14250.000000264625,7,155,0.043209876543209874,-13.845970790123458
14260.000000264843,5,157,0.030864197530864196,-9.889979135802468
14270.000000265061,6,156,0.037037037037037035,-11.867974962962963
14280.00000026528,7,155,0.043209876543209874,-13.845970790123458
14290.000000265498,4,158,0.024691358024691357,-7.911983308641974
14300.000000265716,8,154,0.04938271604938271,-15.823966617283949
14310.000000265934,4,158,0.024691358024691357,-7.911983308641974
14320.000000266153,8,154,0.04938271604938271,-15.823966617283949
14330.000000266371,4,158,0.024691358024691357,-7.911983308641974
14340.00000026659,8,154,0.04938271604938271,-15.823966617283949
14350.000000266808,9,153,0.05555555555555555,-17.80196244444444
14360.000000267026,6,156,0.037037037037037035,-11.867974962962963
14370.000000267244,5,157,0.030864197530864196,-9.889979135802468
14380.000000267462,6,156,0.037037037037037035,-11.867974962962963
14390.00000026768,7,155,0.043209876543209874,-13.845970790123458
14400.000000267899,9,153,0.05555555555555555,-17.80196244444444
14410.000000268117,8,154,0.04938271604938271,-15.823966617283949
14420.000000268335,9,153,0.05555555555555555,-17.80196244444444
14430.000000268554,7,155,0.043209876543209874,-13.845970790123458
14440.000000268772,7,155,0.043209876543209874,-13.845970790123458
14450.00000026899,5,157,0.030864197530864196,-9.889979135802468
14460.000000269209,8,154,0.04938271604938271,-15.823966617283949
14470.000000269427,5,157,0.030864197530864196,-9.889979135802468
14480.000000269645,4,158,0.024691358024691357,-7.911983308641974
14490.000000269863,8,154,0.04938271604938271,-15.823966617283949
14500.000000270082,7,155,0.043209876543209874,-13.845970790123458
14510.0000002703,6,156,0.037037037037037035,-11.867974962962963
14520.000000270518,6,156,0.037037037037037035,-11.867974962962963
14530.000000270737,5,157,0.030864197530864196,-9.889979135802468
14540.000000270955,9,153,0.05555555555555555,-17.80196244444444
14550.000000271173,5,157,0.030864197530864196,-9.889979135802468
14560.000000271391,7,155,0.043209876543209874,-13.845970790123458
14570.00000027161,5,157,0.030864197530864196,-9.889979135802468
14580.000000271828,7,155,0.043209876543209874,-13.845970790123458
14590.000000272046,7,155,0.043209876543209874,-13.845970790123458
14600.000000272265,7,155,0.043209876543209874,-13.845970790123458
14610.000000272483,5,157,0.030864197530864196,-9.889979135802468
14620.000000272701,8,154,0.04938271604938271,-15.823966617283949
14630.00000027292,6,156,0.037037037037037035,-11.867974962962963
14640.000000273138,7,155,0.043209876543209874,-13.845970790123458
14650.000000273356,6,156,0.037037037037037035,-11.867974962962963
14660.000000273574,7,155,0.043209876543209874,-13.845970790123458
14670.000000273792,8,154,0.04938271604938271,-15.823966617283949
14680.00000027401,5,157,0.030864197530864196,-9.889979135802468
14690.000000274229,9,153,0.05555555555555555,-17.80196244444444
14700.000000274447,8,154,0.04938271604938271,-15.823966617283949
14710.000000274666,7,155,0.043209876543209874,-13.845970790123458
14720.000000274884,4,158,0.024691358024691357,-7.911983308641974
14730.000000275102,5,157,0.030864197530864196,-9.889979135802468
14740.00000027532,7,155,0.043209876543209874,-13.845970790123458
14750.000000275539,4,158,0.024691358024691357,-7.911983308641974
14760.000000275757,8,154,0.04938271604938271,-15.823966617283949
14770.000000275975,9,153,0.05555555555555555,-17.80196244444444
14780.000000276194,9,153,0.05555555555555555,-17.80196244444444
14790.000000276412,5,157,0.030864197530864196,-9.889979135802468
14800.00000027663,7,155,0.043209876543209874,-13.845970790123458
14810.000000276848,6,156,0.037037037037037035,-11.867974962962963
14820.000000277067,9,153,0.05555555555555555,-17.80196244444444
14830.000000277285,7,155,0.043209876543209874,-13.845970790123458
14840.000000277503,7,155,0.043209876543209874,-13.845970790123458
14850.000000277721,7,155,0.043209876543209874,-13.845970790123458
14860.00000027794,5,157,0.030864197530864196,-9.889979135802468
14870.000000278158,7,155,0.043209876543209874,-13.845970790123458
14880.000000278376,9,153,0.05555555555555555,-17.80196244444444
14890.000000278595,10,152,0.06172839506172839,-19.779958271604936
14900.000000278813,5,157,0.030864197530864196,-9.889979135802468
14910.000000279031,8,154,0.04938271604938271,-15.823966617283949
14920.00000027925,7,155,0.043209876543209874,-13.845970790123458
14930.000000279468,8,154,0.04938271604938271,-15.823966617283949
14940.000000279686,9,153,0.05555555555555555,-17.80196244444444
14950.000000279904,8,154,0.04938271604938271,-15.823966617283949
14960.000000280123,6,156,0.037037037037037035,-11.867974962962963
14970.00000028034,5,157,0.030864197530864196,-9.889979135802468
14980.00000028056,6,156,0.037037037037037035,-11.867974962962963
14990.000000280777,6,156,0.037037037037037035,-11.867974962962963
15000.000000280996,6,156,0.037037037037037035,-11.867974962962963
15010.000000281214,7,155,0.043209876543209874,-13.845970790123458
15020.000000281432,7,155,0.043209876543209874,-13.845970790123458
15030.00000028165,5,157,0.030864197530864196,-9.889979135802468
15040.000000281869,3,159,0.018518518518518517,-5.9339874814814815
15050.000000282087,5,157,0.030864197530864196,-9.889979135802468
15060.000000282305,5,157,0.030864197530864196,-9.889979135802468
15070.000000282524,4,158,0.024691358024691357,-7.911983308641974
15080.000000282742,5,157,0.030864197530864196,-9.889979135802468
15090.00000028296,5,157,0.030864197530864196,-9.889979135802468
15100.000000283178,3,159,0.018518518518518517,-5.9339874814814815
15110.000000283397,5,157,0.030864197530864196,-9.889979135802468
15120.000000283615,8,154,0.04938271604938271,-15.823966617283949
15130.000000283833,3,159,0.018518518518518517,-5.9339874814814815
15140.000000284052,5,157,0.030864197530864196,-9.889979135802468
15150.00000028427,5,157,0.030864197530864196,-9.889979135802468
15160.000000284488,5,157,0.030864197530864196,-9.889979135802468
15170.000000284706,4,158,0.024691358024691357,-7.911983308641974
15180.000000284925,7,155,0.043209876543209874,-13.845970790123458
15190.000000285143,7,155,0.043209876543209874,-13.845970790123458
15200.000000285361,7,155,0.043209876543209874,-13.845970790123458
15210.00000028558,8,154,0.04938271604938271,-15.823966617283949
15220.000000285798,8,154,0.04938271604938271,-15.823966617283949
15230.000000286016,8,154,0.04938271604938271,-15.823966617283949
15240.000000286234,7,155,0.043209876543209874,-13.845970790123458
15250.000000286453,9,153,0.05555555555555555,-17.80196244444444
15260.000000286671,7,155,0.043209876543209874,-13.845970790123458
15270.00000028689,8,154,0.04938271604938271,-15.823966617283949
15280.000000287107,7,155,0.043209876543209874,-13.845970790123458
15290.000000287326,5,157,0.030864197530864196,-9.889979135802468
15300.000000287544,9,153,0.05555555555555555,-17.80196244444444
15310.000000287762,7,155,0.043209876543209874,-13.845970790123458
15320.00000028798,6,156,0.037037037037037035,-11.867974962962963
15330.000000288199,6,156,0.037037037037037035,-11.867974962962963
15340.000000288417,7,155,0.043209876543209874,-13.845970790123458
15350.000000288635,7,155,0.043209876543209874,-13.845970790123458
15360.000000288854,7,155,0.043209876543209874,-13.845970790123458
15370.000000289072,9,153,0.05555555555555555,-17.80196244444444
15380.00000028929,6,156,0.037037037037037035,-11.867974962962963
15390.000000289509,9,153,0.05555555555555555,-17.80196244444444
15400.000000289727,5,157,0.030864197530864196,-9.889979135802468
15410.000000289945,6,156,0.037037037037037035,-11.867974962962963
15420.000000290163,11,151,0.06790123456790123,-21.757954098765435
15430.000000290382,6,156,0.037037037037037035,-11.867974962962963
15440.0000002906,9,153,0.05555555555555555,-17.80196244444444
15450.000000290818,6,156,0.037037037037037035,-11.867974962962963
15460.000000291036,6,156,0.037037037037037035,-11.867974962962963
15470.000000291255,6,156,0.037037037037037035,-11.867974962962963
15480.000000291473,9,153,0.05555555555555555,-17.80196244444444
15490.000000291691,8,154,0.04938271604938271,-15.823966617283949
15500.00000029191,8,154,0.04938271604938271,-15.823966617283949
15510.000000292128,5,157,0.030864197530864196,-9.889979135802468
15520.000000292346,3,159,0.018518518518518517,-5.9339874814814815
15530.000000292564,6,156,0.037037037037037035,-11.867974962962963
15540.000000292783,8,154,0.04938271604938271,-15.823966617283949
15550.000000293001,6,156,0.037037037037037035,-11.867974962962963
15560.00000029322,7,155,0.043209876543209874,-13.845970790123458
15570.000000293438,5,157,0.030864197530864196,-9.889979135802468
15580.000000293656,5,157,0.030864197530864196,-9.889979135802468
15590.000000293874,6,156,0.037037037037037035,-11.867974962962963
15600.000000294092,6,156,0.037037037037037035,-11.867974962962963
15610.00000029431,4,158,0.024691358024691357,-7.911983308641974
15620.000000294529,6,156,0.037037037037037035,-11.867974962962963
15630.000000294747,6,156,0.037037037037037035,-11.867974962962963
15640.000000294966,9,153,0.05555555555555555,-17.80196244444444
15650.000000295184,6,156,0.037037037037037035,-11.867974962962963
15660.000000295402,4,158,0.024691358024691357,-7.911983308641974
15670.00000029562,5,157,0.030864197530864196,-9.889979135802468
15680.000000295839,7,155,0.043209876543209874,-13.845970790123458
15690.000000296057,6,156,0.037037037037037035,-11.867974962962963
15700.000000296275,5,157,0.030864197530864196,-9.889979135802468
15710.000000296493,6,156,0.037037037037037035,-11.867974962962963
15720.000000296712,6,156,0.037037037037037035,-11.867974962962963
15730.00000029693,5,157,0.030864197530864196,-9.889979135802468
15740.000000297148,3,159,0.018518518518518517,-5.9339874814814815
15750.000000297367,4,158,0.024691358024691357,-7.911983308641974
15760.000000297585,3,159,0.018518518518518517,-5.9339874814814815
15770.000000297803,3,159,0.018518518518518517,-5.9339874814814815
15780.000000298021,4,158,0.024691358024691357,-7.911983308641974
15790.00000029824,4,158,0.024691358024691357,-7.911983308641974
15800.000000298458,5,157,0.030864197530864196,-9.889979135802468
15810.000000298676,3,159,0.018518518518518517,-5.9339874814814815
15820.000000298895,6,156,0.037037037037037035,-11.867974962962963
15830.000000299113,5,157,0.030864197530864196,-9.889979135802468
15840.000000299331,6,156,0.037037037037037035,-11.867974962962963
15850.00000029955,7,155,0.043209876543209874,-13.845970790123458
15860.000000299768,4,158,0.024691358024691357,-7.911983308641974
15870.000000299986,6,156,0.037037037037037035,-11.867974962962963
15880.000000300204,3,159,0.018518518518518517,-5.9339874814814815
15890.000000300422,5,157,0.030864197530864196,-9.889979135802468
15900.00000030064,3,159,0.018518518518518517,-5.9339874814814815
15910.000000300859,3,159,0.018518518518518517,-5.9339874814814815
15920.000000301077,4,158,0.024691358024691357,-7.911983308641974
15930.000000301296,6,156,0.037037037037037035,-11.867974962962963
15940.000000301514,4,158,0.024691358024691357,-7.911983308641974
15950.000000301732,4,158,0.024691358024691357,-7.911983308641974
15960.00000030195,4,158,0.024691358024691357,-7.911983308641974
15970.000000302169,4,158,0.024691358024691357,-7.911983308641974
15980.000000302387,6,156,0.037037037037037035,-11.867974962962963
15990.000000302605,6,156,0.037037037037037035,-11.867974962962963
16000.000000302824,3,159,0.018518518518518517,-5.9339874814814815
16010.000000303042,3,159,0.018518518518518517,-5.9339874814814815
16020.00000030326,4,158,0.024691358024691357,-7.911983308641974
16030.000000303478,5,157,0.030864197530864196,-9.889979135802468
16040.000000303697,5,157,0.030864197530864196,-9.889979135802468
16050.000000303915,5,157,0.030864197530864196,-9.889979135802468
16060.000000304133,6,156,0.037037037037037035,-11.867974962962963
16070.000000304351,5,157,0.030864197530864196,-9.889979135802468
16080.00000030457,5,157,0.030864197530864196,-9.889979135802468
16090.000000304788,5,157,0.030864197530864196,-9.889979135802468
16100.000000305006,5,157,0.030864197530864196,-9.889979135802468
16110.000000305225,7,155,0.043209876543209874,-13.845970790123458
16120.000000305443,7,155,0.043209876543209874,-13.845970790123458
16130.000000305661,6,156,0.037037037037037035,-11.867974962962963
16140.00000030588,6,156,0.037037037037037035,-11.867974962962963
16150.000000306098,8,154,0.04938271604938271,-15.823966617283949
16160.000000306316,5,157,0.030864197530864196,-9.889979135802468
16170.000000306534,6,156,0.037037037037037035,-11.867974962962963
16180.000000306753,7,155,0.043209876543209874,-13.845970790123458
16190.00000030697,7,155,0.043209876543209874,-13.845970790123458
16200.00000030719,5,157,0.030864197530864196,-9.889979135802468
16210.000000307407,6,156,0.037037037037037035,-11.867974962962963
16220.000000307626,7,155,0.043209876543209874,-13.845970790123458
16230.000000307844,8,154,0.04938271604938271,-15.823966617283949
16240.000000308062,8,154,0.04938271604938271,-15.823966617283949
16250.00000030828,9,153,0.05555555555555555,-17.80196244444444
16260.000000308499,6,156,0.037037037037037035,-11.867974962962963
16270.000000308717,6,156,0.037037037037037035,-11.867974962962963
16280.000000308935,9,153,0.05555555555555555,-17.80196244444444
16290.000000309154,5,157,0.030864197530864196,-9.889979135802468
16300.000000309372,7,155,0.043209876543209874,-13.845970790123458
16310.00000030959,6,156,0.037037037037037035,-11.867974962962963
16320.000000309808,5,157,0.030864197530864196,-9.889979135802468
16330.000000310027,8,154,0.04938271604938271,-15.823966617283949
16340.000000310245,5,157,0.030864197530864196,-9.889979135802468
16350.000000310463,5,157,0.030864197530864196,-9.889979135802468
16360.000000310682,6,156,0.037037037037037035,-11.867974962962963
16370.0000003109,7,155,0.043209876543209874,-13.845970790123458
16380.000000311118,4,158,0.024691358024691357,-7.911983308641974
16390.000000310243,5,157,0.030864197530864196,-9.889979135802468
16400.000000308642,5,157,0.030864197530864196,-9.889979135802468
16410.00000030704,7,155,0.043209876543209874,-13.845970790123458
16420.00000030544,6,156,0.037037037037037035,-11.867974962962963
16430.00000030384,5,157,0.030864197530864196,-9.889979135802468
16440.00000030224,8,154,0.04938271604938271,-15.823966617283949
16450.00000030064,4,158,0.024691358024691357,-7.911983308641974
16460.00000029904,5,157,0.030864197530864196,-9.889979135802468
16470.000000297438,4,158,0.024691358024691357,-7.911983308641974
16480.000000295837,9,153,0.05555555555555555,-17.80196244444444
16490.000000294236,6,156,0.037037037037037035,-11.867974962962963
16500.000000292635,8,154,0.04938271604938271,-15.823966617283949
16510.000000291035,8,154,0.04938271604938271,-15.823966617283949
16520.000000289434,5,157,0.030864197530864196,-9.889979135802468
16530.000000287833,4,158,0.024691358024691357,-7.911983308641974
16540.000000286233,7,155,0.043209876543209874,-13.845970790123458
16550.000000284632,5,157,0.030864197530864196,-9.889979135802468
16560.00000028303,6,156,0.037037037037037035,-11.867974962962963
16570.00000028143,5,157,0.030864197530864196,-9.889979135802468
16580.00000027983,4,158,0.024691358024691357,-7.911983308641974
16590.00000027823,3,159,0.018518518518518517,-5.9339874814814815
16600.00000027663,4,158,0.024691358024691357,-7.911983308641974
16610.000000275028,4,158,0.024691358024691357,-7.911983308641974
16620.000000273427,4,158,0.024691358024691357,-7.911983308641974
16630.000000271826,4,158,0.024691358024691357,-7.911983308641974
16640.000000270225,4,158,0.024691358024691357,-7.911983308641974
16650.000000268625,3,159,0.018518518518518517,-5.9339874814814815
16660.000000267024,4,158,0.024691358024691357,-7.911983308641974
16670.000000265423,6,156,0.037037037037037035,-11.867974962962963
16680.000000263823,5,157,0.030864197530864196,-9.889979135802468
16690.000000262222,4,158,0.024691358024691357,-7.911983308641974
16700.00000026062,5,157,0.030864197530864196,-9.889979135802468
16710.00000025902,9,153,0.05555555555555555,-17.80196244444444
16720.00000025742,5,157,0.030864197530864196,-9.889979135802468
16730.00000025582,6,156,0.037037037037037035,-11.867974962962963
16740.00000025422,3,159,0.018518518518518517,-5.9339874814814815
16750.000000252618,4,158,0.024691358024691357,-7.911983308641974
16760.000000251017,5,157,0.030864197530864196,-9.889979135802468
16770.000000249416,6,156,0.037037037037037035,-11.867974962962963
16780.000000247815,5,157,0.030864197530864196,-9.889979135802468
16790.000000246215,7,155,0.043209876543209874,-13.845970790123458
16800.000000244614,4,158,0.024691358024691357,-7.911983308641974
16810.000000243013,6,156,0.037037037037037035,-11.867974962962963
16820.000000241413,3,159,0.018518518518518517,-5.9339874814814815
16830.000000239812,8,154,0.04938271604938271,-15.823966617283949
16840.00000023821,7,155,0.043209876543209874,-13.845970790123458
16850.00000023661,6,156,0.037037037037037035,-11.867974962962963
16860.00000023501,7,155,0.043209876543209874,-13.845970790123458
16870.00000023341,10,152,0.06172839506172839,-19.779958271604936
16880.00000023181,5,157,0.030864197530864196,-9.889979135802468
16890.000000230208,5,157,0.030864197530864196,-9.889979135802468
16900.000000228607,9,153,0.05555555555555555,-17.80196244444444
16910.000000227006,8,154,0.04938271604938271,-15.823966617283949
16920.000000225406,6,156,0.037037037037037035,-11.867974962962963
16930.000000223805,8,154,0.04938271604938271,-15.823966617283949
16940.000000222204,6,156,0.037037037037037035,-11.867974962962963
16950.000000220603,10,152,0.06172839506172839,-19.779958271604936
16960.000000219003,7,155,0.043209876543209874,-13.845970790123458
16970.000000217402,6,156,0.037037037037037035,-11.867974962962963
16980.0000002158,5,157,0.030864197530864196,-9.889979135802468
16990.0000002142,8,154,0.04938271604938271,-15.823966617283949
17000.0000002126,7,155,0.043209876543209874,-13.845970790123458
17010.000000211,7,155,0.043209876543209874,-13.845970790123458
17020.0000002094,6,156,0.037037037037037035,-11.867974962962963
17030.000000207798,5,157,0.030864197530864196,-9.889979135802468
17040.000000206197,8,154,0.04938271604938271,-15.823966617283949
17050.000000204596,7,155,0.043209876543209874,-13.845970790123458
17060.000000202996,5,157,0.030864197530864196,-9.889979135802468
17070.000000201395,8,154,0.04938271604938271,-15.823966617283949
17080.000000199794,5,157,0.030864197530864196,-9.889979135802468
17090.000000198193,4,158,0.024691358024691357,-7.911983308641974
17100.000000196593,10,152,0.06172839506172839,-19.779958271604936
17110.000000194992,6,156,0.037037037037037035,-11.867974962962963
17120.00000019339,8,154,0.04938271604938271,-15.823966617283949
17130.00000019179,6,156,0.037037037037037035,-11.867974962962963
17140.00000019019,9,153,0.05555555555555555,-17.80196244444444
17150.00000018859,6,156,0.037037037037037035,-11.867974962962963
17160.00000018699,9,153,0.05555555555555555,-17.80196244444444
17170.000000185388,9,153,0.05555555555555555,-17.80196244444444
17180.000000183787,6,156,0.037037037037037035,-11.867974962962963
17190.000000182186,4,158,0.024691358024691357,-7.911983308641974
17200.000000180586,8,154,0.04938271604938271,-15.823966617283949
17210.000000178985,4,158,0.024691358024691357,-7.911983308641974
17220.000000177384,8,154,0.04938271604938271,-15.823966617283949
17230.000000175783,6,156,0.037037037037037035,-11.867974962962963
17240.000000174183,6,156,0.037037037037037035,-11.867974962962963
17250.000000172582,7,155,0.043209876543209874,-13.845970790123458
17260.00000017098,6,156,0.037037037037037035,-11.867974962962963
17270.00000016938,3,159,0.018518518518518517,-5.9339874814814815
17280.00000016778,6,156,0.037037037037037035,-11.867974962962963
17290.00000016618,5,157,0.030864197530864196,-9.889979135802468
17300.00000016458,9,153,0.05555555555555555,-17.80196244444444
17310.000000162978,4,158,0.024691358024691357,-7.911983308641974
17320.000000161377,5,157,0.030864197530864196,-9.889979135802468
17330.000000159776,8,154,0.04938271604938271,-15.823966617283949
17340.000000158176,8,154,0.04938271604938271,-15.823966617283949
17350.000000156575,5,157,0.030864197530864196,-9.889979135802468
17360.000000154974,2,160,0.012345679012345678,-3.955991654320987
17370.000000153374,6,156,0.037037037037037035,-11.867974962962963
17380.000000151773,5,157,0.030864197530864196,-9.889979135802468
17390.000000150172,8,154,0.04938271604938271,-15.823966617283949
17400.00000014857,4,158,0.024691358024691357,-7.911983308641974
17410.00000014697,7,155,0.043209876543209874,-13.845970790123458
17420.00000014537,4,158,0.024691358024691357,-7.911983308641974
17430.00000014377,7,155,0.043209876543209874,-13.845970790123458
17440.00000014217,9,153,0.05555555555555555,-17.80196244444444
17450.000000140568,4,158,0.024691358024691357,-7.911983308641974
17460.000000138967,6,156,0.037037037037037035,-11.867974962962963
17470.000000137366,6,156,0.037037037037037035,-11.867974962962963
17480.000000135766,5,157,0.030864197530864196,-9.889979135802468
17490.000000134165,6,156,0.037037037037037035,-11.867974962962963
17500.000000132564,3,159,0.018518518518518517,-5.9339874814814815
17510.000000130964,8,154,0.04938271604938271,-15.823966617283949
17520.000000129363,8,154,0.04938271604938271,-15.823966617283949
17530.000000127762,5,157,0.030864197530864196,-9.889979135802468
17540.00000012616,6,156,0.037037037037037035,-11.867974962962963
17550.00000012456,5,157,0.030864197530864196,-9.889979135802468
17560.00000012296,5,157,0.030864197530864196,-9.889979135802468
17570.00000012136,6,156,0.037037037037037035,-11.867974962962963
17580.00000011976,4,158,0.024691358024691357,-7.911983308641974
17590.000000118158,5,157,0.030864197530864196,-9.889979135802468
17600.000000116557,6,156,0.037037037037037035,-11.867974962962963
17610.000000114956,7,155,0.043209876543209874,-13.845970790123458
17620.000000113356,5,157,0.030864197530864196,-9.889979135802468
17630.000000111755,3,159,0.018518518518518517,-5.9339874814814815
17640.000000110154,8,154,0.04938271604938271,-15.823966617283949
17650.000000108554,5,157,0.030864197530864196,-9.889979135802468
17660.000000106953,4,158,0.024691358024691357,-7.911983308641974
17670.000000105352,6,156,0.037037037037037035,-11.867974962962963
17680.00000010375,9,153,0.05555555555555555,-17.80196244444444
17690.00000010215,9,153,0.05555555555555555,-17.80196244444444
17700.00000010055,9,153,0.05555555555555555,-17.80196244444444
17710.00000009895,9,153,0.05555555555555555,-17.80196244444444
17720.00000009735,6,156,0.037037037037037035,-11.867974962962963
17730.000000095748,7,155,0.043209876543209874,-13.845970790123458
17740.000000094147,10,152,0.06172839506172839,-19.779958271604936
17750.000000092547,10,152,0.06172839506172839,-19.779958271604936
17760.000000090946,10,152,0.06172839506172839,-19.779958271604936
17770.000000089345,11,151,0.06790123456790123,-21.757954098765435
17780.000000087744,8,154,0.04938271604938271,-15.823966617283949
17790.000000086144,8,154,0.04938271604938271,-15.823966617283949
17800.000000084543,9,153,0.05555555555555555,-17.80196244444444
17810.000000082942,7,155,0.043209876543209874,-13.845970790123458
17820.00000008134,10,152,0.06172839506172839,-19.779958271604936
17830.00000007974,4,158,0.024691358024691357,-7.911983308641974
17840.00000007814,7,155,0.043209876543209874,-13.845970790123458
17850.00000007654,5,157,0.030864197530864196,-9.889979135802468
17860.00000007494,12,150,0.07407407407407407,-23.735949925925926
17870.000000073338,9,153,0.05555555555555555,-17.80196244444444
17880.000000071737,8,154,0.04938271604938271,-15.823966617283949
17890.000000070137,8,154,0.04938271604938271,-15.823966617283949
17900.000000068536,10,152,0.06172839506172839,-19.779958271604936
17910.000000066935,4,158,0.024691358024691357,-7.911983308641974
17920.000000065334,7,155,0.043209876543209874,-13.845970790123458
17930.000000063734,6,156,0.037037037037037035,-11.867974962962963
17940.000000062133,8,154,0.04938271604938271,-15.823966617283949
17950.000000060532,5,157,0.030864197530864196,-9.889979135802468
17960.00000005893,8,154,0.04938271604938271,-15.823966617283949
17970.00000005733,7,155,0.043209876543209874,-13.845970790123458
17980.00000005573,8,154,0.04938271604938271,-15.823966617283949
17990.00000005413,5,157,0.030864197530864196,-9.889979135802468
18000.00000005253,7,155,0.043209876543209874,-13.845970790123458
18010.000000050928,2,160,0.012345679012345678,-3.955991654320987
18020.000000049327,4,158,0.024691358024691357,-7.911983308641974
18030.000000047727,6,156,0.037037037037037035,-11.867974962962963
18040.000000046126,5,157,0.030864197530864196,-9.889979135802468
18050.000000044525,6,156,0.037037037037037035,-11.867974962962963
18060.000000042925,6,156,0.037037037037037035,-11.867974962962963
18070.000000041324,6,156,0.037037037037037035,-11.867974962962963
18080.000000039723,8,154,0.04938271604938271,-15.823966617283949
18090.000000038122,5,157,0.030864197530864196,-9.889979135802468
18100.00000003652,9,153,0.05555555555555555,-17.80196244444444
18110.00000003492,5,157,0.030864197530864196,-9.889979135802468
18120.00000003332,5,157,0.030864197530864196,-9.889979135802468
18130.00000003172,7,155,0.043209876543209874,-13.845970790123458
18140.00000003012,6,156,0.037037037037037035,-11.867974962962963
18150.000000028518,5,157,0.030864197530864196,-9.889979135802468
18160.000000026917,5,157,0.030864197530864196,-9.889979135802468
18170.000000025317,4,158,0.024691358024691357,-7.911983308641974
18180.000000023716,6,156,0.037037037037037035,-11.867974962962963
18190.000000022115,7,155,0.043209876543209874,-13.845970790123458
18200.000000020515,8,154,0.04938271604938271,-15.823966617283949
18210.000000018914,7,155,0.043209876543209874,-13.845970790123458
18220.000000017313,5,157,0.030864197530864196,-9.889979135802468
18230.000000015712,5,157,0.030864197530864196,-9.889979135802468
18240.00000001411,6,156,0.037037037037037035,-11.867974962962963
18250.00000001251,5,157,0.030864197530864196,-9.889979135802468
18260.00000001091,6,156,0.037037037037037035,-11.867974962962963
18270.00000000931,9,153,0.05555555555555555,-17.80196244444444
18280.00000000771,6,156,0.037037037037037035,-11.867974962962963
18290.000000006108,7,155,0.043209876543209874,-13.845970790123458
18300.000000004507,11,151,0.06790123456790123,-21.757954098765435
18310.000000002907,6,156,0.037037037037037035,-11.867974962962963
18320.000000001306,8,154,0.04938271604938271,-15.823966617283949
18329.999999999705,6,156,0.037037037037037035,-11.867974962962963
18339.999999998105,7,155,0.043209876543209874,-13.845970790123458
18349.999999996504,4,158,0.024691358024691357,-7.911983308641974
18359.999999994903,5,157,0.030864197530864196,-9.889979135802468
18369.999999993302,7,155,0.043209876543209874,-13.845970790123458
18379.9999999917,9,153,0.05555555555555555,-17.80196244444444
18389.9999999901,8,154,0.04938271604938271,-15.823966617283949
18399.9999999885,6,156,0.037037037037037035,-11.867974962962963
18409.9999999869,4,158,0.024691358024691357,-7.911983308641974
18419.9999999853,8,154,0.04938271604938271,-15.823966617283949
18429.9999999837,6,156,0.037037037037037035,-11.867974962962963
18439.999999982098,8,154,0.04938271604938271,-15.823966617283949
18449.999999980497,6,156,0.037037037037037035,-11.867974962962963
18459.999999978896,6,156,0.037037037037037035,-11.867974962962963
18469.999999977295,5,157,0.030864197530864196,-9.889979135802468
18479.999999975695,4,158,0.024691358024691357,-7.911983308641974
18489.999999974094,3,159,0.018518518518518517,-5.9339874814814815
18499.999999972493,5,157,0.030864197530864196,-9.889979135802468
18509.999999970893,6,156,0.037037037037037035,-11.867974962962963
18519.999999969292,3,159,0.018518518518518517,-5.9339874814814815
18529.99999996769,5,157,0.030864197530864196,-9.889979135802468
18539.99999996609,6,156,0.037037037037037035,-11.867974962962963
18549.99999996449,5,157,0.030864197530864196,-9.889979135802468
18559.99999996289,5,157,0.030864197530864196,-9.889979135802468
18569.99999996129,4,158,0.024691358024691357,-7.911983308641974
18579.999999959688,4,158,0.024691358024691357,-7.911983308641974
18589.999999958087,1,161,0.006172839506172839,-1.9779958271604936
18599.999999956486,6,156,0.037037037037037035,-11.867974962962963
18609.999999954885,4,158,0.024691358024691357,-7.911983308641974
18619.999999953285,3,159,0.018518518518518517,-5.9339874814814815
18629.999999951684,2,160,0.012345679012345678,-3.955991654320987
18639.999999950083,5,157,0.030864197530864196,-9.889979135802468
18649.999999948483,4,158,0.024691358024691357,-7.911983308641974
18659.999999946882,9,153,0.05555555555555555,-17.80196244444444
18669.99999994528,6,156,0.037037037037037035,-11.867974962962963
18679.99999994368,5,157,0.030864197530864196,-9.889979135802468
18689.99999994208,6,156,0.037037037037037035,-11.867974962962963
18699.99999994048,8,154,0.04938271604938271,-15.823966617283949
18709.99999993888,3,159,0.018518518518518517,-5.9339874814814815
18719.999999937278,6,156,0.037037037037037035,-11.867974962962963
18729.999999935677,5,157,0.030864197530864196,-9.889979135802468
18739.999999934076,6,156,0.037037037037037035,-11.867974962962963
18749.999999932475,4,158,0.024691358024691357,-7.911983308641974
18759.999999930875,5,157,0.030864197530864196,-9.889979135802468
18769.999999929274,5,157,0.030864197530864196,-9.889979135802468
18779.999999927673,6,156,0.037037037037037035,-11.867974962962963
18789.999999926073,6,156,0.037037037037037035,-11.867974962962963
18799.999999924472,6,156,0.037037037037037035,-11.867974962962963
18809.99999992287,8,154,0.04938271604938271,-15.823966617283949
18819.99999992127,6,156,0.037037037037037035,-11.867974962962963
18829.99999991967,7,155,0.043209876543209874,-13.845970790123458
18839.99999991807,5,157,0.030864197530864196,-9.889979135802468
18849.99999991647,4,158,0.024691358024691357,-7.911983308641974
18859.999999914868,5,157,0.030864197530864196,-9.889979135802468
18869.999999913267,4,158,0.024691358024691357,-7.911983308641974
18879.999999911666,6,156,0.037037037037037035,-11.867974962962963
18889.999999910066,4,158,0.024691358024691357,-7.911983308641974
18899.999999908465,7,155,0.043209876543209874,-13.845970790123458
18909.999999906864,8,154,0.04938271604938271,-15.823966617283949
18919.999999905263,5,157,0.030864197530864196,-9.889979135802468
18929.999999903663,8,154,0.04938271604938271,-15.823966617283949
18939.999999902062,8,154,0.04938271604938271,-15.823966617283949
18949.99999990046,10,152,0.06172839506172839,-19.779958271604936
18959.99999989886,6,156,0.037037037037037035,-11.867974962962963
18969.99999989726,12,150,0.07407407407407407,-23.735949925925926
18979.99999989566,6,156,0.037037037037037035,-11.867974962962963
18989.99999989406,8,154,0.04938271604938271,-15.823966617283949
18999.999999892458,4,158,0.024691358024691357,-7.911983308641974
19009.999999890857,4,158,0.024691358024691357,-7.911983308641974
19019.999999889256,5,157,0.030864197530864196,-9.889979135802468
19029.999999887656,2,160,0.012345679012345678,-3.955991654320987
19039.999999886055,2,160,0.012345679012345678,-3.955991654320987
19049.999999884454,4,158,0.024691358024691357,-7.911983308641974
19059.999999882853,4,158,0.024691358024691357,-7.911983308641974
19069.999999881253,6,156,0.037037037037037035,-11.867974962962963
19079.999999879652,10,152,0.06172839506172839,-19.779958271604936
19089.99999987805,8,154,0.04938271604938271,-15.823966617283949
19099.99999987645,7,155,0.043209876543209874,-13.845970790123458
19109.99999987485,4,158,0.024691358024691357,-7.911983308641974
19119.99999987325,8,154,0.04938271604938271,-15.823966617283949
19129.99999987165,4,158,0.024691358024691357,-7.911983308641974
19139.999999870048,6,156,0.037037037037037035,-11.867974962962963
19149.999999868447,5,157,0.030864197530864196,-9.889979135802468
19159.999999866846,7,155,0.043209876543209874,-13.845970790123458
19169.999999865246,2,160,0.012345679012345678,-3.955991654320987
19179.999999863645,4,158,0.024691358024691357,-7.911983308641974
19189.999999862044,7,155,0.043209876543209874,-13.845970790123458
19199.999999860443,5,157,0.030864197530864196,-9.889979135802468
19209.999999858843,6,156,0.037037037037037035,-11.867974962962963
19219.999999857242,6,156,0.037037037037037035,-11.867974962962963
19229.99999985564,6,156,0.037037037037037035,-11.867974962962963
19239.99999985404,4,158,0.024691358024691357,-7.911983308641974
19249.99999985244,7,155,0.043209876543209874,-13.845970790123458
19259.99999985084,7,155,0.043209876543209874,-13.845970790123458
19269.99999984924,7,155,0.043209876543209874,-13.845970790123458
19279.999999847638,6,156,0.037037037037037035,-11.867974962962963
19289.999999846037,7,155,0.043209876543209874,-13.845970790123458
19299.999999844436,8,154,0.04938271604938271,-15.823966617283949
19309.999999842836,7,155,0.043209876543209874,-13.845970790123458
19319.999999841235,10,152,0.06172839506172839,-19.779958271604936
19329.999999839634,10,152,0.06172839506172839,-19.779958271604936
19339.999999838034,7,155,0.043209876543209874,-13.845970790123458
19349.999999836433,6,156,0.037037037037037035,-11.867974962962963
19359.999999834832,4,158,0.024691358024691357,-7.911983308641974
19369.99999983323,9,153,0.05555555555555555,-17.80196244444444
19379.99999983163,5,157,0.030864197530864196,-9.889979135802468
19389.99999983003,8,154,0.04938271604938271,-15.823966617283949
19399.99999982843,6,156,0.037037037037037035,-11.867974962962963
19409.99999982683,7,155,0.043209876543209874,-13.845970790123458
19419.999999825228,4,158,0.024691358024691357,-7.911983308641974
19429.999999823627,6,156,0.037037037037037035,-11.867974962962963
19439.999999822026,4,158,0.024691358024691357,-7.911983308641974
19449.999999820426,3,159,0.018518518518518517,-5.9339874814814815
19459.999999818825,4,158,0.024691358024691357,-7.911983308641974
19469.999999817224,8,154,0.04938271604938271,-15.823966617283949
19479.999999815624,6,156,0.037037037037037035,-11.867974962962963
19489.999999814023,7,155,0.043209876543209874,-13.845970790123458
19499.999999812422,10,152,0.06172839506172839,-19.779958271604936
19509.99999981082,7,155,0.043209876543209874,-13.845970790123458
19519.99999980922,11,151,0.06790123456790123,-21.757954098765435
19529.99999980762,8,154,0.04938271604938271,-15.823966617283949
19539.99999980602,8,154,0.04938271604938271,-15.823966617283949
19549.99999980442,9,153,0.05555555555555555,-17.80196244444444
19559.999999802818,7,155,0.043209876543209874,-13.845970790123458
19569.999999801217,7,155,0.043209876543209874,-13.845970790123458
19579.999999799616,8,154,0.04938271604938271,-15.823966617283949
19589.999999798016,8,154,0.04938271604938271,-15.823966617283949
19599.999999796415,9,153,0.05555555555555555,-17.80196244444444
19609.999999794814,9,153,0.05555555555555555,-17.80196244444444
19619.999999793214,7,155,0.043209876543209874,-13.845970790123458
19629.999999791613,8,154,0.04938271604938271,-15.823966617283949
19639.999999790012,7,155,0.043209876543209874,-13.845970790123458
19649.99999978841,6,156,0.037037037037037035,-11.867974962962963
19659.99999978681,6,156,0.037037037037037035,-11.867974962962963
19669.99999978521,7,155,0.043209876543209874,-13.845970790123458
19679.99999978361,5,157,0.030864197530864196,-9.889979135802468
19689.99999978201,7,155,0.043209876543209874,-13.845970790123458
19699.999999780408,8,154,0.04938271604938271,-15.823966617283949
19709.999999778807,7,155,0.043209876543209874,-13.845970790123458
19719.999999777207,7,155,0.043209876543209874,-13.845970790123458
19729.999999775606,8,154,0.04938271604938271,-15.823966617283949
19739.999999774005,6,156,0.037037037037037035,-11.867974962962963
19749.999999772404,4,158,0.024691358024691357,-7.911983308641974
19759.999999770804,6,156,0.037037037037037035,-11.867974962962963
19769.999999769203,5,157,0.030864197530864196,-9.889979135802468
19779.999999767602,4,158,0.024691358024691357,-7.911983308641974
19789.999999766,4,158,0.024691358024691357,-7.911983308641974
19799.9999997644,6,156,0.037037037037037035,-11.867974962962963
19809.9999997628,5,157,0.030864197530864196,-9.889979135802468
19819.9999997612,6,156,0.037037037037037035,-11.867974962962963
19829.9999997596,4,158,0.024691358024691357,-7.911983308641974
19839.999999757998,8,154,0.04938271604938271,-15.823966617283949
19849.999999756397,4,158,0.024691358024691357,-7.911983308641974
19859.999999754797,5,157,0.030864197530864196,-9.889979135802468
19869.999999753196,5,157,0.030864197530864196,-9.889979135802468
19879.999999751595,6,156,0.037037037037037035,-11.867974962962963
19889.999999749994,6,156,0.037037037037037035,-11.867974962962963
19899.999999748394,8,154,0.04938271604938271,-15.823966617283949
19909.999999746793,5,157,0.030864197530864196,-9.889979135802468
19919.999999745192,8,154,0.04938271604938271,-15.823966617283949
19929.99999974359,5,157,0.030864197530864196,-9.889979135802468
19939.99999974199,8,154,0.04938271604938271,-15.823966617283949
19949.99999974039,6,156,0.037037037037037035,-11.867974962962963
19959.99999973879,5,157,0.030864197530864196,-9.889979135802468
19969.99999973719,8,154,0.04938271604938271,-15.823966617283949
19979.999999735588,5,157,0.030864197530864196,-9.889979135802468
19989.999999733987,8,154,0.04938271604938271,-15.823966617283949
19999.999999732387,6,156,0.037037037037037035,-11.867974962962963
20009.999999730786,7,155,0.043209876543209874,-13.845970790123458
20019.999999729185,10,152,0.06172839506172839,-19.779958271604936
20029.999999727585,8,154,0.04938271604938271,-15.823966617283949
20039.999999725984,10,152,0.06172839506172839,-19.779958271604936
20049.999999724383,6,156,0.037037037037037035,-11.867974962962963
20059.999999722782,5,157,0.030864197530864196,-9.889979135802468
20069.99999972118,9,153,0.05555555555555555,-17.80196244444444
20079.99999971958,10,152,0.06172839506172839,-19.779958271604936
20089.99999971798,6,156,0.037037037037037035,-11.867974962962963
20099.99999971638,7,155,0.043209876543209874,-13.845970790123458
20109.99999971478,10,152,0.06172839506172839,-19.779958271604936
20119.999999713178,9,153,0.05555555555555555,-17.80196244444444
20129.999999711577,8,154,0.04938271604938271,-15.823966617283949
20139.999999709977,8,154,0.04938271604938271,-15.823966617283949
20149.999999708376,9,153,0.05555555555555555,-17.80196244444444
20159.999999706775,7,155,0.043209876543209874,-13.845970790123458
20169.999999705175,6,156,0.037037037037037035,-11.867974962962963
20179.999999703574,5,157,0.030864197530864196,-9.889979135802468
20189.999999701973,5,157,0.030864197530864196,-9.889979135802468
20199.999999700372,4,158,0.024691358024691357,-7.911983308641974
20209.99999969877,7,155,0.043209876543209874,-13.845970790123458
20219.99999969717,6,156,0.037037037037037035,-11.867974962962963
20229.99999969557,7,155,0.043209876543209874,-13.845970790123458
20239.99999969397,8,154,0.04938271604938271,-15.823966617283949
20249.99999969237,6,156,0.037037037037037035,-11.867974962962963
20259.999999690768,9,153,0.05555555555555555,-17.80196244444444
20269.999999689167,4,158,0.024691358024691357,-7.911983308641974
20279.999999687567,8,154,0.04938271604938271,-15.823966617283949
20289.999999685966,5,157,0.030864197530864196,-9.889979135802468
20299.999999684365,5,157,0.030864197530864196,-9.889979135802468
20309.999999682765,4,158,0.024691358024691357,-7.911983308641974
20319.999999681164,5,157,0.030864197530864196,-9.889979135802468
20329.999999679563,6,156,0.037037037037037035,-11.867974962962963
20339.999999677962,6,156,0.037037037037037035,-11.867974962962963
20349.99999967636,7,155,0.043209876543209874,-13.845970790123458
20359.99999967476,7,155,0.043209876543209874,-13.845970790123458
20369.99999967316,5,157,0.030864197530864196,-9.889979135802468
20379.99999967156,5,157,0.030864197530864196,-9.889979135802468
20389.99999966996,5,157,0.030864197530864196,-9.889979135802468
20399.99999966836,6,156,0.037037037037037035,-11.867974962962963
20409.999999666758,4,158,0.024691358024691357,-7.911983308641974
20419.999999665157,7,155,0.043209876543209874,-13.845970790123458
20429.999999663556,3,159,0.018518518518518517,-5.9339874814814815
20439.999999661955,4,158,0.024691358024691357,-7.911983308641974
20449.999999660355,9,153,0.05555555555555555,-17.80196244444444
20459.999999658754,7,155,0.043209876543209874,-13.845970790123458
20469.999999657153,4,158,0.024691358024691357,-7.911983308641974
20479.999999655553,5,157,0.030864197530864196,-9.889979135802468
20489.99999965395,11,151,0.06790123456790123,-21.757954098765435
20499.99999965235,8,154,0.04938271604938271,-15.823966617283949
20509.99999965075,7,155,0.043209876543209874,-13.845970790123458
20519.99999964915,9,153,0.05555555555555555,-17.80196244444444
20529.99999964755,9,153,0.05555555555555555,-17.80196244444444
20539.99999964595,6,156,0.037037037037037035,-11.867974962962963
20549.999999644348,7,155,0.043209876543209874,-13.845970790123458
20559.999999642747,7,155,0.043209876543209874,-13.845970790123458
20569.999999641146,9,153,0.05555555555555555,-17.80196244444444
20579.999999639545,5,157,0.030864197530864196,-9.889979135802468
20589.999999637945,10,152,0.06172839506172839,-19.779958271604936
20599.999999636344,9,153,0.05555555555555555,-17.80196244444444
20609.999999634743,8,154,0.04938271604938271,-15.823966617283949
20619.999999633143,6,156,0.037037037037037035,-11.867974962962963
20629.999999631542,11,151,0.06790123456790123,-21.757954098765435
20639.99999962994,6,156,0.037037037037037035,-11.867974962962963
20649.99999962834,7,155,0.043209876543209874,-13.845970790123458
20659.99999962674,7,155,0.043209876543209874,-13.845970790123458
20669.99999962514,10,152,0.06172839506172839,-19.779958271604936
20679.99999962354,4,158,0.024691358024691357,-7.911983308641974
20689.999999621938,8,154,0.04938271604938271,-15.823966617283949
20699.999999620337,4,158,0.024691358024691357,-7.911983308641974
20709.999999618736,7,155,0.043209876543209874,-13.845970790123458
20719.999999617135,7,155,0.043209876543209874,-13.845970790123458
20729.999999615535,5,157,0.030864197530864196,-9.889979135802468
20739.999999613934,7,155,0.043209876543209874,-13.845970790123458
20749.999999612333,6,156,0.037037037037037035,-11.867974962962963
20759.999999610733,5,157,0.030864197530864196,-9.889979135802468
20769.999999609132,4,158,0.024691358024691357,-7.911983308641974
20779.99999960753,4,158,0.024691358024691357,-7.911983308641974
20789.99999960593,8,154,0.04938271604938271,-15.823966617283949
20799.99999960433,5,157,0.030864197530864196,-9.889979135802468
20809.99999960273,7,155,0.043209876543209874,-13.845970790123458
20819.99999960113,3,159,0.018518518518518517,-5.9339874814814815
20829.999999599528,5,157,0.030864197530864196,-9.889979135802468
20839.999999597927,6,156,0.037037037037037035,-11.867974962962963
20849.999999596326,9,153,0.05555555555555555,-17.80196244444444
20859.999999594726,5,157,0.030864197530864196,-9.889979135802468
20869.999999593125,4,158,0.024691358024691357,-7.911983308641974
20879.999999591524,7,155,0.043209876543209874,-13.845970790123458
20889.999999589923,7,155,0.043209876543209874,-13.845970790123458
20899.999999588323,8,154,0.04938271604938271,-15.823966617283949
20909.999999586722,6,156,0.037037037037037035,-11.867974962962963
20919.99999958512,5,157,0.030864197530864196,-9.889979135802468
20929.99999958352,8,154,0.04938271604938271,-15.823966617283949
20939.99999958192,8,154,0.04938271604938271,-15.823966617283949
20949.99999958032,5,157,0.030864197530864196,-9.889979135802468
20959.99999957872,7,155,0.043209876543209874,-13.845970790123458
20969.999999577118,7,155,0.043209876543209874,-13.845970790123458
20979.999999575517,7,155,0.043209876543209874,-13.845970790123458
20989.999999573916,7,155,0.043209876543209874,-13.845970790123458
20999.999999572316,7,155,0.043209876543209874,-13.845970790123458
21009.999999570715,9,153,0.05555555555555555,-17.80196244444444
21019.999999569114,8,154,0.04938271604938271,-15.823966617283949
21029.999999567513,5,157,0.030864197530864196,-9.889979135802468
21039.999999565913,7,155,0.043209876543209874,-13.845970790123458
21049.999999564312,6,156,0.037037037037037035,-11.867974962962963
21059.99999956271,7,155,0.043209876543209874,-13.845970790123458
21069.99999956111,5,157,0.030864197530864196,-9.889979135802468
21079.99999955951,6,156,0.037037037037037035,-11.867974962962963
21089.99999955791,7,155,0.043209876543209874,-13.845970790123458
21099.99999955631,5,157,0.030864197530864196,-9.889979135802468
21109.999999554708,7,155,0.043209876543209874,-13.845970790123458
21119.999999553107,8,154,0.04938271604938271,-15.823966617283949
21129.999999551506,9,153,0.05555555555555555,-17.80196244444444
21139.999999549906,9,153,0.05555555555555555,-17.80196244444444
21149.999999548305,7,155,0.043209876543209874,-13.845970790123458
21159.999999546704,7,155,0.043209876543209874,-13.845970790123458
21169.999999545103,7,155,0.043209876543209874,-13.845970790123458
21179.999999543503,7,155,0.043209876543209874,-13.845970790123458
21189.999999541902,8,154,0.04938271604938271,-15.823966617283949
21199.9999995403,7,155,0.043209876543209874,-13.845970790123458
21209.9999995387,4,158,0.024691358024691357,-7.911983308641974
21219.9999995371,3,159,0.018518518518518517,-5.9339874814814815
21229.9999995355,5,157,0.030864197530864196,-9.889979135802468
21239.9999995339,5,157,0.030864197530864196,-9.889979135802468
21249.999999532298,5,157,0.030864197530864196,-9.889979135802468
21259.999999530697,4,158,0.024691358024691357,-7.911983308641974
21269.999999529096,5,157,0.030864197530864196,-9.889979135802468
21279.999999527496,4,158,0.024691358024691357,-7.911983308641974
21289.999999525895,6,156,0.037037037037037035,-11.867974962962963
21299.999999524294,6,156,0.037037037037037035,-11.867974962962963
21309.999999522694,6,156,0.037037037037037035,-11.867974962962963
21319.999999521093,8,154,0.04938271604938271,-15.823966617283949
21329.999999519492,4,158,0.024691358024691357,-7.911983308641974
21339.99999951789,6,156,0.037037037037037035,-11.867974962962963
21349.99999951629,3,159,0.018518518518518517,-5.9339874814814815
21359.99999951469,6,156,0.037037037037037035,-11.867974962962963
21369.99999951309,7,155,0.043209876543209874,-13.845970790123458
21379.99999951149,6,156,0.037037037037037035,-11.867974962962963
21389.999999509888,6,156,0.037037037037037035,-11.867974962962963
21399.999999508287,7,155,0.043209876543209874,-13.845970790123458
21409.999999506686,5,157,0.030864197530864196,-9.889979135802468
21419.999999505086,4,158,0.024691358024691357,-7.911983308641974
21429.999999503485,7,155,0.043209876543209874,-13.845970790123458
21439.999999501884,8,154,0.04938271604938271,-15.823966617283949
21449.999999500284,7,155,0.043209876543209874,-13.845970790123458
21459.999999498683,7,155,0.043209876543209874,-13.845970790123458
21469.999999497082,6,156,0.037037037037037035,-11.867974962962963
21479.99999949548,4,158,0.024691358024691357,-7.911983308641974
21489.99999949388,6,156,0.037037037037037035,-11.867974962962963
21499.99999949228,5,157,0.030864197530864196,-9.889979135802468
21509.99999949068,6,156,0.037037037037037035,-11.867974962962963
21519.99999948908,4,158,0.024691358024691357,-7.911983308641974
21529.999999487478,7,155,0.043209876543209874,-13.845970790123458
21539.999999485877,3,159,0.018518518518518517,-5.9339874814814815
21549.999999484276,5,157,0.030864197530864196,-9.889979135802468
21559.999999482676,4,158,0.024691358024691357,-7.911983308641974
21569.999999481075,7,155,0.043209876543209874,-13.845970790123458
21579.999999479474,8,154,0.04938271604938271,-15.823966617283949
21589.999999477874,6,156,0.037037037037037035,-11.867974962962963
21599.999999476273,8,154,0.04938271604938271,-15.823966617283949
21609.999999474672,9,153,0.05555555555555555,-17.80196244444444
21619.99999947307,6,156,0.037037037037037035,-11.867974962962963
21629.99999947147,9,153,0.05555555555555555,-17.80196244444444
21639.99999946987,6,156,0.037037037037037035,-11.867974962962963
21649.99999946827,7,155,0.043209876543209874,-13.845970790123458
21659.99999946667,3,159,0.018518518518518517,-5.9339874814814815
21669.999999465068,4,158,0.024691358024691357,-7.911983308641974
21679.999999463467,5,157,0.030864197530864196,-9.889979135802468
21689.999999461867,5,157,0.030864197530864196,-9.889979135802468
21699.999999460266,8,154,0.04938271604938271,-15.823966617283949
21709.999999458665,5,157,0.030864197530864196,-9.889979135802468
21719.999999457064,6,156,0.037037037037037035,-11.867974962962963
21729.999999455464,6,156,0.037037037037037035,-11.867974962962963
21739.999999453863,5,157,0.030864197530864196,-9.889979135802468
21749.999999452262,4,158,0.024691358024691357,-7.911983308641974
21759.99999945066,9,153,0.05555555555555555,-17.80196244444444
21769.99999944906,7,155,0.043209876543209874,-13.845970790123458
21779.99999944746,5,157,0.030864197530864196,-9.889979135802468
21789.99999944586,5,157,0.030864197530864196,-9.889979135802468
21799.99999944426,7,155,0.043209876543209874,-13.845970790123458
21809.999999442658,6,156,0.037037037037037035,-11.867974962962963
21819.999999441057,7,155,0.043209876543209874,-13.845970790123458
21829.999999439457,7,155,0.043209876543209874,-13.845970790123458
21839.999999437856,2,160,0.012345679012345678,-3.955991654320987
21849.999999436255,7,155,0.043209876543209874,-13.845970790123458
21859.999999434654,6,156,0.037037037037037035,-11.867974962962963
21869.999999433054,5,157,0.030864197530864196,-9.889979135802468
21879.999999431453,5,157,0.030864197530864196,-9.889979135802468
21889.999999429852,6,156,0.037037037037037035,-11.867974962962963
21899.99999942825,5,157,0.030864197530864196,-9.889979135802468
21909.99999942665,6,156,0.037037037037037035,-11.867974962962963
21919.99999942505,8,154,0.04938271604938271,-15.823966617283949
21929.99999942345,4,158,0.024691358024691357,-7.911983308641974
21939.99999942185,4,158,0.024691358024691357,-7.911983308641974
21949.999999420248,6,156,0.037037037037037035,-11.867974962962963
21959.999999418647,5,157,0.030864197530864196,-9.889979135802468
21969.999999417047,4,158,0.024691358024691357,-7.911983308641974
21979.999999415446,7,155,0.043209876543209874,-13.845970790123458
21989.999999413845,7,155,0.043209876543209874,-13.845970790123458
21999.999999412245,4,158,0.024691358024691357,-7.911983308641974
22009.999999410644,5,157,0.030864197530864196,-9.889979135802468
22019.999999409043,11,151,0.06790123456790123,-21.757954098765435
22029.999999407442,6,156,0.037037037037037035,-11.867974962962963
22039.99999940584,8,154,0.04938271604938271,-15.823966617283949
22049.99999940424,8,154,0.04938271604938271,-15.823966617283949
22059.99999940264,7,155,0.043209876543209874,-13.845970790123458
22069.99999940104,7,155,0.043209876543209874,-13.845970790123458
22079.99999939944,6,156,0.037037037037037035,-11.867974962962963
22089.999999397838,6,156,0.037037037037037035,-11.867974962962963
22099.999999396237,7,155,0.043209876543209874,-13.845970790123458
22109.999999394637,5,157,0.030864197530864196,-9.889979135802468
22119.999999393036,7,155,0.043209876543209874,-13.845970790123458
22129.999999391435,6,156,0.037037037037037035,-11.867974962962963
22139.999999389835,5,157,0.030864197530864196,-9.889979135802468
22149.999999388234,7,155,0.043209876543209874,-13.845970790123458
22159.999999386633,5,157,0.030864197530864196,-9.889979135802468
22169.999999385032,8,154,0.04938271604938271,-15.823966617283949
22179.99999938343,10,152,0.06172839506172839,-19.779958271604936
22189.99999938183,6,156,0.037037037037037035,-11.867974962962963
22199.99999938023,9,153,0.05555555555555555,-17.80196244444444
22209.99999937863,12,150,0.07407407407407407,-23.735949925925926
22219.99999937703,7,155,0.043209876543209874,-13.845970790123458
22229.999999375428,8,154,0.04938271604938271,-15.823966617283949
22239.999999373827,9,153,0.05555555555555555,-17.80196244444444
22249.999999372227,8,154,0.04938271604938271,-15.823966617283949
22259.999999370626,8,154,0.04938271604938271,-15.823966617283949
22269.999999369025,9,153,0.05555555555555555,-17.80196244444444
22279.999999367425,6,156,0.037037037037037035,-11.867974962962963
22289.999999365824,9,153,0.05555555555555555,-17.80196244444444
22299.999999364223,9,153,0.05555555555555555,-17.80196244444444
22309.999999362622,10,152,0.06172839506172839,-19.779958271604936
22319.99999936102,8,154,0.04938271604938271,-15.823966617283949
22329.99999935942,9,153,0.05555555555555555,-17.80196244444444
22339.99999935782,8,154,0.04938271604938271,-15.823966617283949
22349.99999935622,9,153,0.05555555555555555,-17.80196244444444
22359.99999935462,9,153,0.05555555555555555,-17.80196244444444
22369.99999935302,8,154,0.04938271604938271,-15.823966617283949
22379.999999351418,8,154,0.04938271604938271,-15.823966617283949
22389.999999349817,6,156,0.037037037037037035,-11.867974962962963
22399.999999348216,6,156,0.037037037037037035,-11.867974962962963
22409.999999346615,4,158,0.024691358024691357,-7.911983308641974
22419.999999345015,2,160,0.012345679012345678,-3.955991654320987
22429.999999343414,6,156,0.037037037037037035,-11.867974962962963
22439.999999341813,7,155,0.043209876543209874,-13.845970790123458
22449.999999340213,8,154,0.04938271604938271,-15.823966617283949
22459.99999933861,6,156,0.037037037037037035,-11.867974962962963
22469.99999933701,3,159,0.018518518518518517,-5.9339874814814815
22479.99999933541,6,156,0.037037037037037035,-11.867974962962963
22489.99999933381,8,154,0.04938271604938271,-15.823966617283949
22499.99999933221,4,158,0.024691358024691357,-7.911983308641974
22509.99999933061,7,155,0.043209876543209874,-13.845970790123458
22519.999999329008,3,159,0.018518518518518517,-5.9339874814814815
22529.999999327407,5,157,0.030864197530864196,-9.889979135802468
22539.999999325806,6,156,0.037037037037037035,-11.867974962962963
22549.999999324205,6,156,0.037037037037037035,-11.867974962962963
22559.999999322605,6,156,0.037037037037037035,-11.867974962962963
22569.999999321004,10,152,0.06172839506172839,-19.779958271604936
22579.999999319403,7,155,0.043209876543209874,-13.845970790123458
22589.999999317803,7,155,0.043209876543209874,-13.845970790123458
22599.999999316202,7,155,0.043209876543209874,-13.845970790123458
22609.9999993146,5,157,0.030864197530864196,-9.889979135802468
22619.999999313,6,156,0.037037037037037035,-11.867974962962963
22629.9999993114,7,155,0.043209876543209874,-13.845970790123458
22639.9999993098,5,157,0.030864197530864196,-9.889979135802468
22649.9999993082,7,155,0.043209876543209874,-13.845970790123458
22659.999999306598,5,157,0.030864197530864196,-9.889979135802468
22669.999999304997,5,157,0.030864197530864196,-9.889979135802468
22679.999999303396,1,161,0.006172839506172839,-1.9779958271604936
22689.999999301795,6,156,0.037037037037037035,-11.867974962962963
22699.999999300195,4,158,0.024691358024691357,-7.911983308641974
22709.999999298594,4,158,0.024691358024691357,-7.911983308641974
22719.999999296993,8,154,0.04938271604938271,-15.823966617283949
22729.999999295393,7,155,0.043209876543209874,-13.845970790123458
22739.999999293792,5,157,0.030864197530864196,-9.889979135802468
22749.99999929219,6,156,0.037037037037037035,-11.867974962962963
22759.99999929059,7,155,0.043209876543209874,-13.845970790123458
22769.99999928899,5,157,0.030864197530864196,-9.889979135802468
22779.99999928739,7,155,0.043209876543209874,-13.845970790123458
22789.99999928579,9,153,0.05555555555555555,-17.80196244444444
22799.999999284188,6,156,0.037037037037037035,-11.867974962962963
22809.999999282587,7,155,0.043209876543209874,-13.845970790123458
22819.999999280986,10,152,0.06172839506172839,-19.779958271604936
22829.999999279386,8,154,0.04938271604938271,-15.823966617283949
22839.999999277785,5,157,0.030864197530864196,-9.889979135802468
22849.999999276184,3,159,0.018518518518518517,-5.9339874814814815
22859.999999274583,4,158,0.024691358024691357,-7.911983308641974
22869.999999272983,5,157,0.030864197530864196,-9.889979135802468
22879.999999271382,6,156,0.037037037037037035,-11.867974962962963
22889.99999926978,5,157,0.030864197530864196,-9.889979135802468
22899.99999926818,5,157,0.030864197530864196,-9.889979135802468
22909.99999926658,6,156,0.037037037037037035,-11.867974962962963
22919.99999926498,5,157,0.030864197530864196,-9.889979135802468
22929.99999926338,9,153,0.05555555555555555,-17.80196244444444
22939.999999261778,6,156,0.037037037037037035,-11.867974962962963
22949.999999260177,7,155,0.043209876543209874,-13.845970790123458
22959.999999258576,5,157,0.030864197530864196,-9.889979135802468
22969.999999256976,5,157,0.030864197530864196,-9.889979135802468
22979.999999255375,6,156,0.037037037037037035,-11.867974962962963
22989.999999253774,9,153,0.05555555555555555,-17.80196244444444
22999.999999252173,6,156,0.037037037037037035,-11.867974962962963
23009.999999250573,8,154,0.04938271604938271,-15.823966617283949
23019.999999248972,5,157,0.030864197530864196,-9.889979135802468
23029.99999924737,8,154,0.04938271604938271,-15.823966617283949
23039.99999924577,7,155,0.043209876543209874,-13.845970790123458
23049.99999924417,6,156,0.037037037037037035,-11.867974962962963
23059.99999924257,5,157,0.030864197530864196,-9.889979135802468
23069.99999924097,4,158,0.024691358024691357,-7.911983308641974
23079.999999239368,6,156,0.037037037037037035,-11.867974962962963
23089.999999237767,4,158,0.024691358024691357,-7.911983308641974
23099.999999236166,9,153,0.05555555555555555,-17.80196244444444
23109.999999234566,4,158,0.024691358024691357,-7.911983308641974
23119.999999232965,5,157,0.030864197530864196,-9.889979135802468
23129.999999231364,3,159,0.018518518518518517,-5.9339874814814815
23139.999999229763,4,158,0.024691358024691357,-7.911983308641974
23149.999999228163,5,157,0.030864197530864196,-9.889979135802468
23159.999999226562,5,157,0.030864197530864196,-9.889979135802468
23169.99999922496,8,154,0.04938271604938271,-15.823966617283949
23179.99999922336,6,156,0.037037037037037035,-11.867974962962963
23189.99999922176,7,155,0.043209876543209874,-13.845970790123458
23199.99999922016,6,156,0.037037037037037035,-11.867974962962963
23209.99999921856,6,156,0.037037037037037035,-11.867974962962963
23219.999999216958,7,155,0.043209876543209874,-13.845970790123458
23229.999999215357,6,156,0.037037037037037035,-11.867974962962963
23239.999999213756,6,156,0.037037037037037035,-11.867974962962963
23249.999999212156,5,157,0.030864197530864196,-9.889979135802468
23259.999999210555,6,156,0.037037037037037035,-11.867974962962963
23269.999999208954,4,158,0.024691358024691357,-7.911983308641974
23279.999999207354,3,159,0.018518518518518517,-5.9339874814814815
23289.999999205753,4,158,0.024691358024691357,-7.911983308641974
23299.999999204152,5,157,0.030864197530864196,-9.889979135802468
23309.99999920255,5,157,0.030864197530864196,-9.889979135802468
23319.99999920095,7,155,0.043209876543209874,-13.845970790123458
23329.99999919935,7,155,0.043209876543209874,-13.845970790123458
23339.99999919775,5,157,0.030864197530864196,-9.889979135802468
23349.99999919615,6,156,0.037037037037037035,-11.867974962962963
23359.999999194548,3,159,0.018518518518518517,-5.9339874814814815
23369.999999192947,2,160,0.012345679012345678,-3.955991654320987
23379.999999191346,5,157,0.030864197530864196,-9.889979135802468
23389.999999189746,2,160,0.012345679012345678,-3.955991654320987
23399.999999188145,5,157,0.030864197530864196,-9.889979135802468
23409.999999186544,6,156,0.037037037037037035,-11.867974962962963
23419.999999184944,5,157,0.030864197530864196,-9.889979135802468
23429.999999183343,6,156,0.037037037037037035,-11.867974962962963
23439.999999181742,3,159,0.018518518518518517,-5.9339874814814815
23449.99999918014,5,157,0.030864197530864196,-9.889979135802468
23459.99999917854,5,157,0.030864197530864196,-9.889979135802468
23469.99999917694,7,155,0.043209876543209874,-13.845970790123458
23479.99999917534,6,156,0.037037037037037035,-11.867974962962963
23489.99999917374,7,155,0.043209876543209874,-13.845970790123458
23499.999999172138,8,154,0.04938271604938271,-15.823966617283949
23509.999999170537,9,153,0.05555555555555555,-17.80196244444444
23519.999999168936,10,152,0.06172839506172839,-19.779958271604936
23529.999999167336,11,151,0.06790123456790123,-21.757954098765435
23539.999999165735,8,154,0.04938271604938271,-15.823966617283949
23549.999999164134,8,154,0.04938271604938271,-15.823966617283949
23559.999999162534,10,152,0.06172839506172839,-19.779958271604936
23569.999999160933,9,153,0.05555555555555555,-17.80196244444444
23579.999999159332,12,150,0.07407407407407407,-23.735949925925926
23589.99999915773,8,154,0.04938271604938271,-15.823966617283949
23599.99999915613,8,154,0.04938271604938271,-15.823966617283949
23609.99999915453,13,149,0.08024691358024691,-25.71394575308642
23619.99999915293,11,151,0.06790123456790123,-21.757954098765435
23629.99999915133,8,154,0.04938271604938271,-15.823966617283949
23639.999999149728,5,157,0.030864197530864196,-9.889979135802468
23649.999999148127,7,155,0.043209876543209874,-13.845970790123458
23659.999999146527,6,156,0.037037037037037035,-11.867974962962963
23669.999999144926,7,155,0.043209876543209874,-13.845970790123458
23679.999999143325,11,151,0.06790123456790123,-21.757954098765435
23689.999999141724,6,156,0.037037037037037035,-11.867974962962963
23699.999999140124,5,157,0.030864197530864196,-9.889979135802468
23709.999999138523,7,155,0.043209876543209874,-13.845970790123458
23719.999999136922,5,157,0.030864197530864196,-9.889979135802468
23729.99999913532,7,155,0.043209876543209874,-13.845970790123458
23739.99999913372,4,158,0.024691358024691357,-7.911983308641974
23749.99999913212,5,157,0.030864197530864196,-9.889979135802468
23759.99999913052,3,159,0.018518518518518517,-5.9339874814814815
23769.99999912892,6,156,0.037037037037037035,-11.867974962962963
23779.999999127318,6,156,0.037037037037037035,-11.867974962962963
23789.999999125717,7,155,0.043209876543209874,-13.845970790123458
23799.999999124117,4,158,0.024691358024691357,-7.911983308641974
23809.999999122516,7,155,0.043209876543209874,-13.845970790123458
23819.999999120915,4,158,0.024691358024691357,-7.911983308641974
23829.999999119314,5,157,0.030864197530864196,-9.889979135802468
23839.999999117714,6,156,0.037037037037037035,-11.867974962962963
23849.999999116113,6,156,0.037037037037037035,-11.867974962962963
23859.999999114512,6,156,0.037037037037037035,-11.867974962962963
23869.99999911291,4,158,0.024691358024691357,-7.911983308641974
23879.99999911131,7,155,0.043209876543209874,-13.845970790123458
23889.99999910971,5,157,0.030864197530864196,-9.889979135802468
23899.99999910811,4,158,0.024691358024691357,-7.911983308641974
23909.99999910651,5,157,0.030864197530864196,-9.889979135802468
23919.999999104908,5,157,0.030864197530864196,-9.889979135802468
23929.999999103307,5,157,0.030864197530864196,-9.889979135802468
23939.999999101707,3,159,0.018518518518518517,-5.9339874814814815
23949.999999100106,7,155,0.043209876543209874,-13.845970790123458
23959.999999098505,6,156,0.037037037037037035,-11.867974962962963
23969.999999096905,9,153,0.05555555555555555,-17.80196244444444
23979.999999095304,4,158,0.024691358024691357,-7.911983308641974
23989.999999093703,7,155,0.043209876543209874,-13.845970790123458
23999.999999092102,5,157,0.030864197530864196,-9.889979135802468
24009.9999990905,8,154,0.04938271604938271,-15.823966617283949
24019.9999990889,7,155,0.043209876543209874,-13.845970790123458
24029.9999990873,6,156,0.037037037037037035,-11.867974962962963
24039.9999990857,11,151,0.06790123456790123,-21.757954098765435
24049.9999990841,10,152,0.06172839506172839,-19.779958271604936
24059.999999082498,8,154,0.04938271604938271,-15.823966617283949
24069.999999080897,9,153,0.05555555555555555,-17.80196244444444
24079.999999079297,9,153,0.05555555555555555,-17.80196244444444
24089.999999077696,5,157,0.030864197530864196,-9.889979135802468
24099.999999076095,9,153,0.05555555555555555,-17.80196244444444
24109.999999074495,7,155,0.043209876543209874,-13.845970790123458
24119.999999072894,10,152,0.06172839506172839,-19.779958271604936
24129.999999071293,8,154,0.04938271604938271,-15.823966617283949
